codigo_proyecto;nombre_concurso;agno_fallo;nombre_archivo;url (acceso)
1160001;Regular;2016;Resumen;https://post.anid.cl/frontend.php/es/postulacion/descargar/hash/227cebe86352f296ab7e083f0aa52926
1160004;Regular;2016;Resumen;https://post.anid.cl/frontend.php/es/postulacion/descargar/hash/e91bfc0478bc2d41fb176e30a2ad176b
1160005;Regular;2016;Resumen;https://post.anid.cl/frontend.php/es/postulacion/descargar/hash/f90a2e85aae4f118757c56eb3f971316
1160013;Regular;2016;Resumen;https://post.anid.cl/frontend.php/es/postulacion/descargar/hash/6f77a431ed8a8b647a8ac199feac24f3
1160015;Regular;2016;Resumen;https://post.anid.cl/frontend.php/es/postulacion/descargar/hash/b9c02a9f285f351eb3b3efddfa435f79
1160017;Regular;2016;Resumen;https://post.anid.cl/frontend.php/es/postulacion/descargar/hash/a3ffe898e2952a9bc8961167cd2e82a6
1160018;Regular;2016;Resumen;https://post.anid.cl/frontend.php/es/postulacion/descargar/hash/d5f1db392107a3fe84685e709bb347c0
1160019;Regular;2016;Resumen;https://post.anid.cl/frontend.php/es/postulacion/descargar/hash/a9ac30195335de76762a36b4a4b77868
1160025;Regular;2016;Resumen;https://post.anid.cl/frontend.php/es/postulacion/descargar/hash/150c86358159a844444b1b9245db1928
1160026;Regular;2016;Resumen;https://post.anid.cl/frontend.php/es/postulacion/descargar/hash/d916daf93fdcceb4e5349be9ffdd6ca5
1160027;Regular;2016;Resumen;https://post.anid.cl/frontend.php/es/postulacion/descargar/hash/188a7954c305e7d4c06dc43ac607a1cc
1160030;Regular;2016;Resumen;https://post.anid.cl/frontend.php/es/postulacion/descargar/hash/f2e8c67b696640b5312a43f6cf65c41b
1160031;Regular;2016;Resumen;https://post.anid.cl/frontend.php/es/postulacion/descargar/hash/21619b37ad8c8c671ca02edee1829930
1160037;Regular;2016;Resumen;https://post.anid.cl/frontend.php/es/postulacion/descargar/hash/81d85d8ce5822bea35fe55d11cdb1486
1160043;Regular;2016;Resumen;https://post.anid.cl/frontend.php/es/postulacion/descargar/hash/74b16a9dce83c8626ab5cbb572332d88
1160045;Regular;2016;Resumen;https://post.anid.cl/frontend.php/es/postulacion/descargar/hash/4bf84917acabe62832a591c7d829fd03
1160046;Regular;2016;Resumen;https://post.anid.cl/frontend.php/es/postulacion/descargar/hash/e8ad38e98aa4a51610cfc03d0797cebc
1160048;Regular;2016;Resumen;https://post.anid.cl/frontend.php/es/postulacion/descargar/hash/e36293945b4af5b8c9e2cf396612b6ac
1160050;Regular;2016;Resumen;https://post.anid.cl/frontend.php/es/postulacion/descargar/hash/8d8d7ec8cdb9e92dbd700b58bc97ff97
1160051;Regular;2016;Resumen;https://post.anid.cl/frontend.php/es/postulacion/descargar/hash/66ec9071056ac696865cadeb1208873a
1160060;Regular;2016;Resumen;https://post.anid.cl/frontend.php/es/postulacion/descargar/hash/35d8ce46127ac7939d87e42fc2a44353
1160061;Regular;2016;Resumen;https://post.anid.cl/frontend.php/es/postulacion/descargar/hash/0770162ac07d9e5d690e4854c62d5977
1160072;Regular;2016;Resumen;https://post.anid.cl/frontend.php/es/postulacion/descargar/hash/0d8987cf947ef31dcb317d7e1f7f9761
1160076;Regular;2016;Resumen;https://post.anid.cl/frontend.php/es/postulacion/descargar/hash/dce1583a8b03022b3f4742780d19bcc1
1160079;Regular;2016;Resumen;https://post.anid.cl/frontend.php/es/postulacion/descargar/hash/e7d7da1dc06450fadc72e1a45200ade4
1160080;Regular;2016;Resumen;https://post.anid.cl/frontend.php/es/postulacion/descargar/hash/de0e21193f5e92f15867f5218b22e10b
1160094;Regular;2016;Resumen;https://post.anid.cl/frontend.php/es/postulacion/descargar/hash/48a8271b5375abd676722d4618572fa7
1160096;Regular;2016;Resumen;https://post.anid.cl/frontend.php/es/postulacion/descargar/hash/a0efeda7fcc73af47fe56b66baedeb8a
1160097;Regular;2016;Resumen;https://post.anid.cl/frontend.php/es/postulacion/descargar/hash/f52393862fdc0ee68932c72e66b35bac
1160098;Regular;2016;Resumen;https://post.anid.cl/frontend.php/es/postulacion/descargar/hash/fedca6c3e7a39f4754a93e33b6a343dc
1160099;Regular;2016;Resumen;https://post.anid.cl/frontend.php/es/postulacion/descargar/hash/46828410187355f4c2ccdd9f5b9f310a
1160100;Regular;2016;Resumen;https://post.anid.cl/frontend.php/es/postulacion/descargar/hash/a31f67461a8d997feab72c1887a51abd
1160101;Regular;2016;Resumen;https://post.anid.cl/frontend.php/es/postulacion/descargar/hash/4d0d922ac66ecf8036ef34a5df8ae0db
1160102;Regular;2016;Resumen;https://post.anid.cl/frontend.php/es/postulacion/descargar/hash/44ae40485da14e5b472e0fa64a514a09
1160105;Regular;2016;Resumen;https://post.anid.cl/frontend.php/es/postulacion/descargar/hash/b73ca4baa0263af55d2c317bba7a8364
1160106;Regular;2016;Resumen;https://post.anid.cl/frontend.php/es/postulacion/descargar/hash/384801bbaa3ed20db732bf1f9c8f37c8
1160110;Regular;2016;Resumen;https://post.anid.cl/frontend.php/es/postulacion/descargar/hash/ec41d3bd4d6193aacd1cc7223e6682c6
1160111;Regular;2016;Resumen;https://post.anid.cl/frontend.php/es/postulacion/descargar/hash/f9a46185f9367d9342aab083e9657dc8
1160114;Regular;2016;Resumen;https://post.anid.cl/frontend.php/es/postulacion/descargar/hash/d6eb56aa8febf97ccf5451e3f0ea8b58
1160115;Regular;2016;Resumen;https://post.anid.cl/frontend.php/es/postulacion/descargar/hash/a2aaad173f0e83d9e5dd308a3aabf464
1160117;Regular;2016;Resumen;https://post.anid.cl/frontend.php/es/postulacion/descargar/hash/05114672e760f70800a32368c8c81f5e
1160122;Regular;2016;Resumen;https://post.anid.cl/frontend.php/es/postulacion/descargar/hash/38dff469bafea25c702f8cf2cab75220
1160128;Regular;2016;Resumen;https://post.anid.cl/frontend.php/es/postulacion/descargar/hash/1a881caa6070a152951c9fd7b12a7851
1160132;Regular;2016;Resumen;https://post.anid.cl/frontend.php/es/postulacion/descargar/hash/a76aaa9d6163739e3a7e7103c3609ba3
1160135;Regular;2016;Resumen;https://post.anid.cl/frontend.php/es/postulacion/descargar/hash/01baa4da2d01cf9192e6991f8178539b
1160137;Regular;2016;Resumen;https://post.anid.cl/frontend.php/es/postulacion/descargar/hash/3fa5572b8d8056a36def8f46dda62891
1160138;Regular;2016;Resumen;https://post.anid.cl/frontend.php/es/postulacion/descargar/hash/493f8a699c8a1d45be146a15488e0648
1160139;Regular;2016;Resumen;https://post.anid.cl/frontend.php/es/postulacion/descargar/hash/7db35dd5149dba52438282bdc7767bdc
1160142;Regular;2016;Resumen;https://post.anid.cl/frontend.php/es/postulacion/descargar/hash/44afc7affd5ebd40da5d2395cc94b12d
1160145;Regular;2016;Resumen;https://post.anid.cl/frontend.php/es/postulacion/descargar/hash/84145b13e6267c3da168c202d6e67e25
1160147;Regular;2016;Resumen;https://post.anid.cl/frontend.php/es/postulacion/descargar/hash/acb88ce509aa7981f3683661a6e50cfe
1160148;Regular;2016;Resumen;https://post.anid.cl/frontend.php/es/postulacion/descargar/hash/66478e08a8c73648e40783b1e02f2444
1160149;Regular;2016;Resumen;https://post.anid.cl/frontend.php/es/postulacion/descargar/hash/0839e76f857d7ba75e2c7140f350e633
1160151;Regular;2016;Resumen;https://post.anid.cl/frontend.php/es/postulacion/descargar/hash/11f935f167b20d2a78d3ccf411ea935e
1160152;Regular;2016;Resumen;https://post.anid.cl/frontend.php/es/postulacion/descargar/hash/ba52e9fd8d3e32d1f52ea9b41b729156
1160167;Regular;2016;Resumen;https://post.anid.cl/frontend.php/es/postulacion/descargar/hash/357600c23c1d1b329a5970b2eb89d8d5
1160168;Regular;2016;Resumen;https://post.anid.cl/frontend.php/es/postulacion/descargar/hash/f8a2f683a564e6fed0e7f985e26d5c02
1160174;Regular;2016;Resumen;https://post.anid.cl/frontend.php/es/postulacion/descargar/hash/924458cd40f5fc636bf6675861472ec9
1160176;Regular;2016;Resumen;https://post.anid.cl/frontend.php/es/postulacion/descargar/hash/dd458d738f2f4130b6a2d84d935b83a1
1160177;Regular;2016;Resumen;https://post.anid.cl/frontend.php/es/postulacion/descargar/hash/30ccc51679e755ef4b0adc2d6b3efb67
1160180;Regular;2016;Resumen;https://post.anid.cl/frontend.php/es/postulacion/descargar/hash/ae2d3c792b9bd654d31b2c4447959a12
1160186;Regular;2016;Resumen;https://post.anid.cl/frontend.php/es/postulacion/descargar/hash/0a67513f596650341075c24c5f87d4b5
1160188;Regular;2016;Resumen;https://post.anid.cl/frontend.php/es/postulacion/descargar/hash/e5615c76855a66525f9094440ab4b50b
1160191;Regular;2016;Resumen;https://post.anid.cl/frontend.php/es/postulacion/descargar/hash/15d48c8e6514bb30718e8c0d1ca37f80
1160196;Regular;2016;Resumen;https://post.anid.cl/frontend.php/es/postulacion/descargar/hash/e7496da7b80fedddb875cc1a44e9c8eb
1160197;Regular;2016;Resumen;https://post.anid.cl/frontend.php/es/postulacion/descargar/hash/68ee988534e770eba75a739471dcc75d
1160198;Regular;2016;Resumen;https://post.anid.cl/frontend.php/es/postulacion/descargar/hash/0b5d91233b7e4fab64a86be02be842e0
1160201;Regular;2016;Resumen;https://post.anid.cl/frontend.php/es/postulacion/descargar/hash/aa95fecc447549a8b5999e80df215abc
1160202;Regular;2016;Resumen;https://post.anid.cl/frontend.php/es/postulacion/descargar/hash/8943c9bc11866dd5b868949198b94eab
1160204;Regular;2016;Resumen;https://post.anid.cl/frontend.php/es/postulacion/descargar/hash/e63bb3e9934b322bf47ae4ed482884b7
1160205;Regular;2016;Resumen;https://post.anid.cl/frontend.php/es/postulacion/descargar/hash/17b6c1e63440088606c9a68523647a98
1160209;Regular;2016;Resumen;https://post.anid.cl/frontend.php/es/postulacion/descargar/hash/6d445c3bc5ffda2c8838bc6c428063cd
1160214;Regular;2016;Resumen;https://post.anid.cl/frontend.php/es/postulacion/descargar/hash/596d7c548a1dc980a32433f6032d03ba
1160216;Regular;2016;Resumen;https://post.anid.cl/frontend.php/es/postulacion/descargar/hash/d81a65716c527e2cfcf98c0dd07d01d3
1160219;Regular;2016;Resumen;https://post.anid.cl/frontend.php/es/postulacion/descargar/hash/1d47e0869fa298283ff491017efb34c2
1160220;Regular;2016;Resumen;https://post.anid.cl/frontend.php/es/postulacion/descargar/hash/b0e503247b1f87949a21d974b5a4f667
1160222;Regular;2016;Resumen;https://post.anid.cl/frontend.php/es/postulacion/descargar/hash/1cd2b6271445e86a236f3ca2831e7c5f
1160223;Regular;2016;Resumen;https://post.anid.cl/frontend.php/es/postulacion/descargar/hash/5e716a55f75da41047071318defff988
1160224;Regular;2016;Resumen;https://post.anid.cl/frontend.php/es/postulacion/descargar/hash/44326b6a4a6cd86df347deb1ddf3e8d8
1160227;Regular;2016;Resumen;https://post.anid.cl/frontend.php/es/postulacion/descargar/hash/32bda61a8e7c40d157deb886e7b7766e
1160230;Regular;2016;Resumen;https://post.anid.cl/frontend.php/es/postulacion/descargar/hash/4b4ace0bc11c5afbacad3e6c9007de5e
1160236;Regular;2016;Resumen;https://post.anid.cl/frontend.php/es/postulacion/descargar/hash/02615f47119c1574d5ab1b050b17131c
1160239;Regular;2016;Resumen;https://post.anid.cl/frontend.php/es/postulacion/descargar/hash/dff5eb62b1f0ce8a94d878c97e253f79
1160240;Regular;2016;Resumen;https://post.anid.cl/frontend.php/es/postulacion/descargar/hash/ecd9e2fd155dac43b93bc0972ff1deb2
1160241;Regular;2016;Resumen;https://post.anid.cl/frontend.php/es/postulacion/descargar/hash/5305fb24f59fecbf5d664e9bb68601e4
1160249;Regular;2016;Resumen;https://post.anid.cl/frontend.php/es/postulacion/descargar/hash/f115f353a5c18f620a031ce071348641
1160251;Regular;2016;Resumen;https://post.anid.cl/frontend.php/es/postulacion/descargar/hash/23866b1888b97dabf507d6516d62b238
1160258;Regular;2016;Resumen;https://post.anid.cl/frontend.php/es/postulacion/descargar/hash/e5881aff2e2b5ab760af2db0be49ab9b
1160260;Regular;2016;Resumen;https://post.anid.cl/frontend.php/es/postulacion/descargar/hash/6e48b605eb42f0f715c75c95a6700fbb
1160261;Regular;2016;Resumen;https://post.anid.cl/frontend.php/es/postulacion/descargar/hash/d4fa4393a92d843d14896d04e9292757
1160270;Regular;2016;Resumen;https://post.anid.cl/frontend.php/es/postulacion/descargar/hash/0a9c030701b543c52b27248eb11a566a
1160271;Regular;2016;Resumen;https://post.anid.cl/frontend.php/es/postulacion/descargar/hash/26f3432eb4900076aac5b537129e9de2
1160272;Regular;2016;Resumen;https://post.anid.cl/frontend.php/es/postulacion/descargar/hash/eb246e50b023fd9af069080d06e0b5fd
1160277;Regular;2016;Resumen;https://post.anid.cl/frontend.php/es/postulacion/descargar/hash/2f8910bb71eede7c1d62828ca3f9c100
1160279;Regular;2016;Resumen;https://post.anid.cl/frontend.php/es/postulacion/descargar/hash/52ee33b2459e7c8793a60c50f34c3013
1160280;Regular;2016;Resumen;https://post.anid.cl/frontend.php/es/postulacion/descargar/hash/03535c616bec365d3f2695066e612726
1160282;Regular;2016;Resumen;https://post.anid.cl/frontend.php/es/postulacion/descargar/hash/c877e2c3c8e65010d036820e37c0273b
1160286;Regular;2016;Resumen;https://post.anid.cl/frontend.php/es/postulacion/descargar/hash/0e34cab8d842501dbfcce5497c273479
1160289;Regular;2016;Resumen;https://post.anid.cl/frontend.php/es/postulacion/descargar/hash/166166172ff4cde55525bd5b8c654136
1160298;Regular;2016;Resumen;https://post.anid.cl/frontend.php/es/postulacion/descargar/hash/47f958715463008a228c7a09616cf1f1
1160301;Regular;2016;Resumen;https://post.anid.cl/frontend.php/es/postulacion/descargar/hash/438bd02051dfd5aa2b7abdb9bdaf557e
1160302;Regular;2016;Resumen;https://post.anid.cl/frontend.php/es/postulacion/descargar/hash/a50ab606ccb2849d2f26bbf62a5a1b3c
1160303;Regular;2016;Resumen;https://post.anid.cl/frontend.php/es/postulacion/descargar/hash/db763ee44bc34ef67b82d7c9816682c7
1160305;Regular;2016;Resumen;https://post.anid.cl/frontend.php/es/postulacion/descargar/hash/0cf459f609967dd1e8288eb9513eba3f
1160306;Regular;2016;Resumen;https://post.anid.cl/frontend.php/es/postulacion/descargar/hash/93550283a581bcdc190fd92a6a74c632
1160308;Regular;2016;Resumen;https://post.anid.cl/frontend.php/es/postulacion/descargar/hash/9476bad39e1957eb4599e80e6bea766c
1160311;Regular;2016;Resumen;https://post.anid.cl/frontend.php/es/postulacion/descargar/hash/ebcd322c2aca8069b42231f2d1e00a42
1160315;Regular;2016;Resumen;https://post.anid.cl/frontend.php/es/postulacion/descargar/hash/e0c13fdc145910a33d642e8408ef48af
1160317;Regular;2016;Resumen;https://post.anid.cl/frontend.php/es/postulacion/descargar/hash/d46b1ff9380acda54ad3b3969afe1d4e
1160320;Regular;2016;Resumen;https://post.anid.cl/frontend.php/es/postulacion/descargar/hash/d2578f5be24af4392e3fbc3eb64c14a5
1160321;Regular;2016;Resumen;https://post.anid.cl/frontend.php/es/postulacion/descargar/hash/a00b203e6fa6eb07c27ba77b362a139b
1160324;Regular;2016;Resumen;https://post.anid.cl/frontend.php/es/postulacion/descargar/hash/01fe55f6d0638d5fe14df21ca7b5d530
1160329;Regular;2016;Resumen;https://post.anid.cl/frontend.php/es/postulacion/descargar/hash/67d8632b9841d458f8166e86b6b10724
1160330;Regular;2016;Resumen;https://post.anid.cl/frontend.php/es/postulacion/descargar/hash/1d03c2d9ebd1addfbb0d8687dc181185
1160332;Regular;2016;Resumen;https://post.anid.cl/frontend.php/es/postulacion/descargar/hash/58700aa2cc8c5cd4ec7b1673d9798a4e
1160334;Regular;2016;Resumen;https://post.anid.cl/frontend.php/es/postulacion/descargar/hash/c78cee9ee16ac6cb0562538116c5ae10
1160336;Regular;2016;Resumen;https://post.anid.cl/frontend.php/es/postulacion/descargar/hash/aeffb3437bbcd26cd59a8dc9872bb36e
1160343;Regular;2016;Resumen;https://post.anid.cl/frontend.php/es/postulacion/descargar/hash/c00accc71230ed504530360df7cf4d8d
1160347;Regular;2016;Resumen;https://post.anid.cl/frontend.php/es/postulacion/descargar/hash/e2e2bdb25941b8bd0529f654dd716e4f
1160352;Regular;2016;Resumen;https://post.anid.cl/frontend.php/es/postulacion/descargar/hash/fb8387458db075e91e6aec5d06af7644
1160359;Regular;2016;Resumen;https://post.anid.cl/frontend.php/es/postulacion/descargar/hash/95e92841e04109f74c0eaa27106af74b
1160368;Regular;2016;Resumen;https://post.anid.cl/frontend.php/es/postulacion/descargar/hash/e7212c3f7dd2b9a9f5a68da6dbaf0f7c
1160370;Regular;2016;Resumen;https://post.anid.cl/frontend.php/es/postulacion/descargar/hash/0cc47e1d563fa42080c546b0f8f5c87a
1160374;Regular;2016;Resumen;https://post.anid.cl/frontend.php/es/postulacion/descargar/hash/9d36534a0a7cfcb1ac8a89d390a8234c
1160378;Regular;2016;Resumen;https://post.anid.cl/frontend.php/es/postulacion/descargar/hash/72efafcba4bc0052ffd1029a267e9ae8
1160388;Regular;2016;Resumen;https://post.anid.cl/frontend.php/es/postulacion/descargar/hash/4d474652e71ff6a59229e79a75de541e
1160391;Regular;2016;Resumen;https://post.anid.cl/frontend.php/es/postulacion/descargar/hash/5e77ad79c962345067de462f653a5017
1160398;Regular;2016;Resumen;https://post.anid.cl/frontend.php/es/postulacion/descargar/hash/07d2cd45b879ba66ff2e2e42fdb1123e
1160400;Regular;2016;Resumen;https://post.anid.cl/frontend.php/es/postulacion/descargar/hash/6ac9575939863b6e08bb055fd12dc5a5
1160402;Regular;2016;Resumen;https://post.anid.cl/frontend.php/es/postulacion/descargar/hash/0b299546c485f288b4975d63b1149a2a
1160409;Regular;2016;Resumen;https://post.anid.cl/frontend.php/es/postulacion/descargar/hash/6dc3ce567afc808807b0e85c578c0b46
1160410;Regular;2016;Resumen;https://post.anid.cl/frontend.php/es/postulacion/descargar/hash/8215177b91ac4631250f2b3077e2db7b
1160415;Regular;2016;Resumen;https://post.anid.cl/frontend.php/es/postulacion/descargar/hash/6abe9060f75868190e90ffee78b3f27a
1160423;Regular;2016;Resumen;https://post.anid.cl/frontend.php/es/postulacion/descargar/hash/96b3a637846ba8a9f36d4452e0828b52
1160426;Regular;2016;Resumen;https://post.anid.cl/frontend.php/es/postulacion/descargar/hash/3d465218af433ce1df9addd681c1540e
1160429;Regular;2016;Resumen;https://post.anid.cl/frontend.php/es/postulacion/descargar/hash/2d2ac92e5a1dfc2144dc133301032bcc
1160442;Regular;2016;Resumen;https://post.anid.cl/frontend.php/es/postulacion/descargar/hash/2f68197cbfe712af0a94079c0a2af61d
1160443;Regular;2016;Resumen;https://post.anid.cl/frontend.php/es/postulacion/descargar/hash/1f3926b74119f5e7edd573ae7a27897e
1160445;Regular;2016;Resumen;https://post.anid.cl/frontend.php/es/postulacion/descargar/hash/86f7c9c4c5e3702932a41e414e3cd065
1160446;Regular;2016;Resumen;https://post.anid.cl/frontend.php/es/postulacion/descargar/hash/9a08d4022b4200c4ae01199923e2536d
1160452;Regular;2016;Resumen;https://post.anid.cl/frontend.php/es/postulacion/descargar/hash/9e96bb76befd43b6884a60870f5654eb
1160455;Regular;2016;Resumen;https://post.anid.cl/frontend.php/es/postulacion/descargar/hash/a759d543f487dd7ace0a7d8f051c84cd
1160463;Regular;2016;Resumen;https://post.anid.cl/frontend.php/es/postulacion/descargar/hash/6eaa4e87c95f7a2ed5cfd8d96299fd1a
1160465;Regular;2016;Resumen;https://post.anid.cl/frontend.php/es/postulacion/descargar/hash/53cb6835e5783bf63e7c73fdc5ce783b
1160467;Regular;2016;Resumen;https://post.anid.cl/frontend.php/es/postulacion/descargar/hash/7924ecbab2dc0170a8e38f9e9c2f0509
1160469;Regular;2016;Resumen;https://post.anid.cl/frontend.php/es/postulacion/descargar/hash/d3967a89281c8d503de7fd9ac3acecc4
1160471;Regular;2016;Resumen;https://post.anid.cl/frontend.php/es/postulacion/descargar/hash/9015f1d1c8ece27da66d7795bc1dd3e6
1160479;Regular;2016;Resumen;https://post.anid.cl/frontend.php/es/postulacion/descargar/hash/7b6bb84c5dd9a2ad48d19ae8bc31193e
1160480;Regular;2016;Resumen;https://post.anid.cl/frontend.php/es/postulacion/descargar/hash/38ad7da5252243d6ed376fd8180bba79
1160485;Regular;2016;Resumen;https://post.anid.cl/frontend.php/es/postulacion/descargar/hash/85e6b6c247e03bd57f6aaa5e36fb365c
1160486;Regular;2016;Resumen;https://post.anid.cl/frontend.php/es/postulacion/descargar/hash/b4503548f588ef7ea3853e8df89436bd
1160488;Regular;2016;Resumen;https://post.anid.cl/frontend.php/es/postulacion/descargar/hash/2c08ced5729e04638f28fb56db3eb838
1160491;Regular;2016;Resumen;https://post.anid.cl/frontend.php/es/postulacion/descargar/hash/d512ab5e9868ddda7d0948e7548d550a
1160494;Regular;2016;Resumen;https://post.anid.cl/frontend.php/es/postulacion/descargar/hash/06b66720d5d52afff0aced17f9f85270
1160495;Regular;2016;Resumen;https://post.anid.cl/frontend.php/es/postulacion/descargar/hash/92ea034899b5bf5899f592aa34f4757e
1160501;Regular;2016;Resumen;https://post.anid.cl/frontend.php/es/postulacion/descargar/hash/05a862399cc248843a09dbae8c9304c4
1160505;Regular;2016;Resumen;https://post.anid.cl/frontend.php/es/postulacion/descargar/hash/babf7c0496803e46db464ff868093236
1160511;Regular;2016;Resumen;https://post.anid.cl/frontend.php/es/postulacion/descargar/hash/eb5fa278c76ac450077cf44b32c29048
1160513;Regular;2016;Resumen;https://post.anid.cl/frontend.php/es/postulacion/descargar/hash/afae2db00b1d55f3264cea31ffa56964
1160518;Regular;2016;Resumen;https://post.anid.cl/frontend.php/es/postulacion/descargar/hash/e638a0b5e3fabb5e9e78b50e1a3910a6
1160519;Regular;2016;Resumen;https://post.anid.cl/frontend.php/es/postulacion/descargar/hash/e8d7a453fdb830fc62daaa00177dedec
1160521;Regular;2016;Resumen;https://post.anid.cl/frontend.php/es/postulacion/descargar/hash/0877b5a78ac5fcd7cff6adac5e3ccec5
1160527;Regular;2016;Resumen;https://post.anid.cl/frontend.php/es/postulacion/descargar/hash/1941337de70a0aeea64debae24991fd9
1160540;Regular;2016;Resumen;https://post.anid.cl/frontend.php/es/postulacion/descargar/hash/139c1bac4d6a60c0674c47dd6acf6a63
1160541;Regular;2016;Resumen;https://post.anid.cl/frontend.php/es/postulacion/descargar/hash/da1a060638f43dd03921e150a4a2d781
1160543;Regular;2016;Resumen;https://post.anid.cl/frontend.php/es/postulacion/descargar/hash/429f2c5b82c6ea069e05c14ccee858cb
1160546;Regular;2016;Resumen;https://post.anid.cl/frontend.php/es/postulacion/descargar/hash/e26e622b5f2f8d1d4c3db86135c77f50
1160547;Regular;2016;Resumen;https://post.anid.cl/frontend.php/es/postulacion/descargar/hash/65574430af115f364ba6d2911622a46e
1160550;Regular;2016;Resumen;https://post.anid.cl/frontend.php/es/postulacion/descargar/hash/6b4e26b71e909fff21c163189cd25cc6
1160558;Regular;2016;Resumen;https://post.anid.cl/frontend.php/es/postulacion/descargar/hash/ac35d8b2d089ae41569c805554654f66
1160559;Regular;2016;Resumen;https://post.anid.cl/frontend.php/es/postulacion/descargar/hash/de6ba62cc6569e497d90e5d4e2cc44ab
1160566;Regular;2016;Resumen;https://post.anid.cl/frontend.php/es/postulacion/descargar/hash/f6995ec59f99d821ac0804bb10b5b182
1160567;Regular;2016;Resumen;https://post.anid.cl/frontend.php/es/postulacion/descargar/hash/f7ce2fb3e6222ed28192872f543a631e
1160574;Regular;2016;Resumen;https://post.anid.cl/frontend.php/es/postulacion/descargar/hash/5670413d8df1f5a61e0d1d0d4be4ceb4
1160578;Regular;2016;Resumen;https://post.anid.cl/frontend.php/es/postulacion/descargar/hash/1e11e2e1df76c215055fdebdb3a1b900
1160583;Regular;2016;Resumen;https://post.anid.cl/frontend.php/es/postulacion/descargar/hash/83ece9c7ab1c897f2418c12a183eeb59
1160584;Regular;2016;Resumen;https://post.anid.cl/frontend.php/es/postulacion/descargar/hash/11d6e0c516a44bb702fdffcac0da34af
1160597;Regular;2016;Resumen;https://post.anid.cl/frontend.php/es/postulacion/descargar/hash/f3b3c0e5e0d022827fa842f6692f0176
1160600;Regular;2016;Resumen;https://post.anid.cl/frontend.php/es/postulacion/descargar/hash/aab6dd230e15264785fd78613bf56e0c
1160601;Regular;2016;Resumen;https://post.anid.cl/frontend.php/es/postulacion/descargar/hash/0fb2481156c2ff2e69681a53877c9443
1160602;Regular;2016;Resumen;https://post.anid.cl/frontend.php/es/postulacion/descargar/hash/2cbac84778669d9e2ef7035973596327
1160603;Regular;2016;Resumen;https://post.anid.cl/frontend.php/es/postulacion/descargar/hash/1ca35995b7c1389d9c4dea1385a35631
1160604;Regular;2016;Resumen;https://post.anid.cl/frontend.php/es/postulacion/descargar/hash/83ea89d1d5eb085c64fd6faadbb21ef3
1160613;Regular;2016;Resumen;https://post.anid.cl/frontend.php/es/postulacion/descargar/hash/8b2fb8d126bf117dc65262604487622b
1160617;Regular;2016;Resumen;https://post.anid.cl/frontend.php/es/postulacion/descargar/hash/14e88ad69d3c8d92d1df829c01e48a8c
1160625;Regular;2016;Resumen;https://post.anid.cl/frontend.php/es/postulacion/descargar/hash/6a04ab0a72bf36aec8e7e5fba5a7cb0e
1160626;Regular;2016;Resumen;https://post.anid.cl/frontend.php/es/postulacion/descargar/hash/a6abf5d0629ba80fd576b7124c7f83d3
1160627;Regular;2016;Resumen;https://post.anid.cl/frontend.php/es/postulacion/descargar/hash/f7fcabcd1462c69bdbb89b2e79c5f856
1160631;Regular;2016;Resumen;https://post.anid.cl/frontend.php/es/postulacion/descargar/hash/8c7f59c5d87910a654683b0730b7e988
1160636;Regular;2016;Resumen;https://post.anid.cl/frontend.php/es/postulacion/descargar/hash/6aa01b56988a934a9086d9f8a7a906e5
1160637;Regular;2016;Resumen;https://post.anid.cl/frontend.php/es/postulacion/descargar/hash/2c75e0e1c39618b5c332d8f9cf339e77
1160639;Regular;2016;Resumen;https://post.anid.cl/frontend.php/es/postulacion/descargar/hash/237805f5e7b5550f434cad0fb7b4e843
1160650;Regular;2016;Resumen;https://post.anid.cl/frontend.php/es/postulacion/descargar/hash/f46ce21b3e54516845030d8ee29c8966
1160653;Regular;2016;Resumen;https://post.anid.cl/frontend.php/es/postulacion/descargar/hash/9e532aea8285c162f2c69836f77aa214
1160656;Regular;2016;Resumen;https://post.anid.cl/frontend.php/es/postulacion/descargar/hash/bac115b8fb05ed3c5c6160f6f9838cc5
1160672;Regular;2016;Resumen;https://post.anid.cl/frontend.php/es/postulacion/descargar/hash/aef7203a7496aeb1113390325e259f95
1160683;Regular;2016;Resumen;https://post.anid.cl/frontend.php/es/postulacion/descargar/hash/64fb0358d146657fe3cf3403640ee1bf
1160685;Regular;2016;Resumen;https://post.anid.cl/frontend.php/es/postulacion/descargar/hash/249873dccf3501ca674d3db649aadd76
1160690;Regular;2016;Resumen;https://post.anid.cl/frontend.php/es/postulacion/descargar/hash/20b8ca99819ff495a1e3909a29a668f9
1160691;Regular;2016;Resumen;https://post.anid.cl/frontend.php/es/postulacion/descargar/hash/d41a872f1c08fb6f901e4c546760c836
1160695;Regular;2016;Resumen;https://post.anid.cl/frontend.php/es/postulacion/descargar/hash/331add69fa08202637cb6a0b6ffedfe6
1160702;Regular;2016;Resumen;https://post.anid.cl/frontend.php/es/postulacion/descargar/hash/a75b8a96da76e3db25248fae998d6f6c
1160704;Regular;2016;Resumen;https://post.anid.cl/frontend.php/es/postulacion/descargar/hash/b816e8ebd9f1bc6031f26675eccba623
1160705;Regular;2016;Resumen;https://post.anid.cl/frontend.php/es/postulacion/descargar/hash/81011a0618d8ef39e3a7685aa3fb0cc6
1160706;Regular;2016;Resumen;https://post.anid.cl/frontend.php/es/postulacion/descargar/hash/a317a615e367a05acf3d490e61c4192f
1160710;Regular;2016;Resumen;https://post.anid.cl/frontend.php/es/postulacion/descargar/hash/e55dee029d739ec89e8a1c027e464531
1160717;Regular;2016;Resumen;https://post.anid.cl/frontend.php/es/postulacion/descargar/hash/c901d1db80a5ccfe911458681380f700
1160719;Regular;2016;Resumen;https://post.anid.cl/frontend.php/es/postulacion/descargar/hash/22f5a1ec7d31d567fcea7bdb98416d1c
1160721;Regular;2016;Resumen;https://post.anid.cl/frontend.php/es/postulacion/descargar/hash/0e723ae3e2ea693ccd1cb14b0ae0ce15
1160724;Regular;2016;Resumen;https://post.anid.cl/frontend.php/es/postulacion/descargar/hash/fa93a9c1a50bbb0d8678d1560669a1a7
1160731;Regular;2016;Resumen;https://post.anid.cl/frontend.php/es/postulacion/descargar/hash/3e3ce7fff9d5b13b4539c365ace3feb8
1160732;Regular;2016;Resumen;https://post.anid.cl/frontend.php/es/postulacion/descargar/hash/c463307c8189a923992e0df6d173c1a9
1160736;Regular;2016;Resumen;https://post.anid.cl/frontend.php/es/postulacion/descargar/hash/2113026d198ed8bb94a577fe70fc8471
1160738;Regular;2016;Resumen;https://post.anid.cl/frontend.php/es/postulacion/descargar/hash/eb63fd9ca77115ea4782a99a728c331f
1160741;Regular;2016;Resumen;https://post.anid.cl/frontend.php/es/postulacion/descargar/hash/a9ab7c74b58ccb0e44cd23f9648e9db9
1160742;Regular;2016;Resumen;https://post.anid.cl/frontend.php/es/postulacion/descargar/hash/ae6eede2e3de919cdd4d231f40aa7d28
1160744;Regular;2016;Resumen;https://post.anid.cl/frontend.php/es/postulacion/descargar/hash/5ad498e8a4f412143d0e836706e5d670
1160744;Regular;2016;Resumen;https://post.anid.cl/frontend.php/es/postulacion/descargar/hash/761f4b69c8d82ab321fb01842ad41bd1
1160749;Regular;2016;Resumen;https://post.anid.cl/frontend.php/es/postulacion/descargar/hash/f5feb030a0252c6639dc97073db05f80
1160757;Regular;2016;Resumen;https://post.anid.cl/frontend.php/es/postulacion/descargar/hash/9b88dc264735170ddcde22c348d038c2
1160761;Regular;2016;Resumen;https://post.anid.cl/frontend.php/es/postulacion/descargar/hash/9a936fbb1ff9fd7ae759fc1b76104c1b
1160764;Regular;2016;Resumen;https://post.anid.cl/frontend.php/es/postulacion/descargar/hash/17fa7109a165f54207e6698846141ba3
1160765;Regular;2016;Resumen;https://post.anid.cl/frontend.php/es/postulacion/descargar/hash/5a8680047732383d8eb9c1d03afe4a3b
1160768;Regular;2016;Resumen;https://post.anid.cl/frontend.php/es/postulacion/descargar/hash/c2dd1af5a5cfebeecd81a7dbdfdb692d
1160774;Regular;2016;Resumen;https://post.anid.cl/frontend.php/es/postulacion/descargar/hash/294fae6b00e10a1b29884e13dbe8c864
1160777;Regular;2016;Resumen;https://post.anid.cl/frontend.php/es/postulacion/descargar/hash/195360f26eb0ac5f9c4d959a4881a74f
1160792;Regular;2016;Resumen;https://post.anid.cl/frontend.php/es/postulacion/descargar/hash/b31f3e16ca8e9d4745eb39b8bcd04386
1160794;Regular;2016;Resumen;https://post.anid.cl/frontend.php/es/postulacion/descargar/hash/7722b7bdeb39e6518c6795a80336f782
1160795;Regular;2016;Resumen;https://post.anid.cl/frontend.php/es/postulacion/descargar/hash/4e15de2001e27dd6709d8eefd8c4a381
1160800;Regular;2016;Resumen;https://post.anid.cl/frontend.php/es/postulacion/descargar/hash/539a20d5b82e5c93ad0db7873340b07c
1160802;Regular;2016;Resumen;https://post.anid.cl/frontend.php/es/postulacion/descargar/hash/5f9299653c2e104c874a974e9d2ba79e
1160804;Regular;2016;Resumen;https://post.anid.cl/frontend.php/es/postulacion/descargar/hash/b5047f828e52a17401ad61d77ac012a4
1160806;Regular;2016;Resumen;https://post.anid.cl/frontend.php/es/postulacion/descargar/hash/0d2fbd5b7b3b3df14115726c3351916a
1160807;Regular;2016;Resumen;https://post.anid.cl/frontend.php/es/postulacion/descargar/hash/b1a5b70be0f369239b7296e65bb14c89
1160811;Regular;2016;Resumen;https://post.anid.cl/frontend.php/es/postulacion/descargar/hash/0596de1d6552cd334682addb4e07c62f
1160812;Regular;2016;Resumen;https://post.anid.cl/frontend.php/es/postulacion/descargar/hash/58a7167e8e1892c0953035e0e9f8db24
1160820;Regular;2016;Resumen;https://post.anid.cl/frontend.php/es/postulacion/descargar/hash/f2d8326c2939c31cf202e0c9cf23ed9a
1160823;Regular;2016;Resumen;https://post.anid.cl/frontend.php/es/postulacion/descargar/hash/645a9281f201c06b7c2adacbfcaf5d0f
1160832;Regular;2016;Resumen;https://post.anid.cl/frontend.php/es/postulacion/descargar/hash/796a1c6441f5d840e572c0fa0dc6c8e2
1160833;Regular;2016;Resumen;https://post.anid.cl/frontend.php/es/postulacion/descargar/hash/e5bac22712392babb33469cadf276216
1160836;Regular;2016;Resumen;https://post.anid.cl/frontend.php/es/postulacion/descargar/hash/1a411daeb8848c70d021f3f8b9cfccb0
1160838;Regular;2016;Resumen;https://post.anid.cl/frontend.php/es/postulacion/descargar/hash/c1b75b986b51fe17dfb70e3212f0465f
1160839;Regular;2016;Resumen;https://post.anid.cl/frontend.php/es/postulacion/descargar/hash/d5f2198bc109846fe5c1522a1d7a700c
1160848;Regular;2016;Resumen;https://post.anid.cl/frontend.php/es/postulacion/descargar/hash/164173eea1978194a9e38fc2dd1b4466
1160849;Regular;2016;Resumen;https://post.anid.cl/frontend.php/es/postulacion/descargar/hash/73dd439ec75db76eeb9732fdbdf3a7e2
1160851;Regular;2016;Resumen;https://post.anid.cl/frontend.php/es/postulacion/descargar/hash/8f055e99be561da98323aac244180249
1160856;Regular;2016;Resumen;https://post.anid.cl/frontend.php/es/postulacion/descargar/hash/ac62fb9e8b8f4407d5dae1a5e8651d11
1160857;Regular;2016;Resumen;https://post.anid.cl/frontend.php/es/postulacion/descargar/hash/2cbfb538b66b3684e1197111af9ec980
1160858;Regular;2016;Resumen;https://post.anid.cl/frontend.php/es/postulacion/descargar/hash/ed950b00ca50fcb21f8b72f83f297551
1160861;Regular;2016;Resumen;https://post.anid.cl/frontend.php/es/postulacion/descargar/hash/1fe94168f52f088d38e45202055dd241
1160864;Regular;2016;Resumen;https://post.anid.cl/frontend.php/es/postulacion/descargar/hash/98ba404a43f98aa1c07e3ed85f9ea5d2
1160868;Regular;2016;Resumen;https://post.anid.cl/frontend.php/es/postulacion/descargar/hash/af21500e087b09381233522e178ea516
1160869;Regular;2016;Resumen;https://post.anid.cl/frontend.php/es/postulacion/descargar/hash/a70fe6558d6e86ed26fbb82afdc2371a
1160871;Regular;2016;Resumen;https://post.anid.cl/frontend.php/es/postulacion/descargar/hash/4254e5ccbc5dc3f67ed717319d868f5c
1160873;Regular;2016;Resumen;https://post.anid.cl/frontend.php/es/postulacion/descargar/hash/711a1755ef63b76c3e3e27736b9191b4
1160877;Regular;2016;Resumen;https://post.anid.cl/frontend.php/es/postulacion/descargar/hash/d5efd3df59b870d8afc791221e071ac8
1160885;Regular;2016;Resumen;https://post.anid.cl/frontend.php/es/postulacion/descargar/hash/e5a7c7b58af393f9c0ce554da29153af
1160887;Regular;2016;Resumen;https://post.anid.cl/frontend.php/es/postulacion/descargar/hash/c6660fd58b3c2fe724d6f9149a5d393c
1160888;Regular;2016;Resumen;https://post.anid.cl/frontend.php/es/postulacion/descargar/hash/6754054bdd47797274f24f00426dbe9a
1160889;Regular;2016;Resumen;https://post.anid.cl/frontend.php/es/postulacion/descargar/hash/cc0f02342c87f6e7e5a7b7c18b87800e
1160892;Regular;2016;Resumen;https://post.anid.cl/frontend.php/es/postulacion/descargar/hash/16a91201206cd516802718ff9b613e44
1160894;Regular;2016;Resumen;https://post.anid.cl/frontend.php/es/postulacion/descargar/hash/a3d72492a8c0968451c5a89959489c03
1160897;Regular;2016;Resumen;https://post.anid.cl/frontend.php/es/postulacion/descargar/hash/2a1975e7f027cf3b34cf65e0d2b3da5c
1160899;Regular;2016;Resumen;https://post.anid.cl/frontend.php/es/postulacion/descargar/hash/5acd27049b4d446c7bf2afe15cdae63d
1160900;Regular;2016;Resumen;https://post.anid.cl/frontend.php/es/postulacion/descargar/hash/eeb8dbc9d1275d17e3d43679662a8aeb
1160917;Regular;2016;Resumen;https://post.anid.cl/frontend.php/es/postulacion/descargar/hash/f5e5ce438153cd15617795961a3daa80
1160921;Regular;2016;Resumen;https://post.anid.cl/frontend.php/es/postulacion/descargar/hash/af7ff73e241f53d1c647c4ae2ff4f69f
1160930;Regular;2016;Resumen;https://post.anid.cl/frontend.php/es/postulacion/descargar/hash/fd853afe123da891b20d5078c9208133
1160934;Regular;2016;Resumen;https://post.anid.cl/frontend.php/es/postulacion/descargar/hash/58280b7ee807f36419e3644592a793dc
1160940;Regular;2016;Resumen;https://post.anid.cl/frontend.php/es/postulacion/descargar/hash/32ddcf25ea6172d8611cc6450cd5f9da
1160942;Regular;2016;Resumen;https://post.anid.cl/frontend.php/es/postulacion/descargar/hash/e5a4d9a2bf59ea1c3e0b8d94e17cd913
1160943;Regular;2016;Resumen;https://post.anid.cl/frontend.php/es/postulacion/descargar/hash/940487a4234e2c6763398bbef3dfe0cb
1160949;Regular;2016;Resumen;https://post.anid.cl/frontend.php/es/postulacion/descargar/hash/0aace825d2e96be5fda1110ab42d2192
1160952;Regular;2016;Resumen;https://post.anid.cl/frontend.php/es/postulacion/descargar/hash/31eae5fdfa2d15864a3d399efe2b5759
1160953;Regular;2016;Resumen;https://post.anid.cl/frontend.php/es/postulacion/descargar/hash/0d8ba0359b359e92fab129b1d0a2fe28
1160955;Regular;2016;Resumen;https://post.anid.cl/frontend.php/es/postulacion/descargar/hash/d453868ee189d65f1a12b78662634a0d
1160963;Regular;2016;Resumen;https://post.anid.cl/frontend.php/es/postulacion/descargar/hash/557e8fefa20749d5fcd45fb9ef81a1ed
1160968;Regular;2016;Resumen;https://post.anid.cl/frontend.php/es/postulacion/descargar/hash/09be6afc41aac6e8b681ba3b0208fb69
1160969;Regular;2016;Resumen;https://post.anid.cl/frontend.php/es/postulacion/descargar/hash/7a61025eea55493558cbe0a286e917c4
1160970;Regular;2016;Resumen;https://post.anid.cl/frontend.php/es/postulacion/descargar/hash/d4891a3fb8127e3d2c22abf76a7358ed
1160971;Regular;2016;Resumen;https://post.anid.cl/frontend.php/es/postulacion/descargar/hash/884b5117d974ffbf863261ee13cdcfcf
1160975;Regular;2016;Resumen;https://post.anid.cl/frontend.php/es/postulacion/descargar/hash/695f3f47fdd05da0fc36a1739c303c02
1160976;Regular;2016;Resumen;https://post.anid.cl/frontend.php/es/postulacion/descargar/hash/470e8eb42fcde902706d685cf3151fb3
1160980;Regular;2016;Resumen;https://post.anid.cl/frontend.php/es/postulacion/descargar/hash/229cbff9c80eb26e93bffba66166aac0
1160982;Regular;2016;Resumen;https://post.anid.cl/frontend.php/es/postulacion/descargar/hash/b9ebe13d9972b4d26d57df15bdb9542d
1160984;Regular;2016;Resumen;https://post.anid.cl/frontend.php/es/postulacion/descargar/hash/d3fd25a7f67f79f3519dccc8b9b06cb5
1160986;Regular;2016;Resumen;https://post.anid.cl/frontend.php/es/postulacion/descargar/hash/c971667b82d4c0ddc7ae5c3e07d4ebde
1160997;Regular;2016;Resumen;https://post.anid.cl/frontend.php/es/postulacion/descargar/hash/d7850abfeb9b4adf3382076ab77358bd
1160999;Regular;2016;Resumen;https://post.anid.cl/frontend.php/es/postulacion/descargar/hash/ba6f402f7447f7e926d017f52d1b2745
1161006;Regular;2016;Resumen;https://post.anid.cl/frontend.php/es/postulacion/descargar/hash/163000b3e6db6ec5725affa6c5a15a19
1161007;Regular;2016;Resumen;https://post.anid.cl/frontend.php/es/postulacion/descargar/hash/ec82bad5995e4e651aa38f4026cec725
1161010;Regular;2016;Resumen;https://post.anid.cl/frontend.php/es/postulacion/descargar/hash/be49d55f77dfaed8bb56d71830f9d7bf
1161013;Regular;2016;Resumen;https://post.anid.cl/frontend.php/es/postulacion/descargar/hash/fe47faf19cdca24823bb20433bff4d7d
1161014;Regular;2016;Resumen;https://post.anid.cl/frontend.php/es/postulacion/descargar/hash/1410ed7b495154a8d4b2598d95094411
1161015;Regular;2016;Resumen;https://post.anid.cl/frontend.php/es/postulacion/descargar/hash/e4e01988b23973322160f71f2f1839f4
1161018;Regular;2016;Resumen;https://post.anid.cl/frontend.php/es/postulacion/descargar/hash/4579969cd6f35a24d2c786aa310b72e2
1161019;Regular;2016;Resumen;https://post.anid.cl/frontend.php/es/postulacion/descargar/hash/bb3b4b7c07eff738c77ab3b216207d40
1161020;Regular;2016;Resumen;https://post.anid.cl/frontend.php/es/postulacion/descargar/hash/cb6f4651253ddaf73f9ede86cc9c171a
1161021;Regular;2016;Resumen;https://post.anid.cl/frontend.php/es/postulacion/descargar/hash/1ec88cf719c40aeb1bfcb6ebd1233ce2
1161023;Regular;2016;Resumen;https://post.anid.cl/frontend.php/es/postulacion/descargar/hash/165d508045c3d30b350df53f90fc2fd9
1161025;Regular;2016;Resumen;https://post.anid.cl/frontend.php/es/postulacion/descargar/hash/1317df0a4360abfe1e72c266dbf0b446
1161026;Regular;2016;Resumen;https://post.anid.cl/frontend.php/es/postulacion/descargar/hash/7aa2f0fede262614bc640ab7b71dd60b
1161032;Regular;2016;Resumen;https://post.anid.cl/frontend.php/es/postulacion/descargar/hash/f5b0a9fcde0fe9716fc70bfe62b4d1de
1161034;Regular;2016;Resumen;https://post.anid.cl/frontend.php/es/postulacion/descargar/hash/ffd9b3a82f922fce2f651f537b604dc0
1161037;Regular;2016;Resumen;https://post.anid.cl/frontend.php/es/postulacion/descargar/hash/be4a7aa6e108facd6f3d3f18f5b38c0e
1161039;Regular;2016;Resumen;https://post.anid.cl/frontend.php/es/postulacion/descargar/hash/557f198a5b75cb797c1bff84ba5c8e8c
1161045;Regular;2016;Resumen;https://post.anid.cl/frontend.php/es/postulacion/descargar/hash/f4a5cfae9e118e0f89e2e26112c76b0e
1161051;Regular;2016;Resumen;https://post.anid.cl/frontend.php/es/postulacion/descargar/hash/522fcb92bc22d2f28b1228c47c45e8dd
1161054;Regular;2016;Resumen;https://post.anid.cl/frontend.php/es/postulacion/descargar/hash/3127cd5cbb26f3e82a1213dd2dfa72cd
1161055;Regular;2016;Resumen;https://post.anid.cl/frontend.php/es/postulacion/descargar/hash/2244c6fb04c8650374e4277e7ca523db
1161063;Regular;2016;Resumen;https://post.anid.cl/frontend.php/es/postulacion/descargar/hash/2a4e41e96afd388d1c74e20ae2a4d41d
1161064;Regular;2016;Resumen;https://post.anid.cl/frontend.php/es/postulacion/descargar/hash/636b10fd36de5f5dabadd5fc245026d2
1161065;Regular;2016;Resumen;https://post.anid.cl/frontend.php/es/postulacion/descargar/hash/88308f0c367879b4a7e6ca1d1acf0896
1161066;Regular;2016;Resumen;https://post.anid.cl/frontend.php/es/postulacion/descargar/hash/d9c258ea430a785a60f958bf752a0ec1
1161068;Regular;2016;Resumen;https://post.anid.cl/frontend.php/es/postulacion/descargar/hash/c60c3f69a48622535f87ff95f73710e9
1161078;Regular;2016;Resumen;https://post.anid.cl/frontend.php/es/postulacion/descargar/hash/26ba8ea9c6848dc327d359f9ac1ad49a
1161079;Regular;2016;Resumen;https://post.anid.cl/frontend.php/es/postulacion/descargar/hash/24be032acbbf8d7fe736e8b5d4963829
1161091;Regular;2016;Resumen;https://post.anid.cl/frontend.php/es/postulacion/descargar/hash/c95ad742870cf533967b0c2edf5d8d78
1161092;Regular;2016;Resumen;https://post.anid.cl/frontend.php/es/postulacion/descargar/hash/516d2c1129ada92b7c4f8456d62d69e9
1161093;Regular;2016;Resumen;https://post.anid.cl/frontend.php/es/postulacion/descargar/hash/1c7d90dce2d2823b890e03ec6129a916
1161098;Regular;2016;Resumen;https://post.anid.cl/frontend.php/es/postulacion/descargar/hash/cab8a255ebb7cc637becbb3e2f721948
1161105;Regular;2016;Resumen;https://post.anid.cl/frontend.php/es/postulacion/descargar/hash/527dd4d32aa8b2df5893172f9d411d04
1161106;Regular;2016;Resumen;https://post.anid.cl/frontend.php/es/postulacion/descargar/hash/1ae006e0476b603be76b3e9b64b9618d
1161110;Regular;2016;Resumen;https://post.anid.cl/frontend.php/es/postulacion/descargar/hash/6949df391b6f2e8b1a5e512c8d969a1e
1161112;Regular;2016;Resumen;https://post.anid.cl/frontend.php/es/postulacion/descargar/hash/faddea698d62cd1b2fa4451605610f91
1161115;Regular;2016;Resumen;https://post.anid.cl/frontend.php/es/postulacion/descargar/hash/b17fc3ea056ad8c424dc815a09bfedf0
1161117;Regular;2016;Resumen;https://post.anid.cl/frontend.php/es/postulacion/descargar/hash/b17ae88462e5100a0a195ebf57fea894
1161123;Regular;2016;Resumen;https://post.anid.cl/frontend.php/es/postulacion/descargar/hash/b87fe223bdc25d7eba465d0727d7745e
1161126;Regular;2016;Resumen;https://post.anid.cl/frontend.php/es/postulacion/descargar/hash/66e1acb71cb5752c81c906cb482f8e35
1161129;Regular;2016;Resumen;https://post.anid.cl/frontend.php/es/postulacion/descargar/hash/4f5ab13259d5727968a1e93835892933
1161130;Regular;2016;Resumen;https://post.anid.cl/frontend.php/es/postulacion/descargar/hash/74001c6dde0608b0dfc5c0b4cc7dac19
1161131;Regular;2016;Resumen;https://post.anid.cl/frontend.php/es/postulacion/descargar/hash/96a5cee615bb2adb30b15a2d606e0e95
1161132;Regular;2016;Resumen;https://post.anid.cl/frontend.php/es/postulacion/descargar/hash/6f56bbd61fb9a0d4b51ba432f56bbf91
1161133;Regular;2016;Resumen;https://post.anid.cl/frontend.php/es/postulacion/descargar/hash/2286bfca13733f508eb207a77b00ed3b
1161136;Regular;2016;Resumen;https://post.anid.cl/frontend.php/es/postulacion/descargar/hash/40a413a7a1046f3baa597ce20beb47f7
1161138;Regular;2016;Resumen;https://post.anid.cl/frontend.php/es/postulacion/descargar/hash/fdbb5a18a9c3f0d104c88cb028307b58
1161150;Regular;2016;Resumen;https://post.anid.cl/frontend.php/es/postulacion/descargar/hash/5b499e8ec75dee5934c08dce844396b2
1161155;Regular;2016;Resumen;https://post.anid.cl/frontend.php/es/postulacion/descargar/hash/9bb2c26e4f8f9454e02567db6889fc66
1161156;Regular;2016;Resumen;https://post.anid.cl/frontend.php/es/postulacion/descargar/hash/ac0d804306236419185a3711afa7c27b
1161157;Regular;2016;Resumen;https://post.anid.cl/frontend.php/es/postulacion/descargar/hash/20a78892672dd2db10c2b734c9325dbf
1161159;Regular;2016;Resumen;https://post.anid.cl/frontend.php/es/postulacion/descargar/hash/327d9e8e71c5b5db51be6b3bec556263
1161161;Regular;2016;Resumen;https://post.anid.cl/frontend.php/es/postulacion/descargar/hash/c2d82c6ac8e0c42ac1a06e9907114584
1161184;Regular;2016;Resumen;https://post.anid.cl/frontend.php/es/postulacion/descargar/hash/4133a905ebebd895a4471dfd0e97bd8c
1161185;Regular;2016;Resumen;https://post.anid.cl/frontend.php/es/postulacion/descargar/hash/91e59f833f2ed3caa453b699c700f297
1161192;Regular;2016;Resumen;https://post.anid.cl/frontend.php/es/postulacion/descargar/hash/91d087af6fba2c28181a3691dcb91d37
1161194;Regular;2016;Resumen;https://post.anid.cl/frontend.php/es/postulacion/descargar/hash/228707266f79254d3a76ae617276a83d
1161197;Regular;2016;Resumen;https://post.anid.cl/frontend.php/es/postulacion/descargar/hash/c04d6c37b66474a191aaa5693ef1ad86
1161200;Regular;2016;Resumen;https://post.anid.cl/frontend.php/es/postulacion/descargar/hash/35c3fbd9ed6290ba9b8d3501b358eb47
1161204;Regular;2016;Resumen;https://post.anid.cl/frontend.php/es/postulacion/descargar/hash/3f7a63ecc825b302d80cba0f58fab969
1161212;Regular;2016;Resumen;https://post.anid.cl/frontend.php/es/postulacion/descargar/hash/966a15ab324ce9e7d15121effa746b0b
1161213;Regular;2016;Resumen;https://post.anid.cl/frontend.php/es/postulacion/descargar/hash/32a499d0155ad012a68cf62aca01dbfc
1161218;Regular;2016;Resumen;https://post.anid.cl/frontend.php/es/postulacion/descargar/hash/3d7c519259c85210c648f262203d2e26
1161219;Regular;2016;Resumen;https://post.anid.cl/frontend.php/es/postulacion/descargar/hash/dd80daddccab1dfdeb8508a8ba8d3961
1161221;Regular;2016;Resumen;https://post.anid.cl/frontend.php/es/postulacion/descargar/hash/0affdeee5806cbf4345df9cc6533cf55
1161224;Regular;2016;Resumen;https://post.anid.cl/frontend.php/es/postulacion/descargar/hash/70b646682fa98d10da82ad21dae3211a
1161225;Regular;2016;Resumen;https://post.anid.cl/frontend.php/es/postulacion/descargar/hash/b866df2c4bfd99f36efd935d7029bcf1
1161227;Regular;2016;Resumen;https://post.anid.cl/frontend.php/es/postulacion/descargar/hash/97a1cda2ba4398c1bcaa2d526a323017
1161232;Regular;2016;Resumen;https://post.anid.cl/frontend.php/es/postulacion/descargar/hash/ea530f5dfe71dc50f217918f1082bb13
1161237;Regular;2016;Resumen;https://post.anid.cl/frontend.php/es/postulacion/descargar/hash/cb4fd839b7f9cbeecb45345274d21ada
1161241;Regular;2016;Resumen;https://post.anid.cl/frontend.php/es/postulacion/descargar/hash/47ff88d3faa2afef8c86708f84c210d4
1161247;Regular;2016;Resumen;https://post.anid.cl/frontend.php/es/postulacion/descargar/hash/7a1e94b1706fbf93e5ffb1a6560fc95e
1161249;Regular;2016;Resumen;https://post.anid.cl/frontend.php/es/postulacion/descargar/hash/806864d830550853256f0dd6271ef7c4
1161251;Regular;2016;Resumen;https://post.anid.cl/frontend.php/es/postulacion/descargar/hash/1238a9521f4fdae1f4c888431ba9dbfc
1161252;Regular;2016;Resumen;https://post.anid.cl/frontend.php/es/postulacion/descargar/hash/af23d0c65f9d00da40bc6bc632bcbb6a
1161253;Regular;2016;Resumen;https://post.anid.cl/frontend.php/es/postulacion/descargar/hash/80829ffda4b0570bcdf9b2e4925e3558
1161255;Regular;2016;Resumen;https://post.anid.cl/frontend.php/es/postulacion/descargar/hash/67fd10ea5fa494b0867e10a2a3f631b5
1161262;Regular;2016;Resumen;https://post.anid.cl/frontend.php/es/postulacion/descargar/hash/12f34e111448b1080d4ece89c9e7e6d9
1161274;Regular;2016;Resumen;https://post.anid.cl/frontend.php/es/postulacion/descargar/hash/3109fb2c7f1395f955707b5a8d810b63
1161277;Regular;2016;Resumen;https://post.anid.cl/frontend.php/es/postulacion/descargar/hash/35f278bf81f6626a842c20aed65cb5c8
1161280;Regular;2016;Resumen;https://post.anid.cl/frontend.php/es/postulacion/descargar/hash/591b8881f23fe37d352ed37e7fa4f241
1161284;Regular;2016;Resumen;https://post.anid.cl/frontend.php/es/postulacion/descargar/hash/5edbcb90a83cc3bee3c35742ed5c455c
1161288;Regular;2016;Resumen;https://post.anid.cl/frontend.php/es/postulacion/descargar/hash/b19dc5cc3b47d35a2ba18ee93a2257c9
1161293;Regular;2016;Resumen;https://post.anid.cl/frontend.php/es/postulacion/descargar/hash/930a2d0a9a140a8080d6c44c7db32a23
1161297;Regular;2016;Resumen;https://post.anid.cl/frontend.php/es/postulacion/descargar/hash/bc86a98f15846f4b75a81bb816f63c40
1161298;Regular;2016;Resumen;https://post.anid.cl/frontend.php/es/postulacion/descargar/hash/d7c63b87f04bd99e067cddaa26ebeaa7
1161300;Regular;2016;Resumen;https://post.anid.cl/frontend.php/es/postulacion/descargar/hash/64d892eea38024ba408bdc969cffdb6a
1161311;Regular;2016;Resumen;https://post.anid.cl/frontend.php/es/postulacion/descargar/hash/c15841db32b87bd37bc4d8d253e03c5a
1161314;Regular;2016;Resumen;https://post.anid.cl/frontend.php/es/postulacion/descargar/hash/fbd78156efc37709f204b56c36994103
1161319;Regular;2016;Resumen;https://post.anid.cl/frontend.php/es/postulacion/descargar/hash/96ce5c1ddcbae36f65d6d2c0b3b626eb
1161325;Regular;2016;Resumen;https://post.anid.cl/frontend.php/es/postulacion/descargar/hash/75b482641f14f86f8c5e6166879cdda0
1161326;Regular;2016;Resumen;https://post.anid.cl/frontend.php/es/postulacion/descargar/hash/2f33c6bed8c9d914abe92256f53cd66b
1161328;Regular;2016;Resumen;https://post.anid.cl/frontend.php/es/postulacion/descargar/hash/9e4475d77eb8273d3f666bab7ec4ca15
1161333;Regular;2016;Resumen;https://post.anid.cl/frontend.php/es/postulacion/descargar/hash/df3a6ac247406b3025b982035f79385a
1161334;Regular;2016;Resumen;https://post.anid.cl/frontend.php/es/postulacion/descargar/hash/ba303b55b1c17f7e5b898b606af0cb50
1161337;Regular;2016;Resumen;https://post.anid.cl/frontend.php/es/postulacion/descargar/hash/33609a0da37a96536d87c57f5be49995
1161338;Regular;2016;Resumen;https://post.anid.cl/frontend.php/es/postulacion/descargar/hash/8f574c13fef62475e111c48048d65d47
1161347;Regular;2016;Resumen;https://post.anid.cl/frontend.php/es/postulacion/descargar/hash/d83e3b9144efc5850edb92fc2b541379
1161353;Regular;2016;Resumen;https://post.anid.cl/frontend.php/es/postulacion/descargar/hash/0e1f19496a4cdc6ee963995e973edc4d
1161356;Regular;2016;Resumen;https://post.anid.cl/frontend.php/es/postulacion/descargar/hash/e7a057fdff6f7988d2473b9ee418dec0
1161358;Regular;2016;Resumen;https://post.anid.cl/frontend.php/es/postulacion/descargar/hash/d424273908fb2ba487afe17aa8ec4a39
1161360;Regular;2016;Resumen;https://post.anid.cl/frontend.php/es/postulacion/descargar/hash/d535fe866a24a93c826e3ed4c7ca05ae
1161371;Regular;2016;Resumen;https://post.anid.cl/frontend.php/es/postulacion/descargar/hash/4e6dbc45a48c2f4e58fe416c09b5d92d
1161374;Regular;2016;Resumen;https://post.anid.cl/frontend.php/es/postulacion/descargar/hash/e24ab4ad1cc97ac5565dce52fc9b81c7
1161375;Regular;2016;Resumen;https://post.anid.cl/frontend.php/es/postulacion/descargar/hash/8ac021a7f9af131079c20eac2f8fbe86
1161377;Regular;2016;Resumen;https://post.anid.cl/frontend.php/es/postulacion/descargar/hash/821911a0c53c77aae8ec07d422d72b2c
1161378;Regular;2016;Resumen;https://post.anid.cl/frontend.php/es/postulacion/descargar/hash/c5c5a59c938e1295a1ad3da2eb956919
1161380;Regular;2016;Resumen;https://post.anid.cl/frontend.php/es/postulacion/descargar/hash/670ec8bda82790e38b26ad56faaf54b9
1161381;Regular;2016;Resumen;https://post.anid.cl/frontend.php/es/postulacion/descargar/hash/8681c7a439e775c3b8591b293ef68b30
1161383;Regular;2016;Resumen;https://post.anid.cl/frontend.php/es/postulacion/descargar/hash/c4c06af99a351566715e619ec1f34383
1161400;Regular;2016;Resumen;https://post.anid.cl/frontend.php/es/postulacion/descargar/hash/8e7e44f0876bfadac191af37740bc079
1161403;Regular;2016;Resumen;https://post.anid.cl/frontend.php/es/postulacion/descargar/hash/04b4371919e8900c9b8c665354acf43a
1161413;Regular;2016;Resumen;https://post.anid.cl/frontend.php/es/postulacion/descargar/hash/928c4b14d1b5c4fac84e3ecdcd69d655
1161416;Regular;2016;Resumen;https://post.anid.cl/frontend.php/es/postulacion/descargar/hash/864773f2805a3bcd049b4ba8080d421a
1161417;Regular;2016;Resumen;https://post.anid.cl/frontend.php/es/postulacion/descargar/hash/7ed63b263e67694267a344a8dde6ee91
1161418;Regular;2016;Resumen;https://post.anid.cl/frontend.php/es/postulacion/descargar/hash/3fe973ae729948a706f6d85b6aeb6130
1161420;Regular;2016;Resumen;https://post.anid.cl/frontend.php/es/postulacion/descargar/hash/1bf0895ec3b59e4889c8266482ec586f
1161422;Regular;2016;Resumen;https://post.anid.cl/frontend.php/es/postulacion/descargar/hash/0ba19b34af1d4cef1c50f2d3ae01847f
1161424;Regular;2016;Resumen;https://post.anid.cl/frontend.php/es/postulacion/descargar/hash/095ee38a9c25c82810966ed055873824
1161425;Regular;2016;Resumen;https://post.anid.cl/frontend.php/es/postulacion/descargar/hash/1bd94b599cf31722cccf725f9164bab2
1161427;Regular;2016;Resumen;https://post.anid.cl/frontend.php/es/postulacion/descargar/hash/039db0a6ca4633ccd5c5a95238f62dcb
1161433;Regular;2016;Resumen;https://post.anid.cl/frontend.php/es/postulacion/descargar/hash/0165db3bcd49d976f1e503877c37873f
1161435;Regular;2016;Resumen;https://post.anid.cl/frontend.php/es/postulacion/descargar/hash/954dce0c11a77b52680a15ec8b1284cd
1161436;Regular;2016;Resumen;https://post.anid.cl/frontend.php/es/postulacion/descargar/hash/de98135eb5569cc698de0bea92338e96
1161437;Regular;2016;Resumen;https://post.anid.cl/frontend.php/es/postulacion/descargar/hash/2c34dc52450dcd8b904fd4b417276daf
1161438;Regular;2016;Resumen;https://post.anid.cl/frontend.php/es/postulacion/descargar/hash/3f38361594e8b8285c24c4208a671140
1161439;Regular;2016;Resumen;https://post.anid.cl/frontend.php/es/postulacion/descargar/hash/a55d40cc9930357e7a40c7d085a5bc39
1161444;Regular;2016;Resumen;https://post.anid.cl/frontend.php/es/postulacion/descargar/hash/0408148c32f0836b248a55a827742c9d
1161447;Regular;2016;Resumen;https://post.anid.cl/frontend.php/es/postulacion/descargar/hash/4c6368b5deddf223edae5dd2e68f402f
1161448;Regular;2016;Resumen;https://post.anid.cl/frontend.php/es/postulacion/descargar/hash/b7321b9da1d29fef17ade7270c4ec677
1161450;Regular;2016;Resumen;https://post.anid.cl/frontend.php/es/postulacion/descargar/hash/c4b8ad965daaae742b87777d9090ab95
1161452;Regular;2016;Resumen;https://post.anid.cl/frontend.php/es/postulacion/descargar/hash/163e28c969cf4e1c7d80525dfd1a6659
1161453;Regular;2016;Resumen;https://post.anid.cl/frontend.php/es/postulacion/descargar/hash/cc270ce3cfb4b68081932f9143274fda
1161456;Regular;2016;Resumen;https://post.anid.cl/frontend.php/es/postulacion/descargar/hash/78ff214c06ae47291c5b5a32b0233232
1161460;Regular;2016;Resumen;https://post.anid.cl/frontend.php/es/postulacion/descargar/hash/996beef64ebba25de63a264b940c0613
1161463;Regular;2016;Resumen;https://post.anid.cl/frontend.php/es/postulacion/descargar/hash/338041adc771499a3e406c97037a3e41
1161464;Regular;2016;Resumen;https://post.anid.cl/frontend.php/es/postulacion/descargar/hash/e1cb165c25e2339f629af01b5c66b9af
1161466;Regular;2016;Resumen;https://post.anid.cl/frontend.php/es/postulacion/descargar/hash/4710276e7a2db8a9070ea6a132f96ca8
1161473;Regular;2016;Resumen;https://post.anid.cl/frontend.php/es/postulacion/descargar/hash/2ebb2ad2e8672e0e03124b4320b9e6ab
1161475;Regular;2016;Resumen;https://post.anid.cl/frontend.php/es/postulacion/descargar/hash/00eb5393893710f1ce6d1cccd2c291c8
1161481;Regular;2016;Resumen;https://post.anid.cl/frontend.php/es/postulacion/descargar/hash/4db17f370ef63f0aaeec21790aab21f6
1161483;Regular;2016;Resumen;https://post.anid.cl/frontend.php/es/postulacion/descargar/hash/15d320d122761573fcb7e1bb69bb95fe
1161485;Regular;2016;Resumen;https://post.anid.cl/frontend.php/es/postulacion/descargar/hash/0074a245241fde0573110743082ec796
1161490;Regular;2016;Resumen;https://post.anid.cl/frontend.php/es/postulacion/descargar/hash/2de95f9d33ff61cb77d5e65a4873eeeb
1161492;Regular;2016;Resumen;https://post.anid.cl/frontend.php/es/postulacion/descargar/hash/bf09aff56424568cbd3a44d3f39bdca1
1161500;Regular;2016;Resumen;https://post.anid.cl/frontend.php/es/postulacion/descargar/hash/1b1f2883a2458649a56f1782475fffde
1161502;Regular;2016;Resumen;https://post.anid.cl/frontend.php/es/postulacion/descargar/hash/5d368ae3c89020f7d3fdd32d6cd03c6c
1161504;Regular;2016;Resumen;https://post.anid.cl/frontend.php/es/postulacion/descargar/hash/2d93647c24e883e27822e9252bfb7c20
1161510;Regular;2016;Resumen;https://post.anid.cl/frontend.php/es/postulacion/descargar/hash/2d3ed031879c65d942a5663215b4089e
1161512;Regular;2016;Resumen;https://post.anid.cl/frontend.php/es/postulacion/descargar/hash/e5aa8bc3445933c448717c5302bb26eb
1161514;Regular;2016;Resumen;https://post.anid.cl/frontend.php/es/postulacion/descargar/hash/526ce086d518f1f1fae6a5ea02b66f6b
1161524;Regular;2016;Resumen;https://post.anid.cl/frontend.php/es/postulacion/descargar/hash/228fc1808f8ee29c8aae516903ff4f74
1161525;Regular;2016;Resumen;https://post.anid.cl/frontend.php/es/postulacion/descargar/hash/cc88173608862118945a7cf03f5b5fa3
1161526;Regular;2016;Resumen;https://post.anid.cl/frontend.php/es/postulacion/descargar/hash/f90690601e55006df28e4911e9b15104
1161531;Regular;2016;Resumen;https://post.anid.cl/frontend.php/es/postulacion/descargar/hash/238a82dd2c064d79ec20751ca70b05f2
1161532;Regular;2016;Resumen;https://post.anid.cl/frontend.php/es/postulacion/descargar/hash/f99e8949f39bb660ed81042f22d321e8
1161533;Regular;2016;Resumen;https://post.anid.cl/frontend.php/es/postulacion/descargar/hash/911bf4342d2f79d786e5c3a2a644e97d
1161541;Regular;2016;Resumen;https://post.anid.cl/frontend.php/es/postulacion/descargar/hash/ed8bc73b3b3bb7204f37a57cfd31599a
1161547;Regular;2016;Resumen;https://post.anid.cl/frontend.php/es/postulacion/descargar/hash/ca96dcb32993a04791dd998d267b0ee9
1161550;Regular;2016;Resumen;https://post.anid.cl/frontend.php/es/postulacion/descargar/hash/764d4ac340389105e845d6f1871c3846
1161551;Regular;2016;Resumen;https://post.anid.cl/frontend.php/es/postulacion/descargar/hash/47f759905d0c4a417dbb5a3100ce63c6
1161556;Regular;2016;Resumen;https://post.anid.cl/frontend.php/es/postulacion/descargar/hash/47ec33de1552c0f274ef45f87533aafc
1161579;Regular;2016;Resumen;https://post.anid.cl/frontend.php/es/postulacion/descargar/hash/7c859fbf4240756941e6473bd0366eb1
1161584;Regular;2016;Resumen;https://post.anid.cl/frontend.php/es/postulacion/descargar/hash/53558b017b770ed77bbc4f96262e1ffe
1161589;Regular;2016;Resumen;https://post.anid.cl/frontend.php/es/postulacion/descargar/hash/15b33639028fe3f71e293ada871c7f09
1161593;Regular;2016;Resumen;https://post.anid.cl/frontend.php/es/postulacion/descargar/hash/caedc8f6ccc43c29333dc74ac0fc54ab
1161605;Regular;2016;Resumen;https://post.anid.cl/frontend.php/es/postulacion/descargar/hash/4ba0a895a4cfa45200206fe555359618
1161606;Regular;2016;Resumen;https://post.anid.cl/frontend.php/es/postulacion/descargar/hash/a7f9554a67e4e0b4857a8430d2a9dc2b
1161614;Regular;2016;Resumen;https://post.anid.cl/frontend.php/es/postulacion/descargar/hash/eaa314d9f98d0ff793c906d8c484876c
1161621;Regular;2016;Resumen;https://post.anid.cl/frontend.php/es/postulacion/descargar/hash/c8122a208c53d87f9ab7097d648b1e16
1161624;Regular;2016;Resumen;https://post.anid.cl/frontend.php/es/postulacion/descargar/hash/71a4cfe1928258ffdfa3672169b44113
1161631;Regular;2016;Resumen;https://post.anid.cl/frontend.php/es/postulacion/descargar/hash/ef66a24fd8cb23766e5921a29fe3042e
1161633;Regular;2016;Resumen;https://post.anid.cl/frontend.php/es/postulacion/descargar/hash/2c2962e86d8e8dee20d4cb4ee38b41c2
1161635;Regular;2016;Resumen;https://post.anid.cl/frontend.php/es/postulacion/descargar/hash/ee08dc521541a3a1daf7957a6458b79d
1161642;Regular;2016;Resumen;https://post.anid.cl/frontend.php/es/postulacion/descargar/hash/3b819bd6139fc2d89fe08dca4dcd0140
1161646;Regular;2016;Resumen;https://post.anid.cl/frontend.php/es/postulacion/descargar/hash/6c34942dd188566cb2d146d2592cc69e
1161650;Regular;2016;Resumen;https://post.anid.cl/frontend.php/es/postulacion/descargar/hash/de6d54f6a4225acba284e112817b2da1
1161651;Regular;2016;Resumen;https://post.anid.cl/frontend.php/es/postulacion/descargar/hash/4ce9426c42b5808ae09c969949549b6e
1161660;Regular;2016;Resumen;https://post.anid.cl/frontend.php/es/postulacion/descargar/hash/d57b4403e1a21b219622bebfdc8f8f17
1161661;Regular;2016;Resumen;https://post.anid.cl/frontend.php/es/postulacion/descargar/hash/6fdc83e9e2aa142ba134147d418b0126
1161662;Regular;2016;Resumen;https://post.anid.cl/frontend.php/es/postulacion/descargar/hash/85821f235d55608d4603e384e13552f2
1161667;Regular;2016;Resumen;https://post.anid.cl/frontend.php/es/postulacion/descargar/hash/233bbaddda898f9e046cb987c1ef32ec
1161669;Regular;2016;Resumen;https://post.anid.cl/frontend.php/es/postulacion/descargar/hash/21b6e7e118158cda28d0cf809771ebed
1161672;Regular;2016;Resumen;https://post.anid.cl/frontend.php/es/postulacion/descargar/hash/bd04643d73515f48f585bc64534e113e
1161673;Regular;2016;Resumen;https://post.anid.cl/frontend.php/es/postulacion/descargar/hash/67ed3ca4ba0e4008cd8424df5893a241
1161674;Regular;2016;Resumen;https://post.anid.cl/frontend.php/es/postulacion/descargar/hash/6a7c90a84b18e46fe79ceeeaa49aa54a
1161675;Regular;2016;Resumen;https://post.anid.cl/frontend.php/es/postulacion/descargar/hash/13431bd53e7fb3eb0216bd8382d1df17
1161679;Regular;2016;Resumen;https://post.anid.cl/frontend.php/es/postulacion/descargar/hash/b02c25ff87218a2f4f7bbc696c1d8428
1161691;Regular;2016;Resumen;https://post.anid.cl/frontend.php/es/postulacion/descargar/hash/b2427d46766661a718c2dd585e3f6fde
1161696;Regular;2016;Resumen;https://post.anid.cl/frontend.php/es/postulacion/descargar/hash/86e407fd2c9b9fbb64c079ffc5e98482
1161697;Regular;2016;Resumen;https://post.anid.cl/frontend.php/es/postulacion/descargar/hash/baafce6ace951c8865dff1a5cbed4808
1161699;Regular;2016;Resumen;https://post.anid.cl/frontend.php/es/postulacion/descargar/hash/b94574687e88287d5f67f77a8918f528
1161700;Regular;2016;Resumen;https://post.anid.cl/frontend.php/es/postulacion/descargar/hash/92a55147e441426ffe6b769797af6c8b
1161709;Regular;2016;Resumen;https://post.anid.cl/frontend.php/es/postulacion/descargar/hash/b894f2a09bcce6ba6fc1a2078ac3d3e8
1161711;Regular;2016;Resumen;https://post.anid.cl/frontend.php/es/postulacion/descargar/hash/9a05417815b23e17de3e233f8b795aea
1161713;Regular;2016;Resumen;https://post.anid.cl/frontend.php/es/postulacion/descargar/hash/733b75adb11a53efe7840f1f67ce6edf
1161715;Regular;2016;Resumen;https://post.anid.cl/frontend.php/es/postulacion/descargar/hash/2ede56e95b426fbbccb741fd00f87cdf
1161716;Regular;2016;Resumen;https://post.anid.cl/frontend.php/es/postulacion/descargar/hash/41ee225401bcb72b4008eab988529d49
1161717;Regular;2016;Resumen;https://post.anid.cl/frontend.php/es/postulacion/descargar/hash/38881532bf2ad410c9d9fbbf6c29b397
1161719;Regular;2016;Resumen;https://post.anid.cl/frontend.php/es/postulacion/descargar/hash/39c4fe3fb16b067b23ed3781f451dd4a
1161721;Regular;2016;Resumen;https://post.anid.cl/frontend.php/es/postulacion/descargar/hash/057a9d574d570bc88075a66fe091458f
1161732;Regular;2016;Resumen;https://post.anid.cl/frontend.php/es/postulacion/descargar/hash/aafc3e1855838b09b8b3e077b6ebe983
1161733;Regular;2016;Resumen;https://post.anid.cl/frontend.php/es/postulacion/descargar/hash/405da645833c2393906903ed5f693f92
1161739;Regular;2016;Resumen;https://post.anid.cl/frontend.php/es/postulacion/descargar/hash/84beb73950e7db8c7626d2c5ab761d1f
1161741;Regular;2016;Resumen;https://post.anid.cl/frontend.php/es/postulacion/descargar/hash/5225b504cfca0ed90fe4afb25103a1a9
1161750;Regular;2016;Resumen;https://post.anid.cl/frontend.php/es/postulacion/descargar/hash/fc07127f9cccec93337c5abcabbb5c70
1161751;Regular;2016;Resumen;https://post.anid.cl/frontend.php/es/postulacion/descargar/hash/8c20f0e5911da223eb30d3baba107794
1161762;Regular;2016;Resumen;https://post.anid.cl/frontend.php/es/postulacion/descargar/hash/f1d67d2808fb7cb5efa17f311bf1b5a4
1161775;Regular;2016;Resumen;https://post.anid.cl/frontend.php/es/postulacion/descargar/hash/6b80d307daa28d64c4a0980173ac95ef
1161787;Regular;2016;Resumen;https://post.anid.cl/frontend.php/es/postulacion/descargar/hash/aa42142f0e017aa337d3cca5528e4aa7
1161791;Regular;2016;Resumen;https://post.anid.cl/frontend.php/es/postulacion/descargar/hash/88bdb8d358fb0629c2a53a24aee98e15
1161793;Regular;2016;Resumen;https://post.anid.cl/frontend.php/es/postulacion/descargar/hash/c961af36921526eaf7bc0666c53633a0
1161798;Regular;2016;Resumen;https://post.anid.cl/frontend.php/es/postulacion/descargar/hash/2b4b2a187a41832ebd15151200bba331
1161800;Regular;2016;Resumen;https://post.anid.cl/frontend.php/es/postulacion/descargar/hash/9ce3ba2d9eea9de630024ace667a59d6
1161802;Regular;2016;Resumen;https://post.anid.cl/frontend.php/es/postulacion/descargar/hash/d77fcd2947fad6cce769244116f8f560
1161806;Regular;2016;Resumen;https://post.anid.cl/frontend.php/es/postulacion/descargar/hash/a0a18549dba1844f3c2f9e7e68c76c42
1161809;Regular;2016;Resumen;https://post.anid.cl/frontend.php/es/postulacion/descargar/hash/8a19589ca8343f135c7a8ec5f69a9c81
1161812;Regular;2016;Resumen;https://post.anid.cl/frontend.php/es/postulacion/descargar/hash/12bad705c00d8537d81d131a41a6c2fa
1161816;Regular;2016;Resumen;https://post.anid.cl/frontend.php/es/postulacion/descargar/hash/b640cf7881660f8de38327da38996b67
1161817;Regular;2016;Resumen;https://post.anid.cl/frontend.php/es/postulacion/descargar/hash/97b27e8be92f76ddb9f8f0f365b0e85d
1161818;Regular;2016;Resumen;https://post.anid.cl/frontend.php/es/postulacion/descargar/hash/5559ffcaf7636366d3a5a11257b5d7a4
1170002;Regular;2017;Resumen;https://post.anid.cl/frontend.php/es/postulacion/descargar/hash/c5ebd1fb197cab2d5107fac2b921ef0c
1170008;Regular;2017;Resumen;https://post.anid.cl/frontend.php/es/postulacion/descargar/hash/ab6bd30bb80e3b80ebe4b822ed9dce94
1170009;Regular;2017;Resumen;https://post.anid.cl/frontend.php/es/postulacion/descargar/hash/f0d5acfe5094b8393ba944a9f4f57ff7
1170010;Regular;2017;Resumen;https://post.anid.cl/frontend.php/es/postulacion/descargar/hash/ad615eb2c4e4469376a8e4b2af64f01b
1170017;Regular;2017;Resumen;https://post.anid.cl/frontend.php/es/postulacion/descargar/hash/1fb819a40151e5842f353ecbb008792b
1170019;Regular;2017;Resumen;https://post.anid.cl/frontend.php/es/postulacion/descargar/hash/ef21ff64a277a7d9d92c6afcafe31de5
1170021;Regular;2017;Resumen;https://post.anid.cl/frontend.php/es/postulacion/descargar/hash/7aaf2aa02e80bd737a55bb8b20ea8b41
1170025;Regular;2017;Resumen;https://post.anid.cl/frontend.php/es/postulacion/descargar/hash/221c415177e548968df616bf24bd5471
1170027;Regular;2017;Resumen;https://post.anid.cl/frontend.php/es/postulacion/descargar/hash/0f5f9b3aeffd14bbc3e6bfb674e375b2
1170029;Regular;2017;Resumen;https://post.anid.cl/frontend.php/es/postulacion/descargar/hash/22125e3ee94af40efbe810b75ab5eb2c
1170033;Regular;2017;Resumen;https://post.anid.cl/frontend.php/es/postulacion/descargar/hash/f06a3b035b55d79dd5640c10a80436ce
1170037;Regular;2017;Resumen;https://post.anid.cl/frontend.php/es/postulacion/descargar/hash/0ed32b0ae7373f1dc911f5521733d690
1170039;Regular;2017;Resumen;https://post.anid.cl/frontend.php/es/postulacion/descargar/hash/42a9c801d8b0cf7156c57f4284d06f26
1170043;Regular;2017;Resumen;https://post.anid.cl/frontend.php/es/postulacion/descargar/hash/6a2038f23464f7026bc2bd176a64dd03
1170044;Regular;2017;Resumen;https://post.anid.cl/frontend.php/es/postulacion/descargar/hash/037540f0b29ccaf828237feec327a344
1170046;Regular;2017;Resumen;https://post.anid.cl/frontend.php/es/postulacion/descargar/hash/a37850e8b185baf3b23876880fc5a477
1170048;Regular;2017;Resumen;https://post.anid.cl/frontend.php/es/postulacion/descargar/hash/b07ce2862d529139b1115713796c9dff
1170053;Regular;2017;Resumen;https://post.anid.cl/frontend.php/es/postulacion/descargar/hash/f499b4a2fe0cd5f0cd1ceda9ad0947c1
1170054;Regular;2017;Resumen;https://post.anid.cl/frontend.php/es/postulacion/descargar/hash/9a758dc70e690f8043b6630eedd80e67
1170055;Regular;2017;Resumen;https://post.anid.cl/frontend.php/es/postulacion/descargar/hash/81e1dd2cd194631cc27b80efc0f9d8c2
1170056;Regular;2017;Resumen;https://post.anid.cl/frontend.php/es/postulacion/descargar/hash/146654493ac26a60ec012139a29bb18b
1170065;Regular;2017;Resumen;https://post.anid.cl/frontend.php/es/postulacion/descargar/hash/c0169e47dde7aa7ecf2824ad5feb0889
1170066;Regular;2017;Resumen;https://post.anid.cl/frontend.php/es/postulacion/descargar/hash/04129170777e5afa015a0af8f7e9150a
1170067;Regular;2017;Resumen;https://post.anid.cl/frontend.php/es/postulacion/descargar/hash/b259c1d7485ae1a501c5554ed2b2b352
1170068;Regular;2017;Resumen;https://post.anid.cl/frontend.php/es/postulacion/descargar/hash/e88f6cb4a624b13301677588583df569
1170071;Regular;2017;Resumen;https://post.anid.cl/frontend.php/es/postulacion/descargar/hash/27e67ddecc56c4ea1aead3043fd2e04c
1170078;Regular;2017;Resumen;https://post.anid.cl/frontend.php/es/postulacion/descargar/hash/8d4e721e76fd934ed474d6dfa0591e00
1170083;Regular;2017;Resumen;https://post.anid.cl/frontend.php/es/postulacion/descargar/hash/b47cad033235f0da1f855ea4c1c167ae
1170090;Regular;2017;Resumen;https://post.anid.cl/frontend.php/es/postulacion/descargar/hash/95f5127b00c12c5a277e639a6b315e4b
1170091;Regular;2017;Resumen;https://post.anid.cl/frontend.php/es/postulacion/descargar/hash/173a779c64aa2033c99f73d3ef377d95
1170093;Regular;2017;Resumen;https://post.anid.cl/frontend.php/es/postulacion/descargar/hash/9997c441d922f3f4200e607c8f4bd47f
1170094;Regular;2017;Resumen;https://post.anid.cl/frontend.php/es/postulacion/descargar/hash/a432a4e4a03432e76e296866a70ab6fb
1170096;Regular;2017;Resumen;https://post.anid.cl/frontend.php/es/postulacion/descargar/hash/99afa85da0b144f44fe46c912ec7b4a5
1170101;Regular;2017;Resumen;https://post.anid.cl/frontend.php/es/postulacion/descargar/hash/a0be654c41738e06ab4d3420d2101738
1170103;Regular;2017;Resumen;https://post.anid.cl/frontend.php/es/postulacion/descargar/hash/209f6bbf2837a5a9055821277587d70c
1170107;Regular;2017;Resumen;https://post.anid.cl/frontend.php/es/postulacion/descargar/hash/e9bf6a0048e46722bd0d7be333716697
1170109;Regular;2017;Resumen;https://post.anid.cl/frontend.php/es/postulacion/descargar/hash/88d3c3352f19fb8c21d5309654a7e8b3
1170117;Regular;2017;Resumen;https://post.anid.cl/frontend.php/es/postulacion/descargar/hash/36e20c40c0d4480689b7a7d6cbbf093f
1170118;Regular;2017;Resumen;https://post.anid.cl/frontend.php/es/postulacion/descargar/hash/7b4534a8c3f132db3a6e3b8023fdc502
1170119;Regular;2017;Resumen;https://post.anid.cl/frontend.php/es/postulacion/descargar/hash/1da5090e09d25467e99d0cd03efc111c
1170120;Regular;2017;Resumen;https://post.anid.cl/frontend.php/es/postulacion/descargar/hash/53a0c8db7031a87f32310ae096d4cd69
1170121;Regular;2017;Resumen;https://post.anid.cl/frontend.php/es/postulacion/descargar/hash/b87d05e33d209e3735718e24e906ffc8
1170123;Regular;2017;Resumen;https://post.anid.cl/frontend.php/es/postulacion/descargar/hash/de8a736980149fea0158438043fa6e6d
1170125;Regular;2017;Resumen;https://post.anid.cl/frontend.php/es/postulacion/descargar/hash/9d989dc0861b797e20cd26163b770456
1170126;Regular;2017;Resumen;https://post.anid.cl/frontend.php/es/postulacion/descargar/hash/1bdb95bfb6e9b88359f63c1ea0d032d6
1170129;Regular;2017;Resumen;https://post.anid.cl/frontend.php/es/postulacion/descargar/hash/d7d6b6dc9b68f9f292fcc294f64ea6b2
1170132;Regular;2017;Resumen;https://post.anid.cl/frontend.php/es/postulacion/descargar/hash/6dfa1e43dd6fac05b1a42c75db00dab4
1170133;Regular;2017;Resumen;https://post.anid.cl/frontend.php/es/postulacion/descargar/hash/a965a620a08ba0920eecc552f8f370bf
1170137;Regular;2017;Resumen;https://post.anid.cl/frontend.php/es/postulacion/descargar/hash/3b31dcac00041ab92834e10f61bce723
1170145;Regular;2017;Resumen;https://post.anid.cl/frontend.php/es/postulacion/descargar/hash/d068e0850fd7d204af307fb097eff070
1170152;Regular;2017;Resumen;https://post.anid.cl/frontend.php/es/postulacion/descargar/hash/ea55839d15df8a42a47c8796cf48a0f3
1170153;Regular;2017;Resumen;https://post.anid.cl/frontend.php/es/postulacion/descargar/hash/5b2752d40b0a620ef4373f9150eb2b52
1170164;Regular;2017;Resumen;https://post.anid.cl/frontend.php/es/postulacion/descargar/hash/7a0f725d657132bfcd727ded82765569
1170167;Regular;2017;Resumen;https://post.anid.cl/frontend.php/es/postulacion/descargar/hash/ba387ea3ed66be7195383f4a41243f0c
1170168;Regular;2017;Resumen;https://post.anid.cl/frontend.php/es/postulacion/descargar/hash/693f4934112b4309f80ea98bb9b0c618
1170171;Regular;2017;Resumen;https://post.anid.cl/frontend.php/es/postulacion/descargar/hash/b91bca0adcf9339a51bb40fee754b423
1170174;Regular;2017;Resumen;https://post.anid.cl/frontend.php/es/postulacion/descargar/hash/69ebce0c025017126263cb6d890ebbb7
1170176;Regular;2017;Resumen;https://post.anid.cl/frontend.php/es/postulacion/descargar/hash/320f70d6fee5b5e3a60b499dcdf8e5ed
1170178;Regular;2017;Resumen;https://post.anid.cl/frontend.php/es/postulacion/descargar/hash/20f7b00b65fc60560a5c224896d8180c
1170179;Regular;2017;Resumen;https://post.anid.cl/frontend.php/es/postulacion/descargar/hash/5525f3495c951cb5a0f905b70b40b83d
1170184;Regular;2017;Resumen;https://post.anid.cl/frontend.php/es/postulacion/descargar/hash/5e5fff87bf5370f3abafca7ec49afb21
1170193;Regular;2017;Resumen;https://post.anid.cl/frontend.php/es/postulacion/descargar/hash/02f87da74e030066bb505ba9c8f9b03d
1170194;Regular;2017;Resumen;https://post.anid.cl/frontend.php/es/postulacion/descargar/hash/c405fe7ba60649a3a2664c2209888a14
1170195;Regular;2017;Resumen;https://post.anid.cl/frontend.php/es/postulacion/descargar/hash/ac4e160c05ef8e510b03085ba661d61e
1170209;Regular;2017;Resumen;https://post.anid.cl/frontend.php/es/postulacion/descargar/hash/42cb6c36b3eb84292ec83e2df22859ff
1170214;Regular;2017;Resumen;https://post.anid.cl/frontend.php/es/postulacion/descargar/hash/7bbf6c1c8ea96b7d4800fa3795c5f896
1170218;Regular;2017;Resumen;https://post.anid.cl/frontend.php/es/postulacion/descargar/hash/07c9fc46eff78c065b7d42eee86dff8b
1170219;Regular;2017;Resumen;https://post.anid.cl/frontend.php/es/postulacion/descargar/hash/1589918096f895289d46f0153927abfb
1170223;Regular;2017;Resumen;https://post.anid.cl/frontend.php/es/postulacion/descargar/hash/36638c423926e0d125bc4b4fc1984ad8
1170224;Regular;2017;Resumen;https://post.anid.cl/frontend.php/es/postulacion/descargar/hash/9957aba5cc4ce1120a8db156185818eb
1170226;Regular;2017;Resumen;https://post.anid.cl/frontend.php/es/postulacion/descargar/hash/894fa71785e0eaa0302fc957a683dacc
1170236;Regular;2017;Resumen;https://post.anid.cl/frontend.php/es/postulacion/descargar/hash/307913268b17969aba8b53001eba8118
1170239;Regular;2017;Resumen;https://post.anid.cl/frontend.php/es/postulacion/descargar/hash/fbaf2b66494740d707910cf210118936
1170242;Regular;2017;Resumen;https://post.anid.cl/frontend.php/es/postulacion/descargar/hash/02395791046000c8dde0c3d4ae142ea6
1170245;Regular;2017;Resumen;https://post.anid.cl/frontend.php/es/postulacion/descargar/hash/889281685a7bbb3ae16debe3b8b00560
1170246;Regular;2017;Resumen;https://post.anid.cl/frontend.php/es/postulacion/descargar/hash/d6b581874eaa86ee9cd6dd4e46104064
1170252;Regular;2017;Resumen;https://post.anid.cl/frontend.php/es/postulacion/descargar/hash/a64eceaad3d8655aa97c15332426741c
1170256;Regular;2017;Resumen;https://post.anid.cl/frontend.php/es/postulacion/descargar/hash/666c650bef058c9a02b98ae19bfced93
1170258;Regular;2017;Resumen;https://post.anid.cl/frontend.php/es/postulacion/descargar/hash/dd8e682b17e4fa730f9d51dd2093bdd4
1170259;Regular;2017;Resumen;https://post.anid.cl/frontend.php/es/postulacion/descargar/hash/99bbac906dbfe86651d03bb37e959a67
1170260;Regular;2017;Resumen;https://post.anid.cl/frontend.php/es/postulacion/descargar/hash/c5c159912baae6fe498dcd9d2b1d93a8
1170261;Regular;2017;Resumen;https://post.anid.cl/frontend.php/es/postulacion/descargar/hash/e8b4e9e841f08b064a4daafc1359a889
1170264;Regular;2017;Resumen;https://post.anid.cl/frontend.php/es/postulacion/descargar/hash/7fccaa2d3d4ec8ef5669aa53fa2c1cef
1170269;Regular;2017;Resumen;https://post.anid.cl/frontend.php/es/postulacion/descargar/hash/eadc4e216fbab4bef2dd147ca4c78709
1170276;Regular;2017;Resumen;https://post.anid.cl/frontend.php/es/postulacion/descargar/hash/9c27bb4a8073a5ad468633968bc06b00
1170279;Regular;2017;Resumen;https://post.anid.cl/frontend.php/es/postulacion/descargar/hash/7c0fe0a72ca44b9af8461a31b0e06420
1170286;Regular;2017;Resumen;https://post.anid.cl/frontend.php/es/postulacion/descargar/hash/c5e1b0f85692cae3dbadc6837ed039f2
1170290;Regular;2017;Resumen;https://post.anid.cl/frontend.php/es/postulacion/descargar/hash/a1a3adc8deabb347d553f0c2e561e82f
1170291;Regular;2017;Resumen;https://post.anid.cl/frontend.php/es/postulacion/descargar/hash/b37987cce589b38454e514dd312a39f2
1170292;Regular;2017;Resumen;https://post.anid.cl/frontend.php/es/postulacion/descargar/hash/b56cee07e9a0ec1e922a99cf7cfda69c
1170305;Regular;2017;Resumen;https://post.anid.cl/frontend.php/es/postulacion/descargar/hash/b9ce3eb267cd5dad13057c1c7c980fa1
1170306;Regular;2017;Resumen;https://post.anid.cl/frontend.php/es/postulacion/descargar/hash/658fa8fe8f243ee8b9a24c302c8d046d
1170307;Regular;2017;Resumen;https://post.anid.cl/frontend.php/es/postulacion/descargar/hash/1012cbdbd86b58614ecda3922a795d49
1170310;Regular;2017;Resumen;https://post.anid.cl/frontend.php/es/postulacion/descargar/hash/ee26b41a6a0ef8cdc3e33ea40b7fc73e
1170313;Regular;2017;Resumen;https://post.anid.cl/frontend.php/es/postulacion/descargar/hash/f3de5daae79f0175ed2835e2ae89e799
1170314;Regular;2017;Resumen;https://post.anid.cl/frontend.php/es/postulacion/descargar/hash/1545527efb21fc0064347b6d6893d17c
1170315;Regular;2017;Resumen;https://post.anid.cl/frontend.php/es/postulacion/descargar/hash/96cea85ebdd7366cc85aaf5d05f37bd1
1170316;Regular;2017;Resumen;https://post.anid.cl/frontend.php/es/postulacion/descargar/hash/58429d352509f1832b52920d2304ce37
1170318;Regular;2017;Resumen;https://post.anid.cl/frontend.php/es/postulacion/descargar/hash/63e136f201350d354c43e14538936b78
1170319;Regular;2017;Resumen;https://post.anid.cl/frontend.php/es/postulacion/descargar/hash/509b44e349703763ac40ec31c4ccf84e
1170324;Regular;2017;Resumen;https://post.anid.cl/frontend.php/es/postulacion/descargar/hash/97258654b8fb9a9ca9a2f21d05c1a432
1170328;Regular;2017;Resumen;https://post.anid.cl/frontend.php/es/postulacion/descargar/hash/e9ecd3bf235c31caa9395f683a14a8e5
1170331;Regular;2017;Resumen;https://post.anid.cl/frontend.php/es/postulacion/descargar/hash/269e51c7f702b60a2e8244c13aaae4be
1170334;Regular;2017;Resumen;https://post.anid.cl/frontend.php/es/postulacion/descargar/hash/8200b7ea2174f31a3ae5256f5b469eef
1170335;Regular;2017;Resumen;https://post.anid.cl/frontend.php/es/postulacion/descargar/hash/ab1f49c944d67ea53ae3bdb9f8842b75
1170340;Regular;2017;Resumen;https://post.anid.cl/frontend.php/es/postulacion/descargar/hash/8cd39ca5ead058cc35425ae377a1b2d6
1170342;Regular;2017;Resumen;https://post.anid.cl/frontend.php/es/postulacion/descargar/hash/fd81dbc941c46527178fd7a2cd8cbbb8
1170345;Regular;2017;Resumen;https://post.anid.cl/frontend.php/es/postulacion/descargar/hash/a217edd178610fd3a7c6148066a6bd3b
1170352;Regular;2017;Resumen;https://post.anid.cl/frontend.php/es/postulacion/descargar/hash/29600c8a3ce418afc705a398c477c152
1170360;Regular;2017;Resumen;https://post.anid.cl/frontend.php/es/postulacion/descargar/hash/9274f7f45f9477529ec743a1b95205b6
1170362;Regular;2017;Resumen;https://post.anid.cl/frontend.php/es/postulacion/descargar/hash/0ec83aba5611142e0dfa57ec6489d22f
1170364;Regular;2017;Resumen;https://post.anid.cl/frontend.php/es/postulacion/descargar/hash/01583651906a2c9f002b76e7aebe0340
1170366;Regular;2017;Resumen;https://post.anid.cl/frontend.php/es/postulacion/descargar/hash/ad528d145a6c827c549dcf1d03c98347
1170367;Regular;2017;Resumen;https://post.anid.cl/frontend.php/es/postulacion/descargar/hash/9bedc91cdf74a6c9fe5504f9cee51410
1170369;Regular;2017;Resumen;https://post.anid.cl/frontend.php/es/postulacion/descargar/hash/204797e7d7e140032c3ab193d2b54922
1170371;Regular;2017;Resumen;https://post.anid.cl/frontend.php/es/postulacion/descargar/hash/4eefdc13953f27ebd2378536418bd77e
1170374;Regular;2017;Resumen;https://post.anid.cl/frontend.php/es/postulacion/descargar/hash/f1aaa136bafb3d08defd2b0945236493
1170379;Regular;2017;Resumen;https://post.anid.cl/frontend.php/es/postulacion/descargar/hash/ced6b4d02da2ea04b515b3f69a6d997e
1170381;Regular;2017;Resumen;https://post.anid.cl/frontend.php/es/postulacion/descargar/hash/cda16f69b6df8e40443bffac2b0df1ec
1170383;Regular;2017;Resumen;https://post.anid.cl/frontend.php/es/postulacion/descargar/hash/6456eea687bc68cfe81f9781c34829ff
1170385;Regular;2017;Resumen;https://post.anid.cl/frontend.php/es/postulacion/descargar/hash/43cae0b0eb9421f5736120fdf3cb6c53
1170393;Regular;2017;Resumen;https://post.anid.cl/frontend.php/es/postulacion/descargar/hash/a475133e688180d312dfb0670bd3b6f3
1170395;Regular;2017;Resumen;https://post.anid.cl/frontend.php/es/postulacion/descargar/hash/5c3bffaa193ee25078efb292ff303fd0
1170400;Regular;2017;Resumen;https://post.anid.cl/frontend.php/es/postulacion/descargar/hash/4233ebf4f98027b6aff566d4d1fd21d8
1170408;Regular;2017;Resumen;https://post.anid.cl/frontend.php/es/postulacion/descargar/hash/553a0a4955dee62d2b2b1b1a14009b86
1170409;Regular;2017;Resumen;https://post.anid.cl/frontend.php/es/postulacion/descargar/hash/6c0367b4a901931f25bdac40d9a02e48
1170411;Regular;2017;Resumen;https://post.anid.cl/frontend.php/es/postulacion/descargar/hash/89ccda0b5c5f08e1d0e87f5b4065b0a6
1170413;Regular;2017;Resumen;https://post.anid.cl/frontend.php/es/postulacion/descargar/hash/c8f058a7011faf7f5c1a8449e253f914
1170415;Regular;2017;Resumen;https://post.anid.cl/frontend.php/es/postulacion/descargar/hash/b9c7d7aeb359661a5cb3348479b29120
1170417;Regular;2017;Resumen;https://post.anid.cl/frontend.php/es/postulacion/descargar/hash/6d541716d7b4d5fba7b6a8e04129ee4c
1170419;Regular;2017;Resumen;https://post.anid.cl/frontend.php/es/postulacion/descargar/hash/19bc631b9bfcffaed88e02c8abf81e27
1170422;Regular;2017;Resumen;https://post.anid.cl/frontend.php/es/postulacion/descargar/hash/8b9d9f4e6f4be441776f5e5f82a89f6f
1170425;Regular;2017;Resumen;https://post.anid.cl/frontend.php/es/postulacion/descargar/hash/a8aae3ae684a1adcd2a0d182e28914a4
1170426;Regular;2017;Resumen;https://post.anid.cl/frontend.php/es/postulacion/descargar/hash/05c45859562845dfad8b18e6439d1e46
1170429;Regular;2017;Resumen;https://post.anid.cl/frontend.php/es/postulacion/descargar/hash/b2c505484cfb340e1abe224f4fc34d58
1170430;Regular;2017;Resumen;https://post.anid.cl/frontend.php/es/postulacion/descargar/hash/a75d3db98e16d6d4709a1a23bef9ca76
1170431;Regular;2017;Resumen;https://post.anid.cl/frontend.php/es/postulacion/descargar/hash/774b4743e677d97731df68bfe55ceaa9
1170441;Regular;2017;Resumen;https://post.anid.cl/frontend.php/es/postulacion/descargar/hash/bf0e509a426d6ae7743147a1ce4b7364
1170446;Regular;2017;Resumen;https://post.anid.cl/frontend.php/es/postulacion/descargar/hash/c8e878da7b4c109fbe03f5788477794b
1170451;Regular;2017;Resumen;https://post.anid.cl/frontend.php/es/postulacion/descargar/hash/7a6b4032f742544deff2cf946ad1a241
1170454;Regular;2017;Resumen;https://post.anid.cl/frontend.php/es/postulacion/descargar/hash/eafa0e6625f6fd7d42c0a69d9e1ca911
1170456;Regular;2017;Resumen;https://post.anid.cl/frontend.php/es/postulacion/descargar/hash/57b6ded13d5e71140b770ec7b54eb137
1170460;Regular;2017;Resumen;https://post.anid.cl/frontend.php/es/postulacion/descargar/hash/c77c1292e17bd71ecbffbefc9090099d
1170466;Regular;2017;Resumen;https://post.anid.cl/frontend.php/es/postulacion/descargar/hash/08732843275998fddc04925ca5b0cf67
1170473;Regular;2017;Resumen;https://post.anid.cl/frontend.php/es/postulacion/descargar/hash/6da2b5209ad3a90365a27b78b6f83e79
1170476;Regular;2017;Resumen;https://post.anid.cl/frontend.php/es/postulacion/descargar/hash/3c0e471b6a88dee5ffad61df4bc763e4
1170477;Regular;2017;Resumen;https://post.anid.cl/frontend.php/es/postulacion/descargar/hash/02ec3e15e494233f2065984255948ef6
1170479;Regular;2017;Resumen;https://post.anid.cl/frontend.php/es/postulacion/descargar/hash/0a4896e647219403113c1491afe0aaff
1170480;Regular;2017;Resumen;https://post.anid.cl/frontend.php/es/postulacion/descargar/hash/764b098386477d319b95bbcd7a325cac
1170486;Regular;2017;Resumen;https://post.anid.cl/frontend.php/es/postulacion/descargar/hash/03fabb35455058e25c5f614f14b68732
1170492;Regular;2017;Resumen;https://post.anid.cl/frontend.php/es/postulacion/descargar/hash/05a776ceb929d11d2240b44b05c76502
1170493;Regular;2017;Resumen;https://post.anid.cl/frontend.php/es/postulacion/descargar/hash/74271a2ec8917a48ca95d46c469754d3
1170497;Regular;2017;Resumen;https://post.anid.cl/frontend.php/es/postulacion/descargar/hash/bf465192a8a1413c104a2f561beddf81
1170501;Regular;2017;Resumen;https://post.anid.cl/frontend.php/es/postulacion/descargar/hash/00287153bc47a57838b1a8429a55c653
1170505;Regular;2017;Resumen;https://post.anid.cl/frontend.php/es/postulacion/descargar/hash/1c1db460626a4bd72234d880ff97c011
1170507;Regular;2017;Resumen;https://post.anid.cl/frontend.php/es/postulacion/descargar/hash/fe6306e2630fd6fa7ae84101da71c73e
1170513;Regular;2017;Resumen;https://post.anid.cl/frontend.php/es/postulacion/descargar/hash/ca7fcb45b5f813c4aa3454aa14ee0470
1170515;Regular;2017;Resumen;https://post.anid.cl/frontend.php/es/postulacion/descargar/hash/5e8751dad29dc88f6bbe65797be10307
1170518;Regular;2017;Resumen;https://post.anid.cl/frontend.php/es/postulacion/descargar/hash/679f919daf4f393dc693e0ad24a54b42
1170522;Regular;2017;Resumen;https://post.anid.cl/frontend.php/es/postulacion/descargar/hash/f267ac8f5c9cd09d5e5ee81665130573
1170524;Regular;2017;Resumen;https://post.anid.cl/frontend.php/es/postulacion/descargar/hash/ec0ea47a2ece0ae1501d9e7641f764b3
1170525;Regular;2017;Resumen;https://post.anid.cl/frontend.php/es/postulacion/descargar/hash/6972fb14817dca5d45bdd77fa8aabcc5
1170532;Regular;2017;Resumen;https://post.anid.cl/frontend.php/es/postulacion/descargar/hash/00678fba9238ffa5dd079c205053b389
1170535;Regular;2017;Resumen;https://post.anid.cl/frontend.php/es/postulacion/descargar/hash/76230c86554b89156a00252a209b78ea
1170541;Regular;2017;Resumen;https://post.anid.cl/frontend.php/es/postulacion/descargar/hash/ad2eda7bcbd80ea84bb554b3ed1f1a44
1170547;Regular;2017;Resumen;https://post.anid.cl/frontend.php/es/postulacion/descargar/hash/4b1f4fffdf18044747ae72af948bd6b3
1170551;Regular;2017;Resumen;https://post.anid.cl/frontend.php/es/postulacion/descargar/hash/fbd3f68922cf6fac36c11e25a523f658
1170554;Regular;2017;Resumen;https://post.anid.cl/frontend.php/es/postulacion/descargar/hash/79b36d0e0ab0e4a99378f1b23636daff
1170555;Regular;2017;Resumen;https://post.anid.cl/frontend.php/es/postulacion/descargar/hash/db032344d2a07f4cfde58b8ae8f70055
1170558;Regular;2017;Resumen;https://post.anid.cl/frontend.php/es/postulacion/descargar/hash/535e76f9833890e0b0368a3647d78045
1170566;Regular;2017;Resumen;https://post.anid.cl/frontend.php/es/postulacion/descargar/hash/28266b3e08558b63d842dadf6970ea5b
1170569;Regular;2017;Resumen;https://post.anid.cl/frontend.php/es/postulacion/descargar/hash/4228007b218590b0d85646ad15926c7a
1170571;Regular;2017;Resumen;https://post.anid.cl/frontend.php/es/postulacion/descargar/hash/e961083b9a7f08422f69142ce954f8e9
1170575;Regular;2017;Resumen;https://post.anid.cl/frontend.php/es/postulacion/descargar/hash/1ef7bc288cca394831a4e1b313bf4527
1170579;Regular;2017;Resumen;https://post.anid.cl/frontend.php/es/postulacion/descargar/hash/1594984b2f00b1cc52348777d9012350
1170580;Regular;2017;Resumen;https://post.anid.cl/frontend.php/es/postulacion/descargar/hash/8ec569d4073449de684363afb19b532b
1170586;Regular;2017;Resumen;https://post.anid.cl/frontend.php/es/postulacion/descargar/hash/b4ef3b971c5c6830d5108806b7b1b98b
1170590;Regular;2017;Resumen;https://post.anid.cl/frontend.php/es/postulacion/descargar/hash/f3eb3ad75ab7f9b00478d49d45989fe8
1170591;Regular;2017;Resumen;https://post.anid.cl/frontend.php/es/postulacion/descargar/hash/6b40828eee726e0de42a4f7a93dd9f7b
1170594;Regular;2017;Resumen;https://post.anid.cl/frontend.php/es/postulacion/descargar/hash/0117424ad1e7e4e3391404bc70476a27
1170598;Regular;2017;Resumen;https://post.anid.cl/frontend.php/es/postulacion/descargar/hash/03d42ae6d067406b67c41847acb8d4bc
1170601;Regular;2017;Resumen;https://post.anid.cl/frontend.php/es/postulacion/descargar/hash/c5ea8edef121adbd5a52395201e6cbf4
1170608;Regular;2017;Resumen;https://post.anid.cl/frontend.php/es/postulacion/descargar/hash/238d35b056f18f372e1732eae06d81ab
1170610;Regular;2017;Resumen;https://post.anid.cl/frontend.php/es/postulacion/descargar/hash/25afba4981e3be4f7bc3645ce276921d
1170613;Regular;2017;Resumen;https://post.anid.cl/frontend.php/es/postulacion/descargar/hash/a04b3dfcee8f64a75fdacc23fbc8f76b
1170614;Regular;2017;Resumen;https://post.anid.cl/frontend.php/es/postulacion/descargar/hash/77969061862ee30be913665e057c2495
1170618;Regular;2017;Resumen;https://post.anid.cl/frontend.php/es/postulacion/descargar/hash/789ba2a54f67946af3d61865e922b766
1170620;Regular;2017;Resumen;https://post.anid.cl/frontend.php/es/postulacion/descargar/hash/6a8a56288456f81eea06a48cce4ecdf9
1170623;Regular;2017;Resumen;https://post.anid.cl/frontend.php/es/postulacion/descargar/hash/13982040fa1770e6152f102faee99726
1170624;Regular;2017;Resumen;https://post.anid.cl/frontend.php/es/postulacion/descargar/hash/c922b607205c1fb1e334e0d5dc2c1349
1170625;Regular;2017;Resumen;https://post.anid.cl/frontend.php/es/postulacion/descargar/hash/d3c1f1d775eaccddaffe9b1bf662f240
1170628;Regular;2017;Resumen;https://post.anid.cl/frontend.php/es/postulacion/descargar/hash/aa537f0a15e8b2e920cd3fc2783dd870
1170642;Regular;2017;Resumen;https://post.anid.cl/frontend.php/es/postulacion/descargar/hash/c22952f0617da5e6caf0df36273af39c
1170643;Regular;2017;Resumen;https://post.anid.cl/frontend.php/es/postulacion/descargar/hash/ef974ec2d88ea639afad45ba3239d53d
1170648;Regular;2017;Resumen;https://post.anid.cl/frontend.php/es/postulacion/descargar/hash/b3a677a60bf29e14e3560f1dbede17c8
1170654;Regular;2017;Resumen;https://post.anid.cl/frontend.php/es/postulacion/descargar/hash/fc3fa2b7fec94cf03a64c8766d5cacf0
1170657;Regular;2017;Resumen;https://post.anid.cl/frontend.php/es/postulacion/descargar/hash/d7544c309704e35f656b62312e5e2541
1170661;Regular;2017;Resumen;https://post.anid.cl/frontend.php/es/postulacion/descargar/hash/c42f13b67b1997367342c8feb05af5b7
1170662;Regular;2017;Resumen;https://post.anid.cl/frontend.php/es/postulacion/descargar/hash/72e5debee9aa81b9867bbece5661eb8b
1170665;Regular;2017;Resumen;https://post.anid.cl/frontend.php/es/postulacion/descargar/hash/e9b693638d92f76b7646d07578d156d1
1170669;Regular;2017;Resumen;https://post.anid.cl/frontend.php/es/postulacion/descargar/hash/503e3bf67172010a6f2ba4301b7ae4e3
1170672;Regular;2017;Resumen;https://post.anid.cl/frontend.php/es/postulacion/descargar/hash/cc956d79931203d1bfa4e740c98b1fa3
1170675;Regular;2017;Resumen;https://post.anid.cl/frontend.php/es/postulacion/descargar/hash/271f625e1fef85995b749718c0e7353e
1170681;Regular;2017;Resumen;https://post.anid.cl/frontend.php/es/postulacion/descargar/hash/b2faeac3f965895c700edd5bd3100908
1170683;Regular;2017;Resumen;https://post.anid.cl/frontend.php/es/postulacion/descargar/hash/c7c6df693e3890785d21669acdff2296
1170686;Regular;2017;Resumen;https://post.anid.cl/frontend.php/es/postulacion/descargar/hash/55aad56a1ecad6efe2cfd662df403a0d
1170694;Regular;2017;Resumen;https://post.anid.cl/frontend.php/es/postulacion/descargar/hash/c9215b5216bd37a6b4665b23eee25e81
1170695;Regular;2017;Resumen;https://post.anid.cl/frontend.php/es/postulacion/descargar/hash/3174acd670cf23196399f94cd2157e17
1170701;Regular;2017;Resumen;https://post.anid.cl/frontend.php/es/postulacion/descargar/hash/3e3ebcbdbfb7f288e5d5246204f07199
1170705;Regular;2017;Resumen;https://post.anid.cl/frontend.php/es/postulacion/descargar/hash/a4291f9676c81e2b1d83572d2c3e8719
1170706;Regular;2017;Resumen;https://post.anid.cl/frontend.php/es/postulacion/descargar/hash/aedcbcec43585d7dbf67cd685612f789
1170712;Regular;2017;Resumen;https://post.anid.cl/frontend.php/es/postulacion/descargar/hash/876cf83ca1d644b317aa54cb29ec5d0e
1170714;Regular;2017;Resumen;https://post.anid.cl/frontend.php/es/postulacion/descargar/hash/ab51406d39b915856f10e24323259dc9
1170718;Regular;2017;Resumen;https://post.anid.cl/frontend.php/es/postulacion/descargar/hash/0946d5dddf43e584ba6d0de11641a332
1170723;Regular;2017;Resumen;https://post.anid.cl/frontend.php/es/postulacion/descargar/hash/4a0197765ebe5b017685912119914e71
1170725;Regular;2017;Resumen;https://post.anid.cl/frontend.php/es/postulacion/descargar/hash/f1e08836ee569998f7521abd0243a709
1170726;Regular;2017;Resumen;https://post.anid.cl/frontend.php/es/postulacion/descargar/hash/507e8a02934c5031d4b541beefbea213
1170728;Regular;2017;Resumen;https://post.anid.cl/frontend.php/es/postulacion/descargar/hash/68d376da6379717d596dfac5f8a53655
1170730;Regular;2017;Resumen;https://post.anid.cl/frontend.php/es/postulacion/descargar/hash/9b60d928b78820544e7fdc1cb3d8f53a
1170733;Regular;2017;Resumen;https://post.anid.cl/frontend.php/es/postulacion/descargar/hash/89cab0897de48026d3b937ab74f865ea
1170738;Regular;2017;Resumen;https://post.anid.cl/frontend.php/es/postulacion/descargar/hash/40d5ea4e3a52af2ef754be5a7d7c42aa
1170743;Regular;2017;Resumen;https://post.anid.cl/frontend.php/es/postulacion/descargar/hash/9504e5d201c5571c3fd416bfe180b85b
1170745;Regular;2017;Resumen;https://post.anid.cl/frontend.php/es/postulacion/descargar/hash/4be9d75e7b4b44b22139a6b5f59dae1c
1170753;Regular;2017;Resumen;https://post.anid.cl/frontend.php/es/postulacion/descargar/hash/a36067ca30b8b3a2d1e56b65e1f4ed9f
1170761;Regular;2017;Resumen;https://post.anid.cl/frontend.php/es/postulacion/descargar/hash/b0046e7d8920eb4624228382f80fa6a8
1170765;Regular;2017;Resumen;https://post.anid.cl/frontend.php/es/postulacion/descargar/hash/725d234d40ed35ac149ea952f04eb32c
1170767;Regular;2017;Resumen;https://post.anid.cl/frontend.php/es/postulacion/descargar/hash/9cac56a708be219ce82ec51b5b9ccb8a
1170779;Regular;2017;Resumen;https://post.anid.cl/frontend.php/es/postulacion/descargar/hash/28f28f439857789a1a75fec91f891c38
1170781;Regular;2017;Resumen;https://post.anid.cl/frontend.php/es/postulacion/descargar/hash/f7b578fe359a01d0c9211bb5ccbbd659
1170799;Regular;2017;Resumen;https://post.anid.cl/frontend.php/es/postulacion/descargar/hash/cda2d11768441665a306c3449b3dd7c1
1170803;Regular;2017;Resumen;https://post.anid.cl/frontend.php/es/postulacion/descargar/hash/a38cd0013e977deb5b68e6c2511813b7
1170804;Regular;2017;Resumen;https://post.anid.cl/frontend.php/es/postulacion/descargar/hash/e5389c0ac55f0270e5d4610c66a740f8
1170805;Regular;2017;Resumen;https://post.anid.cl/frontend.php/es/postulacion/descargar/hash/851d4e80f467645bb69cf8fe7f776dde
1170809;Regular;2017;Resumen;https://post.anid.cl/frontend.php/es/postulacion/descargar/hash/45d1737f25675c2fbaad314f4baaf46e
1170810;Regular;2017;Resumen;https://post.anid.cl/frontend.php/es/postulacion/descargar/hash/052cdeb6875b46702a3e85c860e667b9
1170815;Regular;2017;Resumen;https://post.anid.cl/frontend.php/es/postulacion/descargar/hash/4f3b39f11e496b49de258a946fe2e389
1170816;Regular;2017;Resumen;https://post.anid.cl/frontend.php/es/postulacion/descargar/hash/ea69243beb9062b5f4b8c8941d2f70b8
1170834;Regular;2017;Resumen;https://post.anid.cl/frontend.php/es/postulacion/descargar/hash/1d0438f6a63525b17f66eef98ff9c2b8
1170836;Regular;2017;Resumen;https://post.anid.cl/frontend.php/es/postulacion/descargar/hash/df32499bc7b82b48536aed3b92cae448
1170837;Regular;2017;Resumen;https://post.anid.cl/frontend.php/es/postulacion/descargar/hash/6dd48721ba541b7d8ddef13a57e9ba0b
1170841;Regular;2017;Resumen;https://post.anid.cl/frontend.php/es/postulacion/descargar/hash/06ca57e15daf55ada5caf8e5b708cc26
1170842;Regular;2017;Resumen;https://post.anid.cl/frontend.php/es/postulacion/descargar/hash/7c94974e25ad60bb1571d042b00b4c0c
1170843;Regular;2017;Resumen;https://post.anid.cl/frontend.php/es/postulacion/descargar/hash/4d9dc41eac194dec923a3804975fb5bc
1170850;Regular;2017;Resumen;https://post.anid.cl/frontend.php/es/postulacion/descargar/hash/50fb9c2183832ece00db37305056c996
1170852;Regular;2017;Resumen;https://post.anid.cl/frontend.php/es/postulacion/descargar/hash/5b760269cbd67e16b90d96a7f2897d85
1170853;Regular;2017;Resumen;https://post.anid.cl/frontend.php/es/postulacion/descargar/hash/e8e5db47c17ad5f8e1b791844d61e3c8
1170854;Regular;2017;Resumen;https://post.anid.cl/frontend.php/es/postulacion/descargar/hash/7dbf6b34f6320af478691d3dcbf226b5
1170855;Regular;2017;Resumen;https://post.anid.cl/frontend.php/es/postulacion/descargar/hash/656caa913f67e230835cdd46252122d8
1170859;Regular;2017;Resumen;https://post.anid.cl/frontend.php/es/postulacion/descargar/hash/21e50125d9766bd63e0a6bff5b80baea
1170866;Regular;2017;Resumen;https://post.anid.cl/frontend.php/es/postulacion/descargar/hash/ee481c1e3b3b67cc328de49f68cb4641
1170869;Regular;2017;Resumen;https://post.anid.cl/frontend.php/es/postulacion/descargar/hash/687e4b7196f10e50744692aec4eb8e3e
1170871;Regular;2017;Resumen;https://post.anid.cl/frontend.php/es/postulacion/descargar/hash/4982112056978ff934b0b630af607128
1170872;Regular;2017;Resumen;https://post.anid.cl/frontend.php/es/postulacion/descargar/hash/6b306075ad5463b0eb5638fc1f7300c1
1170874;Regular;2017;Resumen;https://post.anid.cl/frontend.php/es/postulacion/descargar/hash/b141f4e843b6f1781a9b56c38ddfb35e
1170878;Regular;2017;Resumen;https://post.anid.cl/frontend.php/es/postulacion/descargar/hash/be3d6ef70c7bcb1609be936f0fdbff68
1170881;Regular;2017;Resumen;https://post.anid.cl/frontend.php/es/postulacion/descargar/hash/8b8ed8e92b85bd1c37428b5f45092cf3
1170887;Regular;2017;Resumen;https://post.anid.cl/frontend.php/es/postulacion/descargar/hash/f2970bef876937381ec5fd391baaa411
1170893;Regular;2017;Resumen;https://post.anid.cl/frontend.php/es/postulacion/descargar/hash/425c36159c7d5fb15033059cb97c2786
1170894;Regular;2017;Resumen;https://post.anid.cl/frontend.php/es/postulacion/descargar/hash/d6c147b9dbdc7806fe95de8ffb206988
1170895;Regular;2017;Resumen;https://post.anid.cl/frontend.php/es/postulacion/descargar/hash/ae1929038aba2d2c980e04e7c239d1a8
1170896;Regular;2017;Resumen;https://post.anid.cl/frontend.php/es/postulacion/descargar/hash/02071f2cf85fa6a613983eb9da91f289
1170903;Regular;2017;Resumen;https://post.anid.cl/frontend.php/es/postulacion/descargar/hash/24d8589075ec8eaba9705aefa42e6451
1170905;Regular;2017;Resumen;https://post.anid.cl/frontend.php/es/postulacion/descargar/hash/bef45fd1579ce9dbd471dffc3e89f771
1170907;Regular;2017;Resumen;https://post.anid.cl/frontend.php/es/postulacion/descargar/hash/179783177f53ff74cb277a9c77be0c33
1170913;Regular;2017;Resumen;https://post.anid.cl/frontend.php/es/postulacion/descargar/hash/553c9bbe006c9046872c42ab361c5b84
1170915;Regular;2017;Resumen;https://post.anid.cl/frontend.php/es/postulacion/descargar/hash/cae03f2b207cc6a9f3d7e208265d852b
1170917;Regular;2017;Resumen;https://post.anid.cl/frontend.php/es/postulacion/descargar/hash/fc0d7c6ce24b25e001773138c80dcade
1170919;Regular;2017;Resumen;https://post.anid.cl/frontend.php/es/postulacion/descargar/hash/7ec3f89d35236302ed3f172d8bb6a578
1170921;Regular;2017;Resumen;https://post.anid.cl/frontend.php/es/postulacion/descargar/hash/1be62fad5008cd5f6798e43f30a75cc9
1170924;Regular;2017;Resumen;https://post.anid.cl/frontend.php/es/postulacion/descargar/hash/bea54abff6f7250eff7c24b2125c7dde
1170925;Regular;2017;Resumen;https://post.anid.cl/frontend.php/es/postulacion/descargar/hash/ea448bf5fbb42dea87d887b6b1e83a12
1170926;Regular;2017;Resumen;https://post.anid.cl/frontend.php/es/postulacion/descargar/hash/373e5b05ec6cee426329baecfa5f79a3
1170929;Regular;2017;Resumen;https://post.anid.cl/frontend.php/es/postulacion/descargar/hash/106de107b6278ec32de629863a6c3503
1170931;Regular;2017;Resumen;https://post.anid.cl/frontend.php/es/postulacion/descargar/hash/dec2ac463dcbb242bd35bf0c257186ce
1170940;Regular;2017;Resumen;https://post.anid.cl/frontend.php/es/postulacion/descargar/hash/fcab2fb7e10a9079d181b488e1450733
1170943;Regular;2017;Resumen;https://post.anid.cl/frontend.php/es/postulacion/descargar/hash/7564cebd84f8581eda803c6806bdcbec
1170944;Regular;2017;Resumen;https://post.anid.cl/frontend.php/es/postulacion/descargar/hash/faf39d9c93417e92c1aaaa137408876f
1170947;Regular;2017;Resumen;https://post.anid.cl/frontend.php/es/postulacion/descargar/hash/d1142e196523995a64cbb2efd059a195
1170948;Regular;2017;Resumen;https://post.anid.cl/frontend.php/es/postulacion/descargar/hash/237a7709b5c57e53a4f8af04b01777fb
1170949;Regular;2017;Resumen;https://post.anid.cl/frontend.php/es/postulacion/descargar/hash/de061bc41e5fd849c57738ae32b06ab2
1170950;Regular;2017;Resumen;https://post.anid.cl/frontend.php/es/postulacion/descargar/hash/cbfda5019918589e2e037b320048ae43
1170956;Regular;2017;Resumen;https://post.anid.cl/frontend.php/es/postulacion/descargar/hash/9da4a83e59fcffd47855302a6c593198
1170960;Regular;2017;Resumen;https://post.anid.cl/frontend.php/es/postulacion/descargar/hash/e5a558bb3e67cd2c69e68ba66fb7cdea
1170963;Regular;2017;Resumen;https://post.anid.cl/frontend.php/es/postulacion/descargar/hash/5e3c5ed18710bfac66ddd94c294c8082
1170964;Regular;2017;Resumen;https://post.anid.cl/frontend.php/es/postulacion/descargar/hash/f59de9a6219154067a7c1ab9df749add
1170968;Regular;2017;Resumen;https://post.anid.cl/frontend.php/es/postulacion/descargar/hash/16e66bd0af529bca210670e02fbdc4b5
1170972;Regular;2017;Resumen;https://post.anid.cl/frontend.php/es/postulacion/descargar/hash/2743d2d3afa4583b39b20add52a0784b
1170975;Regular;2017;Resumen;https://post.anid.cl/frontend.php/es/postulacion/descargar/hash/dead7e831c98e40fc8398759c2814e41
1170976;Regular;2017;Resumen;https://post.anid.cl/frontend.php/es/postulacion/descargar/hash/1f2d082fc72600a521e7b55007497e46
1170983;Regular;2017;Resumen;https://post.anid.cl/frontend.php/es/postulacion/descargar/hash/7f7458f7a923f973f1e2d1b95b91fc35
1170991;Regular;2017;Resumen;https://post.anid.cl/frontend.php/es/postulacion/descargar/hash/34c367bcd755301264b29e1066de64ac
1170992;Regular;2017;Resumen;https://post.anid.cl/frontend.php/es/postulacion/descargar/hash/82464f961e17f5c7ac642683f5740dae
1170993;Regular;2017;Resumen;https://post.anid.cl/frontend.php/es/postulacion/descargar/hash/0bd2874bb6e8e5bf2e1d37f4b68dc4f3
1170995;Regular;2017;Resumen;https://post.anid.cl/frontend.php/es/postulacion/descargar/hash/d9872bd3d473618956490b000d75dc71
1171004;Regular;2017;Resumen;https://post.anid.cl/frontend.php/es/postulacion/descargar/hash/cd0c4ff1e191c9fcfec4d74a7f9d38ec
1171005;Regular;2017;Resumen;https://post.anid.cl/frontend.php/es/postulacion/descargar/hash/55b02f86d96b9571f0c12ad7839325ad
1171006;Regular;2017;Resumen;https://post.anid.cl/frontend.php/es/postulacion/descargar/hash/bdb5bc4aa00fd617992f0c8bd778c9aa
1171013;Regular;2017;Resumen;https://post.anid.cl/frontend.php/es/postulacion/descargar/hash/309335a70aec81783f5b5bb254e7507c
1171014;Regular;2017;Resumen;https://post.anid.cl/frontend.php/es/postulacion/descargar/hash/d56192d097a37047c03a87f02c910e0e
1171016;Regular;2017;Resumen;https://post.anid.cl/frontend.php/es/postulacion/descargar/hash/b42d56d9e85d0e7d9682d3514b580bc2
1171017;Regular;2017;Resumen;https://post.anid.cl/frontend.php/es/postulacion/descargar/hash/43d57bc1b49e4a481d21b6c61c0c82b1
1171025;Regular;2017;Resumen;https://post.anid.cl/frontend.php/es/postulacion/descargar/hash/983290187c3eede045c47e9f2a211bb1
1171031;Regular;2017;Resumen;https://post.anid.cl/frontend.php/es/postulacion/descargar/hash/3ff7c8395081191b8ce74c30debeb5eb
1171032;Regular;2017;Resumen;https://post.anid.cl/frontend.php/es/postulacion/descargar/hash/6607a982efcf4e6585fd042f461db458
1171033;Regular;2017;Resumen;https://post.anid.cl/frontend.php/es/postulacion/descargar/hash/afd5f061ba4135742c897bb30ffa6b6f
1171035;Regular;2017;Resumen;https://post.anid.cl/frontend.php/es/postulacion/descargar/hash/6ba8b5caec003f3cf6be8fb24fc85500
1171037;Regular;2017;Resumen;https://post.anid.cl/frontend.php/es/postulacion/descargar/hash/a76373642f6073d64af3a476922ead78
1171039;Regular;2017;Resumen;https://post.anid.cl/frontend.php/es/postulacion/descargar/hash/4e83f35ead8b7ae80fc9a7dffa20897e
1171042;Regular;2017;Resumen;https://post.anid.cl/frontend.php/es/postulacion/descargar/hash/f2463f721d33bdd14aed98c865c9068e
1171047;Regular;2017;Resumen;https://post.anid.cl/frontend.php/es/postulacion/descargar/hash/a92d096ab8ccdf23c6fec6f9aa1da128
1171049;Regular;2017;Resumen;https://post.anid.cl/frontend.php/es/postulacion/descargar/hash/db747e7d867835933c516d9fecfc78ae
1171051;Regular;2017;Resumen;https://post.anid.cl/frontend.php/es/postulacion/descargar/hash/64c5511a385f3b1f437f88ce6680bd8d
1171056;Regular;2017;Resumen;https://post.anid.cl/frontend.php/es/postulacion/descargar/hash/e0f1e15c859f558ad508d85c04a80726
1171058;Regular;2017;Resumen;https://post.anid.cl/frontend.php/es/postulacion/descargar/hash/84766dce267f39893f997b284f90cf45
1171059;Regular;2017;Resumen;https://post.anid.cl/frontend.php/es/postulacion/descargar/hash/aa265e563fcc624c8ccac456ec4fca61
1171062;Regular;2017;Resumen;https://post.anid.cl/frontend.php/es/postulacion/descargar/hash/70d528a6743a0c57572b86ed09233ea1
1171064;Regular;2017;Resumen;https://post.anid.cl/frontend.php/es/postulacion/descargar/hash/bd99fe28f18edd58f6cb562d1072c729
1171065;Regular;2017;Resumen;https://post.anid.cl/frontend.php/es/postulacion/descargar/hash/fa1184fcd7531644ad831c4806396d47
1171066;Regular;2017;Resumen;https://post.anid.cl/frontend.php/es/postulacion/descargar/hash/79df208892396eb6ae851f5df7c3ac38
1171070;Regular;2017;Resumen;https://post.anid.cl/frontend.php/es/postulacion/descargar/hash/4f12384df1374750f4ec742c6833b3cc
1171071;Regular;2017;Resumen;https://post.anid.cl/frontend.php/es/postulacion/descargar/hash/c75992cdbf007acacd756e399d64eaff
1171072;Regular;2017;Resumen;https://post.anid.cl/frontend.php/es/postulacion/descargar/hash/b8d96a1cf2adb600c99b997b13a32e55
1171075;Regular;2017;Resumen;https://post.anid.cl/frontend.php/es/postulacion/descargar/hash/5e51e0431478eb71bd371bbe16c8f4b5
1171076;Regular;2017;Resumen;https://post.anid.cl/frontend.php/es/postulacion/descargar/hash/e081dd035422b444e260d122ae323831
1171082;Regular;2017;Resumen;https://post.anid.cl/frontend.php/es/postulacion/descargar/hash/df63f7fad32b7b4dc876d2651c530eb5
1171085;Regular;2017;Resumen;https://post.anid.cl/frontend.php/es/postulacion/descargar/hash/aeae988af8b5db836a9b8d9a16181748
1171088;Regular;2017;Resumen;https://post.anid.cl/frontend.php/es/postulacion/descargar/hash/b07611f6ed3e86464305a3a65db1d74e
1171100;Regular;2017;Resumen;https://post.anid.cl/frontend.php/es/postulacion/descargar/hash/2902ff3cca2ec85223b4a74e22b782ae
1171105;Regular;2017;Resumen;https://post.anid.cl/frontend.php/es/postulacion/descargar/hash/7ab0781387b756b28ca32e6ac820362b
1171108;Regular;2017;Resumen;https://post.anid.cl/frontend.php/es/postulacion/descargar/hash/bf9623d0e81596e32faeba52c130f99e
1171110;Regular;2017;Resumen;https://post.anid.cl/frontend.php/es/postulacion/descargar/hash/eca4cb5f165b4712bdd00114d683329a
1171113;Regular;2017;Resumen;https://post.anid.cl/frontend.php/es/postulacion/descargar/hash/db9bab45d4f1edde67c75f451f7a2dc6
1171118;Regular;2017;Resumen;https://post.anid.cl/frontend.php/es/postulacion/descargar/hash/b67b78ff5d95600d77f5750a411782af
1171122;Regular;2017;Resumen;https://post.anid.cl/frontend.php/es/postulacion/descargar/hash/ce14ba61989c4f666815862ab7e22afb
1171124;Regular;2017;Resumen;https://post.anid.cl/frontend.php/es/postulacion/descargar/hash/8b82067a3adce205dc7dc6418734a64b
1171127;Regular;2017;Resumen;https://post.anid.cl/frontend.php/es/postulacion/descargar/hash/040e69f68b248a2ff2475c4097ebac3f
1171128;Regular;2017;Resumen;https://post.anid.cl/frontend.php/es/postulacion/descargar/hash/39d0d04e88d2163b7c83f7af61c3a32d
1171129;Regular;2017;Resumen;https://post.anid.cl/frontend.php/es/postulacion/descargar/hash/8e43b398b5034d9ede6acb90c3c58c92
1171133;Regular;2017;Resumen;https://post.anid.cl/frontend.php/es/postulacion/descargar/hash/cb43c95caa78ac18cdc5ae48bed9bcc4
1171135;Regular;2017;Resumen;https://post.anid.cl/frontend.php/es/postulacion/descargar/hash/488ec8e2b2fe3d0c9a55244f7520cf88
1171136;Regular;2017;Resumen;https://post.anid.cl/frontend.php/es/postulacion/descargar/hash/74e86ee00cfa25d94b7cad938d414d6d
1171137;Regular;2017;Resumen;https://post.anid.cl/frontend.php/es/postulacion/descargar/hash/2119ef808cf972a84ee9e1674f7523e0
1171142;Regular;2017;Resumen;https://post.anid.cl/frontend.php/es/postulacion/descargar/hash/622eed9b22e609522b6934e4867cc962
1171144;Regular;2017;Resumen;https://post.anid.cl/frontend.php/es/postulacion/descargar/hash/003f9b7467da21f39ecd6202b1e5906e
1171145;Regular;2017;Resumen;https://post.anid.cl/frontend.php/es/postulacion/descargar/hash/2c4ed1982d277eecd8e0e7053ff54047
1171146;Regular;2017;Resumen;https://post.anid.cl/frontend.php/es/postulacion/descargar/hash/425ee9682616c664bc57770fc20f923f
1171151;Regular;2017;Resumen;https://post.anid.cl/frontend.php/es/postulacion/descargar/hash/7f600836f9845906abbb8d895e7b5195
1171154;Regular;2017;Resumen;https://post.anid.cl/frontend.php/es/postulacion/descargar/hash/8720f4d49f04d570c29c05cf806c6965
1171155;Regular;2017;Resumen;https://post.anid.cl/frontend.php/es/postulacion/descargar/hash/005bc60a4dd75795b5b4ca3c86cf916a
1171162;Regular;2017;Resumen;https://post.anid.cl/frontend.php/es/postulacion/descargar/hash/8b3c95aeb286cd03563167db86220daa
1171171;Regular;2017;Resumen;https://post.anid.cl/frontend.php/es/postulacion/descargar/hash/2cbd28a130817f6d4a1d4dc184fd893b
1171184;Regular;2017;Resumen;https://post.anid.cl/frontend.php/es/postulacion/descargar/hash/eb3e1bc97e2ed73f8556b7fa4a2f7421
1171189;Regular;2017;Resumen;https://post.anid.cl/frontend.php/es/postulacion/descargar/hash/177df04ff44c77c936f86acdf040121c
1171193;Regular;2017;Resumen;https://post.anid.cl/frontend.php/es/postulacion/descargar/hash/f8bf66a010c6dbcc9c979b28f4297765
1171198;Regular;2017;Resumen;https://post.anid.cl/frontend.php/es/postulacion/descargar/hash/ffeb2b4448b17b518f9529864b8ae69a
1171199;Regular;2017;Resumen;https://post.anid.cl/frontend.php/es/postulacion/descargar/hash/f9c155e941fd29c7c1b2c029e47e1ff6
1171200;Regular;2017;Resumen;https://post.anid.cl/frontend.php/es/postulacion/descargar/hash/8b030e6aadad5f3f637ce86320e09bac
1171208;Regular;2017;Resumen;https://post.anid.cl/frontend.php/es/postulacion/descargar/hash/5ee33c439f47e7b4030e1884d8f39dc7
1171209;Regular;2017;Resumen;https://post.anid.cl/frontend.php/es/postulacion/descargar/hash/1ae74ac44f2886be02bbfe3ef38adefc
1171213;Regular;2017;Resumen;https://post.anid.cl/frontend.php/es/postulacion/descargar/hash/7c610fdce109c9d38d21bec9cd0b40dd
1171227;Regular;2017;Resumen;https://post.anid.cl/frontend.php/es/postulacion/descargar/hash/302339aefe7c8a949e4bbec4d01eb991
1171228;Regular;2017;Resumen;https://post.anid.cl/frontend.php/es/postulacion/descargar/hash/796eaf39e961536d3e991b75ffdfdf01
1171230;Regular;2017;Resumen;https://post.anid.cl/frontend.php/es/postulacion/descargar/hash/2f964e27c2c3c95a41449b1203b89a33
1171232;Regular;2017;Resumen;https://post.anid.cl/frontend.php/es/postulacion/descargar/hash/2835c12b5d232e25f86e4f7b9f82999b
1171239;Regular;2017;Resumen;https://post.anid.cl/frontend.php/es/postulacion/descargar/hash/293b30a5f80f733a9bfe94c7febe0f81
1171240;Regular;2017;Resumen;https://post.anid.cl/frontend.php/es/postulacion/descargar/hash/585be02079c322e80b260a56ef009411
1171243;Regular;2017;Resumen;https://post.anid.cl/frontend.php/es/postulacion/descargar/hash/ecb96a6bc026683feda0882218227e3d
1171244;Regular;2017;Resumen;https://post.anid.cl/frontend.php/es/postulacion/descargar/hash/cc3595d83cc9b2d2ca004bc393d1c169
1171246;Regular;2017;Resumen;https://post.anid.cl/frontend.php/es/postulacion/descargar/hash/2581f7cc1853e9b388a3232984cba41c
1171250;Regular;2017;Resumen;https://post.anid.cl/frontend.php/es/postulacion/descargar/hash/0185b2a6a79bd03f3bbb6a0b517c4f89
1171251;Regular;2017;Resumen;https://post.anid.cl/frontend.php/es/postulacion/descargar/hash/75400c63bb8aaf4e94fd9fc87a5afba8
1171257;Regular;2017;Resumen;https://post.anid.cl/frontend.php/es/postulacion/descargar/hash/075a2626f8815778ae13a321f9206d81
1171259;Regular;2017;Resumen;https://post.anid.cl/frontend.php/es/postulacion/descargar/hash/866b1ad50802d98b6175c71a2e203795
1171273;Regular;2017;Resumen;https://post.anid.cl/frontend.php/es/postulacion/descargar/hash/103dd7a02faf137280bb0b175ba2ef87
1171276;Regular;2017;Resumen;https://post.anid.cl/frontend.php/es/postulacion/descargar/hash/eead96694f3fd09048ef11effb1a0b7c
1171280;Regular;2017;Resumen;https://post.anid.cl/frontend.php/es/postulacion/descargar/hash/39b2733aa0826d124e96f6c51ef0f9bf
1171281;Regular;2017;Resumen;https://post.anid.cl/frontend.php/es/postulacion/descargar/hash/ee69af4fc146341eed22dc63fa17a865
1171286;Regular;2017;Resumen;https://post.anid.cl/frontend.php/es/postulacion/descargar/hash/164481a13442089009d5e2951b119afa
1171287;Regular;2017;Resumen;https://post.anid.cl/frontend.php/es/postulacion/descargar/hash/c1bf7247c5b254b64027ae71a13cb763
1171305;Regular;2017;Resumen;https://post.anid.cl/frontend.php/es/postulacion/descargar/hash/84e004dd02e36a6099c242f07a12aed8
1171307;Regular;2017;Resumen;https://post.anid.cl/frontend.php/es/postulacion/descargar/hash/e69ea96b4fd11d1d84a1cc27de43899f
1171308;Regular;2017;Resumen;https://post.anid.cl/frontend.php/es/postulacion/descargar/hash/963f7cadcec07b8f1c814f2f22b5943b
1171309;Regular;2017;Resumen;https://post.anid.cl/frontend.php/es/postulacion/descargar/hash/a64ad9e67325804f27e7270eddf84c5e
1171313;Regular;2017;Resumen;https://post.anid.cl/frontend.php/es/postulacion/descargar/hash/10709f7a482a6efe739ff2159338d1b0
1171318;Regular;2017;Resumen;https://post.anid.cl/frontend.php/es/postulacion/descargar/hash/59752826654e5d35fb94b26222bf06b8
1171320;Regular;2017;Resumen;https://post.anid.cl/frontend.php/es/postulacion/descargar/hash/baf6892bd3408443dabdcb6d2eb8d214
1171324;Regular;2017;Resumen;https://post.anid.cl/frontend.php/es/postulacion/descargar/hash/0773b69db1bbc85221b18b377e0275f2
1171329;Regular;2017;Resumen;https://post.anid.cl/frontend.php/es/postulacion/descargar/hash/35453583e01a81d10fa3ea8b4f83f1f5
1171335;Regular;2017;Resumen;https://post.anid.cl/frontend.php/es/postulacion/descargar/hash/c2f082711b0532a0cdffcdaaa792a7c9
1171337;Regular;2017;Resumen;https://post.anid.cl/frontend.php/es/postulacion/descargar/hash/b9263fb9b1436a57f6bd2e515512cfe6
1171340;Regular;2017;Resumen;https://post.anid.cl/frontend.php/es/postulacion/descargar/hash/1dc36f208d555168a4e14d5d23a0018f
1171341;Regular;2017;Resumen;https://post.anid.cl/frontend.php/es/postulacion/descargar/hash/b6c18a3099661e7c6e66520633e942de
1171346;Regular;2017;Resumen;https://post.anid.cl/frontend.php/es/postulacion/descargar/hash/9adb3f30d5ea1966b1de61168970ebd9
1171357;Regular;2017;Resumen;https://post.anid.cl/frontend.php/es/postulacion/descargar/hash/ecbf3d70deec562e49203d19123f8ccd
1171364;Regular;2017;Resumen;https://post.anid.cl/frontend.php/es/postulacion/descargar/hash/f8286309bf07ea21ed5d2302e119b8bc
1171369;Regular;2017;Resumen;https://post.anid.cl/frontend.php/es/postulacion/descargar/hash/d564d61880af03198e9a80fd7b98e331
1171378;Regular;2017;Resumen;https://post.anid.cl/frontend.php/es/postulacion/descargar/hash/1b2e33f7d851e920868f94e42f4e1e9d
1171379;Regular;2017;Resumen;https://post.anid.cl/frontend.php/es/postulacion/descargar/hash/98ad96ff66ca2f0207b0b03b067a0f1d
1171384;Regular;2017;Resumen;https://post.anid.cl/frontend.php/es/postulacion/descargar/hash/8f3c5aa8988b738cfc9a1d238c293dd8
1171391;Regular;2017;Resumen;https://post.anid.cl/frontend.php/es/postulacion/descargar/hash/8b1915f5e652cfe181de2e8ecebaf664
1171393;Regular;2017;Resumen;https://post.anid.cl/frontend.php/es/postulacion/descargar/hash/005752e8b89b72a275c8bf425a95c3cf
1171397;Regular;2017;Resumen;https://post.anid.cl/frontend.php/es/postulacion/descargar/hash/e3e7fa0fa6406e8dc894548c1ac45e36
1171400;Regular;2017;Resumen;https://post.anid.cl/frontend.php/es/postulacion/descargar/hash/31a0579f52a6e386fea66c769181cb84
1171406;Regular;2017;Resumen;https://post.anid.cl/frontend.php/es/postulacion/descargar/hash/60940afa8d2eb1e9092faa7faaaa3b88
1171408;Regular;2017;Resumen;https://post.anid.cl/frontend.php/es/postulacion/descargar/hash/01ef00d3f4e04e0a70547759ed52b8a1
1171412;Regular;2017;Resumen;https://post.anid.cl/frontend.php/es/postulacion/descargar/hash/10d50d62447d76773119c9ce9245d78a
1171416;Regular;2017;Resumen;https://post.anid.cl/frontend.php/es/postulacion/descargar/hash/88d3132c0a1637fa3c575bea16715a08
1171417;Regular;2017;Resumen;https://post.anid.cl/frontend.php/es/postulacion/descargar/hash/a50992e20f539a7d3b6abeb1b268fef2
1171419;Regular;2017;Resumen;https://post.anid.cl/frontend.php/es/postulacion/descargar/hash/f1549ef0193f39d3e99fc5368ed7ef55
1171421;Regular;2017;Resumen;https://post.anid.cl/frontend.php/es/postulacion/descargar/hash/d0ea49593549103392f11a4a3cc82945
1171426;Regular;2017;Resumen;https://post.anid.cl/frontend.php/es/postulacion/descargar/hash/9d0a6438dbd9f0178b71208d0385803a
1171427;Regular;2017;Resumen;https://post.anid.cl/frontend.php/es/postulacion/descargar/hash/d767d32994acecb9efdd9b3d9b2b479b
1171431;Regular;2017;Resumen;https://post.anid.cl/frontend.php/es/postulacion/descargar/hash/37ad31d6bc830ab7f85facdde32ab14a
1171434;Regular;2017;Resumen;https://post.anid.cl/frontend.php/es/postulacion/descargar/hash/bda4d2a5340810e2eb5237aba0835a08
1171442;Regular;2017;Resumen;https://post.anid.cl/frontend.php/es/postulacion/descargar/hash/91ca610062ee196d6246aeeee2972dc3
1171445;Regular;2017;Resumen;https://post.anid.cl/frontend.php/es/postulacion/descargar/hash/e347f7f1f51195dd1803f4bfcabd2e67
1171448;Regular;2017;Resumen;https://post.anid.cl/frontend.php/es/postulacion/descargar/hash/fa4089d5e6d657f5e493b7c0b56db8de
1171449;Regular;2017;Resumen;https://post.anid.cl/frontend.php/es/postulacion/descargar/hash/0eceb8d8878f084834d4ae5fee441b93
1171463;Regular;2017;Resumen;https://post.anid.cl/frontend.php/es/postulacion/descargar/hash/d30665493615de2c553c1203d8b1b4b8
1171464;Regular;2017;Resumen;https://post.anid.cl/frontend.php/es/postulacion/descargar/hash/c6d5d5ae9af17ebb590a878f6c5b084a
1171466;Regular;2017;Resumen;https://post.anid.cl/frontend.php/es/postulacion/descargar/hash/941dab0e8d12dfb6d5b3709220e0e39a
1171467;Regular;2017;Resumen;https://post.anid.cl/frontend.php/es/postulacion/descargar/hash/3b13e3e4728dfc014339f2e9fa7ec80c
1171471;Regular;2017;Resumen;https://post.anid.cl/frontend.php/es/postulacion/descargar/hash/0387f689c782ecfd6a8a6bf2b37c9f81
1171475;Regular;2017;Resumen;https://post.anid.cl/frontend.php/es/postulacion/descargar/hash/ed965de9e92f3c69210bafac2e6b051f
1171477;Regular;2017;Resumen;https://post.anid.cl/frontend.php/es/postulacion/descargar/hash/3f56839b914a3782ac972c8795ab2d57
1171481;Regular;2017;Resumen;https://post.anid.cl/frontend.php/es/postulacion/descargar/hash/3d7343d0e85876c70476515c370bc720
1171484;Regular;2017;Resumen;https://post.anid.cl/frontend.php/es/postulacion/descargar/hash/a4c8642831ea6e3c3149bc264e0da7bd
1171485;Regular;2017;Resumen;https://post.anid.cl/frontend.php/es/postulacion/descargar/hash/6113d062632d63dad38849fb0d61773f
1171491;Regular;2017;Resumen;https://post.anid.cl/frontend.php/es/postulacion/descargar/hash/df80925b5cbff15a3518445080e8ce7b
1171496;Regular;2017;Resumen;https://post.anid.cl/frontend.php/es/postulacion/descargar/hash/124030a65f28d0b33e372d14c28583a0
1171497;Regular;2017;Resumen;https://post.anid.cl/frontend.php/es/postulacion/descargar/hash/9d50b6d017246fcdfd19fe24dedd8e12
1171498;Regular;2017;Resumen;https://post.anid.cl/frontend.php/es/postulacion/descargar/hash/9d26c5dbb45c9c2a5b8735543be268cd
1171499;Regular;2017;Resumen;https://post.anid.cl/frontend.php/es/postulacion/descargar/hash/d7622f07061316b7389346f9b4f3b538
1171501;Regular;2017;Resumen;https://post.anid.cl/frontend.php/es/postulacion/descargar/hash/3f5fb9a39bec4105b275ce3f217b6615
1171506;Regular;2017;Resumen;https://post.anid.cl/frontend.php/es/postulacion/descargar/hash/cbd8d5ae889353efe293014a55f0e217
1171508;Regular;2017;Resumen;https://post.anid.cl/frontend.php/es/postulacion/descargar/hash/1bbe1450c2180d6c1876dd6a9293cfb5
1171517;Regular;2017;Resumen;https://post.anid.cl/frontend.php/es/postulacion/descargar/hash/d29d3ab1976ea519afec0f356b3b5673
1171520;Regular;2017;Resumen;https://post.anid.cl/frontend.php/es/postulacion/descargar/hash/441f48783948d686eacb4f5bc149e778
1171530;Regular;2017;Resumen;https://post.anid.cl/frontend.php/es/postulacion/descargar/hash/e21d104b91a1099a926a5eb9688da16f
1171532;Regular;2017;Resumen;https://post.anid.cl/frontend.php/es/postulacion/descargar/hash/ab95955311b5fc8915b4595a969eff4d
1171550;Regular;2017;Resumen;https://post.anid.cl/frontend.php/es/postulacion/descargar/hash/5a97dc3fe4f359f62bf56e49b5bbc1d9
1171553;Regular;2017;Resumen;https://post.anid.cl/frontend.php/es/postulacion/descargar/hash/422a14f97ac3984a4b6fd929022fcda8
1171554;Regular;2017;Resumen;https://post.anid.cl/frontend.php/es/postulacion/descargar/hash/de75a9ad1f5ae3513c0d15c703e711ea
1171555;Regular;2017;Resumen;https://post.anid.cl/frontend.php/es/postulacion/descargar/hash/71dcfafcf065db0312c9e6363843b6ca
1171560;Regular;2017;Resumen;https://post.anid.cl/frontend.php/es/postulacion/descargar/hash/fd1bb0f9b7685af810b9777bc0c083df
1171568;Regular;2017;Resumen;https://post.anid.cl/frontend.php/es/postulacion/descargar/hash/88f97a341cd1d0df739dd685015ee045
1171570;Regular;2017;Resumen;https://post.anid.cl/frontend.php/es/postulacion/descargar/hash/6e7c4605792e7fa781e1c421c18babac
1171575;Regular;2017;Resumen;https://post.anid.cl/frontend.php/es/postulacion/descargar/hash/ab278e9761bffd08527f4ba4715b0978
1171583;Regular;2017;Resumen;https://post.anid.cl/frontend.php/es/postulacion/descargar/hash/3916bd214c9a22019acb157fb441f1a5
1171584;Regular;2017;Resumen;https://post.anid.cl/frontend.php/es/postulacion/descargar/hash/7686c3b77780a29ef2e86d3d7e3dc387
1171586;Regular;2017;Resumen;https://post.anid.cl/frontend.php/es/postulacion/descargar/hash/68158c0e1bad2bca31d1abaee193a7e3
1171595;Regular;2017;Resumen;https://post.anid.cl/frontend.php/es/postulacion/descargar/hash/8ce4da70ee7834dfd6c0d94406908b35
1171600;Regular;2017;Resumen;https://post.anid.cl/frontend.php/es/postulacion/descargar/hash/287f1f74817ccd2e159b8cd5576d775a
1171603;Regular;2017;Resumen;https://post.anid.cl/frontend.php/es/postulacion/descargar/hash/98101427041c3b9027b3af60403416be
1171611;Regular;2017;Resumen;https://post.anid.cl/frontend.php/es/postulacion/descargar/hash/9e8b3a46761c80cc0c6584a84b2d75f5
1171615;Regular;2017;Resumen;https://post.anid.cl/frontend.php/es/postulacion/descargar/hash/479010814edb0aa558c0db29689f9c34
1171618;Regular;2017;Resumen;https://post.anid.cl/frontend.php/es/postulacion/descargar/hash/ce3b8382c960c27921f8ec300ddd2b1e
1171624;Regular;2017;Resumen;https://post.anid.cl/frontend.php/es/postulacion/descargar/hash/59e65059432a12025e308b8b2c5d32d1
1171631;Regular;2017;Resumen;https://post.anid.cl/frontend.php/es/postulacion/descargar/hash/62b8c126cf92b08f27fd79818fefe938
1171634;Regular;2017;Resumen;https://post.anid.cl/frontend.php/es/postulacion/descargar/hash/468e5f1c788d97bcc015f251c01b28df
1171637;Regular;2017;Resumen;https://post.anid.cl/frontend.php/es/postulacion/descargar/hash/dacc6027f920c747154dcd9f193c16e8
1171640;Regular;2017;Resumen;https://post.anid.cl/frontend.php/es/postulacion/descargar/hash/36adb9e2f6d489e4ecaa18fbbae8d287
1171643;Regular;2017;Resumen;https://post.anid.cl/frontend.php/es/postulacion/descargar/hash/33da2458a8a81f13df94ba6158cd8a9b
1171645;Regular;2017;Resumen;https://post.anid.cl/frontend.php/es/postulacion/descargar/hash/32b72bdce09b89260e13eb152932b0ec
1171649;Regular;2017;Resumen;https://post.anid.cl/frontend.php/es/postulacion/descargar/hash/16ddc6e2fe356e1cdf741d71bda729c6
1171654;Regular;2017;Resumen;https://post.anid.cl/frontend.php/es/postulacion/descargar/hash/913967ac6120ef307b2154ad523626f3
1171655;Regular;2017;Resumen;https://post.anid.cl/frontend.php/es/postulacion/descargar/hash/ea446b1041c384288f70cccb63ddfc53
1171665;Regular;2017;Resumen;https://post.anid.cl/frontend.php/es/postulacion/descargar/hash/706e9a9ae85669a1ecd5973d92d5c86f
1171670;Regular;2017;Resumen;https://post.anid.cl/frontend.php/es/postulacion/descargar/hash/e062bc4edee2312b9e7ddb052afb6723
1171673;Regular;2017;Resumen;https://post.anid.cl/frontend.php/es/postulacion/descargar/hash/f4b13861eecef104a561f88bcae1228d
1171678;Regular;2017;Resumen;https://post.anid.cl/frontend.php/es/postulacion/descargar/hash/9847268872531d7a20faf19f06bcbcef
1171690;Regular;2017;Resumen;https://post.anid.cl/frontend.php/es/postulacion/descargar/hash/0d7785564af72a9f8df92c1100d7b1b2
1171691;Regular;2017;Resumen;https://post.anid.cl/frontend.php/es/postulacion/descargar/hash/da6e9a78a3a224abbb18dbf1a12c38f4
1171703;Regular;2017;Resumen;https://post.anid.cl/frontend.php/es/postulacion/descargar/hash/dd06651eca2e60431cfcfa7fab04d4e2
1171708;Regular;2017;Resumen;https://post.anid.cl/frontend.php/es/postulacion/descargar/hash/3ce792c1671200fd66e47a1a9d63c8a9
1171710;Regular;2017;Resumen;https://post.anid.cl/frontend.php/es/postulacion/descargar/hash/64f052196f29f7f2e0472fd095c9587a
1171712;Regular;2017;Resumen;https://post.anid.cl/frontend.php/es/postulacion/descargar/hash/733b66c20f52a228ce72203f8602a4bf
1171719;Regular;2017;Resumen;https://post.anid.cl/frontend.php/es/postulacion/descargar/hash/a43a6e24622ab236ff560bfe870f9947
1171720;Regular;2017;Resumen;https://post.anid.cl/frontend.php/es/postulacion/descargar/hash/bc0fe1b82ce880c053db8895ff4323dd
1171722;Regular;2017;Resumen;https://post.anid.cl/frontend.php/es/postulacion/descargar/hash/77dcc3d9f177f339021fff12506b800b
1171727;Regular;2017;Resumen;https://post.anid.cl/frontend.php/es/postulacion/descargar/hash/b72ab04751f962f28d42046b2aa97c7c
1171729;Regular;2017;Resumen;https://post.anid.cl/frontend.php/es/postulacion/descargar/hash/e7d29ab6cac62f60c3caeace14021d91
1171732;Regular;2017;Resumen;https://post.anid.cl/frontend.php/es/postulacion/descargar/hash/a2f0c9d9925dc84db44cb000e6907547
1171735;Regular;2017;Resumen;https://post.anid.cl/frontend.php/es/postulacion/descargar/hash/cf3b9bbfdf586bbcc530405bc44519fd
1171744;Regular;2017;Resumen;https://post.anid.cl/frontend.php/es/postulacion/descargar/hash/eb1685f274b09dea53fee30700ab6cc9
1171760;Regular;2017;Resumen;https://post.anid.cl/frontend.php/es/postulacion/descargar/hash/50dc15a1a2332f4acafdae57e631a7d4
1171765;Regular;2017;Resumen;https://post.anid.cl/frontend.php/es/postulacion/descargar/hash/74f65a8272b441a01063071d1e977de6
1171772;Regular;2017;Resumen;https://post.anid.cl/frontend.php/es/postulacion/descargar/hash/fcf5f7124b1de8eb4c2562b9e0d8e3da
1171773;Regular;2017;Resumen;https://post.anid.cl/frontend.php/es/postulacion/descargar/hash/e9a3564ae0dfbd77a5c9cdb2c4598233
1171776;Regular;2017;Resumen;https://post.anid.cl/frontend.php/es/postulacion/descargar/hash/75bfc11e8add0d74dd72a00d29c55239
1171781;Regular;2017;Resumen;https://post.anid.cl/frontend.php/es/postulacion/descargar/hash/763447414e93275d2f31e77d2cf0d35c
1171794;Regular;2017;Resumen;https://post.anid.cl/frontend.php/es/postulacion/descargar/hash/adcfc8f7fc7b0848354ee6bcf9f2456c
1171795;Regular;2017;Resumen;https://post.anid.cl/frontend.php/es/postulacion/descargar/hash/e3332b97da8bfa4eddc6987072f840fa
1171800;Regular;2017;Resumen;https://post.anid.cl/frontend.php/es/postulacion/descargar/hash/e6bbc58bd65f97b87310c20a1f7d11ef
1171802;Regular;2017;Resumen;https://post.anid.cl/frontend.php/es/postulacion/descargar/hash/71ff9f0542a6098c0ebd47d4b2f17009
1171803;Regular;2017;Resumen;https://post.anid.cl/frontend.php/es/postulacion/descargar/hash/76234ee216a2d82ad003d5b35c9fe23e
1171805;Regular;2017;Resumen;https://post.anid.cl/frontend.php/es/postulacion/descargar/hash/97e890abf0f30dd56b3d101758c9db6b
1171807;Regular;2017;Resumen;https://post.anid.cl/frontend.php/es/postulacion/descargar/hash/e75a4453221221c638f55c8d3400c050
1171810;Regular;2017;Resumen;https://post.anid.cl/frontend.php/es/postulacion/descargar/hash/735504e532a41a4f355492e96dc61abc
1171811;Regular;2017;Resumen;https://post.anid.cl/frontend.php/es/postulacion/descargar/hash/f9607e31a123cc49400c6fbce5381637
1171823;Regular;2017;Resumen;https://post.anid.cl/frontend.php/es/postulacion/descargar/hash/27cd252edb0ceb52fee11b268bac59a2
1171827;Regular;2017;Resumen;https://post.anid.cl/frontend.php/es/postulacion/descargar/hash/70863dce873a1a7a24a9f19afda32fb0
1171832;Regular;2017;Resumen;https://post.anid.cl/frontend.php/es/postulacion/descargar/hash/966db2f29c9ba457c2cb0ae3c224252e
1171836;Regular;2017;Resumen;https://post.anid.cl/frontend.php/es/postulacion/descargar/hash/1b1de22452d138ec1855e405964f10d9
1171840;Regular;2017;Resumen;https://post.anid.cl/frontend.php/es/postulacion/descargar/hash/cd5e9d684b95e1001868819784d97c74
1171841;Regular;2017;Resumen;https://post.anid.cl/frontend.php/es/postulacion/descargar/hash/a4df59e597c0425945dd00d76fcfa7c8
1171844;Regular;2017;Resumen;https://post.anid.cl/frontend.php/es/postulacion/descargar/hash/29ce5be4878727a88c4ff9cb5b2283bb
1171854;Regular;2017;Resumen;https://post.anid.cl/frontend.php/es/postulacion/descargar/hash/144d20604fb86ca8dcecc071eae21ab2
1171857;Regular;2017;Resumen;https://post.anid.cl/frontend.php/es/postulacion/descargar/hash/2d629b9e38de05ede57c0aead192eafe
1171861;Regular;2017;Resumen;https://post.anid.cl/frontend.php/es/postulacion/descargar/hash/f1530cae914b70c7d82dd82666b5c701
1171869;Regular;2017;Resumen;https://post.anid.cl/frontend.php/es/postulacion/descargar/hash/00c1af7bfc93ff376ffffee93967bba5
1171870;Regular;2017;Resumen;https://post.anid.cl/frontend.php/es/postulacion/descargar/hash/7792acf320254cd51d2239d814863e83
1171894;Regular;2017;Resumen;https://post.anid.cl/frontend.php/es/postulacion/descargar/hash/4dd4df52d407f8932dec5d15c40e25a7
1171895;Regular;2017;Resumen;https://post.anid.cl/frontend.php/es/postulacion/descargar/hash/c5c28c4a618e4f106dced6d1db8a572d
1171898;Regular;2017;Resumen;https://post.anid.cl/frontend.php/es/postulacion/descargar/hash/38bacbfe2148b7ac865c339b7840d160
1171906;Regular;2017;Resumen;https://post.anid.cl/frontend.php/es/postulacion/descargar/hash/5d4cfcd4e2e68f221c280aa2de6b7731
1171908;Regular;2017;Resumen;https://post.anid.cl/frontend.php/es/postulacion/descargar/hash/dbe3f976233d04f64fb96174ce93efcc
1180001;Regular;2018;Resumen;https://post.anid.cl/frontend.php/es/postulacion/descargar/hash/8acc6466196a002b599b3ec52b7a7364
1180005;Regular;2018;Resumen;https://post.anid.cl/frontend.php/es/postulacion/descargar/hash/31bb971ad4d8fe5013c32452c7959f34
1180009;Regular;2018;Resumen;https://post.anid.cl/frontend.php/es/postulacion/descargar/hash/6aa27ba8e87faabe2741c99475a9f56a
1180013;Regular;2018;Resumen;https://post.anid.cl/frontend.php/es/postulacion/descargar/hash/2a52ca72a6a7e789bd595cf4dadd9d92
1180016;Regular;2018;Resumen;https://post.anid.cl/frontend.php/es/postulacion/descargar/hash/c0628ba9376ab4696652ea1feecc8b84
1180017;Regular;2018;Resumen;https://post.anid.cl/frontend.php/es/postulacion/descargar/hash/5b51c93a266f6b61e7292ed9a9b28ec1
1180020;Regular;2018;Resumen;https://post.anid.cl/frontend.php/es/postulacion/descargar/hash/8319a4b544193988380fab9f03c286e5
1180022;Regular;2018;Resumen;https://post.anid.cl/frontend.php/es/postulacion/descargar/hash/dc5f9effce1313eb68f906c2ef601af9
1180023;Regular;2018;Resumen;https://post.anid.cl/frontend.php/es/postulacion/descargar/hash/1500fb8519dda404f6459a1008875531
1180024;Regular;2018;Resumen;https://post.anid.cl/frontend.php/es/postulacion/descargar/hash/091e7b69c32ac0b56ffd21ff4f9c50ee
1180028;Regular;2018;Resumen;https://post.anid.cl/frontend.php/es/postulacion/descargar/hash/d4a58c9985ccade4f9f8dc5fc0655344
1180034;Regular;2018;Resumen;https://post.anid.cl/frontend.php/es/postulacion/descargar/hash/238b29c1e27448b8fc1686b380b3f4bd
1180036;Regular;2018;Resumen;https://post.anid.cl/frontend.php/es/postulacion/descargar/hash/7767886a115158e20fea014ebe1d9a50
1180038;Regular;2018;Resumen;https://post.anid.cl/frontend.php/es/postulacion/descargar/hash/f8ab4638a98de043a0c54c5b6e519dba
1180041;Regular;2018;Resumen;https://post.anid.cl/frontend.php/es/postulacion/descargar/hash/4ea36c79b65958e4abef534e961ff2bd
1180042;Regular;2018;Resumen;https://post.anid.cl/frontend.php/es/postulacion/descargar/hash/44babfcd8af4ba80240608646e9cf562
1180047;Regular;2018;Resumen;https://post.anid.cl/frontend.php/es/postulacion/descargar/hash/22404be2049bf63a12edf08ad86d35c7
1180052;Regular;2018;Resumen;https://post.anid.cl/frontend.php/es/postulacion/descargar/hash/a155a5e1d36a23adabcd70f49bdc3298
1180054;Regular;2018;Resumen;https://post.anid.cl/frontend.php/es/postulacion/descargar/hash/0782551ca12a0bef107449350da6041e
1180056;Regular;2018;Resumen;https://post.anid.cl/frontend.php/es/postulacion/descargar/hash/53a516725a5e2c5daf86c64381c45e52
1180059;Regular;2018;Resumen;https://post.anid.cl/frontend.php/es/postulacion/descargar/hash/5732cdb37100f9b27920868fb1ab2f91
1180061;Regular;2018;Resumen;https://post.anid.cl/frontend.php/es/postulacion/descargar/hash/31a7e23dfbe2c94cb2865e03c4777bea
1180062;Regular;2018;Resumen;https://post.anid.cl/frontend.php/es/postulacion/descargar/hash/466326aca3bd4c923b2b8012ca742969
1180063;Regular;2018;Resumen;https://post.anid.cl/frontend.php/es/postulacion/descargar/hash/be4c64c6b5f23a53745699bc9713d8ae
1180066;Regular;2018;Resumen;https://post.anid.cl/frontend.php/es/postulacion/descargar/hash/bbe5a219be40f95c07d201e9646e8884
1180069;Regular;2018;Resumen;https://post.anid.cl/frontend.php/es/postulacion/descargar/hash/933ad8b0f768f23788740faf2bff33c9
1180071;Regular;2018;Resumen;https://post.anid.cl/frontend.php/es/postulacion/descargar/hash/2a913f9581fa74a0e350eb113f63fc08
1180073;Regular;2018;Resumen;https://post.anid.cl/frontend.php/es/postulacion/descargar/hash/ad036add30625c478376b6eca1cc6d92
1180074;Regular;2018;Resumen;https://post.anid.cl/frontend.php/es/postulacion/descargar/hash/f43135832bce9596a30c74494ff8a8e7
1180079;Regular;2018;Resumen;https://post.anid.cl/frontend.php/es/postulacion/descargar/hash/18b9d0d9ab878d32ca8d200cc208dce4
1180082;Regular;2018;Resumen;https://post.anid.cl/frontend.php/es/postulacion/descargar/hash/45d7fcc321f74d681a33d8470252a098
1180084;Regular;2018;Resumen;https://post.anid.cl/frontend.php/es/postulacion/descargar/hash/aee1d7970cfe30dc0de6045e3d5ca843
1180092;Regular;2018;Resumen;https://post.anid.cl/frontend.php/es/postulacion/descargar/hash/149e65fefb7f1e36bad1430a3810a9b9
1180096;Regular;2018;Resumen;https://post.anid.cl/frontend.php/es/postulacion/descargar/hash/ff2c416536dfff0c7fa0c8b6c0114401
1180100;Regular;2018;Resumen;https://post.anid.cl/frontend.php/es/postulacion/descargar/hash/c45d791b0ed24f2d542f18423b8cb14f
1180115;Regular;2018;Resumen;https://post.anid.cl/frontend.php/es/postulacion/descargar/hash/56f46ebe844d1e69fe725bfa5eed3ae9
1180118;Regular;2018;Resumen;https://post.anid.cl/frontend.php/es/postulacion/descargar/hash/50060675737734ffc5a956b991e87834
1180119;Regular;2018;Resumen;https://post.anid.cl/frontend.php/es/postulacion/descargar/hash/954152738c3201fc6b58391b22bf3e4b
1180121;Regular;2018;Resumen;https://post.anid.cl/frontend.php/es/postulacion/descargar/hash/c94d20d4a76df1d09e8282a44b2d25f6
1180122;Regular;2018;Resumen;https://post.anid.cl/frontend.php/es/postulacion/descargar/hash/4db63383973a0e7eff05196e28bf46a5
1180123;Regular;2018;Resumen;https://post.anid.cl/frontend.php/es/postulacion/descargar/hash/3a4f38e6e47714d3dd96761bf0934535
1180129;Regular;2018;Resumen;https://post.anid.cl/frontend.php/es/postulacion/descargar/hash/edae17b18038721cb72efbb8bba71519
1180134;Regular;2018;Resumen;https://post.anid.cl/frontend.php/es/postulacion/descargar/hash/2506390e0a871aad6b342f05d9a7a449
1180136;Regular;2018;Resumen;https://post.anid.cl/frontend.php/es/postulacion/descargar/hash/77bd9c5be16a89528a30d9d74cfe860c
1180139;Regular;2018;Resumen;https://post.anid.cl/frontend.php/es/postulacion/descargar/hash/f076a6bce86add72ca469ad5b1174ed6
1180153;Regular;2018;Resumen;https://post.anid.cl/frontend.php/es/postulacion/descargar/hash/214ba58ae383b302c84f79c8581d3cff
1180157;Regular;2018;Resumen;https://post.anid.cl/frontend.php/es/postulacion/descargar/hash/31081e1813e296759f77fe7ba74f6533
1180158;Regular;2018;Resumen;https://post.anid.cl/frontend.php/es/postulacion/descargar/hash/5d883a3acd1473d0602db53fe267fa15
1180161;Regular;2018;Resumen;https://post.anid.cl/frontend.php/es/postulacion/descargar/hash/815565ae0a3b8a43de98338d1a46169f
1180166;Regular;2018;Resumen;https://post.anid.cl/frontend.php/es/postulacion/descargar/hash/a57312232f7a08510558c6f829b93f80
1180167;Regular;2018;Resumen;https://post.anid.cl/frontend.php/es/postulacion/descargar/hash/bc1dbf6d60016cc031ad7d057b34d4e9
1180172;Regular;2018;Resumen;https://post.anid.cl/frontend.php/es/postulacion/descargar/hash/78a41f94d526206c613d76770d40dbd5
1180173;Regular;2018;Resumen;https://post.anid.cl/frontend.php/es/postulacion/descargar/hash/3ba241a9fa41f21274022e672aebee6e
1180175;Regular;2018;Resumen;https://post.anid.cl/frontend.php/es/postulacion/descargar/hash/01c1eb355b039c57a90b7b74e37b1c45
1180178;Regular;2018;Resumen;https://post.anid.cl/frontend.php/es/postulacion/descargar/hash/ee06791938233c0c4219bc3871a39c79
1180182;Regular;2018;Resumen;https://post.anid.cl/frontend.php/es/postulacion/descargar/hash/b183dfdae2f1a397548d96b1e402bf6f
1180184;Regular;2018;Resumen;https://post.anid.cl/frontend.php/es/postulacion/descargar/hash/ab90162fcea6e31f274c44f15c8c541c
1180186;Regular;2018;Resumen;https://post.anid.cl/frontend.php/es/postulacion/descargar/hash/bf45346e183d315897039e446891fc3b
1180193;Regular;2018;Resumen;https://post.anid.cl/frontend.php/es/postulacion/descargar/hash/978325a5469b43ffaff02c99434885da
1180197;Regular;2018;Resumen;https://post.anid.cl/frontend.php/es/postulacion/descargar/hash/25b5286b33ebdd533cf73bacde2f5af6
1180200;Regular;2018;Resumen;https://post.anid.cl/frontend.php/es/postulacion/descargar/hash/0a1d11777bb55644ebd08b23b5b8f8a9
1180205;Regular;2018;Resumen;https://post.anid.cl/frontend.php/es/postulacion/descargar/hash/605414045b4febb7cbb94bf922bc22c1
1180211;Regular;2018;Resumen;https://post.anid.cl/frontend.php/es/postulacion/descargar/hash/536c3e830f9f721264a8939b83ea7265
1180224;Regular;2018;Resumen;https://post.anid.cl/frontend.php/es/postulacion/descargar/hash/4c825895feda2e8a8b90761d1b4846fa
1180230;Regular;2018;Resumen;https://post.anid.cl/frontend.php/es/postulacion/descargar/hash/4641774a2e606ff0e2086f831aebd921
1180232;Regular;2018;Resumen;https://post.anid.cl/frontend.php/es/postulacion/descargar/hash/a41f8f0d7bd8d377a7e0a62825dbc0a6
1180233;Regular;2018;Resumen;https://post.anid.cl/frontend.php/es/postulacion/descargar/hash/d73fd0ca5125065c2781352ba065c480
1180238;Regular;2018;Resumen;https://post.anid.cl/frontend.php/es/postulacion/descargar/hash/492559a2a3249ef141d331f18b509299
1180241;Regular;2018;Resumen;https://post.anid.cl/frontend.php/es/postulacion/descargar/hash/9f13c6990b058d59e3ad741c7a8fa47b
1180243;Regular;2018;Resumen;https://post.anid.cl/frontend.php/es/postulacion/descargar/hash/35eee40d06e9a8c909e29e8cf9a72541
1180252;Regular;2018;Resumen;https://post.anid.cl/frontend.php/es/postulacion/descargar/hash/98300c004e127334b443fc4f46455e4a
1180259;Regular;2018;Resumen;https://post.anid.cl/frontend.php/es/postulacion/descargar/hash/0eafd660403dab6bd1bfbb7806fb6a31
1180265;Regular;2018;Resumen;https://post.anid.cl/frontend.php/es/postulacion/descargar/hash/a7a60481f3ccc615b49fe2e33346a9f4
1180268;Regular;2018;Resumen;https://post.anid.cl/frontend.php/es/postulacion/descargar/hash/00f56a81046dfe870b81df75bf9a155e
1180271;Regular;2018;Resumen;https://post.anid.cl/frontend.php/es/postulacion/descargar/hash/14119d6abe9cabc3d43394334d320b4f
1180272;Regular;2018;Resumen;https://post.anid.cl/frontend.php/es/postulacion/descargar/hash/4752329e289b32b6a2772236cdb16dfc
1180288;Regular;2018;Resumen;https://post.anid.cl/frontend.php/es/postulacion/descargar/hash/607783b2e22d11b19ab673019e637102
1180290;Regular;2018;Resumen;https://post.anid.cl/frontend.php/es/postulacion/descargar/hash/e7d1b7b8a47a13a471866d99351ebdf7
1180291;Regular;2018;Resumen;https://post.anid.cl/frontend.php/es/postulacion/descargar/hash/03cdfe8adbd3f9dddafcf1cc3b49852f
1180293;Regular;2018;Resumen;https://post.anid.cl/frontend.php/es/postulacion/descargar/hash/8581ea92d4342523500791a94ff8787a
1180296;Regular;2018;Resumen;https://post.anid.cl/frontend.php/es/postulacion/descargar/hash/072a145b7bacd26bb3fb4bb76c2e9eb9
1180298;Regular;2018;Resumen;https://post.anid.cl/frontend.php/es/postulacion/descargar/hash/861b029d5fe66d8c3944cb45af560d6d
1180303;Regular;2018;Resumen;https://post.anid.cl/frontend.php/es/postulacion/descargar/hash/f0e0a9c78144e95ea89c64c356221582
1180306;Regular;2018;Resumen;https://post.anid.cl/frontend.php/es/postulacion/descargar/hash/9244ca2543c2923f92a934f47e6be835
1180315;Regular;2018;Resumen;https://post.anid.cl/frontend.php/es/postulacion/descargar/hash/80a267a1e2f1763f73e016c66f84dcb3
1180319;Regular;2018;Resumen;https://post.anid.cl/frontend.php/es/postulacion/descargar/hash/c478d806b3cf402b9a4d04d54bc5b1e7
1180320;Regular;2018;Resumen;https://post.anid.cl/frontend.php/es/postulacion/descargar/hash/550286ff82d8cd44d80dc52a52e15c41
1180329;Regular;2018;Resumen;https://post.anid.cl/frontend.php/es/postulacion/descargar/hash/bc95de18b1f52d20776a54bd7c794383
1180331;Regular;2018;Resumen;https://post.anid.cl/frontend.php/es/postulacion/descargar/hash/e2b54435033f5928024786519f1c9dfc
1180334;Regular;2018;Resumen;https://post.anid.cl/frontend.php/es/postulacion/descargar/hash/8b1bdb8d0f37b4aa1a61fd47b055d3f0
1180335;Regular;2018;Resumen;https://post.anid.cl/frontend.php/es/postulacion/descargar/hash/fc908ad261b0ebcd9336f4da3736f5ce
1180337;Regular;2018;Resumen;https://post.anid.cl/frontend.php/es/postulacion/descargar/hash/6412cae4d65044c260078e1ebe10c474
1180338;Regular;2018;Resumen;https://post.anid.cl/frontend.php/es/postulacion/descargar/hash/c2fa1db0fcfc688c5e6d5ac70ab59402
1180342;Regular;2018;Resumen;https://post.anid.cl/frontend.php/es/postulacion/descargar/hash/86dc9cca4931698465494a0ea1d8c9e6
1180344;Regular;2018;Resumen;https://post.anid.cl/frontend.php/es/postulacion/descargar/hash/908220d63fcc1e707fecc26adf078500
1180347;Regular;2018;Resumen;https://post.anid.cl/frontend.php/es/postulacion/descargar/hash/37d11ab74061e5fb84b7c5bfc1104fd9
1180348;Regular;2018;Resumen;https://post.anid.cl/frontend.php/es/postulacion/descargar/hash/bb0d510069bde48a1dbcca2834a6a6a3
1180350;Regular;2018;Resumen;https://post.anid.cl/frontend.php/es/postulacion/descargar/hash/d223879bbcba07029c97d629f41682d3
1180352;Regular;2018;Resumen;https://post.anid.cl/frontend.php/es/postulacion/descargar/hash/9bf4ee7aa1d7e651ab922ba820fdd0ed
1180355;Regular;2018;Resumen;https://post.anid.cl/frontend.php/es/postulacion/descargar/hash/145cef72970089b49e9aef98363097e6
1180358;Regular;2018;Resumen;https://post.anid.cl/frontend.php/es/postulacion/descargar/hash/04517046905f2ce8342c904b08bd6b3f
1180359;Regular;2018;Resumen;https://post.anid.cl/frontend.php/es/postulacion/descargar/hash/e29f210eed97c35ed0f78df3f3f6e74e
1180366;Regular;2018;Resumen;https://post.anid.cl/frontend.php/es/postulacion/descargar/hash/f673f6950d0ab16b49c9f153902a4886
1180368;Regular;2018;Resumen;https://post.anid.cl/frontend.php/es/postulacion/descargar/hash/30ce8dfaf4fa50e6885684a6c4eb7fd9
1180370;Regular;2018;Resumen;https://post.anid.cl/frontend.php/es/postulacion/descargar/hash/d8e10a3f80dfaa70f1ed0c046cc3a41b
1180371;Regular;2018;Resumen;https://post.anid.cl/frontend.php/es/postulacion/descargar/hash/d0a42a4644e9017727b460f3e68d041e
1180375;Regular;2018;Resumen;https://post.anid.cl/frontend.php/es/postulacion/descargar/hash/5a93bfda6e14061ae399c7c227def801
1180385;Regular;2018;Resumen;https://post.anid.cl/frontend.php/es/postulacion/descargar/hash/b7f074095c9276f4beadf3ba04d1754b
1180387;Regular;2018;Resumen;https://post.anid.cl/frontend.php/es/postulacion/descargar/hash/dfa490648f492128b702edc95c1289f2
1180395;Regular;2018;Resumen;https://post.anid.cl/frontend.php/es/postulacion/descargar/hash/4b7c723e4241855fe517fed581add27c
1180397;Regular;2018;Resumen;https://post.anid.cl/frontend.php/es/postulacion/descargar/hash/a2ecf318f5d380998d0bf8dfb8b21332
1180403;Regular;2018;Resumen;https://post.anid.cl/frontend.php/es/postulacion/descargar/hash/0d3b9d21ffe6f1eda1c7f25d669f0cfc
1180409;Regular;2018;Resumen;https://post.anid.cl/frontend.php/es/postulacion/descargar/hash/cd0fa7945bec396e553f9a8d5ad6d445
1180413;Regular;2018;Resumen;https://post.anid.cl/frontend.php/es/postulacion/descargar/hash/5febc128938ae6f71cba856fa1d319da
1180414;Regular;2018;Resumen;https://post.anid.cl/frontend.php/es/postulacion/descargar/hash/648da3c30c72e485930ac6c80724b16a
1180419;Regular;2018;Resumen;https://post.anid.cl/frontend.php/es/postulacion/descargar/hash/48e5cb678785dacdbb6ae57618777a8e
1180427;Regular;2018;Resumen;https://post.anid.cl/frontend.php/es/postulacion/descargar/hash/2484c0aadeeee0c952b4d2508555f04f
1180429;Regular;2018;Resumen;https://post.anid.cl/frontend.php/es/postulacion/descargar/hash/d6498d7931f7f2d5cc2f5791ab442992
1180433;Regular;2018;Resumen;https://post.anid.cl/frontend.php/es/postulacion/descargar/hash/59a71f0b06dda8a8ec17b2f46daa6f8c
1180443;Regular;2018;Resumen;https://post.anid.cl/frontend.php/es/postulacion/descargar/hash/98e0e0c6997635c14e603d56e7079bfd
1180454;Regular;2018;Resumen;https://post.anid.cl/frontend.php/es/postulacion/descargar/hash/7eca2c5a0e8869be3015a56cb6c3cc5f
1180456;Regular;2018;Resumen;https://post.anid.cl/frontend.php/es/postulacion/descargar/hash/c10fd86b07515cc3d37006283808f1d3
1180457;Regular;2018;Resumen;https://post.anid.cl/frontend.php/es/postulacion/descargar/hash/58cf086905ed70861e310450a6b78deb
1180463;Regular;2018;Resumen;https://post.anid.cl/frontend.php/es/postulacion/descargar/hash/6bb3319404a8895f1a73892e1e39d02e
1180464;Regular;2018;Resumen;https://post.anid.cl/frontend.php/es/postulacion/descargar/hash/ddc9db8830148864fcf9437dd064816f
1180468;Regular;2018;Resumen;https://post.anid.cl/frontend.php/es/postulacion/descargar/hash/1598ae647bc858cc0f9f67c87fb1eff2
1180471;Regular;2018;Resumen;https://post.anid.cl/frontend.php/es/postulacion/descargar/hash/eb7051aae25407e0fd6c33cd577d62a7
1180472;Regular;2018;Resumen;https://post.anid.cl/frontend.php/es/postulacion/descargar/hash/84e086c8a0b00aa92f2d605021261a5f
1180475;Regular;2018;Resumen;https://post.anid.cl/frontend.php/es/postulacion/descargar/hash/bc1a3c5dade00ed8d2751d86dbb01c71
1180484;Regular;2018;Resumen;https://post.anid.cl/frontend.php/es/postulacion/descargar/hash/f8cef2047fe22e4ce3bf2c5d7e70d78e
1180489;Regular;2018;Resumen;https://post.anid.cl/frontend.php/es/postulacion/descargar/hash/912cc1da7adc67cd74d0f561bfc9a1ee
1180494;Regular;2018;Resumen;https://post.anid.cl/frontend.php/es/postulacion/descargar/hash/fa6bd57e9c1171fdd37a2f5d50e512aa
1180495;Regular;2018;Resumen;https://post.anid.cl/frontend.php/es/postulacion/descargar/hash/f2460666b99b53e82cc0c265c4ebccd3
1180496;Regular;2018;Resumen;https://post.anid.cl/frontend.php/es/postulacion/descargar/hash/77af2680ce2d0d09183e6749d978f24d
1180498;Regular;2018;Resumen;https://post.anid.cl/frontend.php/es/postulacion/descargar/hash/64e121b0136bc49e6b78336b157ee500
1180500;Regular;2018;Resumen;https://post.anid.cl/frontend.php/es/postulacion/descargar/hash/c7a3492d143c46cca7356b97f3fdaa43
1180506;Regular;2018;Resumen;https://post.anid.cl/frontend.php/es/postulacion/descargar/hash/823a04306bed7c723034f5036cf7e704
1180510;Regular;2018;Resumen;https://post.anid.cl/frontend.php/es/postulacion/descargar/hash/4647a447b96c12b6134b0758e71f5450
1180516;Regular;2018;Resumen;https://post.anid.cl/frontend.php/es/postulacion/descargar/hash/7dcaff0042c142d8e57d710e57a0169d
1180520;Regular;2018;Resumen;https://post.anid.cl/frontend.php/es/postulacion/descargar/hash/d6a3d74b8c5eb82797669a1db1cc781f
1180522;Regular;2018;Resumen;https://post.anid.cl/frontend.php/es/postulacion/descargar/hash/b6e96912aa99c4d6db0c4092c89ab3d9
1180525;Regular;2018;Resumen;https://post.anid.cl/frontend.php/es/postulacion/descargar/hash/8046cc347a864d15c70a7f4ade6a2f6a
1180526;Regular;2018;Resumen;https://post.anid.cl/frontend.php/es/postulacion/descargar/hash/1c734e2a5f586827e8fdd4bba3c16c1e
1180528;Regular;2018;Resumen;https://post.anid.cl/frontend.php/es/postulacion/descargar/hash/0f6dc1a8b3e4ae1d9af9809e83f36b8d
1180530;Regular;2018;Resumen;https://post.anid.cl/frontend.php/es/postulacion/descargar/hash/0ccbafab3c18305fc83f4546406af994
1180533;Regular;2018;Resumen;https://post.anid.cl/frontend.php/es/postulacion/descargar/hash/2882ccc07e2dfcc1f3d270d8330556cb
1180537;Regular;2018;Resumen;https://post.anid.cl/frontend.php/es/postulacion/descargar/hash/6a9a649a9eef6291cec2772165e7ab21
1180544;Regular;2018;Resumen;https://post.anid.cl/frontend.php/es/postulacion/descargar/hash/c2f1423326705e45412631be6d9391a4
1180547;Regular;2018;Resumen;https://post.anid.cl/frontend.php/es/postulacion/descargar/hash/6f83b3715de55991021ec312320de90b
1180552;Regular;2018;Resumen;https://post.anid.cl/frontend.php/es/postulacion/descargar/hash/2f1d9deb654c5c6e5e28e84191e71f7e
1180556;Regular;2018;Resumen;https://post.anid.cl/frontend.php/es/postulacion/descargar/hash/a94fbcae0ce5c05a06db6a6c05749fcb
1180558;Regular;2018;Resumen;https://post.anid.cl/frontend.php/es/postulacion/descargar/hash/07abda52b0b9c3551b93867be4f9ab62
1180564;Regular;2018;Resumen;https://post.anid.cl/frontend.php/es/postulacion/descargar/hash/ec88ebe3e26b7a66162877e08c20eaf4
1180565;Regular;2018;Resumen;https://post.anid.cl/frontend.php/es/postulacion/descargar/hash/e3a7cbb3f5fd31d924be360678964b37
1180571;Regular;2018;Resumen;https://post.anid.cl/frontend.php/es/postulacion/descargar/hash/145579f501fe84c5fb6a8612c1d3d163
1180577;Regular;2018;Resumen;https://post.anid.cl/frontend.php/es/postulacion/descargar/hash/f6a7c971d2274f457c73193a058a37f2
1180581;Regular;2018;Resumen;https://post.anid.cl/frontend.php/es/postulacion/descargar/hash/7b81faa11031ee94099c58ec61879615
1180584;Regular;2018;Resumen;https://post.anid.cl/frontend.php/es/postulacion/descargar/hash/8db453081a8a9553e50494cfa4fa7617
1180586;Regular;2018;Resumen;https://post.anid.cl/frontend.php/es/postulacion/descargar/hash/9786000fff9b4be478eaa24993694b26
1180587;Regular;2018;Resumen;https://post.anid.cl/frontend.php/es/postulacion/descargar/hash/3086a4be328a7b6eb2e61b09a57e775e
1180590;Regular;2018;Resumen;https://post.anid.cl/frontend.php/es/postulacion/descargar/hash/586e4f3bfb15cc97522d6ff50af8c7c8
1180591;Regular;2018;Resumen;https://post.anid.cl/frontend.php/es/postulacion/descargar/hash/820449752ca3b557bbeb9e9aa4effd4f
1180593;Regular;2018;Resumen;https://post.anid.cl/frontend.php/es/postulacion/descargar/hash/990c5092034a7d86d8c2e13279a6c2bd
1180595;Regular;2018;Resumen;https://post.anid.cl/frontend.php/es/postulacion/descargar/hash/4233eba1e69c3ef549a14f7f0ae0ae17
1180596;Regular;2018;Resumen;https://post.anid.cl/frontend.php/es/postulacion/descargar/hash/3dd5355b7f621862a6cdd7c4b802cade
1180599;Regular;2018;Resumen;https://post.anid.cl/frontend.php/es/postulacion/descargar/hash/3d12abfb95ebb7007c3390f06349e751
1180601;Regular;2018;Resumen;https://post.anid.cl/frontend.php/es/postulacion/descargar/hash/77563f37f2d3a0c2c7ebb694ca007084
1180605;Regular;2018;Resumen;https://post.anid.cl/frontend.php/es/postulacion/descargar/hash/3f31f4e873380be0b7e57898e0aac974
1180606;Regular;2018;Resumen;https://post.anid.cl/frontend.php/es/postulacion/descargar/hash/b742de2908e5364c07ee989d1fbf675b
1180607;Regular;2018;Resumen;https://post.anid.cl/frontend.php/es/postulacion/descargar/hash/430084484939f1912e51c84482609495
1180608;Regular;2018;Resumen;https://post.anid.cl/frontend.php/es/postulacion/descargar/hash/315ac2f06f58e3f14d6e12dceeaedb8b
1180609;Regular;2018;Resumen;https://post.anid.cl/frontend.php/es/postulacion/descargar/hash/60456314ad42527dcbbdd347be251916
1180613;Regular;2018;Resumen;https://post.anid.cl/frontend.php/es/postulacion/descargar/hash/4b739b7728397c1568a7b18448e08cfe
1180617;Regular;2018;Resumen;https://post.anid.cl/frontend.php/es/postulacion/descargar/hash/a6358f91f212cf268a5531cb95c1ecd5
1180619;Regular;2018;Resumen;https://post.anid.cl/frontend.php/es/postulacion/descargar/hash/e6ba0627b4f4345984803bd055c4ed2e
1180623;Regular;2018;Resumen;https://post.anid.cl/frontend.php/es/postulacion/descargar/hash/329ef45cc2b36c9dca3f870f509de8e9
1180628;Regular;2018;Resumen;https://post.anid.cl/frontend.php/es/postulacion/descargar/hash/736db7e28e53b0e2e58fce9b36b54f55
1180629;Regular;2018;Resumen;https://post.anid.cl/frontend.php/es/postulacion/descargar/hash/f5cc645a23ba1998af1d8e4edc1f913d
1180636;Regular;2018;Resumen;https://post.anid.cl/frontend.php/es/postulacion/descargar/hash/cc3d4bf5ad8c309cc921ddd58faef1cd
1180640;Regular;2018;Resumen;https://post.anid.cl/frontend.php/es/postulacion/descargar/hash/db0c272670aaba957573ef6565079536
1180642;Regular;2018;Resumen;https://post.anid.cl/frontend.php/es/postulacion/descargar/hash/de94e682bf75984a168c3e3da4a7d709
1180643;Regular;2018;Resumen;https://post.anid.cl/frontend.php/es/postulacion/descargar/hash/cd947e507217ef0ab0ef4ed0efa4d910
1180645;Regular;2018;Resumen;https://post.anid.cl/frontend.php/es/postulacion/descargar/hash/23ea0a45ca22d66c507ba0c81252b919
1180647;Regular;2018;Resumen;https://post.anid.cl/frontend.php/es/postulacion/descargar/hash/df9575fcbdfc352ebdf581e1b9a23160
1180650;Regular;2018;Resumen;https://post.anid.cl/frontend.php/es/postulacion/descargar/hash/265661ea58826d891b5686efffa76526
1180660;Regular;2018;Resumen;https://post.anid.cl/frontend.php/es/postulacion/descargar/hash/ef777f40462e9e2fa84944030d9d2006
1180666;Regular;2018;Resumen;https://post.anid.cl/frontend.php/es/postulacion/descargar/hash/4fbb84626cf7f166bf40bf2caea13cd1
1180667;Regular;2018;Resumen;https://post.anid.cl/frontend.php/es/postulacion/descargar/hash/ca40e33851f38e06bc1cac100274c9d6
1180670;Regular;2018;Resumen;https://post.anid.cl/frontend.php/es/postulacion/descargar/hash/12d543ea158e9792a3fd2f5f8473ff4f
1180672;Regular;2018;Resumen;https://post.anid.cl/frontend.php/es/postulacion/descargar/hash/7b2f080dd2c2300228bfab6adf9d2f54
1180673;Regular;2018;Resumen;https://post.anid.cl/frontend.php/es/postulacion/descargar/hash/a1681be2dd8d05374757897938c1e12b
1180675;Regular;2018;Resumen;https://post.anid.cl/frontend.php/es/postulacion/descargar/hash/ae3f3822999a0aecf26bc7e9d980731f
1180676;Regular;2018;Resumen;https://post.anid.cl/frontend.php/es/postulacion/descargar/hash/65f32f301b8bcc415edd5f8c346f09d9
1180677;Regular;2018;Resumen;https://post.anid.cl/frontend.php/es/postulacion/descargar/hash/145d24e4e42d54db890946b7972a3101
1180680;Regular;2018;Resumen;https://post.anid.cl/frontend.php/es/postulacion/descargar/hash/6b480c117b60cebfe4ac5429ea26b5a4
1180681;Regular;2018;Resumen;https://post.anid.cl/frontend.php/es/postulacion/descargar/hash/debded625c70fa8b230c41e268f85b09
1180683;Regular;2018;Resumen;https://post.anid.cl/frontend.php/es/postulacion/descargar/hash/9737099e02323413dc47709ba45d6d59
1180685;Regular;2018;Resumen;https://post.anid.cl/frontend.php/es/postulacion/descargar/hash/e8ea6b5bdfa2af2e967f5740563cd539
1180686;Regular;2018;Resumen;https://post.anid.cl/frontend.php/es/postulacion/descargar/hash/287235e7ad312877b1a25cc3602436ef
1180687;Regular;2018;Resumen;https://post.anid.cl/frontend.php/es/postulacion/descargar/hash/d6d42bcd56e3c56adc588f391e083382
1180694;Regular;2018;Resumen;https://post.anid.cl/frontend.php/es/postulacion/descargar/hash/9f2f63d698b1c95143a19f8b2202b044
1180699;Regular;2018;Resumen;https://post.anid.cl/frontend.php/es/postulacion/descargar/hash/d248b9bf9faaf2e54d61465229e95488
1180700;Regular;2018;Resumen;https://post.anid.cl/frontend.php/es/postulacion/descargar/hash/e5bbcc2180df61d9391823797d3c6fc1
1180702;Regular;2018;Resumen;https://post.anid.cl/frontend.php/es/postulacion/descargar/hash/e7a75e83fefe627abd6186289729225b
1180705;Regular;2018;Resumen;https://post.anid.cl/frontend.php/es/postulacion/descargar/hash/f22413de5b9e35c78a5ca196659dcd8a
1180706;Regular;2018;Resumen;https://post.anid.cl/frontend.php/es/postulacion/descargar/hash/9445a481301d6129f4e0769a12b6fc6c
1180717;Regular;2018;Resumen;https://post.anid.cl/frontend.php/es/postulacion/descargar/hash/4a5dbddab56f18dd4ff251ef9361e0ba
1180720;Regular;2018;Resumen;https://post.anid.cl/frontend.php/es/postulacion/descargar/hash/6c4a88110e5ac015c6d26b72c9264112
1180723;Regular;2018;Resumen;https://post.anid.cl/frontend.php/es/postulacion/descargar/hash/39b9410af387806324073cf7c193bb7a
1180727;Regular;2018;Resumen;https://post.anid.cl/frontend.php/es/postulacion/descargar/hash/e6ba4fa0d18d8df6ef88e6ea1d233d12
1180734;Regular;2018;Resumen;https://post.anid.cl/frontend.php/es/postulacion/descargar/hash/272d50e9df06f207ba7ac86ee2108634
1180742;Regular;2018;Resumen;https://post.anid.cl/frontend.php/es/postulacion/descargar/hash/2025c4b6b3345236941f1dd4cb0e2255
1180746;Regular;2018;Resumen;https://post.anid.cl/frontend.php/es/postulacion/descargar/hash/0ff365949908ec92e634b58bb20d9bbc
1180747;Regular;2018;Resumen;https://post.anid.cl/frontend.php/es/postulacion/descargar/hash/665453149e973da5a9272e81d8f74a97
1180752;Regular;2018;Resumen;https://post.anid.cl/frontend.php/es/postulacion/descargar/hash/e6dafab45931d9950ca8490638f49212
1180753;Regular;2018;Resumen;https://post.anid.cl/frontend.php/es/postulacion/descargar/hash/e82ad14970737cae1bf7d36c172c7e53
1180759;Regular;2018;Resumen;https://post.anid.cl/frontend.php/es/postulacion/descargar/hash/f85430d49595d9a76a9bacc431125de6
1180767;Regular;2018;Resumen;https://post.anid.cl/frontend.php/es/postulacion/descargar/hash/e9ecd05ddb8f69d5d10820ac82d7f6c2
1180771;Regular;2018;Resumen;https://post.anid.cl/frontend.php/es/postulacion/descargar/hash/6a1edfa8b3ed1dda50a62c41e56f4c23
1180775;Regular;2018;Resumen;https://post.anid.cl/frontend.php/es/postulacion/descargar/hash/988df2e91420d6e725b1e6037eca5eae
1180781;Regular;2018;Resumen;https://post.anid.cl/frontend.php/es/postulacion/descargar/hash/9581ba6497b66c13a0ba098e4f63ebab
1180784;Regular;2018;Resumen;https://post.anid.cl/frontend.php/es/postulacion/descargar/hash/c61bcce8ef44db5891f711624ab4f8e0
1180785;Regular;2018;Resumen;https://post.anid.cl/frontend.php/es/postulacion/descargar/hash/b25b310b3da157cb0f878b7d3c8c9a07
1180791;Regular;2018;Resumen;https://post.anid.cl/frontend.php/es/postulacion/descargar/hash/ddec754281b0f07895645cb5998ecd57
1180794;Regular;2018;Resumen;https://post.anid.cl/frontend.php/es/postulacion/descargar/hash/1556f3254f1300ebd0d06244f1468bb3
1180798;Regular;2018;Resumen;https://post.anid.cl/frontend.php/es/postulacion/descargar/hash/ec7620df77d577e1917f17cfb31eeead
1180801;Regular;2018;Resumen;https://post.anid.cl/frontend.php/es/postulacion/descargar/hash/cf841ff00a09b444909f04fd92c64e8f
1180804;Regular;2018;Resumen;https://post.anid.cl/frontend.php/es/postulacion/descargar/hash/9fdfcdf892e531888abd1cbcd14809a8
1180815;Regular;2018;Resumen;https://post.anid.cl/frontend.php/es/postulacion/descargar/hash/364ff6633114a6326071a2842409ee65
1180819;Regular;2018;Resumen;https://post.anid.cl/frontend.php/es/postulacion/descargar/hash/237f6288e9478ada5e646b28a5c4069f
1180821;Regular;2018;Resumen;https://post.anid.cl/frontend.php/es/postulacion/descargar/hash/2ef375b01862e095ebfa2822327a5956
1180826;Regular;2018;Resumen;https://post.anid.cl/frontend.php/es/postulacion/descargar/hash/44a57f0c368803061248b884440c799c
1180828;Regular;2018;Resumen;https://post.anid.cl/frontend.php/es/postulacion/descargar/hash/a1bc2700b6c510e5e828b9a52a52480f
1180830;Regular;2018;Resumen;https://post.anid.cl/frontend.php/es/postulacion/descargar/hash/c44c781ea47262419b55c058e374590c
1180832;Regular;2018;Resumen;https://post.anid.cl/frontend.php/es/postulacion/descargar/hash/6a095812226d6df6819a4185a185d4a9
1180843;Regular;2018;Resumen;https://post.anid.cl/frontend.php/es/postulacion/descargar/hash/4a15f0e97ee21d015608374faff7a442
1180847;Regular;2018;Resumen;https://post.anid.cl/frontend.php/es/postulacion/descargar/hash/6e8dac901d1a334ac9863baa0c106472
1180848;Regular;2018;Resumen;https://post.anid.cl/frontend.php/es/postulacion/descargar/hash/dc33f8cd7484f46f6469341a07ac5dbe
1180850;Regular;2018;Resumen;https://post.anid.cl/frontend.php/es/postulacion/descargar/hash/884cf435c7fb02dbabf90ccbf22d4a17
1180853;Regular;2018;Resumen;https://post.anid.cl/frontend.php/es/postulacion/descargar/hash/43fa67de142eff6360ee6e0f3addb393
1180859;Regular;2018;Resumen;https://post.anid.cl/frontend.php/es/postulacion/descargar/hash/95fefa5749a3e1125b8e931e609044ea
1180860;Regular;2018;Resumen;https://post.anid.cl/frontend.php/es/postulacion/descargar/hash/91c4b7263bbbfa84ba605d1f95ba978d
1180867;Regular;2018;Resumen;https://post.anid.cl/frontend.php/es/postulacion/descargar/hash/6c23ce047f287bd5c7b3395368e0b3de
1180868;Regular;2018;Resumen;https://post.anid.cl/frontend.php/es/postulacion/descargar/hash/31ca0699f5333d7584f526622730f1b4
1180871;Regular;2018;Resumen;https://post.anid.cl/frontend.php/es/postulacion/descargar/hash/28033282e9b910ce0b2ea8226f48d35e
1180879;Regular;2018;Resumen;https://post.anid.cl/frontend.php/es/postulacion/descargar/hash/416085f10da0f8ea779f30fcf671559a
1180880;Regular;2018;Resumen;https://post.anid.cl/frontend.php/es/postulacion/descargar/hash/99ab768bb8b60b528db63d7ca6309167
1180882;Regular;2018;Resumen;https://post.anid.cl/frontend.php/es/postulacion/descargar/hash/de2e22484d32453e9127d1c9e84a5f81
1180885;Regular;2018;Resumen;https://post.anid.cl/frontend.php/es/postulacion/descargar/hash/f4c03f7bcebe3f27a8fe396b7b273add
1180886;Regular;2018;Resumen;https://post.anid.cl/frontend.php/es/postulacion/descargar/hash/f542c000f9c98882f85c08874306c251
1180887;Regular;2018;Resumen;https://post.anid.cl/frontend.php/es/postulacion/descargar/hash/19d2c272619dd9d85eec5650666404cb
1180888;Regular;2018;Resumen;https://post.anid.cl/frontend.php/es/postulacion/descargar/hash/fa1090cbe70b4bfe46c975e7fdf97136
1180892;Regular;2018;Resumen;https://post.anid.cl/frontend.php/es/postulacion/descargar/hash/72f5ad2102e8c4969b43a4c32b915f7a
1180894;Regular;2018;Resumen;https://post.anid.cl/frontend.php/es/postulacion/descargar/hash/7a29f08f14002a9a25974eaaf9031035
1180895;Regular;2018;Resumen;https://post.anid.cl/frontend.php/es/postulacion/descargar/hash/5abac86e2fb2093befa42d91b30c9b93
1180900;Regular;2018;Resumen;https://post.anid.cl/frontend.php/es/postulacion/descargar/hash/9fa1f2fa6ba5d72ac316fd14321783dc
1180903;Regular;2018;Resumen;https://post.anid.cl/frontend.php/es/postulacion/descargar/hash/ca6e42bfe8fb846cdbd64f60f8cf3593
1180905;Regular;2018;Resumen;https://post.anid.cl/frontend.php/es/postulacion/descargar/hash/749707593e8667a3b1f0b1d6122f65e7
1180906;Regular;2018;Resumen;https://post.anid.cl/frontend.php/es/postulacion/descargar/hash/be650a553a4685b5f5b35fdc0922174d
1180911;Regular;2018;Resumen;https://post.anid.cl/frontend.php/es/postulacion/descargar/hash/99f917bed5110ca71cc42c66b9e8e085
1180912;Regular;2018;Resumen;https://post.anid.cl/frontend.php/es/postulacion/descargar/hash/a0c8caa52e6d1c67e8a8f882f3c6b1dd
1180913;Regular;2018;Resumen;https://post.anid.cl/frontend.php/es/postulacion/descargar/hash/f1e4f186911c43d540fb588f74faad03
1180914;Regular;2018;Resumen;https://post.anid.cl/frontend.php/es/postulacion/descargar/hash/771a134930854aed81d7c53ee067b245
1180917;Regular;2018;Resumen;https://post.anid.cl/frontend.php/es/postulacion/descargar/hash/3412edc87cf471ed7355fc24428add36
1180918;Regular;2018;Resumen;https://post.anid.cl/frontend.php/es/postulacion/descargar/hash/fd59f3f1ddf6a7ef79b1c37bbcd191ff
1180922;Regular;2018;Resumen;https://post.anid.cl/frontend.php/es/postulacion/descargar/hash/017bb6254f0c951b5a4cf624e13c7f21
1180924;Regular;2018;Resumen;https://post.anid.cl/frontend.php/es/postulacion/descargar/hash/655ba5576de51c15ffed4da06c4817f0
1180926;Regular;2018;Resumen;https://post.anid.cl/frontend.php/es/postulacion/descargar/hash/5b52a4ddebed57dd1456113fa3785be8
1180932;Regular;2018;Resumen;https://post.anid.cl/frontend.php/es/postulacion/descargar/hash/3b0e534c0eb23b48c5349991acfd2339
1180935;Regular;2018;Resumen;https://post.anid.cl/frontend.php/es/postulacion/descargar/hash/a2863667f3275214a99755b7b0a813d0
1180936;Regular;2018;Resumen;https://post.anid.cl/frontend.php/es/postulacion/descargar/hash/d26185f2baf74e648ce1991d8d17f275
1180939;Regular;2018;Resumen;https://post.anid.cl/frontend.php/es/postulacion/descargar/hash/8b08c26281b5691ff3fa8ad776ca8cc2
1180940;Regular;2018;Resumen;https://post.anid.cl/frontend.php/es/postulacion/descargar/hash/21474276be582323e5bc718e481bb751
1180946;Regular;2018;Resumen;https://post.anid.cl/frontend.php/es/postulacion/descargar/hash/1db99d00d164d399d11badedf2606369
1180954;Regular;2018;Resumen;https://post.anid.cl/frontend.php/es/postulacion/descargar/hash/ca6932bbccc838254b7d13dea7742cfa
1180957;Regular;2018;Resumen;https://post.anid.cl/frontend.php/es/postulacion/descargar/hash/c4df81c0f1f9e9794cc54c2120a58169
1180958;Regular;2018;Resumen;https://post.anid.cl/frontend.php/es/postulacion/descargar/hash/447d6654e19b03edec3b338004ae190b
1180962;Regular;2018;Resumen;https://post.anid.cl/frontend.php/es/postulacion/descargar/hash/df4e738f784a70257fbaadaad9982f2a
1180974;Regular;2018;Resumen;https://post.anid.cl/frontend.php/es/postulacion/descargar/hash/624750fbddb7edb52f7fc7fa941de40e
1180975;Regular;2018;Resumen;https://post.anid.cl/frontend.php/es/postulacion/descargar/hash/c97d5355e079b645434d940d9b67ac71
1180978;Regular;2018;Resumen;https://post.anid.cl/frontend.php/es/postulacion/descargar/hash/4f98009b29f1b8de022c28b18e1f01ce
1180982;Regular;2018;Resumen;https://post.anid.cl/frontend.php/es/postulacion/descargar/hash/9b1644d086b632d5dca70c8a85b37bf3
1180983;Regular;2018;Resumen;https://post.anid.cl/frontend.php/es/postulacion/descargar/hash/c4201dfebf68e94dbbe2b8c17b489739
1180987;Regular;2018;Resumen;https://post.anid.cl/frontend.php/es/postulacion/descargar/hash/dd188e0546eab884e427a30c9d5a33a5
1180993;Regular;2018;Resumen;https://post.anid.cl/frontend.php/es/postulacion/descargar/hash/a8353c2f0f7edf336ddb1162a4ba2890
1180994;Regular;2018;Resumen;https://post.anid.cl/frontend.php/es/postulacion/descargar/hash/68a51f686867aadbb088439718044dfb
1180995;Regular;2018;Resumen;https://post.anid.cl/frontend.php/es/postulacion/descargar/hash/2a0a016401bb8c06b192dee97d0c7da8
1180996;Regular;2018;Resumen;https://post.anid.cl/frontend.php/es/postulacion/descargar/hash/8c5b664b6b0e8af3025e0eea6e074123
1180999;Regular;2018;Resumen;https://post.anid.cl/frontend.php/es/postulacion/descargar/hash/cb33a1ef44198d8fd1c362fda80b5f50
1181007;Regular;2018;Resumen;https://post.anid.cl/frontend.php/es/postulacion/descargar/hash/240fd116b116f0875860f33204bd9e10
1181009;Regular;2018;Resumen;https://post.anid.cl/frontend.php/es/postulacion/descargar/hash/640f9f82ebbef50490e67de380082c7b
1181015;Regular;2018;Resumen;https://post.anid.cl/frontend.php/es/postulacion/descargar/hash/4ab82d529cd5e118f4357b08228709e5
1181019;Regular;2018;Resumen;https://post.anid.cl/frontend.php/es/postulacion/descargar/hash/48c7601771efa5cfd66a4e388a62076f
1181031;Regular;2018;Resumen;https://post.anid.cl/frontend.php/es/postulacion/descargar/hash/0c18840cfa83b24c8c4c2872d4b9f07c
1181034;Regular;2018;Resumen;https://post.anid.cl/frontend.php/es/postulacion/descargar/hash/8cc82c4803728183fa80e75b644dc121
1181035;Regular;2018;Resumen;https://post.anid.cl/frontend.php/es/postulacion/descargar/hash/e623db1221f661ed748fd6967743661d
1181036;Regular;2018;Resumen;https://post.anid.cl/frontend.php/es/postulacion/descargar/hash/5f08e239761932a77286a1ea7edd5bf3
1181037;Regular;2018;Resumen;https://post.anid.cl/frontend.php/es/postulacion/descargar/hash/05ba210b2bd29673b4c3949763fa78a6
1181040;Regular;2018;Resumen;https://post.anid.cl/frontend.php/es/postulacion/descargar/hash/71ce47d21012a5c3397bee281518c465
1181041;Regular;2018;Resumen;https://post.anid.cl/frontend.php/es/postulacion/descargar/hash/c5ba2bfcd53c0709ccafbf691249b219
1181046;Regular;2018;Resumen;https://post.anid.cl/frontend.php/es/postulacion/descargar/hash/9da1851f07ee87ffac6f7293cb605a79
1181047;Regular;2018;Resumen;https://post.anid.cl/frontend.php/es/postulacion/descargar/hash/bf5501c9bab6f6e11fab18f744d74f41
1181050;Regular;2018;Resumen;https://post.anid.cl/frontend.php/es/postulacion/descargar/hash/0ef05baa3198eed18f77583dae59ac9c
1181057;Regular;2018;Resumen;https://post.anid.cl/frontend.php/es/postulacion/descargar/hash/51d9139c96ce6c81564947622f1db1e1
1181061;Regular;2018;Resumen;https://post.anid.cl/frontend.php/es/postulacion/descargar/hash/6f5343f0fe778359713e59c263a593f6
1181065;Regular;2018;Resumen;https://post.anid.cl/frontend.php/es/postulacion/descargar/hash/4b9f8eefb7e5a209b3bbbb6e3acb2909
1181066;Regular;2018;Resumen;https://post.anid.cl/frontend.php/es/postulacion/descargar/hash/595042d9c2bb4d6bb8cab8f43df1ee09
1181072;Regular;2018;Resumen;https://post.anid.cl/frontend.php/es/postulacion/descargar/hash/45bcc4953393748c9a6d72c4ec6f5fc8
1181076;Regular;2018;Resumen;https://post.anid.cl/frontend.php/es/postulacion/descargar/hash/4df19b5e2e127bd77cda0eb7755b3526
1181080;Regular;2018;Resumen;https://post.anid.cl/frontend.php/es/postulacion/descargar/hash/79eebeb05230de291e3c51ed9f503e2b
1181082;Regular;2018;Resumen;https://post.anid.cl/frontend.php/es/postulacion/descargar/hash/d005157985085d7052b959562debd8c0
1181084;Regular;2018;Resumen;https://post.anid.cl/frontend.php/es/postulacion/descargar/hash/e39a2aa34fca77cd4290ccb0039884d0
1181089;Regular;2018;Resumen;https://post.anid.cl/frontend.php/es/postulacion/descargar/hash/d3c20e71ae79c6df22cc602507a094b5
1181090;Regular;2018;Resumen;https://post.anid.cl/frontend.php/es/postulacion/descargar/hash/98fedd4124148f4946db741ad37ae736
1181093;Regular;2018;Resumen;https://post.anid.cl/frontend.php/es/postulacion/descargar/hash/ea04822395e26bc003ea5f8fb4edb75c
1181094;Regular;2018;Resumen;https://post.anid.cl/frontend.php/es/postulacion/descargar/hash/53052707db71328dd34d686bd7d975f2
1181095;Regular;2018;Resumen;https://post.anid.cl/frontend.php/es/postulacion/descargar/hash/66de4c5a1adb639087ad9afeb496a188
1181097;Regular;2018;Resumen;https://post.anid.cl/frontend.php/es/postulacion/descargar/hash/2cdb2925878037f85206ba30ae404d16
1181098;Regular;2018;Resumen;https://post.anid.cl/frontend.php/es/postulacion/descargar/hash/a909a185b4c41a86ec3d5ce9b22c75f7
1181110;Regular;2018;Resumen;https://post.anid.cl/frontend.php/es/postulacion/descargar/hash/594f4350f7fd57f6cf2b31d36996b447
1181114;Regular;2018;Resumen;https://post.anid.cl/frontend.php/es/postulacion/descargar/hash/59d08af6774d0dec264edc608259c45e
1181121;Regular;2018;Resumen;https://post.anid.cl/frontend.php/es/postulacion/descargar/hash/31a6b92f34166f4a7542c1342bb95548
1181125;Regular;2018;Resumen;https://post.anid.cl/frontend.php/es/postulacion/descargar/hash/48fa6500127ef3df1681c23d749d9885
1181133;Regular;2018;Resumen;https://post.anid.cl/frontend.php/es/postulacion/descargar/hash/c6fc3bc194968c7b7fb74568d4c5ac3f
1181136;Regular;2018;Resumen;https://post.anid.cl/frontend.php/es/postulacion/descargar/hash/9a615deffbb511ce01959a7f1ca503f3
1181139;Regular;2018;Resumen;https://post.anid.cl/frontend.php/es/postulacion/descargar/hash/67a825614e9f5d1138eb397ad356cae5
1181142;Regular;2018;Resumen;https://post.anid.cl/frontend.php/es/postulacion/descargar/hash/82bc1df203f6fe09b3f00ae9ef30af7c
1181147;Regular;2018;Resumen;https://post.anid.cl/frontend.php/es/postulacion/descargar/hash/2d2e54bc53c02e6ffb3e6bb499acee32
1181153;Regular;2018;Resumen;https://post.anid.cl/frontend.php/es/postulacion/descargar/hash/5a906eefa42c30b3aa1cf110d827022b
1181155;Regular;2018;Resumen;https://post.anid.cl/frontend.php/es/postulacion/descargar/hash/89f2f2348ac3621bc7bfda37fc2e7ef4
1181158;Regular;2018;Resumen;https://post.anid.cl/frontend.php/es/postulacion/descargar/hash/9431b692f94684bb76797a0a1af6b04e
1181159;Regular;2018;Resumen;https://post.anid.cl/frontend.php/es/postulacion/descargar/hash/b6704d64880af34be6ba3fb83f1230bf
1181162;Regular;2018;Resumen;https://post.anid.cl/frontend.php/es/postulacion/descargar/hash/351123cee2b9b71497ae6ea63e5f534b
1181165;Regular;2018;Resumen;https://post.anid.cl/frontend.php/es/postulacion/descargar/hash/20ad6babe229cf9fd3aca29ed8039520
1181167;Regular;2018;Resumen;https://post.anid.cl/frontend.php/es/postulacion/descargar/hash/385ac0f0a7b0a7c368897d568b6bf159
1181168;Regular;2018;Resumen;https://post.anid.cl/frontend.php/es/postulacion/descargar/hash/211de98e718409afbbd26491d691e7dd
1181179;Regular;2018;Resumen;https://post.anid.cl/frontend.php/es/postulacion/descargar/hash/d7bc03a68a90d7f5db3b55a77ed3fa83
1181180;Regular;2018;Resumen;https://post.anid.cl/frontend.php/es/postulacion/descargar/hash/25fec5b0815cef95ac17dfec3db5fe6f
1181182;Regular;2018;Resumen;https://post.anid.cl/frontend.php/es/postulacion/descargar/hash/421d4bfb134aa5d5965630f4bcd1683b
1181183;Regular;2018;Resumen;https://post.anid.cl/frontend.php/es/postulacion/descargar/hash/3ff68f409221f38ed2291f64220cb497
1181192;Regular;2018;Resumen;https://post.anid.cl/frontend.php/es/postulacion/descargar/hash/b19369c1790c3ae8e9672dac69553845
1181194;Regular;2018;Resumen;https://post.anid.cl/frontend.php/es/postulacion/descargar/hash/86318bb5e41a4a9b843f9b4ed85aa215
1181198;Regular;2018;Resumen;https://post.anid.cl/frontend.php/es/postulacion/descargar/hash/aa29e29734f7cc5105fe57438c7ce8e8
1181201;Regular;2018;Resumen;https://post.anid.cl/frontend.php/es/postulacion/descargar/hash/3b298f7858d34756733234fb39cdb19c
1181212;Regular;2018;Resumen;https://post.anid.cl/frontend.php/es/postulacion/descargar/hash/977e94a00296261d2be231f6b8cefd3b
1181214;Regular;2018;Resumen;https://post.anid.cl/frontend.php/es/postulacion/descargar/hash/58852b5672e57fccc9ab51aae75c5f37
1181218;Regular;2018;Resumen;https://post.anid.cl/frontend.php/es/postulacion/descargar/hash/5c6563bb87bef65a10e963e710689006
1181222;Regular;2018;Resumen;https://post.anid.cl/frontend.php/es/postulacion/descargar/hash/071e639796c37c988cf93867c273bc25
1181226;Regular;2018;Resumen;https://post.anid.cl/frontend.php/es/postulacion/descargar/hash/9eff23a11f59f95f9c93295c077c0831
1181238;Regular;2018;Resumen;https://post.anid.cl/frontend.php/es/postulacion/descargar/hash/0990f479716cfdcce157c4686acd351f
1181239;Regular;2018;Resumen;https://post.anid.cl/frontend.php/es/postulacion/descargar/hash/958c50bd18fad5b1fb9ee969eba7ad1f
1181240;Regular;2018;Resumen;https://post.anid.cl/frontend.php/es/postulacion/descargar/hash/2db53cd4c38c28cdeef57b054ecfd4c5
1181243;Regular;2018;Resumen;https://post.anid.cl/frontend.php/es/postulacion/descargar/hash/2cc867fd8afd643d76923b956f74add9
1181251;Regular;2018;Resumen;https://post.anid.cl/frontend.php/es/postulacion/descargar/hash/9718daf9f0a83b9d9d7b6de623de7e32
1181253;Regular;2018;Resumen;https://post.anid.cl/frontend.php/es/postulacion/descargar/hash/bd8b9a7855f77808603b0caf9db538da
1181256;Regular;2018;Resumen;https://post.anid.cl/frontend.php/es/postulacion/descargar/hash/d59aaf72ebdd423b586d0b73203abe01
1181260;Regular;2018;Resumen;https://post.anid.cl/frontend.php/es/postulacion/descargar/hash/ed7d2db47ed0bb772c546522a66ad34b
1181261;Regular;2018;Resumen;https://post.anid.cl/frontend.php/es/postulacion/descargar/hash/b13c58ec21b5dc3f8dc25b9869cc3e98
1181263;Regular;2018;Resumen;https://post.anid.cl/frontend.php/es/postulacion/descargar/hash/60f0408fe6c4d1fe8afd8e6c3a078690
1181264;Regular;2018;Resumen;https://post.anid.cl/frontend.php/es/postulacion/descargar/hash/09280eb324938777d5e9f7a1faf663f2
1181265;Regular;2018;Resumen;https://post.anid.cl/frontend.php/es/postulacion/descargar/hash/1f75082f9ad617e2fb5dfece985bb858
1181270;Regular;2018;Resumen;https://post.anid.cl/frontend.php/es/postulacion/descargar/hash/5fdc1471c9ef9b0211dffa3e48ecb549
1181271;Regular;2018;Resumen;https://post.anid.cl/frontend.php/es/postulacion/descargar/hash/f0335f856067d25bcf8e67248c9a8caa
1181282;Regular;2018;Resumen;https://post.anid.cl/frontend.php/es/postulacion/descargar/hash/2eed5839eadfc7a35429d3a7cd812803
1181290;Regular;2018;Resumen;https://post.anid.cl/frontend.php/es/postulacion/descargar/hash/911e201c1746d9a8193774dd6f11b753
1181295;Regular;2018;Resumen;https://post.anid.cl/frontend.php/es/postulacion/descargar/hash/f54ce59271282d0839f996ca8f744bd0
1181300;Regular;2018;Resumen;https://post.anid.cl/frontend.php/es/postulacion/descargar/hash/68a7e02986a7236cd95ecba46a169442
1181302;Regular;2018;Resumen;https://post.anid.cl/frontend.php/es/postulacion/descargar/hash/b6ca52c83601d0b09ad0be1cf248ab78
1181310;Regular;2018;Resumen;https://post.anid.cl/frontend.php/es/postulacion/descargar/hash/3d339815288add05a57d8a5a5beed17d
1181314;Regular;2018;Resumen;https://post.anid.cl/frontend.php/es/postulacion/descargar/hash/5e0cf69bb28d4cee680dd4782cd03a1f
1181316;Regular;2018;Resumen;https://post.anid.cl/frontend.php/es/postulacion/descargar/hash/2527c4ad7ff66a2b4bcefb094f5a8c79
1181322;Regular;2018;Resumen;https://post.anid.cl/frontend.php/es/postulacion/descargar/hash/38d65a54d1092fcc3a5b265ec31bb163
1181326;Regular;2018;Resumen;https://post.anid.cl/frontend.php/es/postulacion/descargar/hash/67c227cab28002dc221edcb3cd3aafaf
1181329;Regular;2018;Resumen;https://post.anid.cl/frontend.php/es/postulacion/descargar/hash/d9e019db2a57bf371d03fc61916c4bb9
1181333;Regular;2018;Resumen;https://post.anid.cl/frontend.php/es/postulacion/descargar/hash/5eb97f1e603765f40079eaf456a7195c
1181341;Regular;2018;Resumen;https://post.anid.cl/frontend.php/es/postulacion/descargar/hash/53570e1610d3ff76e3090a5e2ac28ead
1181355;Regular;2018;Resumen;https://post.anid.cl/frontend.php/es/postulacion/descargar/hash/caf1a9e82d5490cba3b2aa41e99947d9
1181356;Regular;2018;Resumen;https://post.anid.cl/frontend.php/es/postulacion/descargar/hash/a6b4defbe3c5a06dd6d65b338e7905cc
1181358;Regular;2018;Resumen;https://post.anid.cl/frontend.php/es/postulacion/descargar/hash/d2062854bf40e474bf3e3ab2969e3797
1181361;Regular;2018;Resumen;https://post.anid.cl/frontend.php/es/postulacion/descargar/hash/48922b674f4dcb2e166831d2acb8c055
1181365;Regular;2018;Resumen;https://post.anid.cl/frontend.php/es/postulacion/descargar/hash/c1efe86ba80ca2e8c205f6ebd8f202d8
1181368;Regular;2018;Resumen;https://post.anid.cl/frontend.php/es/postulacion/descargar/hash/4989feb5c6af7306b8c8c4d96bc6dc55
1181370;Regular;2018;Resumen;https://post.anid.cl/frontend.php/es/postulacion/descargar/hash/df78a372a0d60d090d189ee447c4202f
1181374;Regular;2018;Resumen;https://post.anid.cl/frontend.php/es/postulacion/descargar/hash/bcfb0f0941448676a6fa223c15cbc558
1181382;Regular;2018;Resumen;https://post.anid.cl/frontend.php/es/postulacion/descargar/hash/85309a87310ca97abf1b3f60bfb24daf
1181386;Regular;2018;Resumen;https://post.anid.cl/frontend.php/es/postulacion/descargar/hash/04896dd62aec7cb635164a536d1659d4
1181390;Regular;2018;Resumen;https://post.anid.cl/frontend.php/es/postulacion/descargar/hash/2b1f3549f1734fedc5fcc058bb4c1eab
1181391;Regular;2018;Resumen;https://post.anid.cl/frontend.php/es/postulacion/descargar/hash/39f7e6f8e2d919d94f867a54a23c5e6a
1181392;Regular;2018;Resumen;https://post.anid.cl/frontend.php/es/postulacion/descargar/hash/e1a536c0ff687c7ac97c274fd15b406c
1181404;Regular;2018;Resumen;https://post.anid.cl/frontend.php/es/postulacion/descargar/hash/95cea16e655abac6d0ab9f3b3fa15d77
1181408;Regular;2018;Resumen;https://post.anid.cl/frontend.php/es/postulacion/descargar/hash/0bb5107e586269444e92ef2e561a27ee
1181414;Regular;2018;Resumen;https://post.anid.cl/frontend.php/es/postulacion/descargar/hash/918d90d131c09aca9aedaa0ee142618d
1181429;Regular;2018;Resumen;https://post.anid.cl/frontend.php/es/postulacion/descargar/hash/a3e5a02c381daed963a32440e0fdfe5a
1181438;Regular;2018;Resumen;https://post.anid.cl/frontend.php/es/postulacion/descargar/hash/4a02585433797b1c22514b33a7110ea8
1181451;Regular;2018;Resumen;https://post.anid.cl/frontend.php/es/postulacion/descargar/hash/bea957a52f8a432054031f4bcb6a6e30
1181453;Regular;2018;Resumen;https://post.anid.cl/frontend.php/es/postulacion/descargar/hash/749982afb5496de52c6dc31f247cc084
1181456;Regular;2018;Resumen;https://post.anid.cl/frontend.php/es/postulacion/descargar/hash/e0190739bb1bf0d0221ada21735a5c6e
1181460;Regular;2018;Resumen;https://post.anid.cl/frontend.php/es/postulacion/descargar/hash/94b61e0ef8f594353a3821f7dbc4d8bc
1181466;Regular;2018;Resumen;https://post.anid.cl/frontend.php/es/postulacion/descargar/hash/9470ed72f0a4658e24f0c1d15f1fe62e
1181472;Regular;2018;Resumen;https://post.anid.cl/frontend.php/es/postulacion/descargar/hash/c3bc18a779f1893e61aa921a897269a2
1181479;Regular;2018;Resumen;https://post.anid.cl/frontend.php/es/postulacion/descargar/hash/816edb9e2ff9e88ffab7d8038f13721b
1181493;Regular;2018;Resumen;https://post.anid.cl/frontend.php/es/postulacion/descargar/hash/617e502286eacf5a0a3364ef8376281a
1181496;Regular;2018;Resumen;https://post.anid.cl/frontend.php/es/postulacion/descargar/hash/ad1a48ba58aa6c39bdb3a5f10367d8e2
1181499;Regular;2018;Resumen;https://post.anid.cl/frontend.php/es/postulacion/descargar/hash/5c85e9be3a116667a4dd3f899c5d2b59
1181503;Regular;2018;Resumen;https://post.anid.cl/frontend.php/es/postulacion/descargar/hash/61fde12576265f132e7160f7b4d54897
1181504;Regular;2018;Resumen;https://post.anid.cl/frontend.php/es/postulacion/descargar/hash/93d6b6b9d3358d832eae06117ba00b0a
1181506;Regular;2018;Resumen;https://post.anid.cl/frontend.php/es/postulacion/descargar/hash/26344446420ad884c8ab588d9ed3ecd6
1181510;Regular;2018;Resumen;https://post.anid.cl/frontend.php/es/postulacion/descargar/hash/d8f7e0fa4f3f176fa725fbd738010ad5
1181511;Regular;2018;Resumen;https://post.anid.cl/frontend.php/es/postulacion/descargar/hash/3b9d0aac4967fc85440a1205d42390c8
1181513;Regular;2018;Resumen;https://post.anid.cl/frontend.php/es/postulacion/descargar/hash/16f2804dd8d95dc7fe2cc79a8aa52ada
1181515;Regular;2018;Resumen;https://post.anid.cl/frontend.php/es/postulacion/descargar/hash/eca83944412ff41c877dd3b6a5fb42d2
1181517;Regular;2018;Resumen;https://post.anid.cl/frontend.php/es/postulacion/descargar/hash/5f8b23e744737da2cd42d8647dec0735
1181525;Regular;2018;Resumen;https://post.anid.cl/frontend.php/es/postulacion/descargar/hash/43f1a77bf17056c192d597242084fba5
1181527;Regular;2018;Resumen;https://post.anid.cl/frontend.php/es/postulacion/descargar/hash/83b4218dd6d5040ee4fb1e19ef1eed74
1181531;Regular;2018;Resumen;https://post.anid.cl/frontend.php/es/postulacion/descargar/hash/d2a127b17912a7bd9754f428f4cbbc09
1181532;Regular;2018;Resumen;https://post.anid.cl/frontend.php/es/postulacion/descargar/hash/43c260b852020f1ca6458148d86a9a21
1181533;Regular;2018;Resumen;https://post.anid.cl/frontend.php/es/postulacion/descargar/hash/3f52e0962ef46459a31314b546aef4b9
1181540;Regular;2018;Resumen;https://post.anid.cl/frontend.php/es/postulacion/descargar/hash/c5fd9e42ad85340a5ed8fd8b41d5818a
1181548;Regular;2018;Resumen;https://post.anid.cl/frontend.php/es/postulacion/descargar/hash/7f7ca738834e6773da9f5bd90c107c80
1181558;Regular;2018;Resumen;https://post.anid.cl/frontend.php/es/postulacion/descargar/hash/4ae2e031c97d5d67b0d1a86fc6d330d2
1181572;Regular;2018;Resumen;https://post.anid.cl/frontend.php/es/postulacion/descargar/hash/a9680248a6a1943884eb658ada20b028
1181573;Regular;2018;Resumen;https://post.anid.cl/frontend.php/es/postulacion/descargar/hash/e9d12dd99cbcfd33c7246bbebc75e7aa
1181574;Regular;2018;Resumen;https://post.anid.cl/frontend.php/es/postulacion/descargar/hash/651c61446a576d64d4b1c8ad5f5e9073
1181575;Regular;2018;Resumen;https://post.anid.cl/frontend.php/es/postulacion/descargar/hash/c205dc39dc6ca27c5c3a69975d5f91fa
1181582;Regular;2018;Resumen;https://post.anid.cl/frontend.php/es/postulacion/descargar/hash/cbfeb5e86adcbd3e02c5fbd88992df98
1181585;Regular;2018;Resumen;https://post.anid.cl/frontend.php/es/postulacion/descargar/hash/2cfa92ec9cf0d79d10da5ddcc0810a05
1181592;Regular;2018;Resumen;https://post.anid.cl/frontend.php/es/postulacion/descargar/hash/51d7349b833ab7dcfef8415ca7930597
1181593;Regular;2018;Resumen;https://post.anid.cl/frontend.php/es/postulacion/descargar/hash/dacae899318330e40a023a9934f8951c
1181598;Regular;2018;Resumen;https://post.anid.cl/frontend.php/es/postulacion/descargar/hash/7528ef988aeed3e21bb7e7c0288fdfb4
1181600;Regular;2018;Resumen;https://post.anid.cl/frontend.php/es/postulacion/descargar/hash/cd6d08e9c8430cb8444ee5f8bdfcae59
1181609;Regular;2018;Resumen;https://post.anid.cl/frontend.php/es/postulacion/descargar/hash/1b540f357ca75634a7b7f94a1af7bc9e
1181610;Regular;2018;Resumen;https://post.anid.cl/frontend.php/es/postulacion/descargar/hash/e1edbaa3784450fbf612b27e98230e01
1181614;Regular;2018;Resumen;https://post.anid.cl/frontend.php/es/postulacion/descargar/hash/a9e7997a9c3ee5326fe16857b6813a75
1181620;Regular;2018;Resumen;https://post.anid.cl/frontend.php/es/postulacion/descargar/hash/56bd26275cfebc3623951ca44c71e9e0
1181621;Regular;2018;Resumen;https://post.anid.cl/frontend.php/es/postulacion/descargar/hash/2d504bfb32c2a2130f05ecb2f2cef6ac
1181622;Regular;2018;Resumen;https://post.anid.cl/frontend.php/es/postulacion/descargar/hash/91193db37480ad8d70a81bd15931d9ac
1181627;Regular;2018;Resumen;https://post.anid.cl/frontend.php/es/postulacion/descargar/hash/25f6834966343c22e718763e7e031a58
1181628;Regular;2018;Resumen;https://post.anid.cl/frontend.php/es/postulacion/descargar/hash/173b3b2355e72d312c147364b38e6cd2
1181638;Regular;2018;Resumen;https://post.anid.cl/frontend.php/es/postulacion/descargar/hash/f7e7925d25a59de82bc16d9425bf854a
1181645;Regular;2018;Resumen;https://post.anid.cl/frontend.php/es/postulacion/descargar/hash/44f1624ef3c92955464cc569dfe23efa
1181648;Regular;2018;Resumen;https://post.anid.cl/frontend.php/es/postulacion/descargar/hash/0a0d82bb873aa8b6ea22372b9e96edf5
1181656;Regular;2018;Resumen;https://post.anid.cl/frontend.php/es/postulacion/descargar/hash/d8c8343311431f1f65cdd3d4c3dd928d
1181659;Regular;2018;Resumen;https://post.anid.cl/frontend.php/es/postulacion/descargar/hash/4accc7fcc8c4fec2912ba6fff13ddcc4
1181662;Regular;2018;Resumen;https://post.anid.cl/frontend.php/es/postulacion/descargar/hash/9192085a00f14b37541d13f5d866583e
1181663;Regular;2018;Resumen;https://post.anid.cl/frontend.php/es/postulacion/descargar/hash/943f7a32544db93033b127a63201ceb3
1181677;Regular;2018;Resumen;https://post.anid.cl/frontend.php/es/postulacion/descargar/hash/f9363de53ddebe3270ab29431a9460b4
1181681;Regular;2018;Resumen;https://post.anid.cl/frontend.php/es/postulacion/descargar/hash/b1050c484ec2faf957fdb564d0974a8e
1181682;Regular;2018;Resumen;https://post.anid.cl/frontend.php/es/postulacion/descargar/hash/b2b2f083c0f60e5e44e1de7fd698c12b
1181686;Regular;2018;Resumen;https://post.anid.cl/frontend.php/es/postulacion/descargar/hash/36e26567f5adda3f2a1c6a5b17445c3a
1181688;Regular;2018;Resumen;https://post.anid.cl/frontend.php/es/postulacion/descargar/hash/3e58c6b71773d312797e81f5c9ef0021
1181689;Regular;2018;Resumen;https://post.anid.cl/frontend.php/es/postulacion/descargar/hash/44cdd056195b3dc7128e28dc8ff05025
1181694;Regular;2018;Resumen;https://post.anid.cl/frontend.php/es/postulacion/descargar/hash/ad0294c47b9fe003ab7fad517ce6e860
1181695;Regular;2018;Resumen;https://post.anid.cl/frontend.php/es/postulacion/descargar/hash/b60dba93950d5523a19ef9e734a66e1c
1181697;Regular;2018;Resumen;https://post.anid.cl/frontend.php/es/postulacion/descargar/hash/e92d2dc04fd444a37fc5c08e94546293
1181699;Regular;2018;Resumen;https://post.anid.cl/frontend.php/es/postulacion/descargar/hash/9e74b046399c69413c5a234be88a880f
1181703;Regular;2018;Resumen;https://post.anid.cl/frontend.php/es/postulacion/descargar/hash/f002d6b0ec74d47efc757baa01696665
1181708;Regular;2018;Resumen;https://post.anid.cl/frontend.php/es/postulacion/descargar/hash/e647335e3eff0520c8c0415692d56cf3
1181713;Regular;2018;Resumen;https://post.anid.cl/frontend.php/es/postulacion/descargar/hash/6b390e6d79d501a303236e1933789738
1181717;Regular;2018;Resumen;https://post.anid.cl/frontend.php/es/postulacion/descargar/hash/7f1315505350985a97a2db5afe1230ed
1181719;Regular;2018;Resumen;https://post.anid.cl/frontend.php/es/postulacion/descargar/hash/5c8f40132330dde9d08b3a490f9dfe00
1181724;Regular;2018;Resumen;https://post.anid.cl/frontend.php/es/postulacion/descargar/hash/fe6fa055a02673c94eed2c8215d63812
1181734;Regular;2018;Resumen;https://post.anid.cl/frontend.php/es/postulacion/descargar/hash/31fbfab5d4d905cee2a0b5a51270059b
1181739;Regular;2018;Resumen;https://post.anid.cl/frontend.php/es/postulacion/descargar/hash/27ad23b8bb380635029b5ccd9bb53be3
1181743;Regular;2018;Resumen;https://post.anid.cl/frontend.php/es/postulacion/descargar/hash/17e8b1252c460ad245d7452b2f50c21c
1181745;Regular;2018;Resumen;https://post.anid.cl/frontend.php/es/postulacion/descargar/hash/49a4368b880a92563c681af727958c58
1181748;Regular;2018;Resumen;https://post.anid.cl/frontend.php/es/postulacion/descargar/hash/a2dc5bf7c8683b1570ba8989526a6292
1181750;Regular;2018;Resumen;https://post.anid.cl/frontend.php/es/postulacion/descargar/hash/3dc30299a69153a6e22c0b225dab6ede
1181751;Regular;2018;Resumen;https://post.anid.cl/frontend.php/es/postulacion/descargar/hash/e80826ad404b3acb9d1b627836aa831d
1181754;Regular;2018;Resumen;https://post.anid.cl/frontend.php/es/postulacion/descargar/hash/127e310c220df89a619a5fb5b46d7136
1181758;Regular;2018;Resumen;https://post.anid.cl/frontend.php/es/postulacion/descargar/hash/ae453ae1ba7e8c2f0c546b8183ac7488
1181764;Regular;2018;Resumen;https://post.anid.cl/frontend.php/es/postulacion/descargar/hash/f8cd918b686931e748560bd7c67d7e73
1181770;Regular;2018;Resumen;https://post.anid.cl/frontend.php/es/postulacion/descargar/hash/db41473539c2bc505b82128d8cfdeb35
1181772;Regular;2018;Resumen;https://post.anid.cl/frontend.php/es/postulacion/descargar/hash/df4f34cf108b7d5d127cabd507aba455
1181773;Regular;2018;Resumen;https://post.anid.cl/frontend.php/es/postulacion/descargar/hash/0888c3225339c875552b6dbd6e375658
1181774;Regular;2018;Resumen;https://post.anid.cl/frontend.php/es/postulacion/descargar/hash/4f5df4eab107ad3750eaadf74b7acc55
1181780;Regular;2018;Resumen;https://post.anid.cl/frontend.php/es/postulacion/descargar/hash/25d25f60d8a43ebe5b98cac6c71096f4
1181781;Regular;2018;Resumen;https://post.anid.cl/frontend.php/es/postulacion/descargar/hash/e4121a6fb4e2eb200a853676009f8537
1181782;Regular;2018;Resumen;https://post.anid.cl/frontend.php/es/postulacion/descargar/hash/0fd089269a16d0f0cb0ee5e65d0e0cc8
1181787;Regular;2018;Resumen;https://post.anid.cl/frontend.php/es/postulacion/descargar/hash/b882e822f07e778958ce4af09da7e1e9
1181792;Regular;2018;Resumen;https://post.anid.cl/frontend.php/es/postulacion/descargar/hash/06aaed28c719e00607f9bdfd7c95b977
1181797;Regular;2018;Resumen;https://post.anid.cl/frontend.php/es/postulacion/descargar/hash/adf848694f976df738718fd1b7860f9b
1181798;Regular;2018;Resumen;https://post.anid.cl/frontend.php/es/postulacion/descargar/hash/a2a33c2355b6dcb5d33dbcc338d9c113
1181799;Regular;2018;Resumen;https://post.anid.cl/frontend.php/es/postulacion/descargar/hash/46aec12a364537c72c8734d11e285971
1181801;Regular;2018;Resumen;https://post.anid.cl/frontend.php/es/postulacion/descargar/hash/0ff5900d3f060ff57f56c63e42c80be0
1181809;Regular;2018;Resumen;https://post.anid.cl/frontend.php/es/postulacion/descargar/hash/a96587038a19be9e9e2b7887233916b8
1181812;Regular;2018;Resumen;https://post.anid.cl/frontend.php/es/postulacion/descargar/hash/4fedd243631fd10a271421a15aac7d8d
1181814;Regular;2018;Resumen;https://post.anid.cl/frontend.php/es/postulacion/descargar/hash/fae06b8c7095d4ed568631895858cd10
1181823;Regular;2018;Resumen;https://post.anid.cl/frontend.php/es/postulacion/descargar/hash/ae7385a64e807940743621fead5d0b73
1181825;Regular;2018;Resumen;https://post.anid.cl/frontend.php/es/postulacion/descargar/hash/dfc19e6df69ccdd4a611b32ac107c48b
1181829;Regular;2018;Resumen;https://post.anid.cl/frontend.php/es/postulacion/descargar/hash/0fdaa9218daf220be1d32e28405132de
1181834;Regular;2018;Resumen;https://post.anid.cl/frontend.php/es/postulacion/descargar/hash/437b95e0c98b7501dde810c0e26b03bb
1181839;Regular;2018;Resumen;https://post.anid.cl/frontend.php/es/postulacion/descargar/hash/b6f17cac20e4a2f93a9ca087b92aacb4
1181840;Regular;2018;Resumen;https://post.anid.cl/frontend.php/es/postulacion/descargar/hash/1944bc5476a8e99fdd9c855d650e3914
1181844;Regular;2018;Resumen;https://post.anid.cl/frontend.php/es/postulacion/descargar/hash/324ecf766452b9dc16a720aeb5f85071
1181853;Regular;2018;Resumen;https://post.anid.cl/frontend.php/es/postulacion/descargar/hash/49b279da83e06b6ad50fe8ec97d7f847
1181857;Regular;2018;Resumen;https://post.anid.cl/frontend.php/es/postulacion/descargar/hash/93c609ad0fb578081ba13f458b9400bb
1181858;Regular;2018;Resumen;https://post.anid.cl/frontend.php/es/postulacion/descargar/hash/597ed83d8b73883ef4e7ecdf91b5409f
1181859;Regular;2018;Resumen;https://post.anid.cl/frontend.php/es/postulacion/descargar/hash/fe0eb8f884a93601d09e8ba67498ef0b
1181872;Regular;2018;Resumen;https://post.anid.cl/frontend.php/es/postulacion/descargar/hash/0f6b8013b5ebe37d987242b4f68a28b3
1181873;Regular;2018;Resumen;https://post.anid.cl/frontend.php/es/postulacion/descargar/hash/cc752817b7926145042f6e17508c311e
1181889;Regular;2018;Resumen;https://post.anid.cl/frontend.php/es/postulacion/descargar/hash/f94ca72c7921258e0bc7bd956adff7a5
1181896;Regular;2018;Resumen;https://post.anid.cl/frontend.php/es/postulacion/descargar/hash/9511a3262fbc502bee4e5cd42535cb90
1181901;Regular;2018;Resumen;https://post.anid.cl/frontend.php/es/postulacion/descargar/hash/e17d093c0ca9e400f22fd66782746b33
1181905;Regular;2018;Resumen;https://post.anid.cl/frontend.php/es/postulacion/descargar/hash/35f9fa9c72bbe1c32487a5dc054d1b6b
1181907;Regular;2018;Resumen;https://post.anid.cl/frontend.php/es/postulacion/descargar/hash/17b9735f0381696cb31f55744f3398cc
1181914;Regular;2018;Resumen;https://post.anid.cl/frontend.php/es/postulacion/descargar/hash/a3ff2dafbb8c63979ac0b3930b8d0835
1181915;Regular;2018;Resumen;https://post.anid.cl/frontend.php/es/postulacion/descargar/hash/38d37e1364f73acd1ef8157a06abe5f0
1181925;Regular;2018;Resumen;https://post.anid.cl/frontend.php/es/postulacion/descargar/hash/7189e0802f722f9771fb14c12f7b7a18
1181928;Regular;2018;Resumen;https://post.anid.cl/frontend.php/es/postulacion/descargar/hash/f8da779f29e27e1be1264904e742e676
1181930;Regular;2018;Resumen;https://post.anid.cl/frontend.php/es/postulacion/descargar/hash/ab1f8d55a0a169d2328daac833242a85
1181939;Regular;2018;Resumen;https://post.anid.cl/frontend.php/es/postulacion/descargar/hash/955bb6b41417d3d28891ae7a3da86a30
1181943;Regular;2018;Resumen;https://post.anid.cl/frontend.php/es/postulacion/descargar/hash/f88224a1bb5eca153a43ea6828b28f52
1181954;Regular;2018;Resumen;https://post.anid.cl/frontend.php/es/postulacion/descargar/hash/5e2a386439e22d1a76a7e85048f93ff9
1181955;Regular;2018;Resumen;https://post.anid.cl/frontend.php/es/postulacion/descargar/hash/7043722062829d1e9291d8a62a321484
1181956;Regular;2018;Resumen;https://post.anid.cl/frontend.php/es/postulacion/descargar/hash/088669056a60f53f1d99a57919dc00cd
1181957;Regular;2018;Resumen;https://post.anid.cl/frontend.php/es/postulacion/descargar/hash/0ad1425f375927571b680d885ef730d4
1181960;Regular;2018;Resumen;https://post.anid.cl/frontend.php/es/postulacion/descargar/hash/ccd7665e1159e0dbeb17e544582639b7
1190001;Regular;2019;Resumen;https://post.anid.cl/frontend.php/es/postulacion/descargar/hash/f5798d8d1b86330a165013295bd13b81
1190005;Regular;2019;Resumen;https://post.anid.cl/frontend.php/es/postulacion/descargar/hash/d190ca2519f2320cf7343e8c448de730
1190006;Regular;2019;Resumen;https://post.anid.cl/frontend.php/es/postulacion/descargar/hash/18ef00a3c2504300555662ea14ac0c8e
1190007;Regular;2019;Resumen;https://post.anid.cl/frontend.php/es/postulacion/descargar/hash/aecb3e67d84a4da71a94ecc3c96c86cd
1190009;Regular;2019;Resumen;https://post.anid.cl/frontend.php/es/postulacion/descargar/hash/84ec95a1a0f758436e283b236d9f4089
1190011;Regular;2019;Resumen;https://post.anid.cl/frontend.php/es/postulacion/descargar/hash/591b317daaff8ad4818fe8231fcd60bb
1190012;Regular;2019;Resumen;https://post.anid.cl/frontend.php/es/postulacion/descargar/hash/fd92c4c30102b1666c04bd68bffecbdc
1190013;Regular;2019;Resumen;https://post.anid.cl/frontend.php/es/postulacion/descargar/hash/dbdcaa996f816e9de37c2dc21d093901
1190014;Regular;2019;Resumen;https://post.anid.cl/frontend.php/es/postulacion/descargar/hash/c2f07a49de5d593b249fcd355cff947d
1190016;Regular;2019;Resumen;https://post.anid.cl/frontend.php/es/postulacion/descargar/hash/84cb89733bdb7cfee3df01c9d581089d
1190017;Regular;2019;Resumen;https://post.anid.cl/frontend.php/es/postulacion/descargar/hash/b999adf003e35330b55cf8b5300c13b8
1190018;Regular;2019;Resumen;https://post.anid.cl/frontend.php/es/postulacion/descargar/hash/095ef2b7466b12123e017d12202c28c2
1190020;Regular;2019;Resumen;https://post.anid.cl/frontend.php/es/postulacion/descargar/hash/e18fd51f5eedfec88ca9afa9738430b3
1190021;Regular;2019;Resumen;https://post.anid.cl/frontend.php/es/postulacion/descargar/hash/25e9ed85abe4bc05b021b29efbc1bbc1
1190025;Regular;2019;Resumen;https://post.anid.cl/frontend.php/es/postulacion/descargar/hash/38beacc14a49d4c38c3b0bad39ed9f4a
1190027;Regular;2019;Resumen;https://post.anid.cl/frontend.php/es/postulacion/descargar/hash/d20765fa4445cb50e3f66c607a245054
1190028;Regular;2019;Resumen;https://post.anid.cl/frontend.php/es/postulacion/descargar/hash/90a0fa4cced15639ad75feb85bc53d75
1190029;Regular;2019;Resumen;https://post.anid.cl/frontend.php/es/postulacion/descargar/hash/2a0527c040db61178220a770e97ebd36
1190030;Regular;2019;Resumen;https://post.anid.cl/frontend.php/es/postulacion/descargar/hash/79a0023cbdc0ed3e23637bab89071668
1190034;Regular;2019;Resumen;https://post.anid.cl/frontend.php/es/postulacion/descargar/hash/3a6627aaf354636b2d83c9a5c29716f2
1190035;Regular;2019;Resumen;https://post.anid.cl/frontend.php/es/postulacion/descargar/hash/9cbde825f6f831b3abf4e5d7ad99403d
1190036;Regular;2019;Resumen;https://post.anid.cl/frontend.php/es/postulacion/descargar/hash/4b0ae9e74c3ac97e22ad3c60637ecd5b
1190038;Regular;2019;Resumen;https://post.anid.cl/frontend.php/es/postulacion/descargar/hash/6e3361d4d72e3ba4728a6e3522d3b70c
1190043;Regular;2019;Resumen;https://post.anid.cl/frontend.php/es/postulacion/descargar/hash/f153fc55db1b7ab2b162b5372ffe2c01
1190045;Regular;2019;Resumen;https://post.anid.cl/frontend.php/es/postulacion/descargar/hash/f2a50e3cac164dde27d39b6e6dd4bf02
1190053;Regular;2019;Resumen;https://post.anid.cl/frontend.php/es/postulacion/descargar/hash/a52400cd2abe13d7bc132bfaafaa890c
1190056;Regular;2019;Resumen;https://post.anid.cl/frontend.php/es/postulacion/descargar/hash/057bb7fb74a95b4c5545b853588f9863
1190057;Regular;2019;Resumen;https://post.anid.cl/frontend.php/es/postulacion/descargar/hash/5c5b97e2230ba2871e85d0aa0b67bf50
1190058;Regular;2019;Resumen;https://post.anid.cl/frontend.php/es/postulacion/descargar/hash/306f6ff9fc523aa11ea8db95fcc07d1f
1190059;Regular;2019;Resumen;https://post.anid.cl/frontend.php/es/postulacion/descargar/hash/fc8fbfcfb5f665e05fb5180bf88d0d77
1190063;Regular;2019;Resumen;https://post.anid.cl/frontend.php/es/postulacion/descargar/hash/c1c60440232500ea4eb26057b9bc2632
1190064;Regular;2019;Resumen;https://post.anid.cl/frontend.php/es/postulacion/descargar/hash/0d8f3f591299b4d41f949307f5c2ba97
1190066;Regular;2019;Resumen;https://post.anid.cl/frontend.php/es/postulacion/descargar/hash/200d8acacc2f5e33c91750f0165d8378
1190070;Regular;2019;Resumen;https://post.anid.cl/frontend.php/es/postulacion/descargar/hash/fa2d8efbef4062a3c6bec8205005a509
1190072;Regular;2019;Resumen;https://post.anid.cl/frontend.php/es/postulacion/descargar/hash/319a8babc929ffa29217f4491827d41e
1190074;Regular;2019;Resumen;https://post.anid.cl/frontend.php/es/postulacion/descargar/hash/7b978c98a3b30d7cccc392a9753ab129
1190080;Regular;2019;Resumen;https://post.anid.cl/frontend.php/es/postulacion/descargar/hash/ecf67fef5472026bef3bce047a2208ab
1190083;Regular;2019;Resumen;https://post.anid.cl/frontend.php/es/postulacion/descargar/hash/8160a660f94733796c75276052cbe19f
1190086;Regular;2019;Resumen;https://post.anid.cl/frontend.php/es/postulacion/descargar/hash/1794ab257a52a05e2d6a0db9232bf0e0
1190091;Regular;2019;Resumen;https://post.anid.cl/frontend.php/es/postulacion/descargar/hash/9c985513db9e53920538e103f2333afc
1190094;Regular;2019;Resumen;https://post.anid.cl/frontend.php/es/postulacion/descargar/hash/458f4ee823c9405800b54a57f9bee1e6
1190099;Regular;2019;Resumen;https://post.anid.cl/frontend.php/es/postulacion/descargar/hash/427b15b7bdf78c7c4d56392cfa2ce413
1190100;Regular;2019;Resumen;https://post.anid.cl/frontend.php/es/postulacion/descargar/hash/7643a89122742c06cb5a6e7ac868ceed
1190101;Regular;2019;Resumen;https://post.anid.cl/frontend.php/es/postulacion/descargar/hash/db202d805d59748eb7e37b7bed53a495
1190102;Regular;2019;Resumen;https://post.anid.cl/frontend.php/es/postulacion/descargar/hash/1d4f85cc1f1c73510809409cbc46af19
1190104;Regular;2019;Resumen;https://post.anid.cl/frontend.php/es/postulacion/descargar/hash/3dae22330278508bb425e43d90603615
1190105;Regular;2019;Resumen;https://post.anid.cl/frontend.php/es/postulacion/descargar/hash/a5085bde59f149b8cccfabb81c87a322
1190107;Regular;2019;Resumen;https://post.anid.cl/frontend.php/es/postulacion/descargar/hash/b37b79fd15204b266f627b2109cf313d
1190109;Regular;2019;Resumen;https://post.anid.cl/frontend.php/es/postulacion/descargar/hash/f7f6bc6113fbe2adc640afa15df04423
1190110;Regular;2019;Resumen;https://post.anid.cl/frontend.php/es/postulacion/descargar/hash/0d584c3eb0e6a3257ad813877a99f3eb
1190111;Regular;2019;Resumen;https://post.anid.cl/frontend.php/es/postulacion/descargar/hash/21eb307f1ba417fd82b93679a7ab3f84
1190113;Regular;2019;Resumen;https://post.anid.cl/frontend.php/es/postulacion/descargar/hash/c159b19c953658893b1a8ee80e45edb1
1190119;Regular;2019;Resumen;https://post.anid.cl/frontend.php/es/postulacion/descargar/hash/6f1d5317aadc23ea56e16827b6077d3c
1190129;Regular;2019;Resumen;https://post.anid.cl/frontend.php/es/postulacion/descargar/hash/9599cfaa5dd9fc69ec9f510f46c1a36b
1190133;Regular;2019;Resumen;https://post.anid.cl/frontend.php/es/postulacion/descargar/hash/35d2f0825693ce68fc0a478bc91c1c98
1190134;Regular;2019;Resumen;https://post.anid.cl/frontend.php/es/postulacion/descargar/hash/7179166976a03d6baa9bca58277a27c9
1190142;Regular;2019;Resumen;https://post.anid.cl/frontend.php/es/postulacion/descargar/hash/23c9d7266d1d9e9b3a6ad211da01887f
1190144;Regular;2019;Resumen;https://post.anid.cl/frontend.php/es/postulacion/descargar/hash/6e888eeacc0bb8a48fc5703954ddd432
1190150;Regular;2019;Resumen;https://post.anid.cl/frontend.php/es/postulacion/descargar/hash/ab92b5cf8e1243142b079c07d41cf2bc
1190156;Regular;2019;Resumen;https://post.anid.cl/frontend.php/es/postulacion/descargar/hash/79cf4708db7fb2ec7101c2fd93d9306e
1190162;Regular;2019;Resumen;https://post.anid.cl/frontend.php/es/postulacion/descargar/hash/f5fc2029868ed72f521a30fd617c76c7
1190173;Regular;2019;Resumen;https://post.anid.cl/frontend.php/es/postulacion/descargar/hash/66ffb435cbba9b59418664f05adba9e8
1190178;Regular;2019;Resumen;https://post.anid.cl/frontend.php/es/postulacion/descargar/hash/f4a5e1b7e06a4a182e9c4e17ac0b514f
1190182;Regular;2019;Resumen;https://post.anid.cl/frontend.php/es/postulacion/descargar/hash/9f0323c8bd604f56732f0cdb1f6dea20
1190186;Regular;2019;Resumen;https://post.anid.cl/frontend.php/es/postulacion/descargar/hash/d14228bbbac6e8fdb079fce2f8ec2d49
1190191;Regular;2019;Resumen;https://post.anid.cl/frontend.php/es/postulacion/descargar/hash/393000c01de876fe52adc4bf260110d1
1190192;Regular;2019;Resumen;https://post.anid.cl/frontend.php/es/postulacion/descargar/hash/ca56e820464cb582dd76d1865b054009
1190194;Regular;2019;Resumen;https://post.anid.cl/frontend.php/es/postulacion/descargar/hash/795c7ba6d1eccb597e53a1472a4d83ec
1190196;Regular;2019;Resumen;https://post.anid.cl/frontend.php/es/postulacion/descargar/hash/dbf5d4521e3147d25811cedfa62f3360
1190197;Regular;2019;Resumen;https://post.anid.cl/frontend.php/es/postulacion/descargar/hash/a823889231f6ac15593c8cb08c88404c
1190199;Regular;2019;Resumen;https://post.anid.cl/frontend.php/es/postulacion/descargar/hash/a29da60b17476d28ebac9bd76c85d1bf
1190200;Regular;2019;Resumen;https://post.anid.cl/frontend.php/es/postulacion/descargar/hash/cac4a4b072b5ce48444509e8db54f1b7
1190203;Regular;2019;Resumen;https://post.anid.cl/frontend.php/es/postulacion/descargar/hash/87ad348b4d993901d9c1dead710c0abd
1190204;Regular;2019;Resumen;https://post.anid.cl/frontend.php/es/postulacion/descargar/hash/887f8d31f317fc92cc48371abec5f2e1
1190206;Regular;2019;Resumen;https://post.anid.cl/frontend.php/es/postulacion/descargar/hash/eb9d99312c4d991d09fecda1d60b971b
1190207;Regular;2019;Resumen;https://post.anid.cl/frontend.php/es/postulacion/descargar/hash/e869324a0373e348196a2d1885b70fda
1190209;Regular;2019;Resumen;https://post.anid.cl/frontend.php/es/postulacion/descargar/hash/b82085f3dbb31e4306382feec9c8fb42
1190212;Regular;2019;Resumen;https://post.anid.cl/frontend.php/es/postulacion/descargar/hash/448903816531e94d1e48188f9c277fc3
1190217;Regular;2019;Resumen;https://post.anid.cl/frontend.php/es/postulacion/descargar/hash/217a94046329b21f9fb36e270b679043
1190226;Regular;2019;Resumen;https://post.anid.cl/frontend.php/es/postulacion/descargar/hash/a7f22ffd74225b71748a45e1b89314e1
1190228;Regular;2019;Resumen;https://post.anid.cl/frontend.php/es/postulacion/descargar/hash/670df663e78d3e91c2604f67649347af
1190230;Regular;2019;Resumen;https://post.anid.cl/frontend.php/es/postulacion/descargar/hash/0e3c0b05020ce54a64ebe7925ba4eddb
1190232;Regular;2019;Resumen;https://post.anid.cl/frontend.php/es/postulacion/descargar/hash/e265c01a22cc5491c68fefc9ae47c4fd
1190233;Regular;2019;Resumen;https://post.anid.cl/frontend.php/es/postulacion/descargar/hash/ec4387287bde088d05e6292645d179b8
1190240;Regular;2019;Resumen;https://post.anid.cl/frontend.php/es/postulacion/descargar/hash/1ef04939fd1752e8ce80ae829ad241c3
1190241;Regular;2019;Resumen;https://post.anid.cl/frontend.php/es/postulacion/descargar/hash/1565ce79eb96151376207f14db572ee5
1190246;Regular;2019;Resumen;https://post.anid.cl/frontend.php/es/postulacion/descargar/hash/c06891661bc81baf64f6e55316f95943
1190250;Regular;2019;Resumen;https://post.anid.cl/frontend.php/es/postulacion/descargar/hash/4d9c5440482c954b68376a7a3f955ea2
1190251;Regular;2019;Resumen;https://post.anid.cl/frontend.php/es/postulacion/descargar/hash/1f72a00d485a9e46235c14d056df31fa
1190253;Regular;2019;Resumen;https://post.anid.cl/frontend.php/es/postulacion/descargar/hash/4be4f5c5c3afefd94b321f91db008441
1190254;Regular;2019;Resumen;https://post.anid.cl/frontend.php/es/postulacion/descargar/hash/c640e129ee214bd56ac846b7326c22f5
1190255;Regular;2019;Resumen;https://post.anid.cl/frontend.php/es/postulacion/descargar/hash/3719dd7fd694b9479bf5a72f0dfda744
1190257;Regular;2019;Resumen;https://post.anid.cl/frontend.php/es/postulacion/descargar/hash/97f8571e8a5b94ef3cbb801b138c93bf
1190258;Regular;2019;Resumen;https://post.anid.cl/frontend.php/es/postulacion/descargar/hash/f3295908149dec39cd3129288e10f728
1190260;Regular;2019;Resumen;https://post.anid.cl/frontend.php/es/postulacion/descargar/hash/576002918ae53beb8c3f3009748589cf
1190263;Regular;2019;Resumen;https://post.anid.cl/frontend.php/es/postulacion/descargar/hash/e1382e639bd52cfeef9b1f44ba4f22c7
1190264;Regular;2019;Resumen;https://post.anid.cl/frontend.php/es/postulacion/descargar/hash/2f70e771c77c6e8f8e8c4c002d4a9483
1190265;Regular;2019;Resumen;https://post.anid.cl/frontend.php/es/postulacion/descargar/hash/9f1839f547b6a41df5cea17c174a44fe
1190270;Regular;2019;Resumen;https://post.anid.cl/frontend.php/es/postulacion/descargar/hash/f9117a719c2ff7b960105ed2e3cfbc40
1190275;Regular;2019;Resumen;https://post.anid.cl/frontend.php/es/postulacion/descargar/hash/df496d969a6aab536f442ad0766c2ea3
1190276;Regular;2019;Resumen;https://post.anid.cl/frontend.php/es/postulacion/descargar/hash/04e6b032031451abc30e126c367dcb22
1190279;Regular;2019;Resumen;https://post.anid.cl/frontend.php/es/postulacion/descargar/hash/3dfdebcccddfb5de684df929603f957d
1190282;Regular;2019;Resumen;https://post.anid.cl/frontend.php/es/postulacion/descargar/hash/ecd0e3fb12d05d50e725907d39a9912d
1190283;Regular;2019;Resumen;https://post.anid.cl/frontend.php/es/postulacion/descargar/hash/24a7e8c1040a36b14e82871456492683
1190286;Regular;2019;Resumen;https://post.anid.cl/frontend.php/es/postulacion/descargar/hash/baeb3798002b2158df0c12f33e49b2ef
1190301;Regular;2019;Resumen;https://post.anid.cl/frontend.php/es/postulacion/descargar/hash/090e3e0ff9a4747112a8d924a961466a
1190302;Regular;2019;Resumen;https://post.anid.cl/frontend.php/es/postulacion/descargar/hash/b5daa9ede957e9680f6eac91da7ce404
1190303;Regular;2019;Resumen;https://post.anid.cl/frontend.php/es/postulacion/descargar/hash/e816423a503f1aaa2d14f5639730acfa
1190305;Regular;2019;Resumen;https://post.anid.cl/frontend.php/es/postulacion/descargar/hash/0b3a5fe7bf4bf3a18d89bffd1a277cf9
1190307;Regular;2019;Resumen;https://post.anid.cl/frontend.php/es/postulacion/descargar/hash/ad588ab8d23995cfe741a29eabaea8c8
1190308;Regular;2019;Resumen;https://post.anid.cl/frontend.php/es/postulacion/descargar/hash/b2b562517e18b26a2edcc57b2e234797
1190314;Regular;2019;Resumen;https://post.anid.cl/frontend.php/es/postulacion/descargar/hash/0d47841013cd59ecbe99ce2b8fbf5923
1190316;Regular;2019;Resumen;https://post.anid.cl/frontend.php/es/postulacion/descargar/hash/21334f63d5c3159c26253339b0151d84
1190318;Regular;2019;Resumen;https://post.anid.cl/frontend.php/es/postulacion/descargar/hash/f795978c34e290c29c3c1abf0c2dcb5a
1190324;Regular;2019;Resumen;https://post.anid.cl/frontend.php/es/postulacion/descargar/hash/61fb9ffb1933e8cc019897d97d5b7eb4
1190325;Regular;2019;Resumen;https://post.anid.cl/frontend.php/es/postulacion/descargar/hash/23e3d7f990cb56e205bd8275666b4912
1190327;Regular;2019;Resumen;https://post.anid.cl/frontend.php/es/postulacion/descargar/hash/25d8a2d146c496f926c78664f56ef2ac
1190329;Regular;2019;Resumen;https://post.anid.cl/frontend.php/es/postulacion/descargar/hash/f5bc16ea0898068e90ab5d9c7a69841d
1190334;Regular;2019;Resumen;https://post.anid.cl/frontend.php/es/postulacion/descargar/hash/4fdb3e84dba3b7d056f8098c2a6a0410
1190335;Regular;2019;Resumen;https://post.anid.cl/frontend.php/es/postulacion/descargar/hash/19c511e1e3b87e44423c5fe88e6ed8a2
1190337;Regular;2019;Resumen;https://post.anid.cl/frontend.php/es/postulacion/descargar/hash/ce2cbad7803c6776de963c2e6cda4833
1190340;Regular;2019;Resumen;https://post.anid.cl/frontend.php/es/postulacion/descargar/hash/815919cc285b9257dee419d3104e5483
1190341;Regular;2019;Resumen;https://post.anid.cl/frontend.php/es/postulacion/descargar/hash/2f8fb250b073ef712ec6ee73dd0953f9
1190345;Regular;2019;Resumen;https://post.anid.cl/frontend.php/es/postulacion/descargar/hash/541f032a4f76180cd88c6add6fbee296
1190346;Regular;2019;Resumen;https://post.anid.cl/frontend.php/es/postulacion/descargar/hash/239946129c3e65a26078bc225d51d990
1190349;Regular;2019;Resumen;https://post.anid.cl/frontend.php/es/postulacion/descargar/hash/3b8dddde31d3d1ab9193299fdefc69f2
1190357;Regular;2019;Resumen;https://post.anid.cl/frontend.php/es/postulacion/descargar/hash/4c081f07cb68243025a6c4921ad13ab1
1190361;Regular;2019;Resumen;https://post.anid.cl/frontend.php/es/postulacion/descargar/hash/e018711c0fb90e5400d0e79367e39316
1190369;Regular;2019;Resumen;https://post.anid.cl/frontend.php/es/postulacion/descargar/hash/0c4062f6340d12e08afce72f91bde461
1190375;Regular;2019;Resumen;https://post.anid.cl/frontend.php/es/postulacion/descargar/hash/26078c076f27ce5c4e8a61fee19ac495
1190380;Regular;2019;Resumen;https://post.anid.cl/frontend.php/es/postulacion/descargar/hash/25f6af83aa1075b7fc4c9b32c6f6bf53
1190382;Regular;2019;Resumen;https://post.anid.cl/frontend.php/es/postulacion/descargar/hash/e96022a5cdd0c1688164ecfc41c71af3
1190388;Regular;2019;Resumen;https://post.anid.cl/frontend.php/es/postulacion/descargar/hash/40789a36768dd620cf1cf0bf44db554d
1190390;Regular;2019;Resumen;https://post.anid.cl/frontend.php/es/postulacion/descargar/hash/1a0b6d98631660aa89940c14c539f31c
1190392;Regular;2019;Resumen;https://post.anid.cl/frontend.php/es/postulacion/descargar/hash/7a540e3c24a1688c5f8c029d5c3b954c
1190398;Regular;2019;Resumen;https://post.anid.cl/frontend.php/es/postulacion/descargar/hash/e9c9b0edb627b9583f906b7edfe42fd5
1190406;Regular;2019;Resumen;https://post.anid.cl/frontend.php/es/postulacion/descargar/hash/4983495e7240f9a291963b45583bef74
1190411;Regular;2019;Resumen;https://post.anid.cl/frontend.php/es/postulacion/descargar/hash/6b334c3e77cfe0526aba9f2a4cb86861
1190412;Regular;2019;Resumen;https://post.anid.cl/frontend.php/es/postulacion/descargar/hash/16655b544faff76bde6744d68f391d3e
1190419;Regular;2019;Resumen;https://post.anid.cl/frontend.php/es/postulacion/descargar/hash/d4a40c45e3e8bd8ba12cbc19d3b6130e
1190423;Regular;2019;Resumen;https://post.anid.cl/frontend.php/es/postulacion/descargar/hash/f509e77fc0861c7b91736808cb1f458c
1190424;Regular;2019;Resumen;https://post.anid.cl/frontend.php/es/postulacion/descargar/hash/f1921216353d52ca401a39827d0995f8
1190430;Regular;2019;Resumen;https://post.anid.cl/frontend.php/es/postulacion/descargar/hash/30715b249cff87fc795f02017d9d0610
1190434;Regular;2019;Resumen;https://post.anid.cl/frontend.php/es/postulacion/descargar/hash/6eb7c3c5940c2bb797f8f013b5ddb8c9
1190436;Regular;2019;Resumen;https://post.anid.cl/frontend.php/es/postulacion/descargar/hash/ec950e3470786c2ed3284707acff250c
1190442;Regular;2019;Resumen;https://post.anid.cl/frontend.php/es/postulacion/descargar/hash/36dc8fbd24647db5c30af99cb3098641
1190444;Regular;2019;Resumen;https://post.anid.cl/frontend.php/es/postulacion/descargar/hash/90927aa3e393d2c184cea04b96592434
1190447;Regular;2019;Resumen;https://post.anid.cl/frontend.php/es/postulacion/descargar/hash/fc649e0f259046884837be94341fca65
1190456;Regular;2019;Resumen;https://post.anid.cl/frontend.php/es/postulacion/descargar/hash/3811c97cb191e945076cbcff02c5e228
1190460;Regular;2019;Resumen;https://post.anid.cl/frontend.php/es/postulacion/descargar/hash/51106f55f63410dffb95f45f8626c2b3
1190461;Regular;2019;Resumen;https://post.anid.cl/frontend.php/es/postulacion/descargar/hash/590340c7fe33355f3a9012cc003d869f
1190464;Regular;2019;Resumen;https://post.anid.cl/frontend.php/es/postulacion/descargar/hash/ca90d5306ae7d7f250650fccdcda3034
1190469;Regular;2019;Resumen;https://post.anid.cl/frontend.php/es/postulacion/descargar/hash/047319b0bc3a891dcc93cdc41925adee
1190472;Regular;2019;Resumen;https://post.anid.cl/frontend.php/es/postulacion/descargar/hash/f32096183ee3b03c7a1686324b46ef7c
1190477;Regular;2019;Resumen;https://post.anid.cl/frontend.php/es/postulacion/descargar/hash/d892397b82282f6612ed91ce925ad01e
1190481;Regular;2019;Resumen;https://post.anid.cl/frontend.php/es/postulacion/descargar/hash/aebc93a8c629a8d0ef3fb90c2b1c5336
1190483;Regular;2019;Resumen;https://post.anid.cl/frontend.php/es/postulacion/descargar/hash/bfe13fb124bc1fb7021aa43960f2c92b
1190485;Regular;2019;Resumen;https://post.anid.cl/frontend.php/es/postulacion/descargar/hash/72908c0be4cb13c19422b061a3ff87eb
1190486;Regular;2019;Resumen;https://post.anid.cl/frontend.php/es/postulacion/descargar/hash/09362126e2ab5f4545719fb245a6a2b3
1190489;Regular;2019;Resumen;https://post.anid.cl/frontend.php/es/postulacion/descargar/hash/7e8b01a12a07e9ba8faf316d738ae2aa
1190493;Regular;2019;Resumen;https://post.anid.cl/frontend.php/es/postulacion/descargar/hash/be236c73f430199103cfc355ed68fb4f
1190499;Regular;2019;Resumen;https://post.anid.cl/frontend.php/es/postulacion/descargar/hash/00b5bc25062b21ac4340fce8829cd3e6
1190513;Regular;2019;Resumen;https://post.anid.cl/frontend.php/es/postulacion/descargar/hash/d02701ed47f11af242ab37f8ed2df1c2
1190517;Regular;2019;Resumen;https://post.anid.cl/frontend.php/es/postulacion/descargar/hash/91d5c4f60cd9e0f60f6487a492874f76
1190518;Regular;2019;Resumen;https://post.anid.cl/frontend.php/es/postulacion/descargar/hash/9f9f7c5615e036aa871c2d8be94386bb
1190521;Regular;2019;Resumen;https://post.anid.cl/frontend.php/es/postulacion/descargar/hash/6ad7e531916a5a10d1893c55aac64359
1190523;Regular;2019;Resumen;https://post.anid.cl/frontend.php/es/postulacion/descargar/hash/af9b56feee39eacad7d4928017bb8fcd
1190525;Regular;2019;Resumen;https://post.anid.cl/frontend.php/es/postulacion/descargar/hash/cea4ee8969fbf5efbc1ff1e2410140b8
1190528;Regular;2019;Resumen;https://post.anid.cl/frontend.php/es/postulacion/descargar/hash/4fed83d7b85f9b55d39792419ee83749
1190529;Regular;2019;Resumen;https://post.anid.cl/frontend.php/es/postulacion/descargar/hash/251769ecf79f7158475c4a1d6a7736ed
1190532;Regular;2019;Resumen;https://post.anid.cl/frontend.php/es/postulacion/descargar/hash/4224ebe43fc052c54d8b54808e8f51d1
1190533;Regular;2019;Resumen;https://post.anid.cl/frontend.php/es/postulacion/descargar/hash/4305e111d963466ad9697c729e235ba0
1190538;Regular;2019;Resumen;https://post.anid.cl/frontend.php/es/postulacion/descargar/hash/7625ed8fddca085991e319e1a25917b2
1190540;Regular;2019;Resumen;https://post.anid.cl/frontend.php/es/postulacion/descargar/hash/53bfd3aeeb2d5465c914641b2dee2642
1190543;Regular;2019;Resumen;https://post.anid.cl/frontend.php/es/postulacion/descargar/hash/d4e8e4cbfe960ae39ee2a1210ef7a027
1190552;Regular;2019;Resumen;https://post.anid.cl/frontend.php/es/postulacion/descargar/hash/bee6d16db4ed9796c1a9802145733700
1190556;Regular;2019;Resumen;https://post.anid.cl/frontend.php/es/postulacion/descargar/hash/0949b26241b9e8433f25fd3fa1436a26
1190559;Regular;2019;Resumen;https://post.anid.cl/frontend.php/es/postulacion/descargar/hash/3b684ab162977de7b54a61e62502afd1
1190562;Regular;2019;Resumen;https://post.anid.cl/frontend.php/es/postulacion/descargar/hash/b8676718ab54bfd7fd21cf6ae895c58f
1190574;Regular;2019;Resumen;https://post.anid.cl/frontend.php/es/postulacion/descargar/hash/5b0dff50d35e2411cf924adc65fdba2a
1190577;Regular;2019;Resumen;https://post.anid.cl/frontend.php/es/postulacion/descargar/hash/c5346e6e1ebe180da546324c5f0764cf
1190578;Regular;2019;Resumen;https://post.anid.cl/frontend.php/es/postulacion/descargar/hash/61e2fdef80880803c139e4afb93a17c8
1190580;Regular;2019;Resumen;https://post.anid.cl/frontend.php/es/postulacion/descargar/hash/0a19a69b1976fb202c152dd5ce376e4b
1190585;Regular;2019;Resumen;https://post.anid.cl/frontend.php/es/postulacion/descargar/hash/e9e5ddf2dcef4e892653869ceb8a9cb3
1190591;Regular;2019;Resumen;https://post.anid.cl/frontend.php/es/postulacion/descargar/hash/e151cb3c2cae5e42b2246a1804f8ed04
1190597;Regular;2019;Resumen;https://post.anid.cl/frontend.php/es/postulacion/descargar/hash/17b7639207baeecda31059b6321d67e6
1190604;Regular;2019;Resumen;https://post.anid.cl/frontend.php/es/postulacion/descargar/hash/6915b4c885b707bd561dd34b1dc29138
1190607;Regular;2019;Resumen;https://post.anid.cl/frontend.php/es/postulacion/descargar/hash/8b0331c1e088b2efdb493c7837d4a34d
1190610;Regular;2019;Resumen;https://post.anid.cl/frontend.php/es/postulacion/descargar/hash/7cfa1fc4765e47fa9038665601bee56d
1190611;Regular;2019;Resumen;https://post.anid.cl/frontend.php/es/postulacion/descargar/hash/a01605cdbcda8b3544446571186e19ef
1190613;Regular;2019;Resumen;https://post.anid.cl/frontend.php/es/postulacion/descargar/hash/6083c6a4bd0eac8d1fa3831148cc6160
1190620;Regular;2019;Resumen;https://post.anid.cl/frontend.php/es/postulacion/descargar/hash/a37fb3457e1b4a1d935eba312af6b887
1190621;Regular;2019;Resumen;https://post.anid.cl/frontend.php/es/postulacion/descargar/hash/6cd90794d7979fe1803a21c8d365e8c4
1190623;Regular;2019;Resumen;https://post.anid.cl/frontend.php/es/postulacion/descargar/hash/c4bd6a6fcefea5aa4ccac936100b5eb3
1190627;Regular;2019;Resumen;https://post.anid.cl/frontend.php/es/postulacion/descargar/hash/463255d072216b1452694a66363185f7
1190629;Regular;2019;Resumen;https://post.anid.cl/frontend.php/es/postulacion/descargar/hash/f14d7e0108462dbdf2b8cbca371e47fd
1190634;Regular;2019;Resumen;https://post.anid.cl/frontend.php/es/postulacion/descargar/hash/5f9c74038e60d6fe2749c658c9412d46
1190639;Regular;2019;Resumen;https://post.anid.cl/frontend.php/es/postulacion/descargar/hash/9252eecffe6d14c12823ddd447e75ad3
1190641;Regular;2019;Resumen;https://post.anid.cl/frontend.php/es/postulacion/descargar/hash/32998f40af82d54020a7f7b06ca25e20
1190642;Regular;2019;Resumen;https://post.anid.cl/frontend.php/es/postulacion/descargar/hash/14ae80c16e744f05254b6278235a7aea
1190647;Regular;2019;Resumen;https://post.anid.cl/frontend.php/es/postulacion/descargar/hash/119082b954d26a448ce4cf0e807c4dc4
1190652;Regular;2019;Resumen;https://post.anid.cl/frontend.php/es/postulacion/descargar/hash/69d00e7f3aa337b0b177494c43c5902f
1190654;Regular;2019;Resumen;https://post.anid.cl/frontend.php/es/postulacion/descargar/hash/7f079f4589ceb3142d816a5c1b3b0f98
1190657;Regular;2019;Resumen;https://post.anid.cl/frontend.php/es/postulacion/descargar/hash/271a64ad3adffd6a2e8ceb3296c95625
1190662;Regular;2019;Resumen;https://post.anid.cl/frontend.php/es/postulacion/descargar/hash/3439ec8cf755d6b3f14bf641180d35d4
1190664;Regular;2019;Resumen;https://post.anid.cl/frontend.php/es/postulacion/descargar/hash/68f16ed5d8ac89bc866bc45a5d2aa2cb
1190676;Regular;2019;Resumen;https://post.anid.cl/frontend.php/es/postulacion/descargar/hash/594e1d1b1032068256fb66bb09e22455
1190677;Regular;2019;Resumen;https://post.anid.cl/frontend.php/es/postulacion/descargar/hash/b092281a88a0ae0c28944579ed05c4b1
1190684;Regular;2019;Resumen;https://post.anid.cl/frontend.php/es/postulacion/descargar/hash/320f938b893b9f2cd87619e1508fff77
1190689;Regular;2019;Resumen;https://post.anid.cl/frontend.php/es/postulacion/descargar/hash/b0023d403e2d602e91807abfaf06ffa9
1190690;Regular;2019;Resumen;https://post.anid.cl/frontend.php/es/postulacion/descargar/hash/52f008df3c96e33c135fd93092c80a7d
1190695;Regular;2019;Resumen;https://post.anid.cl/frontend.php/es/postulacion/descargar/hash/b70a8e423d959f4742669fc605d62c1a
1190697;Regular;2019;Resumen;https://post.anid.cl/frontend.php/es/postulacion/descargar/hash/a1f6ded64bf9b0815608951acf93dedb
1190701;Regular;2019;Resumen;https://post.anid.cl/frontend.php/es/postulacion/descargar/hash/6283c8c807437a9dace2a439f36dcf1f
1190702;Regular;2019;Resumen;https://post.anid.cl/frontend.php/es/postulacion/descargar/hash/f7d0f5e953051152687f5655daeb4335
1190703;Regular;2019;Resumen;https://post.anid.cl/frontend.php/es/postulacion/descargar/hash/94a1533fc2f01ac228a3d95762b21b86
1190709;Regular;2019;Resumen;https://post.anid.cl/frontend.php/es/postulacion/descargar/hash/7a40ff50271b9d567c08d2a2987e8894
1190710;Regular;2019;Resumen;https://post.anid.cl/frontend.php/es/postulacion/descargar/hash/66fc1944950b001b5481b07cabfe5fc3
1190711;Regular;2019;Resumen;https://post.anid.cl/frontend.php/es/postulacion/descargar/hash/98a872606f4e5c45e968164ff1661d22
1190712;Regular;2019;Resumen;https://post.anid.cl/frontend.php/es/postulacion/descargar/hash/49c131c3059e09432fa82d1ba6522bfd
1190717;Regular;2019;Resumen;https://post.anid.cl/frontend.php/es/postulacion/descargar/hash/5dfe80e103bdf65584b35b905f45d99b
1190720;Regular;2019;Resumen;https://post.anid.cl/frontend.php/es/postulacion/descargar/hash/8f7465435f43dad727edf387aadbeae3
1190721;Regular;2019;Resumen;https://post.anid.cl/frontend.php/es/postulacion/descargar/hash/cea3a52d9a218a1e28be581829b26efc
1190722;Regular;2019;Resumen;https://post.anid.cl/frontend.php/es/postulacion/descargar/hash/4aed768cdb9d05dba03a326a1e9569d0
1190723;Regular;2019;Resumen;https://post.anid.cl/frontend.php/es/postulacion/descargar/hash/d66a481bacfda7a57915d2918aafe920
1190724;Regular;2019;Resumen;https://post.anid.cl/frontend.php/es/postulacion/descargar/hash/e38150980a62fba8bd1f64d463caaf44
1190727;Regular;2019;Resumen;https://post.anid.cl/frontend.php/es/postulacion/descargar/hash/5b7ff646e06abd09cd0cbbd1cdd3d753
1190729;Regular;2019;Resumen;https://post.anid.cl/frontend.php/es/postulacion/descargar/hash/fa343874f9428d13b272494c65466854
1190734;Regular;2019;Resumen;https://post.anid.cl/frontend.php/es/postulacion/descargar/hash/7a30adaa27d9a8cb25ec447bff8d2e98
1190737;Regular;2019;Resumen;https://post.anid.cl/frontend.php/es/postulacion/descargar/hash/40fb3f2809ae803278042cae83269b01
1190742;Regular;2019;Resumen;https://post.anid.cl/frontend.php/es/postulacion/descargar/hash/002f700ff6d53b9e03cbaaa664438ecc
1190743;Regular;2019;Resumen;https://post.anid.cl/frontend.php/es/postulacion/descargar/hash/77a9a1dc816c2988ad5a62c1f913fc7d
1190745;Regular;2019;Resumen;https://post.anid.cl/frontend.php/es/postulacion/descargar/hash/53f7ac27403ecb63869d45b76a5cceee
1190748;Regular;2019;Resumen;https://post.anid.cl/frontend.php/es/postulacion/descargar/hash/69e30cae64fd90521f52a4097936bfd2
1190752;Regular;2019;Resumen;https://post.anid.cl/frontend.php/es/postulacion/descargar/hash/a172e961f57df5514e8062b4db78d719
1190756;Regular;2019;Resumen;https://post.anid.cl/frontend.php/es/postulacion/descargar/hash/b265e192dfed1c7e967a6257fe39d68d
1190758;Regular;2019;Resumen;https://post.anid.cl/frontend.php/es/postulacion/descargar/hash/3c241f1ef4fabc7b81072754b390f8f6
1190763;Regular;2019;Resumen;https://post.anid.cl/frontend.php/es/postulacion/descargar/hash/ebecf75cde2d630c71bd30e446749ca8
1190772;Regular;2019;Resumen;https://post.anid.cl/frontend.php/es/postulacion/descargar/hash/5e5f0748d17edd9c8906d0db8022a33e
1190775;Regular;2019;Resumen;https://post.anid.cl/frontend.php/es/postulacion/descargar/hash/8420f9f90468083d690e8f24ec580f31
1190777;Regular;2019;Resumen;https://post.anid.cl/frontend.php/es/postulacion/descargar/hash/ce2c48eaef2d35b308fb17f7ae1a6aac
1190781;Regular;2019;Resumen;https://post.anid.cl/frontend.php/es/postulacion/descargar/hash/bebdfb3895ca98a9e4f29e225d1b34d9
1190789;Regular;2019;Resumen;https://post.anid.cl/frontend.php/es/postulacion/descargar/hash/e4b52bc8cbcdf36c0024aa473bb924ed
1190792;Regular;2019;Resumen;https://post.anid.cl/frontend.php/es/postulacion/descargar/hash/57e13e6f983b35252e22c01108fbe1cb
1190797;Regular;2019;Resumen;https://post.anid.cl/frontend.php/es/postulacion/descargar/hash/18bf3802da74a0cd5296f7a6ce395b78
1190801;Regular;2019;Resumen;https://post.anid.cl/frontend.php/es/postulacion/descargar/hash/9519963c47968f2d39cc45920e7e9688
1190805;Regular;2019;Resumen;https://post.anid.cl/frontend.php/es/postulacion/descargar/hash/ff492af33fc014d5040eba68c46f0c2c
1190806;Regular;2019;Resumen;https://post.anid.cl/frontend.php/es/postulacion/descargar/hash/7c71e5411d45389e35980b5698001b29
1190812;Regular;2019;Resumen;https://post.anid.cl/frontend.php/es/postulacion/descargar/hash/a3089038bb39fb1ee737a862f2209221
1190816;Regular;2019;Resumen;https://post.anid.cl/frontend.php/es/postulacion/descargar/hash/b14a86523bd27497b8fdf97abbd2b682
1190817;Regular;2019;Resumen;https://post.anid.cl/frontend.php/es/postulacion/descargar/hash/9c2138436d5b65b99b348b12cb355e79
1190818;Regular;2019;Resumen;https://post.anid.cl/frontend.php/es/postulacion/descargar/hash/b6f64b179082fb81fdbc7f1191557188
1190822;Regular;2019;Resumen;https://post.anid.cl/frontend.php/es/postulacion/descargar/hash/a400393700ee2c7ccc545c12d9472d2b
1190830;Regular;2019;Resumen;https://post.anid.cl/frontend.php/es/postulacion/descargar/hash/cc4e413227b227d78ec9c786a88376ae
1190833;Regular;2019;Resumen;https://post.anid.cl/frontend.php/es/postulacion/descargar/hash/a80cd1333da9e295625e397123c85a54
1190834;Regular;2019;Resumen;https://post.anid.cl/frontend.php/es/postulacion/descargar/hash/efa0d1b20f2cb77131dc60c9748bae7a
1190835;Regular;2019;Resumen;https://post.anid.cl/frontend.php/es/postulacion/descargar/hash/6a0fa54463a218dd5081cd8b944ae834
1190842;Regular;2019;Resumen;https://post.anid.cl/frontend.php/es/postulacion/descargar/hash/d733069cc5e6c27c09a1e3cddddcf9cd
1190843;Regular;2019;Resumen;https://post.anid.cl/frontend.php/es/postulacion/descargar/hash/f3ce5ef59864f55c77495442f3711f42
1190844;Regular;2019;Resumen;https://post.anid.cl/frontend.php/es/postulacion/descargar/hash/7cdb3407a690b65f9f7234dc85a4189d
1190845;Regular;2019;Resumen;https://post.anid.cl/frontend.php/es/postulacion/descargar/hash/82ea0b1d554b3199eaed00921da5bff1
1190848;Regular;2019;Resumen;https://post.anid.cl/frontend.php/es/postulacion/descargar/hash/dddfa3138be241d8eefac7d07a08f0ea
1190850;Regular;2019;Resumen;https://post.anid.cl/frontend.php/es/postulacion/descargar/hash/9de4b16d76cb428fb22bdeb42c0dda28
1190855;Regular;2019;Resumen;https://post.anid.cl/frontend.php/es/postulacion/descargar/hash/889ec29c1f93b9944ab441b84881318e
1190856;Regular;2019;Resumen;https://post.anid.cl/frontend.php/es/postulacion/descargar/hash/e80f97b24fd01aa7adc4b40cb2a7cec2
1190857;Regular;2019;Resumen;https://post.anid.cl/frontend.php/es/postulacion/descargar/hash/9c05a7d68a433900a9cc39921c161ccd
1190864;Regular;2019;Resumen;https://post.anid.cl/frontend.php/es/postulacion/descargar/hash/6f6a0d10308a908d38ce8cad7019f0e0
1190866;Regular;2019;Resumen;https://post.anid.cl/frontend.php/es/postulacion/descargar/hash/2e8abfcae78c796418154fcaeeb1101c
1190871;Regular;2019;Resumen;https://post.anid.cl/frontend.php/es/postulacion/descargar/hash/37e65b67553afe278c5d623537015c63
1190874;Regular;2019;Resumen;https://post.anid.cl/frontend.php/es/postulacion/descargar/hash/0a16af031f934eecc2850bcabd45d35f
1190875;Regular;2019;Resumen;https://post.anid.cl/frontend.php/es/postulacion/descargar/hash/9fd02d50dbf1b643e1a7545d3634c075
1190879;Regular;2019;Resumen;https://post.anid.cl/frontend.php/es/postulacion/descargar/hash/4792179b1ae69bbc8d7d97b9f612a644
1190881;Regular;2019;Resumen;https://post.anid.cl/frontend.php/es/postulacion/descargar/hash/cb72b640e766b3b84f389a4f28fc8765
1190886;Regular;2019;Resumen;https://post.anid.cl/frontend.php/es/postulacion/descargar/hash/a66eb8769be2e263528b261e7710c892
1190891;Regular;2019;Resumen;https://post.anid.cl/frontend.php/es/postulacion/descargar/hash/7a1b6bd3dd4c72c76f962c1fd848a595
1190892;Regular;2019;Resumen;https://post.anid.cl/frontend.php/es/postulacion/descargar/hash/427f287da15610ebb52b97429fee3821
1190895;Regular;2019;Resumen;https://post.anid.cl/frontend.php/es/postulacion/descargar/hash/0f4d08fc9ed5572fec7e4979cc2653d1
1190899;Regular;2019;Resumen;https://post.anid.cl/frontend.php/es/postulacion/descargar/hash/3666cd466d4d831c2f159f3937db383d
1190900;Regular;2019;Resumen;https://post.anid.cl/frontend.php/es/postulacion/descargar/hash/0be9d8eebf3795828a84884a6d75db6d
1190901;Regular;2019;Resumen;https://post.anid.cl/frontend.php/es/postulacion/descargar/hash/92e1e5cbfae1c15fca61b6e2123b8f09
1190926;Regular;2019;Resumen;https://post.anid.cl/frontend.php/es/postulacion/descargar/hash/e6de8b90de1c5b97ea31e4e53538ff60
1190927;Regular;2019;Resumen;https://post.anid.cl/frontend.php/es/postulacion/descargar/hash/250d60dc626aa138497a1644d6ec5a94
1190928;Regular;2019;Resumen;https://post.anid.cl/frontend.php/es/postulacion/descargar/hash/384093e175e7caccb1aa2ac2f844694a
1190931;Regular;2019;Resumen;https://post.anid.cl/frontend.php/es/postulacion/descargar/hash/5cc1cffe1cadcbcc2c5d2d62c4d2f714
1190933;Regular;2019;Resumen;https://post.anid.cl/frontend.php/es/postulacion/descargar/hash/b1753b44298860ba516ceb491c4f6748
1190945;Regular;2019;Resumen;https://post.anid.cl/frontend.php/es/postulacion/descargar/hash/1f43aae46eaf87021f796a32d3396d22
1190954;Regular;2019;Resumen;https://post.anid.cl/frontend.php/es/postulacion/descargar/hash/fb60bbca34b0352e1b09d7a4d3d5712a
1190957;Regular;2019;Resumen;https://post.anid.cl/frontend.php/es/postulacion/descargar/hash/b4b76166bd83f758c668dd4bb60b73a2
1190958;Regular;2019;Resumen;https://post.anid.cl/frontend.php/es/postulacion/descargar/hash/19dfa16509eb6178a832294ce3ee277b
1190959;Regular;2019;Resumen;https://post.anid.cl/frontend.php/es/postulacion/descargar/hash/ceafc9a956b29d84a222876605c4037d
1190965;Regular;2019;Resumen;https://post.anid.cl/frontend.php/es/postulacion/descargar/hash/26c1243c6b310f59bf7da1495218689f
1190966;Regular;2019;Resumen;https://post.anid.cl/frontend.php/es/postulacion/descargar/hash/03a574bacc306fb3fb634b05b0bb05e8
1190967;Regular;2019;Resumen;https://post.anid.cl/frontend.php/es/postulacion/descargar/hash/41eb7f70afdf76e0b82d7a2525429e38
1190976;Regular;2019;Resumen;https://post.anid.cl/frontend.php/es/postulacion/descargar/hash/8d0b81c2f9640a384b8a48aab9918c9b
1190979;Regular;2019;Resumen;https://post.anid.cl/frontend.php/es/postulacion/descargar/hash/932a214c1d26122396bd5aaeddfeaa3f
1190980;Regular;2019;Resumen;https://post.anid.cl/frontend.php/es/postulacion/descargar/hash/a33e2dab15a48a3047140f7f9fc3db84
1190984;Regular;2019;Resumen;https://post.anid.cl/frontend.php/es/postulacion/descargar/hash/d69aaf0f5b11e0ba3801521b69113bf8
1190987;Regular;2019;Resumen;https://post.anid.cl/frontend.php/es/postulacion/descargar/hash/a26eb71a038d8a3460599556d6510bd1
1190990;Regular;2019;Resumen;https://post.anid.cl/frontend.php/es/postulacion/descargar/hash/7afb8b1034581db0d4555f1c1757bfd7
1190991;Regular;2019;Resumen;https://post.anid.cl/frontend.php/es/postulacion/descargar/hash/ee6e4f8c2137899db54456bace971f74
1190992;Regular;2019;Resumen;https://post.anid.cl/frontend.php/es/postulacion/descargar/hash/6d5128b42be88b77988b63e1ff0a69a0
1190995;Regular;2019;Resumen;https://post.anid.cl/frontend.php/es/postulacion/descargar/hash/db0d42e2b7f37169f20cd2f9e8ab7631
1190998;Regular;2019;Resumen;https://post.anid.cl/frontend.php/es/postulacion/descargar/hash/bddc5be71917d8bf051de8425bf069d9
1190999;Regular;2019;Resumen;https://post.anid.cl/frontend.php/es/postulacion/descargar/hash/f4758900d107a39ce21e825f5defa889
1191000;Regular;2019;Resumen;https://post.anid.cl/frontend.php/es/postulacion/descargar/hash/a22175a64c523f0b9e4b5152adc8ca44
1191003;Regular;2019;Resumen;https://post.anid.cl/frontend.php/es/postulacion/descargar/hash/36761ed2a42d1120a448163d33ecfc7b
1191006;Regular;2019;Resumen;https://post.anid.cl/frontend.php/es/postulacion/descargar/hash/7a2d5997c692134f390aa6cb599c90f1
1191010;Regular;2019;Resumen;https://post.anid.cl/frontend.php/es/postulacion/descargar/hash/d40baac73bcbca621d03eec7041d88c7
1191015;Regular;2019;Resumen;https://post.anid.cl/frontend.php/es/postulacion/descargar/hash/d62e32b93cd826e37b6f6616d7fd3bd3
1191016;Regular;2019;Resumen;https://post.anid.cl/frontend.php/es/postulacion/descargar/hash/4436d40f1b6773a12f6664aef60c9c3a
1191017;Regular;2019;Resumen;https://post.anid.cl/frontend.php/es/postulacion/descargar/hash/eef8c72117d493c101cd512958ad68ea
1191018;Regular;2019;Resumen;https://post.anid.cl/frontend.php/es/postulacion/descargar/hash/151cacf4a498d6711ce2a8f5ceac8174
1191019;Regular;2019;Resumen;https://post.anid.cl/frontend.php/es/postulacion/descargar/hash/9ed0d2af468e04022be7b270832ce084
1191021;Regular;2019;Resumen;https://post.anid.cl/frontend.php/es/postulacion/descargar/hash/497f4991c3b9d6a0a8505ffc54ac4a61
1191028;Regular;2019;Resumen;https://post.anid.cl/frontend.php/es/postulacion/descargar/hash/9d390cae4e754bd872ad502aad167129
1191038;Regular;2019;Resumen;https://post.anid.cl/frontend.php/es/postulacion/descargar/hash/7603e91f35dbf52f4975510f4b772d63
1191041;Regular;2019;Resumen;https://post.anid.cl/frontend.php/es/postulacion/descargar/hash/52bf77671db9061de1a519ba5639f7ca
1191045;Regular;2019;Resumen;https://post.anid.cl/frontend.php/es/postulacion/descargar/hash/62102ff46afe56396ec8c9a09083ab72
1191054;Regular;2019;Resumen;https://post.anid.cl/frontend.php/es/postulacion/descargar/hash/f0c919afb8d3e7ec1f35bf0f023b6fe7
1191057;Regular;2019;Resumen;https://post.anid.cl/frontend.php/es/postulacion/descargar/hash/aab3f7ae78a1a0fcf0694a386c98586e
1191064;Regular;2019;Resumen;https://post.anid.cl/frontend.php/es/postulacion/descargar/hash/df14fda82aedbacbd6d39fec1876e350
1191068;Regular;2019;Resumen;https://post.anid.cl/frontend.php/es/postulacion/descargar/hash/8bbedb6ae3239d2cae90a94e65b9da24
1191069;Regular;2019;Resumen;https://post.anid.cl/frontend.php/es/postulacion/descargar/hash/bc7dc4bf16a011ac4624065fa31f4c71
1191073;Regular;2019;Resumen;https://post.anid.cl/frontend.php/es/postulacion/descargar/hash/9cc1c4f84b60fe8d210299a8a133ac8c
1191074;Regular;2019;Resumen;https://post.anid.cl/frontend.php/es/postulacion/descargar/hash/a7f50cef139781eb43d2008e21605723
1191075;Regular;2019;Resumen;https://post.anid.cl/frontend.php/es/postulacion/descargar/hash/da0a4b045728c01a94331967e88e949c
1191078;Regular;2019;Resumen;https://post.anid.cl/frontend.php/es/postulacion/descargar/hash/6bf177c778b6bcc807d894024e4c7116
1191083;Regular;2019;Resumen;https://post.anid.cl/frontend.php/es/postulacion/descargar/hash/58621909a00bec64c70b33afed13d295
1191089;Regular;2019;Resumen;https://post.anid.cl/frontend.php/es/postulacion/descargar/hash/73233977b01eabf3065134bf755454a0
1191093;Regular;2019;Resumen;https://post.anid.cl/frontend.php/es/postulacion/descargar/hash/1c458081e48e06d2360e3dfba69ae4d7
1191103;Regular;2019;Resumen;https://post.anid.cl/frontend.php/es/postulacion/descargar/hash/ebd30d73c771775e559c656da0403b89
1191104;Regular;2019;Resumen;https://post.anid.cl/frontend.php/es/postulacion/descargar/hash/75d2396e0f38c194ee3a52a28b688ab1
1191114;Regular;2019;Resumen;https://post.anid.cl/frontend.php/es/postulacion/descargar/hash/ba90bba669795704393cc31dcfceecc7
1191118;Regular;2019;Resumen;https://post.anid.cl/frontend.php/es/postulacion/descargar/hash/8e36442e5e1e75b7c5965aea9fae90b4
1191124;Regular;2019;Resumen;https://post.anid.cl/frontend.php/es/postulacion/descargar/hash/381600885a61311efcb43cc3308a2cc1
1191126;Regular;2019;Resumen;https://post.anid.cl/frontend.php/es/postulacion/descargar/hash/86d383d552cb54edf995c93de63ce6e0
1191127;Regular;2019;Resumen;https://post.anid.cl/frontend.php/es/postulacion/descargar/hash/a47a4ce83ac810d031986b597cc2faa5
1191130;Regular;2019;Resumen;https://post.anid.cl/frontend.php/es/postulacion/descargar/hash/5bdbe3749105dbe70439516b86825b5b
1191131;Regular;2019;Resumen;https://post.anid.cl/frontend.php/es/postulacion/descargar/hash/7ef6da1002ee4f9c4f20858d60fc509f
1191133;Regular;2019;Resumen;https://post.anid.cl/frontend.php/es/postulacion/descargar/hash/77221b2684e6ab5341bec92fca883115
1191137;Regular;2019;Resumen;https://post.anid.cl/frontend.php/es/postulacion/descargar/hash/5b2f51432bfb2a2197227dee890b82d1
1191141;Regular;2019;Resumen;https://post.anid.cl/frontend.php/es/postulacion/descargar/hash/2bda0ac25311c997f5ff76afd9928cfe
1191145;Regular;2019;Resumen;https://post.anid.cl/frontend.php/es/postulacion/descargar/hash/0af80fff66020b014ad92072ca0bad7e
1191152;Regular;2019;Resumen;https://post.anid.cl/frontend.php/es/postulacion/descargar/hash/c0721ed012f0db9cf86a4346c2c84825
1191153;Regular;2019;Resumen;https://post.anid.cl/frontend.php/es/postulacion/descargar/hash/308561d64e5c689e9625bdb9b18e31ac
1191155;Regular;2019;Resumen;https://post.anid.cl/frontend.php/es/postulacion/descargar/hash/5c4b25508cf971e3d8bdbcf3e5ae3cb8
1191162;Regular;2019;Resumen;https://post.anid.cl/frontend.php/es/postulacion/descargar/hash/66acbaedfd86cb96dba6e249a5b3566a
1191165;Regular;2019;Resumen;https://post.anid.cl/frontend.php/es/postulacion/descargar/hash/2c004b4dc131a8f9c05f982a22f3396c
1191166;Regular;2019;Resumen;https://post.anid.cl/frontend.php/es/postulacion/descargar/hash/ae242a62170ff0963349a21d13a40969
1191172;Regular;2019;Resumen;https://post.anid.cl/frontend.php/es/postulacion/descargar/hash/1370ee47bb2ff2520c726079df8495f0
1191179;Regular;2019;Resumen;https://post.anid.cl/frontend.php/es/postulacion/descargar/hash/928fe075102ea016e3570dcbbd01162b
1191183;Regular;2019;Resumen;https://post.anid.cl/frontend.php/es/postulacion/descargar/hash/a48c1e16ea2e7df73fb2449a1ebb8a44
1191188;Regular;2019;Resumen;https://post.anid.cl/frontend.php/es/postulacion/descargar/hash/05c3d22946ca652870cfbad703bb8aa5
1191189;Regular;2019;Resumen;https://post.anid.cl/frontend.php/es/postulacion/descargar/hash/fd04f198faadb88d8d525351ddbe6e31
1191193;Regular;2019;Resumen;https://post.anid.cl/frontend.php/es/postulacion/descargar/hash/edf5282b782c21b3162033ace1638c79
1191194;Regular;2019;Resumen;https://post.anid.cl/frontend.php/es/postulacion/descargar/hash/b68dc5f2836e6cd1fccbb1ef1a28fdf2
1191196;Regular;2019;Resumen;https://post.anid.cl/frontend.php/es/postulacion/descargar/hash/54cef0ccde22cb1299603793542621e8
1191200;Regular;2019;Resumen;https://post.anid.cl/frontend.php/es/postulacion/descargar/hash/bdd4be57a7ce3892441cb35ffc5929ad
1191204;Regular;2019;Resumen;https://post.anid.cl/frontend.php/es/postulacion/descargar/hash/3b96ad164bebe9606582f0bec5eea49a
1191205;Regular;2019;Resumen;https://post.anid.cl/frontend.php/es/postulacion/descargar/hash/e251ac38890a75927a0cf5ec510e07c2
1191207;Regular;2019;Resumen;https://post.anid.cl/frontend.php/es/postulacion/descargar/hash/f738300e87f452890ee05b758dadc6c7
1191211;Regular;2019;Resumen;https://post.anid.cl/frontend.php/es/postulacion/descargar/hash/1b8abe77a3fc3ad7dca2b91105d60dc6
1191223;Regular;2019;Resumen;https://post.anid.cl/frontend.php/es/postulacion/descargar/hash/43211f8ecf177e348c873f8b456155e7
1191228;Regular;2019;Resumen;https://post.anid.cl/frontend.php/es/postulacion/descargar/hash/6b373c894d34dc17be9b6775f1c9c354
1191230;Regular;2019;Resumen;https://post.anid.cl/frontend.php/es/postulacion/descargar/hash/59a5420d22c64c3fded150fe3840b4cb
1191232;Regular;2019;Resumen;https://post.anid.cl/frontend.php/es/postulacion/descargar/hash/c5e28878eda65e7c7616dcdd6b627a81
1191239;Regular;2019;Resumen;https://post.anid.cl/frontend.php/es/postulacion/descargar/hash/3e0a6b68bd34067e9aad9e19b7b3d422
1191244;Regular;2019;Resumen;https://post.anid.cl/frontend.php/es/postulacion/descargar/hash/defa7066b03358df05744ee39c978f6d
1191256;Regular;2019;Resumen;https://post.anid.cl/frontend.php/es/postulacion/descargar/hash/f02e49c0b8be34b210d9f6a0342889e2
1191267;Regular;2019;Resumen;https://post.anid.cl/frontend.php/es/postulacion/descargar/hash/e1d35fd6397243967d440f9254b66e96
1191269;Regular;2019;Resumen;https://post.anid.cl/frontend.php/es/postulacion/descargar/hash/ab75a09ed35d76df1c6b5499236c5e79
1191274;Regular;2019;Resumen;https://post.anid.cl/frontend.php/es/postulacion/descargar/hash/3da6898d495b8511221a099081eb19d5
1191276;Regular;2019;Resumen;https://post.anid.cl/frontend.php/es/postulacion/descargar/hash/90619fec4e1de18e15e0d13359ab29c0
1191279;Regular;2019;Resumen;https://post.anid.cl/frontend.php/es/postulacion/descargar/hash/f4fbd72ff6afbe3e00f0cc1e556e6ec9
1191280;Regular;2019;Resumen;https://post.anid.cl/frontend.php/es/postulacion/descargar/hash/344b8b508547abdd337d393bd0937c2a
1191281;Regular;2019;Resumen;https://post.anid.cl/frontend.php/es/postulacion/descargar/hash/7f9762776dbb9a8023e6104802f754cd
1191282;Regular;2019;Resumen;https://post.anid.cl/frontend.php/es/postulacion/descargar/hash/a148c7bca4b7f2a2886f80263a4994ea
1191284;Regular;2019;Resumen;https://post.anid.cl/frontend.php/es/postulacion/descargar/hash/f1a69ec72100e1476b6b1f42e6302da8
1191295;Regular;2019;Resumen;https://post.anid.cl/frontend.php/es/postulacion/descargar/hash/a9b360696a6d8a171abab3183c4c7b1e
1191299;Regular;2019;Resumen;https://post.anid.cl/frontend.php/es/postulacion/descargar/hash/bda51564ef65cd031a53b4927a8efe34
1191300;Regular;2019;Resumen;https://post.anid.cl/frontend.php/es/postulacion/descargar/hash/e6a7b4226db9b362ed71071e5e05c8c0
1191302;Regular;2019;Resumen;https://post.anid.cl/frontend.php/es/postulacion/descargar/hash/2511d01aa2914c22383be08d6272872a
1191303;Regular;2019;Resumen;https://post.anid.cl/frontend.php/es/postulacion/descargar/hash/13bde921b616e561639b3b1a1794f1cf
1191311;Regular;2019;Resumen;https://post.anid.cl/frontend.php/es/postulacion/descargar/hash/b8d6e0238d142b34078b1a64d22bbced
1191315;Regular;2019;Resumen;https://post.anid.cl/frontend.php/es/postulacion/descargar/hash/819928f141e31280cde8e42d3093ac0e
1191317;Regular;2019;Resumen;https://post.anid.cl/frontend.php/es/postulacion/descargar/hash/4739219363a020b5a53f55dd33e7ec47
1191321;Regular;2019;Resumen;https://post.anid.cl/frontend.php/es/postulacion/descargar/hash/24bf590427c010f7b23449e0184704fa
1191329;Regular;2019;Resumen;https://post.anid.cl/frontend.php/es/postulacion/descargar/hash/239a520ec9f083ee4d068d7749b19404
1191330;Regular;2019;Resumen;https://post.anid.cl/frontend.php/es/postulacion/descargar/hash/70cccabb0368bf0188cd74b232dc25e3
1191336;Regular;2019;Resumen;https://post.anid.cl/frontend.php/es/postulacion/descargar/hash/7cabe71d36223257e2ce54157a3726ac
1191337;Regular;2019;Resumen;https://post.anid.cl/frontend.php/es/postulacion/descargar/hash/cb7dc39fec7e6c60aa1fe607a392ccd5
1191339;Regular;2019;Resumen;https://post.anid.cl/frontend.php/es/postulacion/descargar/hash/7ebb87553ab349a9aa9864afbd580f61
1191343;Regular;2019;Resumen;https://post.anid.cl/frontend.php/es/postulacion/descargar/hash/dcc213cba3440683e1dc92ce3da7ce3d
1191346;Regular;2019;Resumen;https://post.anid.cl/frontend.php/es/postulacion/descargar/hash/f7d96da15d115c4b9bbb1d4825131e86
1191347;Regular;2019;Resumen;https://post.anid.cl/frontend.php/es/postulacion/descargar/hash/ecdf8040ed29fc5e5a3a80cba98834bc
1191349;Regular;2019;Resumen;https://post.anid.cl/frontend.php/es/postulacion/descargar/hash/647e4e1e9b98c75583a868b009dfd26f
1191351;Regular;2019;Resumen;https://post.anid.cl/frontend.php/es/postulacion/descargar/hash/636d49da2b19dcdfbb93f1143c6933ea
1191353;Regular;2019;Resumen;https://post.anid.cl/frontend.php/es/postulacion/descargar/hash/595de2803650a5681d64963b1bef2548
1191359;Regular;2019;Resumen;https://post.anid.cl/frontend.php/es/postulacion/descargar/hash/315469d13dfe849c6714a312dd20c80b
1191360;Regular;2019;Resumen;https://post.anid.cl/frontend.php/es/postulacion/descargar/hash/6c9572d83dd173fe03f3abbac2f5f461
1191366;Regular;2019;Resumen;https://post.anid.cl/frontend.php/es/postulacion/descargar/hash/0e672b2b7a457ea10ac2db4cf421e989
1191369;Regular;2019;Resumen;https://post.anid.cl/frontend.php/es/postulacion/descargar/hash/ddc4a958c863e49f8b947a1477a50ce9
1191375;Regular;2019;Resumen;https://post.anid.cl/frontend.php/es/postulacion/descargar/hash/192e2817c81721f31c6788ecd492055e
1191376;Regular;2019;Resumen;https://post.anid.cl/frontend.php/es/postulacion/descargar/hash/a07af1f3f6177ef06c250b168c152959
1191377;Regular;2019;Resumen;https://post.anid.cl/frontend.php/es/postulacion/descargar/hash/687d6603048b50d176433d647229092f
1191382;Regular;2019;Resumen;https://post.anid.cl/frontend.php/es/postulacion/descargar/hash/229c0a86f25eb24999dea0caa7a7193f
1191389;Regular;2019;Resumen;https://post.anid.cl/frontend.php/es/postulacion/descargar/hash/322730c937d09fd42bcde48589981925
1191393;Regular;2019;Resumen;https://post.anid.cl/frontend.php/es/postulacion/descargar/hash/e160536a9600dcc23724843890f38745
1191411;Regular;2019;Resumen;https://post.anid.cl/frontend.php/es/postulacion/descargar/hash/539e317bc0b7a67e8dd647ae5079fcc0
1191412;Regular;2019;Resumen;https://post.anid.cl/frontend.php/es/postulacion/descargar/hash/510497f60f098ae52e2d3dc2e5dabacd
1191424;Regular;2019;Resumen;https://post.anid.cl/frontend.php/es/postulacion/descargar/hash/770d2db8586f62ab9a16df64316ecf1d
1191434;Regular;2019;Resumen;https://post.anid.cl/frontend.php/es/postulacion/descargar/hash/5eccc245f8c9c9dca894f059938a6525
1191435;Regular;2019;Resumen;https://post.anid.cl/frontend.php/es/postulacion/descargar/hash/fe3063a6073e7ad3330649d2411fb01b
1191438;Regular;2019;Resumen;https://post.anid.cl/frontend.php/es/postulacion/descargar/hash/cdd1ca839f26b305ba34896d78ca5974
1191440;Regular;2019;Resumen;https://post.anid.cl/frontend.php/es/postulacion/descargar/hash/10e0906e03560a296ed1e56ed82dbf6f
1191441;Regular;2019;Resumen;https://post.anid.cl/frontend.php/es/postulacion/descargar/hash/e0db9c5ae6c299e2056312580985e169
1191446;Regular;2019;Resumen;https://post.anid.cl/frontend.php/es/postulacion/descargar/hash/43cfca16db84aafb6b47ba85922b9322
1191452;Regular;2019;Resumen;https://post.anid.cl/frontend.php/es/postulacion/descargar/hash/31a0673ccc8a182588ae853fda56fb34
1191462;Regular;2019;Resumen;https://post.anid.cl/frontend.php/es/postulacion/descargar/hash/1708d277c2ceb02daf92ae44df0eb393
1191465;Regular;2019;Resumen;https://post.anid.cl/frontend.php/es/postulacion/descargar/hash/abea77f5cb845d6d8cefc6859bc607f1
1191467;Regular;2019;Resumen;https://post.anid.cl/frontend.php/es/postulacion/descargar/hash/03a89304ba28e2a59ce1ade5154a2c15
1191476;Regular;2019;Resumen;https://post.anid.cl/frontend.php/es/postulacion/descargar/hash/ca809b1231c5b3771cbd95f12c9eef3f
1191477;Regular;2019;Resumen;https://post.anid.cl/frontend.php/es/postulacion/descargar/hash/2bb40b1f530ddfe678889d25d489aa64
1191481;Regular;2019;Resumen;https://post.anid.cl/frontend.php/es/postulacion/descargar/hash/e4688a0836eb309928bc5dbfc7f6f651
1191490;Regular;2019;Resumen;https://post.anid.cl/frontend.php/es/postulacion/descargar/hash/821dce385f66cf6b5fede1ef8cd5c500
1191491;Regular;2019;Resumen;https://post.anid.cl/frontend.php/es/postulacion/descargar/hash/53291b182f534b64d5cd74b7c9109123
1191497;Regular;2019;Resumen;https://post.anid.cl/frontend.php/es/postulacion/descargar/hash/59126eb8cbc799029cfc2cfa2cfde776
1191505;Regular;2019;Resumen;https://post.anid.cl/frontend.php/es/postulacion/descargar/hash/fab9d789f3ef4b5f48f112fcee342e53
1191516;Regular;2019;Resumen;https://post.anid.cl/frontend.php/es/postulacion/descargar/hash/87718ab575ed0771fb670707b00f3d0f
1191518;Regular;2019;Resumen;https://post.anid.cl/frontend.php/es/postulacion/descargar/hash/a1d6f9be363055ed5514000e1839f76a
1191520;Regular;2019;Resumen;https://post.anid.cl/frontend.php/es/postulacion/descargar/hash/27da207f6ca895991e6d840eb3f82776
1191522;Regular;2019;Resumen;https://post.anid.cl/frontend.php/es/postulacion/descargar/hash/bfdb31fb528440b0d3226bbca79761bf
1191526;Regular;2019;Resumen;https://post.anid.cl/frontend.php/es/postulacion/descargar/hash/b61f202e5811c92bbc89804fd45971ed
1191528;Regular;2019;Resumen;https://post.anid.cl/frontend.php/es/postulacion/descargar/hash/d4ba621d4d891b7bef23f6aa59509ee5
1191531;Regular;2019;Resumen;https://post.anid.cl/frontend.php/es/postulacion/descargar/hash/200e1d8b32a1d21238209834eab0ca38
1191532;Regular;2019;Resumen;https://post.anid.cl/frontend.php/es/postulacion/descargar/hash/00b0c4b2a30fec4b8e01b592ae330a73
1191536;Regular;2019;Resumen;https://post.anid.cl/frontend.php/es/postulacion/descargar/hash/6c56f27d4b62b20b5dc6fa7d8290e175
1191538;Regular;2019;Resumen;https://post.anid.cl/frontend.php/es/postulacion/descargar/hash/af76ad5245f20cfc890cdd003f5b63a0
1191543;Regular;2019;Resumen;https://post.anid.cl/frontend.php/es/postulacion/descargar/hash/126cb5b52373968a59a112148b16974d
1191544;Regular;2019;Resumen;https://post.anid.cl/frontend.php/es/postulacion/descargar/hash/49ca3527d2534896903b5f68f95e2db5
1191551;Regular;2019;Resumen;https://post.anid.cl/frontend.php/es/postulacion/descargar/hash/d07866628d9ff0deb21a095e90c2eaa0
1191552;Regular;2019;Resumen;https://post.anid.cl/frontend.php/es/postulacion/descargar/hash/d699ce382ecf4c50382f2ba7a03ebb29
1191553;Regular;2019;Resumen;https://post.anid.cl/frontend.php/es/postulacion/descargar/hash/01bd3018511916a444e194506d7085f1
1191554;Regular;2019;Resumen;https://post.anid.cl/frontend.php/es/postulacion/descargar/hash/9304b415077b44277a0f83a765c0230e
1191555;Regular;2019;Resumen;https://post.anid.cl/frontend.php/es/postulacion/descargar/hash/3674d258ce51bb39adda827b05bfa55c
1191561;Regular;2019;Resumen;https://post.anid.cl/frontend.php/es/postulacion/descargar/hash/256fa055cf815308f1bafe952b314ea6
1191563;Regular;2019;Resumen;https://post.anid.cl/frontend.php/es/postulacion/descargar/hash/b56b6321cb2e1e017a3dac6d07a381eb
1191566;Regular;2019;Resumen;https://post.anid.cl/frontend.php/es/postulacion/descargar/hash/b7ff124e5675da9172d90c8146eee2ad
1191568;Regular;2019;Resumen;https://post.anid.cl/frontend.php/es/postulacion/descargar/hash/e0c594714605012064ada35a05888173
1191572;Regular;2019;Resumen;https://post.anid.cl/frontend.php/es/postulacion/descargar/hash/37584b81ef9ada58178fab89783bd033
1191585;Regular;2019;Resumen;https://post.anid.cl/frontend.php/es/postulacion/descargar/hash/0ed0e1a00c7832c8f3a81ee7d4d8bb57
1191589;Regular;2019;Resumen;https://post.anid.cl/frontend.php/es/postulacion/descargar/hash/5832350ce02ee756d0f27a1a046f9db5
1191593;Regular;2019;Resumen;https://post.anid.cl/frontend.php/es/postulacion/descargar/hash/ae8b5c32e3f6edbf50a40912fbb2924b
1191601;Regular;2019;Resumen;https://post.anid.cl/frontend.php/es/postulacion/descargar/hash/90e1e5b81cbc843de7a1ede3a80ac1cd
1191604;Regular;2019;Resumen;https://post.anid.cl/frontend.php/es/postulacion/descargar/hash/06917b129189ae9030ed7eb4b16d13b5
1191606;Regular;2019;Resumen;https://post.anid.cl/frontend.php/es/postulacion/descargar/hash/0c2dd4320eb54e54f9dbd4691dba31ec
1191610;Regular;2019;Resumen;https://post.anid.cl/frontend.php/es/postulacion/descargar/hash/9e107386d1b0bc62faee13dadd0bef97
1191619;Regular;2019;Resumen;https://post.anid.cl/frontend.php/es/postulacion/descargar/hash/254c670dfd45635f4ec72f69e6a03b58
1191620;Regular;2019;Resumen;https://post.anid.cl/frontend.php/es/postulacion/descargar/hash/5ce32760d4ffabcafc4504643fcc5226
1191624;Regular;2019;Resumen;https://post.anid.cl/frontend.php/es/postulacion/descargar/hash/f34bf59b2fde3e75ca315ab68598335d
1191634;Regular;2019;Resumen;https://post.anid.cl/frontend.php/es/postulacion/descargar/hash/826452fd3614b774f64c380f6ae95cf3
1191642;Regular;2019;Resumen;https://post.anid.cl/frontend.php/es/postulacion/descargar/hash/09fe7ae5fa57a421e8766492e6801d1d
1191645;Regular;2019;Resumen;https://post.anid.cl/frontend.php/es/postulacion/descargar/hash/f324d6a06e86307f476e1bf144ae9cdb
1191646;Regular;2019;Resumen;https://post.anid.cl/frontend.php/es/postulacion/descargar/hash/8a1b94a54e7e8881b2f4ffc76119867e
1191651;Regular;2019;Resumen;https://post.anid.cl/frontend.php/es/postulacion/descargar/hash/2f4968c8c1fe611be1a9fbbc7925769b
1191661;Regular;2019;Resumen;https://post.anid.cl/frontend.php/es/postulacion/descargar/hash/d09789fe3559df9eeae5f2233b6a1619
1191673;Regular;2019;Resumen;https://post.anid.cl/frontend.php/es/postulacion/descargar/hash/6f59149dc9074caf8f072512fd1a700f
1191675;Regular;2019;Resumen;https://post.anid.cl/frontend.php/es/postulacion/descargar/hash/1e3ea121d0c23c7727a150b981d72c5c
1191680;Regular;2019;Resumen;https://post.anid.cl/frontend.php/es/postulacion/descargar/hash/9aea15af1c69d8f70e2a924b15d04e50
1191682;Regular;2019;Resumen;https://post.anid.cl/frontend.php/es/postulacion/descargar/hash/a264d4e681e8291fa4e4aaccd01b5689
1191683;Regular;2019;Resumen;https://post.anid.cl/frontend.php/es/postulacion/descargar/hash/81a0e504171c82343a2403ddb151abc2
1191692;Regular;2019;Resumen;https://post.anid.cl/frontend.php/es/postulacion/descargar/hash/d0cd618e65104cde021573e046f9e63c
1191698;Regular;2019;Resumen;https://post.anid.cl/frontend.php/es/postulacion/descargar/hash/aa46be805df0c6ce318581af91450f24
1191705;Regular;2019;Resumen;https://post.anid.cl/frontend.php/es/postulacion/descargar/hash/36a370ddf2c87543102a4e9973441f6e
1191708;Regular;2019;Resumen;https://post.anid.cl/frontend.php/es/postulacion/descargar/hash/92210de9c6883a12739e2ecf869bbd33
1191709;Regular;2019;Resumen;https://post.anid.cl/frontend.php/es/postulacion/descargar/hash/708e2093de9ba687817c8774acc933cc
1191710;Regular;2019;Resumen;https://post.anid.cl/frontend.php/es/postulacion/descargar/hash/654562455506bfd00fdf9baca1a34c16
1191726;Regular;2019;Resumen;https://post.anid.cl/frontend.php/es/postulacion/descargar/hash/1658a452311df84c989c0c8c167e536e
1191727;Regular;2019;Resumen;https://post.anid.cl/frontend.php/es/postulacion/descargar/hash/204b52e12f5e5fce7d92057444cf6871
1191729;Regular;2019;Resumen;https://post.anid.cl/frontend.php/es/postulacion/descargar/hash/1257fa2f9758453b7d8a8d3bbf80384d
1191737;Regular;2019;Resumen;https://post.anid.cl/frontend.php/es/postulacion/descargar/hash/b03ae76e839f8b1a9987f85604e7e176
1191743;Regular;2019;Resumen;https://post.anid.cl/frontend.php/es/postulacion/descargar/hash/8cf8a0528f6783b192b7edc2e5dacb32
1191745;Regular;2019;Resumen;https://post.anid.cl/frontend.php/es/postulacion/descargar/hash/79ee94c09c2f2b989f3cc979d5700cb8
1191747;Regular;2019;Resumen;https://post.anid.cl/frontend.php/es/postulacion/descargar/hash/521a5152d3bfc8fca659c70cf2a4704f
1191758;Regular;2019;Resumen;https://post.anid.cl/frontend.php/es/postulacion/descargar/hash/397abbc086c9e3595373862471c87a5d
1191763;Regular;2019;Resumen;https://post.anid.cl/frontend.php/es/postulacion/descargar/hash/cb4e1fe19834e64259f3983df33304ff
1191764;Regular;2019;Resumen;https://post.anid.cl/frontend.php/es/postulacion/descargar/hash/3735548f99c70a6148a309cc3a70c4f4
1191765;Regular;2019;Resumen;https://post.anid.cl/frontend.php/es/postulacion/descargar/hash/6ee9ed898c449fff5b58b92fd5ed4bb0
1191769;Regular;2019;Resumen;https://post.anid.cl/frontend.php/es/postulacion/descargar/hash/0f1e3191b4ae589271757f2671b4730b
1191770;Regular;2019;Resumen;https://post.anid.cl/frontend.php/es/postulacion/descargar/hash/293d25e9e14a5872b0485bdb728a82d5
1191779;Regular;2019;Resumen;https://post.anid.cl/frontend.php/es/postulacion/descargar/hash/b64555a4eaeebe81c2c3636bde95fb86
1191785;Regular;2019;Resumen;https://post.anid.cl/frontend.php/es/postulacion/descargar/hash/6fd1c6eb5720bd22efc07a66ea937b74
1191791;Regular;2019;Resumen;https://post.anid.cl/frontend.php/es/postulacion/descargar/hash/f2c71bc4150f30ba0af8b0469d8a61cf
1191799;Regular;2019;Resumen;https://post.anid.cl/frontend.php/es/postulacion/descargar/hash/8c0d2059d8a2cd3b348a0efcec6def95
1191804;Regular;2019;Resumen;https://post.anid.cl/frontend.php/es/postulacion/descargar/hash/5990aa168483e440c353c8aa0b23fb61
1191811;Regular;2019;Resumen;https://post.anid.cl/frontend.php/es/postulacion/descargar/hash/d45a1944a8ac7413e90bd936a001bb83
1191813;Regular;2019;Resumen;https://post.anid.cl/frontend.php/es/postulacion/descargar/hash/de8351bb95323bb640db4d267382206b
1191816;Regular;2019;Resumen;https://post.anid.cl/frontend.php/es/postulacion/descargar/hash/519e6b04c03631b6b8a1f9327d02680e
1191817;Regular;2019;Resumen;https://post.anid.cl/frontend.php/es/postulacion/descargar/hash/050059437896732d2df739b18e781aad
1191818;Regular;2019;Resumen;https://post.anid.cl/frontend.php/es/postulacion/descargar/hash/0c29525d4009ecb79d66c08392b66dbe
1191838;Regular;2019;Resumen;https://post.anid.cl/frontend.php/es/postulacion/descargar/hash/06566a9bd19fa952450cf5bf86e0c8ae
1191850;Regular;2019;Resumen;https://post.anid.cl/frontend.php/es/postulacion/descargar/hash/0e7c1a7b3ebc1a294be97934a94c1302
1191858;Regular;2019;Resumen;https://post.anid.cl/frontend.php/es/postulacion/descargar/hash/cb9d584ed202ee29a2fb014262fe8e19
1191860;Regular;2019;Resumen;https://post.anid.cl/frontend.php/es/postulacion/descargar/hash/8bec50a19ffa71a2cf8d0b3d2682fb6b
1191865;Regular;2019;Resumen;https://post.anid.cl/frontend.php/es/postulacion/descargar/hash/a5b9bd47e487efe734b3c0df394f7ae1
1191868;Regular;2019;Resumen;https://post.anid.cl/frontend.php/es/postulacion/descargar/hash/ecf428b3415b9eaf11e0e173c6bc7794
1191869;Regular;2019;Resumen;https://post.anid.cl/frontend.php/es/postulacion/descargar/hash/7e5d4f2e21eac01d6f42bd2fc6e5a8d0
1191874;Regular;2019;Resumen;https://post.anid.cl/frontend.php/es/postulacion/descargar/hash/3b8a62f8b2d2bc520f350ce08884507b
1191883;Regular;2019;Resumen;https://post.anid.cl/frontend.php/es/postulacion/descargar/hash/afd1c65fb21de28dd9dbdd12f3b623a9
1191884;Regular;2019;Resumen;https://post.anid.cl/frontend.php/es/postulacion/descargar/hash/e0c23b8c89bb871b7461f3e697e94f4f
1191888;Regular;2019;Resumen;https://post.anid.cl/frontend.php/es/postulacion/descargar/hash/23db58cf4196f4d78c6ee256c46449e7
1191891;Regular;2019;Resumen;https://post.anid.cl/frontend.php/es/postulacion/descargar/hash/97e88bb316154399b3c95a0a53baf141
1191893;Regular;2019;Resumen;https://post.anid.cl/frontend.php/es/postulacion/descargar/hash/247c13be1266b96ee9d653db3cfb84de
1191902;Regular;2019;Resumen;https://post.anid.cl/frontend.php/es/postulacion/descargar/hash/cd11fdb03a3bd632297a9fb9af240a99
1191903;Regular;2019;Resumen;https://post.anid.cl/frontend.php/es/postulacion/descargar/hash/59a5c085df85abc5eece3ab11c5890c4
1191905;Regular;2019;Resumen;https://post.anid.cl/frontend.php/es/postulacion/descargar/hash/c653e0c561c3af7708aa9da378673524
1191920;Regular;2019;Resumen;https://post.anid.cl/frontend.php/es/postulacion/descargar/hash/1a84e55551935702e326a306534203cc
1191924;Regular;2019;Resumen;https://post.anid.cl/frontend.php/es/postulacion/descargar/hash/3eb5ca2f9a3c85c6e74818bd4707bc4a
1191928;Regular;2019;Resumen;https://post.anid.cl/frontend.php/es/postulacion/descargar/hash/21f2387e4e4d1d2ed6ae18a534ae30e0
1191932;Regular;2019;Resumen;https://post.anid.cl/frontend.php/es/postulacion/descargar/hash/5b80f8dfaf639cdf48157a00be6e2d63
1191933;Regular;2019;Resumen;https://post.anid.cl/frontend.php/es/postulacion/descargar/hash/94e5edd3cc1dedf527bd912f3a7f0ef3
1191934;Regular;2019;Resumen;https://post.anid.cl/frontend.php/es/postulacion/descargar/hash/ab014d99592a97eeebbeab52745be18d
1191942;Regular;2019;Resumen;https://post.anid.cl/frontend.php/es/postulacion/descargar/hash/6614e45e0210afcaec38be603f86d06d
1191948;Regular;2019;Resumen;https://post.anid.cl/frontend.php/es/postulacion/descargar/hash/e268fdf642fc2682aaeda272a66c0fa4
1191956;Regular;2019;Resumen;https://post.anid.cl/frontend.php/es/postulacion/descargar/hash/019fd7c56badfdcd7972108abaf4afe6
1200002;Regular;2020;Resumen;https://post.anid.cl/frontend.php/es/postulacion/descargar/hash/73b1d9f32bb1661eddc403af407d6c37
1200003;Regular;2020;Resumen;https://post.anid.cl/frontend.php/es/postulacion/descargar/hash/bc4d7018e09921144992325689907830
1200005;Regular;2020;Resumen;https://post.anid.cl/frontend.php/es/postulacion/descargar/hash/f8b10149d1dd52b5c57ca33e35f10e67
1200006;Regular;2020;Resumen;https://post.anid.cl/frontend.php/es/postulacion/descargar/hash/6f1c0bf7ba6300cf036b308312d0dc69
1200010;Regular;2020;Resumen;https://post.anid.cl/frontend.php/es/postulacion/descargar/hash/51ade29d859e9fa4f743d3ff7066e4b8
1200021;Regular;2020;Resumen;https://post.anid.cl/frontend.php/es/postulacion/descargar/hash/22ec3402c5504ad775c8ec24301d5a12
1200022;Regular;2020;Resumen;https://post.anid.cl/frontend.php/es/postulacion/descargar/hash/36f030be30c29ef029bd773c96c7d6f7
1200023;Regular;2020;Resumen;https://post.anid.cl/frontend.php/es/postulacion/descargar/hash/a5a912b58cd4e1b9d792116455e22cf8
1200025;Regular;2020;Resumen;https://post.anid.cl/frontend.php/es/postulacion/descargar/hash/019f3d4ee2af339c63b6204eaff8c2b3
1200029;Regular;2020;Resumen;https://post.anid.cl/frontend.php/es/postulacion/descargar/hash/74ba997d184078c7948dd34dd4664b23
1200031;Regular;2020;Resumen;https://post.anid.cl/frontend.php/es/postulacion/descargar/hash/12184fe0fd9751a9fabe5f1dd7400f51
1200033;Regular;2020;Resumen;https://post.anid.cl/frontend.php/es/postulacion/descargar/hash/844f6d1bbf59e7d926f7ddf13b9a278a
1200035;Regular;2020;Resumen;https://post.anid.cl/frontend.php/es/postulacion/descargar/hash/e94861965c5b299135a9cd3a55c51181
1200038;Regular;2020;Resumen;https://post.anid.cl/frontend.php/es/postulacion/descargar/hash/14fa983424a24533750bc09a26faf71a
1200048;Regular;2020;Resumen;https://post.anid.cl/frontend.php/es/postulacion/descargar/hash/329ce8c743e1173bb423f333d0845a42
1200049;Regular;2020;Resumen;https://post.anid.cl/frontend.php/es/postulacion/descargar/hash/e594e9484d94104e6fd02b4dd79e2733
1200051;Regular;2020;Resumen;https://post.anid.cl/frontend.php/es/postulacion/descargar/hash/de005974ce8042618e76563062f0d67a
1200055;Regular;2020;Resumen;https://post.anid.cl/frontend.php/es/postulacion/descargar/hash/62c399c19150c5ecf055e7e39c1a58c6
1200056;Regular;2020;Resumen;https://post.anid.cl/frontend.php/es/postulacion/descargar/hash/129270f37c77a775534eff6a0781171e
1200059;Regular;2020;Resumen;https://post.anid.cl/frontend.php/es/postulacion/descargar/hash/37c13470b317cadefc31a2ac25be0583
1200060;Regular;2020;Resumen;https://post.anid.cl/frontend.php/es/postulacion/descargar/hash/de7e6d057c9b84e15ef1cfd42406c8c5
1200061;Regular;2020;Resumen;https://post.anid.cl/frontend.php/es/postulacion/descargar/hash/4784c02afa12a213831d4baa4ad20d1a
1200064;Regular;2020;Resumen;https://post.anid.cl/frontend.php/es/postulacion/descargar/hash/0f4d6253e6fe559d904462cec93e1a6f
1200067;Regular;2020;Resumen;https://post.anid.cl/frontend.php/es/postulacion/descargar/hash/45bfe68ea7be27bbf78cca4eb3255f7d
1200068;Regular;2020;Resumen;https://post.anid.cl/frontend.php/es/postulacion/descargar/hash/e180ee1d8689735fcf3881c28a04a9ae
1200069;Regular;2020;Resumen;https://post.anid.cl/frontend.php/es/postulacion/descargar/hash/4ad766a1125d8fd4abe0fcfbc44b74c5
1200070;Regular;2020;Resumen;https://post.anid.cl/frontend.php/es/postulacion/descargar/hash/ee42ffd0b0501ebc26f178d475f95094
1200076;Regular;2020;Resumen;https://post.anid.cl/frontend.php/es/postulacion/descargar/hash/871db6adaebda1f243b6a10a355a6f0f
1200079;Regular;2020;Resumen;https://post.anid.cl/frontend.php/es/postulacion/descargar/hash/dabee2c14292637c353aa1f085e90939
1200082;Regular;2020;Resumen;https://post.anid.cl/frontend.php/es/postulacion/descargar/hash/f7e0d7b61cc72aec61c83f46a54446b1
1200083;Regular;2020;Resumen;https://post.anid.cl/frontend.php/es/postulacion/descargar/hash/123adf71c1ea687399d1dc2123eb60b6
1200087;Regular;2020;Resumen;https://post.anid.cl/frontend.php/es/postulacion/descargar/hash/93d76aee1561506a655181c5c62689be
1200090;Regular;2020;Resumen;https://post.anid.cl/frontend.php/es/postulacion/descargar/hash/b81ad3520b0460095609f27d095fd235
1200091;Regular;2020;Resumen;https://post.anid.cl/frontend.php/es/postulacion/descargar/hash/8f59a5cb7850871e9217318e83b1c444
1200093;Regular;2020;Resumen;https://post.anid.cl/frontend.php/es/postulacion/descargar/hash/e9bf67e8bfcbf6dc6092b2eb15741e33
1200098;Regular;2020;Resumen;https://post.anid.cl/frontend.php/es/postulacion/descargar/hash/73e769c2040ecd79412f59aa3925833f
1200101;Regular;2020;Resumen;https://post.anid.cl/frontend.php/es/postulacion/descargar/hash/b6881edbabbdcece2665ba938765d99e
1200102;Regular;2020;Resumen;https://post.anid.cl/frontend.php/es/postulacion/descargar/hash/88d2395725b59e993056c6b5dab7b973
1200106;Regular;2020;Resumen;https://post.anid.cl/frontend.php/es/postulacion/descargar/hash/d2c516b78a1e1743eb67caf5711f8a4b
1200108;Regular;2020;Resumen;https://post.anid.cl/frontend.php/es/postulacion/descargar/hash/dae14d081f441a30e94537f43d2be675
1200109;Regular;2020;Resumen;https://post.anid.cl/frontend.php/es/postulacion/descargar/hash/25e1f8442da28966420a737cc3429d49
1200113;Regular;2020;Resumen;https://post.anid.cl/frontend.php/es/postulacion/descargar/hash/6962e6388eaa7a0cd7f6aca2017e2cb8
1200114;Regular;2020;Resumen;https://post.anid.cl/frontend.php/es/postulacion/descargar/hash/0ab6bec48fb9ac442c5979287f39fee8
1200116;Regular;2020;Resumen;https://post.anid.cl/frontend.php/es/postulacion/descargar/hash/41def64db7d226bc07cc592a4206f123
1200118;Regular;2020;Resumen;https://post.anid.cl/frontend.php/es/postulacion/descargar/hash/56c2ab1de9e5f9b7d1a00477ea495f69
1200120;Regular;2020;Resumen;https://post.anid.cl/frontend.php/es/postulacion/descargar/hash/24f94b069d868afaa24f2e51395d8ee3
1200125;Regular;2020;Resumen;https://post.anid.cl/frontend.php/es/postulacion/descargar/hash/38efd1bf4ee0d1aba680a1178f00ad52
1200126;Regular;2020;Resumen;https://post.anid.cl/frontend.php/es/postulacion/descargar/hash/7b03a6630a4779edfaa5ade050cd9621
1200129;Regular;2020;Resumen;https://post.anid.cl/frontend.php/es/postulacion/descargar/hash/89e290b68bcf55b021b4674ab66baa8e
1200135;Regular;2020;Resumen;https://post.anid.cl/frontend.php/es/postulacion/descargar/hash/02a8b890b2b5dfb9e40555c6dae53790
1200136;Regular;2020;Resumen;https://post.anid.cl/frontend.php/es/postulacion/descargar/hash/3560089a187e9458755bc9c46fae8e90
1200139;Regular;2020;Resumen;https://post.anid.cl/frontend.php/es/postulacion/descargar/hash/fbb398ecf426c6e328e5a2ce49e0f005
1200141;Regular;2020;Resumen;https://post.anid.cl/frontend.php/es/postulacion/descargar/hash/88c2e7194f776d9c3153b5542e089ba3
1200145;Regular;2020;Resumen;https://post.anid.cl/frontend.php/es/postulacion/descargar/hash/e86bbd06b1e3e46dc931fecfb0819b2a
1200146;Regular;2020;Resumen;https://post.anid.cl/frontend.php/es/postulacion/descargar/hash/1fbe189574b42d4e7e5d61355619fa72
1200157;Regular;2020;Resumen;https://post.anid.cl/frontend.php/es/postulacion/descargar/hash/8f5fa0e2b4de8aa6958a8c6b3eff0b74
1200165;Regular;2020;Resumen;https://post.anid.cl/frontend.php/es/postulacion/descargar/hash/b6d8640b920c57e551aa1089fe26c0d2
1200168;Regular;2020;Resumen;https://post.anid.cl/frontend.php/es/postulacion/descargar/hash/e286d63bdd3826d038fbcc870a72f238
1200170;Regular;2020;Resumen;https://post.anid.cl/frontend.php/es/postulacion/descargar/hash/791f4848a7a10a9396162f846bc0db37
1200171;Regular;2020;Resumen;https://post.anid.cl/frontend.php/es/postulacion/descargar/hash/dd9f4862725ca2d66feed4691eba52ac
1200172;Regular;2020;Resumen;https://post.anid.cl/frontend.php/es/postulacion/descargar/hash/75e874b4376fd4dedd9ad644729b28b2
1200173;Regular;2020;Resumen;https://post.anid.cl/frontend.php/es/postulacion/descargar/hash/d40cf1adb83fe23dfeb922bb0c45c61c
1200176;Regular;2020;Resumen;https://post.anid.cl/frontend.php/es/postulacion/descargar/hash/0599d2a715a38f6923c2f08688a42cfc
1200178;Regular;2020;Resumen;https://post.anid.cl/frontend.php/es/postulacion/descargar/hash/fc4e10c13e5434ac63a542c211bd2ed5
1200188;Regular;2020;Resumen;https://post.anid.cl/frontend.php/es/postulacion/descargar/hash/5cba74c13fd5ccd1f576595e050df671
1200189;Regular;2020;Resumen;https://post.anid.cl/frontend.php/es/postulacion/descargar/hash/764b73cb526d7d3d24bc41c620d91194
1200190;Regular;2020;Resumen;https://post.anid.cl/frontend.php/es/postulacion/descargar/hash/09357f21aa51f178bf1f6bf8adf5125a
1200192;Regular;2020;Resumen;https://post.anid.cl/frontend.php/es/postulacion/descargar/hash/1d25f800e6fb27e2ae53e5db13790805
1200196;Regular;2020;Resumen;https://post.anid.cl/frontend.php/es/postulacion/descargar/hash/9769834db4a62c017d4dde3f081257c5
1200197;Regular;2020;Resumen;https://post.anid.cl/frontend.php/es/postulacion/descargar/hash/6e890db26a62047914f991d05238a086
1200200;Regular;2020;Resumen;https://post.anid.cl/frontend.php/es/postulacion/descargar/hash/ae3cd7491fb36e214833303247639cc3
1200202;Regular;2020;Resumen;https://post.anid.cl/frontend.php/es/postulacion/descargar/hash/fb8b7298c94ccda2a32482cdce1b56c5
1200203;Regular;2020;Resumen;https://post.anid.cl/frontend.php/es/postulacion/descargar/hash/1390f9c8d0462d23054fac440e08ffd7
1200204;Regular;2020;Resumen;https://post.anid.cl/frontend.php/es/postulacion/descargar/hash/1900c9d3d018e20d037eeebcc97501ca
1200205;Regular;2020;Resumen;https://post.anid.cl/frontend.php/es/postulacion/descargar/hash/efed1dfe0461455ec2f021decfcee01c
1200206;Regular;2020;Resumen;https://post.anid.cl/frontend.php/es/postulacion/descargar/hash/fd0688bf9dd4a226532310bd1536c294
1200208;Regular;2020;Resumen;https://post.anid.cl/frontend.php/es/postulacion/descargar/hash/3b66129eec93e400507019171572bd49
1200211;Regular;2020;Resumen;https://post.anid.cl/frontend.php/es/postulacion/descargar/hash/7f79a8e5a69ae742ceb7cfc00d563db7
1200213;Regular;2020;Resumen;https://post.anid.cl/frontend.php/es/postulacion/descargar/hash/739e046407c796f9a4cb0981a25de1f9
1200221;Regular;2020;Resumen;https://post.anid.cl/frontend.php/es/postulacion/descargar/hash/cecbc5690af6fe91c8bec6518a32d5ad
1200227;Regular;2020;Resumen;https://post.anid.cl/frontend.php/es/postulacion/descargar/hash/5fd93f3af5aeb6cf49e780094fd999e0
1200231;Regular;2020;Resumen;https://post.anid.cl/frontend.php/es/postulacion/descargar/hash/7b4f35ec46944dd7f806bfaec156f616
1200232;Regular;2020;Resumen;https://post.anid.cl/frontend.php/es/postulacion/descargar/hash/e087e34630a724de751c089b8507a890
1200235;Regular;2020;Resumen;https://post.anid.cl/frontend.php/es/postulacion/descargar/hash/1dcac601d44098c2e6a2017b8677e04e
1200241;Regular;2020;Resumen;https://post.anid.cl/frontend.php/es/postulacion/descargar/hash/775917d3d451abd07ee429243fc9d974
1200245;Regular;2020;Resumen;https://post.anid.cl/frontend.php/es/postulacion/descargar/hash/e2e44bcff21e016aeac784e0b5453687
1200246;Regular;2020;Resumen;https://post.anid.cl/frontend.php/es/postulacion/descargar/hash/0e3d202214087090ac49dba29c17894d
1200248;Regular;2020;Resumen;https://post.anid.cl/frontend.php/es/postulacion/descargar/hash/6e18a696d6a3ad5c9879e457d3a4df53
1200250;Regular;2020;Resumen;https://post.anid.cl/frontend.php/es/postulacion/descargar/hash/1c7e2619b8b3b35224a39a914d32c741
1200251;Regular;2020;Resumen;https://post.anid.cl/frontend.php/es/postulacion/descargar/hash/d8d3301814586506695e48c074e63bed
1200252;Regular;2020;Resumen;https://post.anid.cl/frontend.php/es/postulacion/descargar/hash/32efd2df87b2280f51d7afb4b75a5052
1200255;Regular;2020;Resumen;https://post.anid.cl/frontend.php/es/postulacion/descargar/hash/95f3ed07c2b8ae9fc2d8cf34f808a1fa
1200259;Regular;2020;Resumen;https://post.anid.cl/frontend.php/es/postulacion/descargar/hash/488aeacd3c7616e1e36e9e6d0db66b00
1200260;Regular;2020;Resumen;https://post.anid.cl/frontend.php/es/postulacion/descargar/hash/57dfa01ed07cc1d48fc549d3355be971
1200266;Regular;2020;Resumen;https://post.anid.cl/frontend.php/es/postulacion/descargar/hash/d1076474f4d3dc5a11930f87e68277bf
1200268;Regular;2020;Resumen;https://post.anid.cl/frontend.php/es/postulacion/descargar/hash/03c270c757b3942bb3159c109719043a
1200275;Regular;2020;Resumen;https://post.anid.cl/frontend.php/es/postulacion/descargar/hash/f749b50d70a2802feb73e595390cd3f5
1200276;Regular;2020;Resumen;https://post.anid.cl/frontend.php/es/postulacion/descargar/hash/20b8214f7749cd201c4ed67c23f3123e
1200277;Regular;2020;Resumen;https://post.anid.cl/frontend.php/es/postulacion/descargar/hash/8501936e8f633fa3134c64987ae34dbc
1200279;Regular;2020;Resumen;https://post.anid.cl/frontend.php/es/postulacion/descargar/hash/c5b51fb1d7b1fc1edd3fb70b384948fc
1200280;Regular;2020;Resumen;https://post.anid.cl/frontend.php/es/postulacion/descargar/hash/ef5092d3d47d9efe3ee91fcc6e24bc8c
1200283;Regular;2020;Resumen;https://post.anid.cl/frontend.php/es/postulacion/descargar/hash/ab94de8a7fc9834fe65ba8254fd45cae
1200287;Regular;2020;Resumen;https://post.anid.cl/frontend.php/es/postulacion/descargar/hash/95112de9cff16b9f255c870ccdc3c7a1
1200291;Regular;2020;Resumen;https://post.anid.cl/frontend.php/es/postulacion/descargar/hash/033613270d61ddc5f75ca7cbac5705f4
1200293;Regular;2020;Resumen;https://post.anid.cl/frontend.php/es/postulacion/descargar/hash/ee560b63fcb432301b1a4be6da636ca9
1200297;Regular;2020;Resumen;https://post.anid.cl/frontend.php/es/postulacion/descargar/hash/b2f8a58467d1ddd0c1646624ba3cbbdf
1200299;Regular;2020;Resumen;https://post.anid.cl/frontend.php/es/postulacion/descargar/hash/cec069eb2eb7ba149a5875953df10f68
1200302;Regular;2020;Resumen;https://post.anid.cl/frontend.php/es/postulacion/descargar/hash/49394168c1e41c800c02bd34597ffc44
1200306;Regular;2020;Resumen;https://post.anid.cl/frontend.php/es/postulacion/descargar/hash/027c1c6c54454402891fce9741fe37f8
1200308;Regular;2020;Resumen;https://post.anid.cl/frontend.php/es/postulacion/descargar/hash/6a45246ff7e84f4d8b41892e66b212db
1200317;Regular;2020;Resumen;https://post.anid.cl/frontend.php/es/postulacion/descargar/hash/4a91d24f7467cbb2f2d15b418546bb34
1200324;Regular;2020;Resumen;https://post.anid.cl/frontend.php/es/postulacion/descargar/hash/d46fd5951952d53f4d933c6087792b50
1200326;Regular;2020;Resumen;https://post.anid.cl/frontend.php/es/postulacion/descargar/hash/f7829e17ec3567bf37ad98346f4f33e6
1200329;Regular;2020;Resumen;https://post.anid.cl/frontend.php/es/postulacion/descargar/hash/d196f3abc96edd8c651ff6f68dc98021
1200332;Regular;2020;Resumen;https://post.anid.cl/frontend.php/es/postulacion/descargar/hash/5471ba0284c33b0276c1dfdbca10fdb0
1200338;Regular;2020;Resumen;https://post.anid.cl/frontend.php/es/postulacion/descargar/hash/953ff67f2a4fd4333661f1731a686680
1200341;Regular;2020;Resumen;https://post.anid.cl/frontend.php/es/postulacion/descargar/hash/3961494c7431be04ae5a725fb32314cf
1200342;Regular;2020;Resumen;https://post.anid.cl/frontend.php/es/postulacion/descargar/hash/1c4676bb8e1926db5cf83cbbe11e3546
1200343;Regular;2020;Resumen;https://post.anid.cl/frontend.php/es/postulacion/descargar/hash/f92f294055ecd862424b062333fcf47b
1200346;Regular;2020;Resumen;https://post.anid.cl/frontend.php/es/postulacion/descargar/hash/71390e24dec9dc588a200b878e44d8bc
1200355;Regular;2020;Resumen;https://post.anid.cl/frontend.php/es/postulacion/descargar/hash/37f1c47d5fabe67c3677d0998d661ada
1200356;Regular;2020;Resumen;https://post.anid.cl/frontend.php/es/postulacion/descargar/hash/89735f42ef06bba6e190da7b0e533b66
1200357;Regular;2020;Resumen;https://post.anid.cl/frontend.php/es/postulacion/descargar/hash/b0151e18f2c9bb03da27e4cab8bdd775
1200362;Regular;2020;Resumen;https://post.anid.cl/frontend.php/es/postulacion/descargar/hash/010aafe79d763ecbd823b10efa1bf1d8
1200365;Regular;2020;Resumen;https://post.anid.cl/frontend.php/es/postulacion/descargar/hash/12ac639150f7b55bd37b0f24f8c64a2e
1200369;Regular;2020;Resumen;https://post.anid.cl/frontend.php/es/postulacion/descargar/hash/2de14f58b01bac467a9650a857355fc3
1200370;Regular;2020;Resumen;https://post.anid.cl/frontend.php/es/postulacion/descargar/hash/12f40991becfc35ec1cff87ae9021244
1200374;Regular;2020;Resumen;https://post.anid.cl/frontend.php/es/postulacion/descargar/hash/a03f6f532a358c0efe62173ba7d85df0
1200378;Regular;2020;Resumen;https://post.anid.cl/frontend.php/es/postulacion/descargar/hash/8be01450a665bb75985a948e067e6039
1200386;Regular;2020;Resumen;https://post.anid.cl/frontend.php/es/postulacion/descargar/hash/5b8eff6dfebc8a1679eb34d3f58f2eb9
1200389;Regular;2020;Resumen;https://post.anid.cl/frontend.php/es/postulacion/descargar/hash/4a7ba610dc5410399627abc197e6f2ad
1200390;Regular;2020;Resumen;https://post.anid.cl/frontend.php/es/postulacion/descargar/hash/d93c71f6bcb83e0b35973631d2a3084c
1200393;Regular;2020;Resumen;https://post.anid.cl/frontend.php/es/postulacion/descargar/hash/47d61f5ecbc51620d224c5a712a3e395
1200399;Regular;2020;Resumen;https://post.anid.cl/frontend.php/es/postulacion/descargar/hash/b7bd9a72d845b20ccf550539001e5654
1200416;Regular;2020;Resumen;https://post.anid.cl/frontend.php/es/postulacion/descargar/hash/650404fb4b501bde111920f962f85043
1200417;Regular;2020;Resumen;https://post.anid.cl/frontend.php/es/postulacion/descargar/hash/c238b9770e00807095d9c4b3bbab7f22
1200418;Regular;2020;Resumen;https://post.anid.cl/frontend.php/es/postulacion/descargar/hash/6850286823beff5513dc7ae096c73d85
1200419;Regular;2020;Resumen;https://post.anid.cl/frontend.php/es/postulacion/descargar/hash/c0430bec518fc936e184e419b45509cd
1200421;Regular;2020;Resumen;https://post.anid.cl/frontend.php/es/postulacion/descargar/hash/c443fd6ac2843b6e74fbbfe9fa991550
1200423;Regular;2020;Resumen;https://post.anid.cl/frontend.php/es/postulacion/descargar/hash/47d1c0e6c100686bb80482f109bd4875
1200424;Regular;2020;Resumen;https://post.anid.cl/frontend.php/es/postulacion/descargar/hash/7278c52ed4dae26bc8b0904f3dd9aa4a
1200427;Regular;2020;Resumen;https://post.anid.cl/frontend.php/es/postulacion/descargar/hash/f4f0078fa62e702d2ca6e4d0f1aa7c27
1200428;Regular;2020;Resumen;https://post.anid.cl/frontend.php/es/postulacion/descargar/hash/d12cf8e113e3920ee8cfc01d9b74e7a0
1200430;Regular;2020;Resumen;https://post.anid.cl/frontend.php/es/postulacion/descargar/hash/b752ca771fdfc945737c6465e61ac253
1200439;Regular;2020;Resumen;https://post.anid.cl/frontend.php/es/postulacion/descargar/hash/b8cb397335e72fe3459b8432e7f83a57
1200441;Regular;2020;Resumen;https://post.anid.cl/frontend.php/es/postulacion/descargar/hash/65225a9b029d9f3b47f4cbc188d02ad4
1200446;Regular;2020;Resumen;https://post.anid.cl/frontend.php/es/postulacion/descargar/hash/c587d03c1a7d956c2546ad0a16970e4b
1200452;Regular;2020;Resumen;https://post.anid.cl/frontend.php/es/postulacion/descargar/hash/d82f51c2aa254d9990153cbac1e09105
1200457;Regular;2020;Resumen;https://post.anid.cl/frontend.php/es/postulacion/descargar/hash/6e754bf136473a65213fabab02530497
1200459;Regular;2020;Resumen;https://post.anid.cl/frontend.php/es/postulacion/descargar/hash/267d572643da91fc51b2d61a6d30dcda
1200460;Regular;2020;Resumen;https://post.anid.cl/frontend.php/es/postulacion/descargar/hash/4d21e2f19d5757dd5ccca54f75d737ec
1200465;Regular;2020;Resumen;https://post.anid.cl/frontend.php/es/postulacion/descargar/hash/9cb7f6bceaedecdc34db0623db9b54c0
1200466;Regular;2020;Resumen;https://post.anid.cl/frontend.php/es/postulacion/descargar/hash/27c210a49bf85745ea137517e777db8b
1200468;Regular;2020;Resumen;https://post.anid.cl/frontend.php/es/postulacion/descargar/hash/60a53eb4aa5467a5c17c91c370dcf779
1200469;Regular;2020;Resumen;https://post.anid.cl/frontend.php/es/postulacion/descargar/hash/e6296242e0f7028ac8f3c3c63ddde159
1200474;Regular;2020;Resumen;https://post.anid.cl/frontend.php/es/postulacion/descargar/hash/a955fc33e5ad14a3aea742b7764b35bc
1200483;Regular;2020;Resumen;https://post.anid.cl/frontend.php/es/postulacion/descargar/hash/e451a2bf753ed62f9086942ac379d08c
1200485;Regular;2020;Resumen;https://post.anid.cl/frontend.php/es/postulacion/descargar/hash/3a7617ea1a7031a46a92e898b8cd4c17
1200490;Regular;2020;Resumen;https://post.anid.cl/frontend.php/es/postulacion/descargar/hash/44ce7a4e39587d58b6669da58852786d
1200493;Regular;2020;Resumen;https://post.anid.cl/frontend.php/es/postulacion/descargar/hash/347504216e12745bc220fc5433bede99
1200495;Regular;2020;Resumen;https://post.anid.cl/frontend.php/es/postulacion/descargar/hash/cfa61e6eb9d635897524212a5d4a39c7
1200499;Regular;2020;Resumen;https://post.anid.cl/frontend.php/es/postulacion/descargar/hash/e7035a85f5181a01207c5d98493c37f7
1200502;Regular;2020;Resumen;https://post.anid.cl/frontend.php/es/postulacion/descargar/hash/a332f58b6376079b962816b8f1307d97
1200504;Regular;2020;Resumen;https://post.anid.cl/frontend.php/es/postulacion/descargar/hash/00108f48f88fafe24c3376c08b53a313
1200513;Regular;2020;Resumen;https://post.anid.cl/frontend.php/es/postulacion/descargar/hash/77586f79e5d45c8502d131adb5f1beb1
1200514;Regular;2020;Resumen;https://post.anid.cl/frontend.php/es/postulacion/descargar/hash/e9fa2dec9d9ec1c61cb4baef6440957e
1200521;Regular;2020;Resumen;https://post.anid.cl/frontend.php/es/postulacion/descargar/hash/91c08efb200753e1eda0ef269d5bf56a
1200522;Regular;2020;Resumen;https://post.anid.cl/frontend.php/es/postulacion/descargar/hash/e11752f6690eea2566741cfa57ddad50
1200523;Regular;2020;Resumen;https://post.anid.cl/frontend.php/es/postulacion/descargar/hash/45941854e61b4562736ba2e2d23ccd34
1200525;Regular;2020;Resumen;https://post.anid.cl/frontend.php/es/postulacion/descargar/hash/b56e09ad35d44437c19fd51f8fa5c469
1200527;Regular;2020;Resumen;https://post.anid.cl/frontend.php/es/postulacion/descargar/hash/9b5c989baf4373c9dcad58f8006cfbf3
1200530;Regular;2020;Resumen;https://post.anid.cl/frontend.php/es/postulacion/descargar/hash/38bf7fcf6f6a08fac9a7f30728729e6c
1200531;Regular;2020;Resumen;https://post.anid.cl/frontend.php/es/postulacion/descargar/hash/9384addf7aa5dcdac8cf94ef7505a212
1200532;Regular;2020;Resumen;https://post.anid.cl/frontend.php/es/postulacion/descargar/hash/c11ea5313d5a6d01687f7ee0a616478c
1200534;Regular;2020;Resumen;https://post.anid.cl/frontend.php/es/postulacion/descargar/hash/dae164cd837003eeb5a5066cf4aee69a
1200535;Regular;2020;Resumen;https://post.anid.cl/frontend.php/es/postulacion/descargar/hash/f8943f382a794989c014f6349eb6b89d
1200547;Regular;2020;Resumen;https://post.anid.cl/frontend.php/es/postulacion/descargar/hash/5aa3468d616b8b8db7b2c9518ba06707
1200549;Regular;2020;Resumen;https://post.anid.cl/frontend.php/es/postulacion/descargar/hash/82c4e294d2c7f0d170f1d176d7a1a18f
1200551;Regular;2020;Resumen;https://post.anid.cl/frontend.php/es/postulacion/descargar/hash/d6ef3a0ee27135f494543c6a57e2de0e
1200553;Regular;2020;Resumen;https://post.anid.cl/frontend.php/es/postulacion/descargar/hash/e3865ab9a8a8fcbae1b07541777b8eb9
1200555;Regular;2020;Resumen;https://post.anid.cl/frontend.php/es/postulacion/descargar/hash/dd46408e40b8888dcc762a1465a4e823
1200558;Regular;2020;Resumen;https://post.anid.cl/frontend.php/es/postulacion/descargar/hash/21b2ef9830eea20652ed0971cf406c4a
1200568;Regular;2020;Resumen;https://post.anid.cl/frontend.php/es/postulacion/descargar/hash/56f660a282c5016078b33808ee5317f6
1200569;Regular;2020;Resumen;https://post.anid.cl/frontend.php/es/postulacion/descargar/hash/3590a4246ea20cb4aa21705c39a87392
1200572;Regular;2020;Resumen;https://post.anid.cl/frontend.php/es/postulacion/descargar/hash/455a11e4752cf78121a013733adf7015
1200573;Regular;2020;Resumen;https://post.anid.cl/frontend.php/es/postulacion/descargar/hash/24f5fc623656ed2a470b27c6abb78cf5
1200577;Regular;2020;Resumen;https://post.anid.cl/frontend.php/es/postulacion/descargar/hash/182bca1b897466c71eed230e760013f6
1200578;Regular;2020;Resumen;https://post.anid.cl/frontend.php/es/postulacion/descargar/hash/d457a26634c49e8b87a56117359eb627
1200579;Regular;2020;Resumen;https://post.anid.cl/frontend.php/es/postulacion/descargar/hash/263c6df17a2bd488c7d701d897959881
1200583;Regular;2020;Resumen;https://post.anid.cl/frontend.php/es/postulacion/descargar/hash/77d01e6fb17f3680dcbe286e9d1b6640
1200586;Regular;2020;Resumen;https://post.anid.cl/frontend.php/es/postulacion/descargar/hash/a2cc5c48f6549ea15cb1e1892d293309
1200589;Regular;2020;Resumen;https://post.anid.cl/frontend.php/es/postulacion/descargar/hash/3f6f6260141cdadb274772a2ff40692a
1200592;Regular;2020;Resumen;https://post.anid.cl/frontend.php/es/postulacion/descargar/hash/4b4682ec6db1a09288fa7865eb3dc665
1200597;Regular;2020;Resumen;https://post.anid.cl/frontend.php/es/postulacion/descargar/hash/ecc6863a8b1500c946eef8c063f6ba3d
1200601;Regular;2020;Resumen;https://post.anid.cl/frontend.php/es/postulacion/descargar/hash/9581cf89e013de31705e68d5479413b6
1200607;Regular;2020;Resumen;https://post.anid.cl/frontend.php/es/postulacion/descargar/hash/7218642734855bc2b27bab692c745abd
1200608;Regular;2020;Resumen;https://post.anid.cl/frontend.php/es/postulacion/descargar/hash/3c6b904165b41819d56d28272097e5a8
1200610;Regular;2020;Resumen;https://post.anid.cl/frontend.php/es/postulacion/descargar/hash/366a407576d90e801b35bb94fea4fb2f
1200612;Regular;2020;Resumen;https://post.anid.cl/frontend.php/es/postulacion/descargar/hash/aa0d6dd0dd48426ac3e125253c651d60
1200624;Regular;2020;Resumen;https://post.anid.cl/frontend.php/es/postulacion/descargar/hash/ac5db47f6c4da16997a4146128191a87
1200627;Regular;2020;Resumen;https://post.anid.cl/frontend.php/es/postulacion/descargar/hash/6203a0ba5dcf10601eb208ea497e8f6a
1200633;Regular;2020;Resumen;https://post.anid.cl/frontend.php/es/postulacion/descargar/hash/0a3d9ebe14e9d7055e55df9f671dfa7e
1200634;Regular;2020;Resumen;https://post.anid.cl/frontend.php/es/postulacion/descargar/hash/064cd77a4c02a2e992ba7479de448c23
1200636;Regular;2020;Resumen;https://post.anid.cl/frontend.php/es/postulacion/descargar/hash/4e3bdcf342cdcc20253b6d92086079a1
1200637;Regular;2020;Resumen;https://post.anid.cl/frontend.php/es/postulacion/descargar/hash/5ca38e8cef76403da38ee82a41715939
1200641;Regular;2020;Resumen;https://post.anid.cl/frontend.php/es/postulacion/descargar/hash/fb4b6c9c864adc9abce45b78685a66ed
1200642;Regular;2020;Resumen;https://post.anid.cl/frontend.php/es/postulacion/descargar/hash/be05e5134182ae766d77e9dfc64e789d
1200643;Regular;2020;Resumen;https://post.anid.cl/frontend.php/es/postulacion/descargar/hash/34c9847675b47c942da5c0fc1255115e
1200653;Regular;2020;Resumen;https://post.anid.cl/frontend.php/es/postulacion/descargar/hash/3f754c282b77e8d61933fdaa30f33558
1200655;Regular;2020;Resumen;https://post.anid.cl/frontend.php/es/postulacion/descargar/hash/675e9f1eefd87591321155fe2d58bc92
1200656;Regular;2020;Resumen;https://post.anid.cl/frontend.php/es/postulacion/descargar/hash/9f7e3582e0828de49a7d9bb4a22af534
1200666;Regular;2020;Resumen;https://post.anid.cl/frontend.php/es/postulacion/descargar/hash/858f6a4412387f6c50a233d90c754947
1200668;Regular;2020;Resumen;https://post.anid.cl/frontend.php/es/postulacion/descargar/hash/23d42605090ce6f87e0cdae44798eeae
1200672;Regular;2020;Resumen;https://post.anid.cl/frontend.php/es/postulacion/descargar/hash/59de735ac0d01b6f32fa8896dd960cc9
1200674;Regular;2020;Resumen;https://post.anid.cl/frontend.php/es/postulacion/descargar/hash/84754d50245febcfcf1eace828df4a18
1200675;Regular;2020;Resumen;https://post.anid.cl/frontend.php/es/postulacion/descargar/hash/e0083f5096c36b6b5c1e3e78555705eb
1200679;Regular;2020;Resumen;https://post.anid.cl/frontend.php/es/postulacion/descargar/hash/b5405fc003575fcc5372517e1a4944c0
1200681;Regular;2020;Resumen;https://post.anid.cl/frontend.php/es/postulacion/descargar/hash/bd6dce566efe7c1a9fc89d62430258a3
1200693;Regular;2020;Resumen;https://post.anid.cl/frontend.php/es/postulacion/descargar/hash/5a94d9d626548c3a02db0bc47dbd6a75
1200700;Regular;2020;Resumen;https://post.anid.cl/frontend.php/es/postulacion/descargar/hash/f8e6ded500e5f6a6b4049b9e8847126b
1200703;Regular;2020;Resumen;https://post.anid.cl/frontend.php/es/postulacion/descargar/hash/50d9da5f69511a6ef6b912445450cc3f
1200706;Regular;2020;Resumen;https://post.anid.cl/frontend.php/es/postulacion/descargar/hash/d1a6dbaeda11ec6bbfd6c853c557b59d
1200708;Regular;2020;Resumen;https://post.anid.cl/frontend.php/es/postulacion/descargar/hash/30ba8dcc51580cd762a0c7b6110d3085
1200709;Regular;2020;Resumen;https://post.anid.cl/frontend.php/es/postulacion/descargar/hash/3144b2b3d4f8eb74c7c6320f9b50759c
1200710;Regular;2020;Resumen;https://post.anid.cl/frontend.php/es/postulacion/descargar/hash/5798c3923d8b94826c15a6aa6f6326f7
1200718;Regular;2020;Resumen;https://post.anid.cl/frontend.php/es/postulacion/descargar/hash/b6550ebe63d5c3bb9496d501e20277a9
1200722;Regular;2020;Resumen;https://post.anid.cl/frontend.php/es/postulacion/descargar/hash/62191de3f32f7d761a96fd456c0d8cd4
1200727;Regular;2020;Resumen;https://post.anid.cl/frontend.php/es/postulacion/descargar/hash/fb65663d073b788316d944871a6fa33e
1200728;Regular;2020;Resumen;https://post.anid.cl/frontend.php/es/postulacion/descargar/hash/70629a57b3a0ad9995cb126fb2d8946b
1200732;Regular;2020;Resumen;https://post.anid.cl/frontend.php/es/postulacion/descargar/hash/130ccc02a0ba19cc6af135b9f5425222
1200734;Regular;2020;Resumen;https://post.anid.cl/frontend.php/es/postulacion/descargar/hash/4a64e828aa0f399dca2844ad8165e014
1200744;Regular;2020;Resumen;https://post.anid.cl/frontend.php/es/postulacion/descargar/hash/407efba033b73903c5d15d36df0c4fa7
1200748;Regular;2020;Resumen;https://post.anid.cl/frontend.php/es/postulacion/descargar/hash/77ab3d21fbbeb0024ef58f50d55c771f
1200756;Regular;2020;Resumen;https://post.anid.cl/frontend.php/es/postulacion/descargar/hash/d529385601dcf679c7af9cca969921ed
1200766;Regular;2020;Resumen;https://post.anid.cl/frontend.php/es/postulacion/descargar/hash/422b7d17e5d81df8e429f5606fa2c820
1200779;Regular;2020;Resumen;https://post.anid.cl/frontend.php/es/postulacion/descargar/hash/0f73501d8cea0344f7113ab2e7c77fc9
1200781;Regular;2020;Resumen;https://post.anid.cl/frontend.php/es/postulacion/descargar/hash/d868eb7cca8a82c99d17072994f5b7ef
1200782;Regular;2020;Resumen;https://post.anid.cl/frontend.php/es/postulacion/descargar/hash/fbcbff3e7cdfc1c05d7808746fa04687
1200785;Regular;2020;Resumen;https://post.anid.cl/frontend.php/es/postulacion/descargar/hash/6bbbc67dddc2fd555450f0df3651c3dd
1200793;Regular;2020;Resumen;https://post.anid.cl/frontend.php/es/postulacion/descargar/hash/463e37d44a0e8feef4a63ff62488d440
1200794;Regular;2020;Resumen;https://post.anid.cl/frontend.php/es/postulacion/descargar/hash/2f4055ca2d5665a62fa34e32578e3bc4
1200798;Regular;2020;Resumen;https://post.anid.cl/frontend.php/es/postulacion/descargar/hash/6831205d10debc1640ad8f2f87019699
1200801;Regular;2020;Resumen;https://post.anid.cl/frontend.php/es/postulacion/descargar/hash/f3392025911949fd61f3e733bb72e06f
1200803;Regular;2020;Resumen;https://post.anid.cl/frontend.php/es/postulacion/descargar/hash/6715fdedeb26a1550d04cb5ad6c6a977
1200804;Regular;2020;Resumen;https://post.anid.cl/frontend.php/es/postulacion/descargar/hash/251511dddfd3e16b0de228d4bfd55afd
1200806;Regular;2020;Resumen;https://post.anid.cl/frontend.php/es/postulacion/descargar/hash/37a34ee9ed5c890a6dfffe587e7add36
1200809;Regular;2020;Resumen;https://post.anid.cl/frontend.php/es/postulacion/descargar/hash/1cc573c6eac9077651aff71f5f51eec6
1200810;Regular;2020;Resumen;https://post.anid.cl/frontend.php/es/postulacion/descargar/hash/71e8d293c485bcfdb34d24e68adfcbce
1200813;Regular;2020;Resumen;https://post.anid.cl/frontend.php/es/postulacion/descargar/hash/a7a96259f8792a64e9847630db00aaae
1200828;Regular;2020;Resumen;https://post.anid.cl/frontend.php/es/postulacion/descargar/hash/d606c055d702a55f84f97b61132820af
1200829;Regular;2020;Resumen;https://post.anid.cl/frontend.php/es/postulacion/descargar/hash/e2dac3159586e2d308dfe88251f7b28a
1200834;Regular;2020;Resumen;https://post.anid.cl/frontend.php/es/postulacion/descargar/hash/d7bc146000288c2aa05c382e5a51a5f5
1200836;Regular;2020;Resumen;https://post.anid.cl/frontend.php/es/postulacion/descargar/hash/facb9e700d76bbc36b10bd72992a9e99
1200838;Regular;2020;Resumen;https://post.anid.cl/frontend.php/es/postulacion/descargar/hash/bbb427ee7369869d6bb164ca19797e56
1200839;Regular;2020;Resumen;https://post.anid.cl/frontend.php/es/postulacion/descargar/hash/200d435e12bb0293910ab1bb4a80cdd9
1200841;Regular;2020;Resumen;https://post.anid.cl/frontend.php/es/postulacion/descargar/hash/ad49e57722ae7968be13604a08bfb842
1200843;Regular;2020;Resumen;https://post.anid.cl/frontend.php/es/postulacion/descargar/hash/338a5522d978b1ade124c2e8ce891303
1200845;Regular;2020;Resumen;https://post.anid.cl/frontend.php/es/postulacion/descargar/hash/a1c068df6d452ddefa3d246a49ed257c
1200849;Regular;2020;Resumen;https://post.anid.cl/frontend.php/es/postulacion/descargar/hash/642f7fb6a2a08da1a3150282f6c84a51
1200850;Regular;2020;Resumen;https://post.anid.cl/frontend.php/es/postulacion/descargar/hash/e64b696d8cd514d5c6c348fa89931b99
1200853;Regular;2020;Resumen;https://post.anid.cl/frontend.php/es/postulacion/descargar/hash/eee3864116791bda30800389152dfcde
1200858;Regular;2020;Resumen;https://post.anid.cl/frontend.php/es/postulacion/descargar/hash/33aebfc78361a163221f53b26276e282
1200859;Regular;2020;Resumen;https://post.anid.cl/frontend.php/es/postulacion/descargar/hash/adb933deace02e7e52b110cc4ba13912
1200860;Regular;2020;Resumen;https://post.anid.cl/frontend.php/es/postulacion/descargar/hash/3aefecc59bb2ff578711f2571cca2352
1200861;Regular;2020;Resumen;https://post.anid.cl/frontend.php/es/postulacion/descargar/hash/f4ea9c6d5adc9aca624780f98cb084ce
1200865;Regular;2020;Resumen;https://post.anid.cl/frontend.php/es/postulacion/descargar/hash/15e38b186891fbfda18a285fc6fdb31d
1200867;Regular;2020;Resumen;https://post.anid.cl/frontend.php/es/postulacion/descargar/hash/18f919f81ae74772909627eab781798e
1200870;Regular;2020;Resumen;https://post.anid.cl/frontend.php/es/postulacion/descargar/hash/5c64a0f68a846ee51a78fc4af524187b
1200871;Regular;2020;Resumen;https://post.anid.cl/frontend.php/es/postulacion/descargar/hash/d717c0c421c33413ebe396d6991a060e
1200873;Regular;2020;Resumen;https://post.anid.cl/frontend.php/es/postulacion/descargar/hash/9293ed41186e49f64338cdf70fbd5c3c
1200874;Regular;2020;Resumen;https://post.anid.cl/frontend.php/es/postulacion/descargar/hash/e5ce0596324a74f16d72add5fce2cad2
1200877;Regular;2020;Resumen;https://post.anid.cl/frontend.php/es/postulacion/descargar/hash/fb281a93094981585e1272b2c482d6c7
1200880;Regular;2020;Resumen;https://post.anid.cl/frontend.php/es/postulacion/descargar/hash/f89da58dc42c773323d90bcf12694f39
1200882;Regular;2020;Resumen;https://post.anid.cl/frontend.php/es/postulacion/descargar/hash/623c8759e405506378caae4dd653998d
1200884;Regular;2020;Resumen;https://post.anid.cl/frontend.php/es/postulacion/descargar/hash/d3200b82ed2c4106545a906c243f8076
1200885;Regular;2020;Resumen;https://post.anid.cl/frontend.php/es/postulacion/descargar/hash/e7a52d37b63ee6f311b935915720c670
1200897;Regular;2020;Resumen;https://post.anid.cl/frontend.php/es/postulacion/descargar/hash/797d6ffcbb00def64175ccef694e535e
1200898;Regular;2020;Resumen;https://post.anid.cl/frontend.php/es/postulacion/descargar/hash/5e5372eced670c744f3c67decdc9db08
1200903;Regular;2020;Resumen;https://post.anid.cl/frontend.php/es/postulacion/descargar/hash/2c2ef3e8537c61db42685bc9652f53ed
1200905;Regular;2020;Resumen;https://post.anid.cl/frontend.php/es/postulacion/descargar/hash/e182c03031ed66364b0a03f3c37e7905
1200908;Regular;2020;Resumen;https://post.anid.cl/frontend.php/es/postulacion/descargar/hash/2e8e1aea0ce76b7797be8e98450da220
1200917;Regular;2020;Resumen;https://post.anid.cl/frontend.php/es/postulacion/descargar/hash/ed55c3bad6eb8e4c8dee3298afbe5ed4
1200925;Regular;2020;Resumen;https://post.anid.cl/frontend.php/es/postulacion/descargar/hash/219b1f4d4af87a0be13ad905a0ede71f
1200928;Regular;2020;Resumen;https://post.anid.cl/frontend.php/es/postulacion/descargar/hash/7e7715b1bd80007a688ccd0bdd2a25b2
1200935;Regular;2020;Resumen;https://post.anid.cl/frontend.php/es/postulacion/descargar/hash/7f8dae1a1c1a18c86d900e69a2f29b57
1200942;Regular;2020;Resumen;https://post.anid.cl/frontend.php/es/postulacion/descargar/hash/53127cfcc1c6564381befe1d2651c724
1200944;Regular;2020;Resumen;https://post.anid.cl/frontend.php/es/postulacion/descargar/hash/6d59ba3b4408538fcdf53fd47db823a5
1200951;Regular;2020;Resumen;https://post.anid.cl/frontend.php/es/postulacion/descargar/hash/222d9d0c0f6a3383f50b69102230305d
1200962;Regular;2020;Resumen;https://post.anid.cl/frontend.php/es/postulacion/descargar/hash/899411d23376d8bbffd945c6b0638ae3
1200964;Regular;2020;Resumen;https://post.anid.cl/frontend.php/es/postulacion/descargar/hash/da7c0fd03c21fa8391ada885c816697a
1200965;Regular;2020;Resumen;https://post.anid.cl/frontend.php/es/postulacion/descargar/hash/3d527ada4446039baab7550a345f20e7
1200967;Regular;2020;Resumen;https://post.anid.cl/frontend.php/es/postulacion/descargar/hash/5084cac6d0f6de8320ea8f58527897d9
1200974;Regular;2020;Resumen;https://post.anid.cl/frontend.php/es/postulacion/descargar/hash/6f67aa718b6f1f644b4d4c62dfe6191e
1200979;Regular;2020;Resumen;https://post.anid.cl/frontend.php/es/postulacion/descargar/hash/41b044575ac46c46c8fcc0a8d5a89d75
1200984;Regular;2020;Resumen;https://post.anid.cl/frontend.php/es/postulacion/descargar/hash/7ce5a9c3ff1dc8ebe30a5503232561f2
1200986;Regular;2020;Resumen;https://post.anid.cl/frontend.php/es/postulacion/descargar/hash/0ee926c52b237b47627d5aad1cf94df0
1200990;Regular;2020;Resumen;https://post.anid.cl/frontend.php/es/postulacion/descargar/hash/0138373876d6b992b4a9322080da7af1
1200994;Regular;2020;Resumen;https://post.anid.cl/frontend.php/es/postulacion/descargar/hash/5ff7c35ce801e1fc1bc28acafa59bd2c
1201010;Regular;2020;Resumen;https://post.anid.cl/frontend.php/es/postulacion/descargar/hash/e79189feab19959dd980ae5eec624ec7
1201011;Regular;2020;Resumen;https://post.anid.cl/frontend.php/es/postulacion/descargar/hash/d8bfb293921f8308b5999abef052873f
1201013;Regular;2020;Resumen;https://post.anid.cl/frontend.php/es/postulacion/descargar/hash/37a0b837309b2eba9c1249073affb1aa
1201016;Regular;2020;Resumen;https://post.anid.cl/frontend.php/es/postulacion/descargar/hash/1ddea401929d88e922779185fabb53cd
1201028;Regular;2020;Resumen;https://post.anid.cl/frontend.php/es/postulacion/descargar/hash/702aea9320d1c41ed0cc3ffed8832137
1201029;Regular;2020;Resumen;https://post.anid.cl/frontend.php/es/postulacion/descargar/hash/a346d53d79476b78a51292cdfe01130f
1201031;Regular;2020;Resumen;https://post.anid.cl/frontend.php/es/postulacion/descargar/hash/c58c21dca27102c9b97f178c3a8f1141
1201032;Regular;2020;Resumen;https://post.anid.cl/frontend.php/es/postulacion/descargar/hash/89510002f7b53a85230ac6a95ad62e0b
1201036;Regular;2020;Resumen;https://post.anid.cl/frontend.php/es/postulacion/descargar/hash/baf8524064fbd58cd10d5108f991708d
1201039;Regular;2020;Resumen;https://post.anid.cl/frontend.php/es/postulacion/descargar/hash/b7daf71485482a9c00394dc2dd9c7f65
1201042;Regular;2020;Resumen;https://post.anid.cl/frontend.php/es/postulacion/descargar/hash/04791350800f624348494e84894f7053
1201050;Regular;2020;Resumen;https://post.anid.cl/frontend.php/es/postulacion/descargar/hash/3e2aaaf5fbd82282079e0c34a7dd6209
1201052;Regular;2020;Resumen;https://post.anid.cl/frontend.php/es/postulacion/descargar/hash/dbfcb44bf76c38d67d0b48831ae68701
1201053;Regular;2020;Resumen;https://post.anid.cl/frontend.php/es/postulacion/descargar/hash/6413f0f251d4ef1add6d217929b63528
1201054;Regular;2020;Resumen;https://post.anid.cl/frontend.php/es/postulacion/descargar/hash/893f43df27f13719ef3f948050caf7d3
1201055;Regular;2020;Resumen;https://post.anid.cl/frontend.php/es/postulacion/descargar/hash/5daf32e5ddb9b62574e9189ed1bf129a
1201068;Regular;2020;Resumen;https://post.anid.cl/frontend.php/es/postulacion/descargar/hash/18ccc3717d2096d6d6e790758957b527
1201069;Regular;2020;Resumen;https://post.anid.cl/frontend.php/es/postulacion/descargar/hash/a6154c3f98d44f44ec3c2dec792cf3c9
1201075;Regular;2020;Resumen;https://post.anid.cl/frontend.php/es/postulacion/descargar/hash/ec30a6b48d819fd34ad4736e6dd69c5d
1201081;Regular;2020;Resumen;https://post.anid.cl/frontend.php/es/postulacion/descargar/hash/798d6178ed8a678fb970ae8f0736b01d
1201083;Regular;2020;Resumen;https://post.anid.cl/frontend.php/es/postulacion/descargar/hash/20e9fdc5755b57f04d009c5122eb815e
1201084;Regular;2020;Resumen;https://post.anid.cl/frontend.php/es/postulacion/descargar/hash/f51c6edd88fc47303a46113a143dab75
1201087;Regular;2020;Resumen;https://post.anid.cl/frontend.php/es/postulacion/descargar/hash/76cf436216cde352f8d649a968214c61
1201090;Regular;2020;Resumen;https://post.anid.cl/frontend.php/es/postulacion/descargar/hash/c7bee4374d956e905fb31eadb3949c7e
1201097;Regular;2020;Resumen;https://post.anid.cl/frontend.php/es/postulacion/descargar/hash/ed82de6163b4e3123c9bc84a56b438fe
1201102;Regular;2020;Resumen;https://post.anid.cl/frontend.php/es/postulacion/descargar/hash/3364e6ec5e783d8757b8813eaa2e417b
1201104;Regular;2020;Resumen;https://post.anid.cl/frontend.php/es/postulacion/descargar/hash/f87aa0a17864fe53b6e97a4fa3ffa2f8
1201112;Regular;2020;Resumen;https://post.anid.cl/frontend.php/es/postulacion/descargar/hash/e178f6722a62741023bbc84b6e73012e
1201115;Regular;2020;Resumen;https://post.anid.cl/frontend.php/es/postulacion/descargar/hash/281887f7efed7234336d5b71cea14eb3
1201124;Regular;2020;Resumen;https://post.anid.cl/frontend.php/es/postulacion/descargar/hash/72b7a87b35416761d14daa26b27f2333
1201125;Regular;2020;Resumen;https://post.anid.cl/frontend.php/es/postulacion/descargar/hash/58c1da5b6b0148ae3f99ed396ba5b5eb
1201129;Regular;2020;Resumen;https://post.anid.cl/frontend.php/es/postulacion/descargar/hash/31381ee0f5d21715c75a822d9875154a
1201130;Regular;2020;Resumen;https://post.anid.cl/frontend.php/es/postulacion/descargar/hash/9749d0efafcffa3e82f872c90d257064
1201134;Regular;2020;Resumen;https://post.anid.cl/frontend.php/es/postulacion/descargar/hash/357fc44e3034b42657440a8c9d3f2b90
1201141;Regular;2020;Resumen;https://post.anid.cl/frontend.php/es/postulacion/descargar/hash/55388d425d944f6fd045c533d6877a21
1201145;Regular;2020;Resumen;https://post.anid.cl/frontend.php/es/postulacion/descargar/hash/7454b8be793c42cc28f7a1cc0c9724ae
1201147;Regular;2020;Resumen;https://post.anid.cl/frontend.php/es/postulacion/descargar/hash/69dccb10ab15ddd6e429ec6d3e20df52
1201153;Regular;2020;Resumen;https://post.anid.cl/frontend.php/es/postulacion/descargar/hash/cfa8c3050eec11accd95d23e22a8cd7d
1201154;Regular;2020;Resumen;https://post.anid.cl/frontend.php/es/postulacion/descargar/hash/192c6b9504c788ced77311c23c9f2bff
1201158;Regular;2020;Resumen;https://post.anid.cl/frontend.php/es/postulacion/descargar/hash/4d9bc489be3499af6d5e1c298e166526
1201166;Regular;2020;Resumen;https://post.anid.cl/frontend.php/es/postulacion/descargar/hash/dccdfc2c4f7394949c5c69cf89e33afd
1201170;Regular;2020;Resumen;https://post.anid.cl/frontend.php/es/postulacion/descargar/hash/0d4b932df2a49a6409f0519151fe48db
1201173;Regular;2020;Resumen;https://post.anid.cl/frontend.php/es/postulacion/descargar/hash/22fc3bf692831dc6436397ec3c232d77
1201192;Regular;2020;Resumen;https://post.anid.cl/frontend.php/es/postulacion/descargar/hash/36ba0dc851b3e003ccdbfef3ae4980bc
1201195;Regular;2020;Resumen;https://post.anid.cl/frontend.php/es/postulacion/descargar/hash/2397f4d23e05abd085af42150e633d47
1201196;Regular;2020;Resumen;https://post.anid.cl/frontend.php/es/postulacion/descargar/hash/3119db680a00684b7c536dc36830fb41
1201197;Regular;2020;Resumen;https://post.anid.cl/frontend.php/es/postulacion/descargar/hash/90c0bc7291043e4fcdcc5110f805d0bb
1201208;Regular;2020;Resumen;https://post.anid.cl/frontend.php/es/postulacion/descargar/hash/ac0970329c503018d914ee842bccfed5
1201215;Regular;2020;Resumen;https://post.anid.cl/frontend.php/es/postulacion/descargar/hash/2f34d3b0c04400b7538d439b72124fac
1201217;Regular;2020;Resumen;https://post.anid.cl/frontend.php/es/postulacion/descargar/hash/3054f31d17081c9bab9998b198f32236
1201219;Regular;2020;Resumen;https://post.anid.cl/frontend.php/es/postulacion/descargar/hash/cdb78a4525ebaa1a2ca8823dbff195b2
1201223;Regular;2020;Resumen;https://post.anid.cl/frontend.php/es/postulacion/descargar/hash/f6568884560c97dc7b3b4648851afec8
1201225;Regular;2020;Resumen;https://post.anid.cl/frontend.php/es/postulacion/descargar/hash/67234995ccc28f28e3548c31163082a6
1201229;Regular;2020;Resumen;https://post.anid.cl/frontend.php/es/postulacion/descargar/hash/42b274584c46eb325729d66cc10692b5
1201240;Regular;2020;Resumen;https://post.anid.cl/frontend.php/es/postulacion/descargar/hash/4d12055bd54611831a632f4f7090a9d4
1201245;Regular;2020;Resumen;https://post.anid.cl/frontend.php/es/postulacion/descargar/hash/118f857882f89c81a1c2bbe6770f18b2
1201249;Regular;2020;Resumen;https://post.anid.cl/frontend.php/es/postulacion/descargar/hash/2721c79ca75f3d38c9e7ba39aa9e0db3
1201250;Regular;2020;Resumen;https://post.anid.cl/frontend.php/es/postulacion/descargar/hash/809414541c0e5cec73fad2ab58f9c6a5
1201251;Regular;2020;Resumen;https://post.anid.cl/frontend.php/es/postulacion/descargar/hash/98945183e86dbf386fdb042665848ef2
1201255;Regular;2020;Resumen;https://post.anid.cl/frontend.php/es/postulacion/descargar/hash/b1c475668f56b81c75da5006b177a8e0
1201257;Regular;2020;Resumen;https://post.anid.cl/frontend.php/es/postulacion/descargar/hash/ccb3e2debdf855cb7ca4d1f056e62d7d
1201258;Regular;2020;Resumen;https://post.anid.cl/frontend.php/es/postulacion/descargar/hash/b65fa77a9ea36dae307a173a442341a5
1201262;Regular;2020;Resumen;https://post.anid.cl/frontend.php/es/postulacion/descargar/hash/72155e19b179952020c55dbbec74294c
1201271;Regular;2020;Resumen;https://post.anid.cl/frontend.php/es/postulacion/descargar/hash/47efadffee2ab6929bae3280fddde15f
1201277;Regular;2020;Resumen;https://post.anid.cl/frontend.php/es/postulacion/descargar/hash/9e28ac46cf1ce3a4f601b1d4a13fc850
1201278;Regular;2020;Resumen;https://post.anid.cl/frontend.php/es/postulacion/descargar/hash/49395e1a85bb8de45230f9b802ffddd0
1201280;Regular;2020;Resumen;https://post.anid.cl/frontend.php/es/postulacion/descargar/hash/b34ea6b4f34b255a17299a5d3055b689
1201281;Regular;2020;Resumen;https://post.anid.cl/frontend.php/es/postulacion/descargar/hash/368769b01b32462ad1412f00f45a1a73
1201283;Regular;2020;Resumen;https://post.anid.cl/frontend.php/es/postulacion/descargar/hash/5d3f8f66c24668b5ba52236e17fb11b9
1201301;Regular;2020;Resumen;https://post.anid.cl/frontend.php/es/postulacion/descargar/hash/54e2154e3b6739e33214bf4dbe8ee553
1201305;Regular;2020;Resumen;https://post.anid.cl/frontend.php/es/postulacion/descargar/hash/7a2ebeb8923daafac536051c76c33285
1201308;Regular;2020;Resumen;https://post.anid.cl/frontend.php/es/postulacion/descargar/hash/0c35bfdbb34a2eb48154e00ba840b314
1201309;Regular;2020;Resumen;https://post.anid.cl/frontend.php/es/postulacion/descargar/hash/5786fbed59ab1a97b0d002c868f2a544
1201311;Regular;2020;Resumen;https://post.anid.cl/frontend.php/es/postulacion/descargar/hash/811ff218ac3e4fec15024f97f7e0d0d9
1201314;Regular;2020;Resumen;https://post.anid.cl/frontend.php/es/postulacion/descargar/hash/f4a72347fe21456efc70fae0426be74c
1201316;Regular;2020;Resumen;https://post.anid.cl/frontend.php/es/postulacion/descargar/hash/31168cd91504bc6b70110c99b29b925e
1201319;Regular;2020;Resumen;https://post.anid.cl/frontend.php/es/postulacion/descargar/hash/efee67608c589644fff0aab119c0786b
1201332;Regular;2020;Resumen;https://post.anid.cl/frontend.php/es/postulacion/descargar/hash/39d2f36afce44ae82ffcd90fd6f45ecc
1201333;Regular;2020;Resumen;https://post.anid.cl/frontend.php/es/postulacion/descargar/hash/d79879a763959f309e1574f00ea38d99
1201335;Regular;2020;Resumen;https://post.anid.cl/frontend.php/es/postulacion/descargar/hash/31d04d1fb90e069fbcb517c84d083789
1201337;Regular;2020;Resumen;https://post.anid.cl/frontend.php/es/postulacion/descargar/hash/749a2ec72470e694b1a974210cf8e94a
1201338;Regular;2020;Resumen;https://post.anid.cl/frontend.php/es/postulacion/descargar/hash/96605095f4fae3cd3efcad9a2bf8a58f
1201342;Regular;2020;Resumen;https://post.anid.cl/frontend.php/es/postulacion/descargar/hash/c1715a0f908af5a8b8fbd7ebef1c26da
1201343;Regular;2020;Resumen;https://post.anid.cl/frontend.php/es/postulacion/descargar/hash/b2784a8ad8f9772c4117b34d01aacca3
1201344;Regular;2020;Resumen;https://post.anid.cl/frontend.php/es/postulacion/descargar/hash/2abcfd4b535545c7b21635b95680a86c
1201347;Regular;2020;Resumen;https://post.anid.cl/frontend.php/es/postulacion/descargar/hash/cb73cbc37b6f68a94de926d76e0add2f
1201354;Regular;2020;Resumen;https://post.anid.cl/frontend.php/es/postulacion/descargar/hash/c913f8523d7d130f3f3ae52425dd04a6
1201360;Regular;2020;Resumen;https://post.anid.cl/frontend.php/es/postulacion/descargar/hash/bdec6873a715d77654dc09abcab95e55
1201362;Regular;2020;Resumen;https://post.anid.cl/frontend.php/es/postulacion/descargar/hash/d07f2cd3ee3ec8fabce6cbedb72fd794
1201365;Regular;2020;Resumen;https://post.anid.cl/frontend.php/es/postulacion/descargar/hash/e3370b185d120b8bd145625b8ca476f3
1201369;Regular;2020;Resumen;https://post.anid.cl/frontend.php/es/postulacion/descargar/hash/840633b3562b3d745233693ed4431ff0
1201371;Regular;2020;Resumen;https://post.anid.cl/frontend.php/es/postulacion/descargar/hash/69ec4eb40df1ea7f324f7eccbc1aa58d
1201373;Regular;2020;Resumen;https://post.anid.cl/frontend.php/es/postulacion/descargar/hash/eacc1f1ee2a5695519b26f4904f40e4b
1201375;Regular;2020;Resumen;https://post.anid.cl/frontend.php/es/postulacion/descargar/hash/fbd56fd83f5d88f948a08e4fd676a38d
1201378;Regular;2020;Resumen;https://post.anid.cl/frontend.php/es/postulacion/descargar/hash/439665be3490afc1b321627f5c2a32c3
1201380;Regular;2020;Resumen;https://post.anid.cl/frontend.php/es/postulacion/descargar/hash/39b91890ce7df9b8965e29a568cec03f
1201385;Regular;2020;Resumen;https://post.anid.cl/frontend.php/es/postulacion/descargar/hash/c9d9a7dd161ed31b807628b4adc2d94d
1201386;Regular;2020;Resumen;https://post.anid.cl/frontend.php/es/postulacion/descargar/hash/c09890980921314b0ee31dd7b947dcbf
1201387;Regular;2020;Resumen;https://post.anid.cl/frontend.php/es/postulacion/descargar/hash/65360a5ec7f016ae6f9fe824bc2f6b3c
1201395;Regular;2020;Resumen;https://post.anid.cl/frontend.php/es/postulacion/descargar/hash/06d1cfbe249d8502f9e8f7bd0cf0cd5c
1201397;Regular;2020;Resumen;https://post.anid.cl/frontend.php/es/postulacion/descargar/hash/ec1fa42816fabfdf2fb15cb5c9c4e508
1201399;Regular;2020;Resumen;https://post.anid.cl/frontend.php/es/postulacion/descargar/hash/03e7679fe538feea1e4486765501d023
1201403;Regular;2020;Resumen;https://post.anid.cl/frontend.php/es/postulacion/descargar/hash/bcddb659c5822d93525a12139b8241a0
1201411;Regular;2020;Resumen;https://post.anid.cl/frontend.php/es/postulacion/descargar/hash/dc509d623c76652aa99be254f1efc495
1201418;Regular;2020;Resumen;https://post.anid.cl/frontend.php/es/postulacion/descargar/hash/425b67549e7005701a15c68dc45dd753
1201420;Regular;2020;Resumen;https://post.anid.cl/frontend.php/es/postulacion/descargar/hash/399e46d703645b9b904b200cf0bd476b
1201426;Regular;2020;Resumen;https://post.anid.cl/frontend.php/es/postulacion/descargar/hash/19bf44cd09ff7179ce880b220cf1f3b8
1201429;Regular;2020;Resumen;https://post.anid.cl/frontend.php/es/postulacion/descargar/hash/b7ecee0181be2a9959aabc7eb14a5a83
1201434;Regular;2020;Resumen;https://post.anid.cl/frontend.php/es/postulacion/descargar/hash/ff6eed2fc8eb6f3a0971c9401237142f
1201436;Regular;2020;Resumen;https://post.anid.cl/frontend.php/es/postulacion/descargar/hash/e456e993895573de55a78dda6fea6dac
1201440;Regular;2020;Resumen;https://post.anid.cl/frontend.php/es/postulacion/descargar/hash/f7abafc835c8718a9a90d4cc947688ae
1201441;Regular;2020;Resumen;https://post.anid.cl/frontend.php/es/postulacion/descargar/hash/7b045b6be3452e6632be2ca86009e2b1
1201443;Regular;2020;Resumen;https://post.anid.cl/frontend.php/es/postulacion/descargar/hash/8de0d238387c7d0ffb8b0eeeefc2ae1d
1201449;Regular;2020;Resumen;https://post.anid.cl/frontend.php/es/postulacion/descargar/hash/78fd16f701525516d34c4cbf85d7dd1b
1201451;Regular;2020;Resumen;https://post.anid.cl/frontend.php/es/postulacion/descargar/hash/430b2faf61abfe74cdaa9ae5131c0e98
1201452;Regular;2020;Resumen;https://post.anid.cl/frontend.php/es/postulacion/descargar/hash/41cf0a62fb1636fa764f0e1ac68e94f2
1201456;Regular;2020;Resumen;https://post.anid.cl/frontend.php/es/postulacion/descargar/hash/005ce6a512b6d17f5b9dbbb830c83730
1201461;Regular;2020;Resumen;https://post.anid.cl/frontend.php/es/postulacion/descargar/hash/77ef8f6d9e64dd5956a257a7ff31630f
1201467;Regular;2020;Resumen;https://post.anid.cl/frontend.php/es/postulacion/descargar/hash/a9d23199bab77b7ab3c78beb2c554114
1201468;Regular;2020;Resumen;https://post.anid.cl/frontend.php/es/postulacion/descargar/hash/c1018c0bf5538af9c447df632b3244e4
1201475;Regular;2020;Resumen;https://post.anid.cl/frontend.php/es/postulacion/descargar/hash/edeed526fe0926a3f4be576bc87645fc
1201478;Regular;2020;Resumen;https://post.anid.cl/frontend.php/es/postulacion/descargar/hash/c27d16d0318a0ead8e5449a9e3f2b896
1201482;Regular;2020;Resumen;https://post.anid.cl/frontend.php/es/postulacion/descargar/hash/d1b9958f0b2188359330ea136af1ec94
1201483;Regular;2020;Resumen;https://post.anid.cl/frontend.php/es/postulacion/descargar/hash/9efa9a18749437e53d9b792950e9fbbd
1201486;Regular;2020;Resumen;https://post.anid.cl/frontend.php/es/postulacion/descargar/hash/25a598208b6a9c80664ea3d2c4de30f7
1201488;Regular;2020;Resumen;https://post.anid.cl/frontend.php/es/postulacion/descargar/hash/edefc640ba3155e1354875267039571d
1201489;Regular;2020;Resumen;https://post.anid.cl/frontend.php/es/postulacion/descargar/hash/b630d469f57d9f188617692cf8c66910
1201490;Regular;2020;Resumen;https://post.anid.cl/frontend.php/es/postulacion/descargar/hash/fe5a9c3fa72e8627f8bba7b6f3b255ad
1201491;Regular;2020;Resumen;https://post.anid.cl/frontend.php/es/postulacion/descargar/hash/ea98580f284720a0d521816034d09e60
1201495;Regular;2020;Resumen;https://post.anid.cl/frontend.php/es/postulacion/descargar/hash/46d68b212240d7ff9b8bb088bc18787b
1201496;Regular;2020;Resumen;https://post.anid.cl/frontend.php/es/postulacion/descargar/hash/d59acc85acb097a85f46608619e80a0a
1201497;Regular;2020;Resumen;https://post.anid.cl/frontend.php/es/postulacion/descargar/hash/ada8de9cc8f5c2e6988236abff2aafd3
1201498;Regular;2020;Resumen;https://post.anid.cl/frontend.php/es/postulacion/descargar/hash/602b866000fa452c2d25e2fe9476d44b
1201504;Regular;2020;Resumen;https://post.anid.cl/frontend.php/es/postulacion/descargar/hash/88fe956cf64605472ecf1830368f356d
1201506;Regular;2020;Resumen;https://post.anid.cl/frontend.php/es/postulacion/descargar/hash/f2e23744b487592557aa3f41bff4b4b8
1201513;Regular;2020;Resumen;https://post.anid.cl/frontend.php/es/postulacion/descargar/hash/7c0871e050c91ef18a3e326eaa542500
1201517;Regular;2020;Resumen;https://post.anid.cl/frontend.php/es/postulacion/descargar/hash/b14149db34ca8653d970c3734d5c776a
1201520;Regular;2020;Resumen;https://post.anid.cl/frontend.php/es/postulacion/descargar/hash/b2000ca350706b2a656f2ebdf6721c58
1201527;Regular;2020;Resumen;https://post.anid.cl/frontend.php/es/postulacion/descargar/hash/90e8ec80f9677338e1847cba270aba86
1201528;Regular;2020;Resumen;https://post.anid.cl/frontend.php/es/postulacion/descargar/hash/321ab93786b56d99e97421fe40e7863a
1201529;Regular;2020;Resumen;https://post.anid.cl/frontend.php/es/postulacion/descargar/hash/3f38f3172af828e481e2d46f04415fe9
1201543;Regular;2020;Resumen;https://post.anid.cl/frontend.php/es/postulacion/descargar/hash/ce8c12c6bacd86153792ce3f18d11696
1201546;Regular;2020;Resumen;https://post.anid.cl/frontend.php/es/postulacion/descargar/hash/f4a3148255c083af36885cf922c59849
1201547;Regular;2020;Resumen;https://post.anid.cl/frontend.php/es/postulacion/descargar/hash/24f2b3b906ef499935a8a82497615576
1201550;Regular;2020;Resumen;https://post.anid.cl/frontend.php/es/postulacion/descargar/hash/f6b5a8d5079d3b1878ff40e5b2e4e3a4
1201551;Regular;2020;Resumen;https://post.anid.cl/frontend.php/es/postulacion/descargar/hash/85709095f362c242afd035d7ed6f0de2
1201562;Regular;2020;Resumen;https://post.anid.cl/frontend.php/es/postulacion/descargar/hash/f79398e0666b6608eba355b729506af0
1201568;Regular;2020;Resumen;https://post.anid.cl/frontend.php/es/postulacion/descargar/hash/68e0d29cd823f0172d0e63a0e2312729
1201572;Regular;2020;Resumen;https://post.anid.cl/frontend.php/es/postulacion/descargar/hash/4f9bb29f2adb1423cb973b745d73f1da
1201574;Regular;2020;Resumen;https://post.anid.cl/frontend.php/es/postulacion/descargar/hash/1665a8ac42ba0047efe050e1b6ddad4e
1201576;Regular;2020;Resumen;https://post.anid.cl/frontend.php/es/postulacion/descargar/hash/e8c3f21f25bba8a8b9c5e41f10aad085
1201577;Regular;2020;Resumen;https://post.anid.cl/frontend.php/es/postulacion/descargar/hash/8c37079fb8cce8b4b5238744d5bede0a
1201578;Regular;2020;Resumen;https://post.anid.cl/frontend.php/es/postulacion/descargar/hash/d37e908b533db47be28f10abd2ed2ef2
1201582;Regular;2020;Resumen;https://post.anid.cl/frontend.php/es/postulacion/descargar/hash/8a9be12b05e1c754aa978cb6d7aa9a57
1201584;Regular;2020;Resumen;https://post.anid.cl/frontend.php/es/postulacion/descargar/hash/35073525dae94ed8a62f553856ba214a
1201589;Regular;2020;Resumen;https://post.anid.cl/frontend.php/es/postulacion/descargar/hash/41120db59f2ff7441dac1c7829e84759
1201600;Regular;2020;Resumen;https://post.anid.cl/frontend.php/es/postulacion/descargar/hash/57d6dc36ef30962fa3ad5815ae258834
1201603;Regular;2020;Resumen;https://post.anid.cl/frontend.php/es/postulacion/descargar/hash/2ba78369b79d44431ed8d0b5d084be9b
1201606;Regular;2020;Resumen;https://post.anid.cl/frontend.php/es/postulacion/descargar/hash/3f321df0f13384fc9dbe1aeb39d30505
1201607;Regular;2020;Resumen;https://post.anid.cl/frontend.php/es/postulacion/descargar/hash/fb427a770ef8e0a96ffb08bcb926e4db
1201610;Regular;2020;Resumen;https://post.anid.cl/frontend.php/es/postulacion/descargar/hash/36dc4d4c4579f0d03550f5ccb1ce87ab
1201612;Regular;2020;Resumen;https://post.anid.cl/frontend.php/es/postulacion/descargar/hash/4e8bdf6d023364bfabb5ac4928bcb2d9
1201616;Regular;2020;Resumen;https://post.anid.cl/frontend.php/es/postulacion/descargar/hash/3d344ace6cde38b11ac6456afcafb071
1201617;Regular;2020;Resumen;https://post.anid.cl/frontend.php/es/postulacion/descargar/hash/57643be17074589aa9259e537e4dae19
1201629;Regular;2020;Resumen;https://post.anid.cl/frontend.php/es/postulacion/descargar/hash/a8589a982d285deffb6c9797b69b8862
1201633;Regular;2020;Resumen;https://post.anid.cl/frontend.php/es/postulacion/descargar/hash/6247d3155568abb92bb84b39cdde7a2b
1201635;Regular;2020;Resumen;https://post.anid.cl/frontend.php/es/postulacion/descargar/hash/01c4f8d6a1416e81f7b3f4eff2a87ef3
1201636;Regular;2020;Resumen;https://post.anid.cl/frontend.php/es/postulacion/descargar/hash/6f416194ea40808f25889ffd130063bc
1201639;Regular;2020;Resumen;https://post.anid.cl/frontend.php/es/postulacion/descargar/hash/a4610410f3f5bb87fca24c5af742e699
1201643;Regular;2020;Resumen;https://post.anid.cl/frontend.php/es/postulacion/descargar/hash/8390d679a34bb13710d3f0164c1f1543
1201658;Regular;2020;Resumen;https://post.anid.cl/frontend.php/es/postulacion/descargar/hash/abb9cb30d2c7d0b689ef2bbf98923752
1201662;Regular;2020;Resumen;https://post.anid.cl/frontend.php/es/postulacion/descargar/hash/a2b7ad6cf09e09b591a705fa8d3b33f4
1201664;Regular;2020;Resumen;https://post.anid.cl/frontend.php/es/postulacion/descargar/hash/21d63c37c3101a766a00649cb394a686
1201667;Regular;2020;Resumen;https://post.anid.cl/frontend.php/es/postulacion/descargar/hash/3545897ebf420f8aab72ad49b3393e7d
1201668;Regular;2020;Resumen;https://post.anid.cl/frontend.php/es/postulacion/descargar/hash/c83438b44dd58db4eff2dd35c656b918
1201670;Regular;2020;Resumen;https://post.anid.cl/frontend.php/es/postulacion/descargar/hash/fc3683b3a1a049037496c8e12084421a
1201673;Regular;2020;Resumen;https://post.anid.cl/frontend.php/es/postulacion/descargar/hash/f4864c8bd61377caecb98d5dd216dfc8
1201676;Regular;2020;Resumen;https://post.anid.cl/frontend.php/es/postulacion/descargar/hash/1ce92d2b69033b41743bcc7ed275b7c9
1201679;Regular;2020;Resumen;https://post.anid.cl/frontend.php/es/postulacion/descargar/hash/98b130e0c4538a5441e23336626e4de6
1201680;Regular;2020;Resumen;https://post.anid.cl/frontend.php/es/postulacion/descargar/hash/a9e439c3afc16808163b87301117aaa2
1201681;Regular;2020;Resumen;https://post.anid.cl/frontend.php/es/postulacion/descargar/hash/a738b22df0cc1fc5b338fa5d67f89a5c
1201683;Regular;2020;Resumen;https://post.anid.cl/frontend.php/es/postulacion/descargar/hash/8f17c70020e624e4bc467423381976b9
1201684;Regular;2020;Resumen;https://post.anid.cl/frontend.php/es/postulacion/descargar/hash/20e3f040c8f9ba977bc93511182decbc
1201685;Regular;2020;Resumen;https://post.anid.cl/frontend.php/es/postulacion/descargar/hash/46cb25279ee55387871433332fc5b275
1201687;Regular;2020;Resumen;https://post.anid.cl/frontend.php/es/postulacion/descargar/hash/c90904644bec3dfb5b96d2cdab561ab6
1201692;Regular;2020;Resumen;https://post.anid.cl/frontend.php/es/postulacion/descargar/hash/96762a4e0d1e9b89cfcc84c9af4088a0
1201704;Regular;2020;Resumen;https://post.anid.cl/frontend.php/es/postulacion/descargar/hash/67149fcaeeb5c5995be76820b854dc13
1201706;Regular;2020;Resumen;https://post.anid.cl/frontend.php/es/postulacion/descargar/hash/ef49bc98a76df102ba9213ae42ff8f50
1201710;Regular;2020;Resumen;https://post.anid.cl/frontend.php/es/postulacion/descargar/hash/d3ddf8176f62409071747d0e1bd35771
1201714;Regular;2020;Resumen;https://post.anid.cl/frontend.php/es/postulacion/descargar/hash/184be29ba7195f4ec2d46ffd08c3afe3
1201717;Regular;2020;Resumen;https://post.anid.cl/frontend.php/es/postulacion/descargar/hash/8b81798ed9e76aab2a3ee920886ea83c
1201721;Regular;2020;Resumen;https://post.anid.cl/frontend.php/es/postulacion/descargar/hash/65314a8468dc644f09c723a14ea773bb
1201722;Regular;2020;Resumen;https://post.anid.cl/frontend.php/es/postulacion/descargar/hash/19c73f905f4174c6084df1fde08e9099
1201731;Regular;2020;Resumen;https://post.anid.cl/frontend.php/es/postulacion/descargar/hash/33010415c8eb9dfb325b5d5646ff5f51
1201734;Regular;2020;Resumen;https://post.anid.cl/frontend.php/es/postulacion/descargar/hash/712624a6e2b4ae2e44deb66f2957c4da
1201737;Regular;2020;Resumen;https://post.anid.cl/frontend.php/es/postulacion/descargar/hash/e22ca07355b1d16db0ea2d42d4994f1b
1201740;Regular;2020;Resumen;https://post.anid.cl/frontend.php/es/postulacion/descargar/hash/25cf0eba925af41d16ff8d87116ac28a
1201741;Regular;2020;Resumen;https://post.anid.cl/frontend.php/es/postulacion/descargar/hash/e295f36c912049b9b4902f7de94a55ba
1201742;Regular;2020;Resumen;https://post.anid.cl/frontend.php/es/postulacion/descargar/hash/626590945c5238db83a60756d79c9e2d
1201748;Regular;2020;Resumen;https://post.anid.cl/frontend.php/es/postulacion/descargar/hash/4c3e0de96aa41839373a46bd311a7eeb
1201749;Regular;2020;Resumen;https://post.anid.cl/frontend.php/es/postulacion/descargar/hash/2b6a4562c94d4631dc8f8a226477c58c
1201750;Regular;2020;Resumen;https://post.anid.cl/frontend.php/es/postulacion/descargar/hash/5d7b782c55cc967d63a3fbb3566aafde
1201763;Regular;2020;Resumen;https://post.anid.cl/frontend.php/es/postulacion/descargar/hash/51e4e080c6a8a64def39ef1a421f712f
1201765;Regular;2020;Resumen;https://post.anid.cl/frontend.php/es/postulacion/descargar/hash/832495d74af57663bda54df25fe85614
1201772;Regular;2020;Resumen;https://post.anid.cl/frontend.php/es/postulacion/descargar/hash/6f2baf3b95275a21e01a058f39b2e383
1201779;Regular;2020;Resumen;https://post.anid.cl/frontend.php/es/postulacion/descargar/hash/18f1dc864033b3eb5e47729538d7124a
1201783;Regular;2020;Resumen;https://post.anid.cl/frontend.php/es/postulacion/descargar/hash/640fa8c0436c25e087e0e08e2c971111
1201786;Regular;2020;Resumen;https://post.anid.cl/frontend.php/es/postulacion/descargar/hash/5dd4aaee886f440a735087dc9377bc43
1201787;Regular;2020;Resumen;https://post.anid.cl/frontend.php/es/postulacion/descargar/hash/4fc7af540a9b5792aeb0ed971c142e4a
1201788;Regular;2020;Resumen;https://post.anid.cl/frontend.php/es/postulacion/descargar/hash/e399876c9272f93bbf5332a021e39538
1201793;Regular;2020;Resumen;https://post.anid.cl/frontend.php/es/postulacion/descargar/hash/a4dadaae65daab3a465d0b2f1125112b
1201805;Regular;2020;Resumen;https://post.anid.cl/frontend.php/es/postulacion/descargar/hash/4e2fa100ad957f83dfddc9f1f392dfd4
1201810;Regular;2020;Resumen;https://post.anid.cl/frontend.php/es/postulacion/descargar/hash/57eca2869b1ee7ca8d9482a7ca584d97
1201814;Regular;2020;Resumen;https://post.anid.cl/frontend.php/es/postulacion/descargar/hash/662aace1c37fb03b70878c4d6ab1ec4c
1201816;Regular;2020;Resumen;https://post.anid.cl/frontend.php/es/postulacion/descargar/hash/61b03a33f65053e45f9ba4d3bd0f0bf0
1201822;Regular;2020;Resumen;https://post.anid.cl/frontend.php/es/postulacion/descargar/hash/820284a2b9aedb53d2895b0f137302f2
1201824;Regular;2020;Resumen;https://post.anid.cl/frontend.php/es/postulacion/descargar/hash/9f1934baa842c791fb5c2a421413b4b7
1201836;Regular;2020;Resumen;https://post.anid.cl/frontend.php/es/postulacion/descargar/hash/99fa740dfe728b31f6eac8fd1649740b
1201841;Regular;2020;Resumen;https://post.anid.cl/frontend.php/es/postulacion/descargar/hash/7849fdebdd7318884dbad788b65e459f
1201844;Regular;2020;Resumen;https://post.anid.cl/frontend.php/es/postulacion/descargar/hash/33f0882744153faf49175fba9f11cf61
1201848;Regular;2020;Resumen;https://post.anid.cl/frontend.php/es/postulacion/descargar/hash/e4b7c07ccfd077c88beebb9a790fbd6a
1201851;Regular;2020;Resumen;https://post.anid.cl/frontend.php/es/postulacion/descargar/hash/2c4d564bd178fe5116f3c2e32a200fba
1201857;Regular;2020;Resumen;https://post.anid.cl/frontend.php/es/postulacion/descargar/hash/e79406ca3594324e163cdefa4156b146
1201861;Regular;2020;Resumen;https://post.anid.cl/frontend.php/es/postulacion/descargar/hash/edbf348b47ba57f049b5b75cca83131f
1201865;Regular;2020;Resumen;https://post.anid.cl/frontend.php/es/postulacion/descargar/hash/d952f0666d652eea246bb39117b2320b
1201868;Regular;2020;Resumen;https://post.anid.cl/frontend.php/es/postulacion/descargar/hash/35150fbe7ec7c6df0a2684618b952eb7
1201869;Regular;2020;Resumen;https://post.anid.cl/frontend.php/es/postulacion/descargar/hash/c442a0d61663d158d6ae49b989dd855e
1201876;Regular;2020;Resumen;https://post.anid.cl/frontend.php/es/postulacion/descargar/hash/7aee3fff1d137974ba835c1bf21407fa
1201880;Regular;2020;Resumen;https://post.anid.cl/frontend.php/es/postulacion/descargar/hash/eb3cdbc28b36079b02dead1c5df130a1
1201882;Regular;2020;Resumen;https://post.anid.cl/frontend.php/es/postulacion/descargar/hash/9b81a4b5c976b7cc04b8dc32b9bb7afe
1201884;Regular;2020;Resumen;https://post.anid.cl/frontend.php/es/postulacion/descargar/hash/e2d72206af50c4c9f4ff72f400908b11
1201889;Regular;2020;Resumen;https://post.anid.cl/frontend.php/es/postulacion/descargar/hash/686734a56d659c4e4bebec3630ba92e9
1201893;Regular;2020;Resumen;https://post.anid.cl/frontend.php/es/postulacion/descargar/hash/fd004a19d8a4ccc63c6164850abe44c1
1201894;Regular;2020;Resumen;https://post.anid.cl/frontend.php/es/postulacion/descargar/hash/5ea4a6fce4b861dec375dd403efbaa86
1201895;Regular;2020;Resumen;https://post.anid.cl/frontend.php/es/postulacion/descargar/hash/a76e07cc5ed10a6c6d209fe553603ae5
1201897;Regular;2020;Resumen;https://post.anid.cl/frontend.php/es/postulacion/descargar/hash/b208a21a817cae2f3f2eb6b356387a60
1201898;Regular;2020;Resumen;https://post.anid.cl/frontend.php/es/postulacion/descargar/hash/fb562d7f42419380b2bb62797257fb04
1201899;Regular;2020;Resumen;https://post.anid.cl/frontend.php/es/postulacion/descargar/hash/35c0ebabc2d0eaabdc71cb2870d3da10
1201914;Regular;2020;Resumen;https://post.anid.cl/frontend.php/es/postulacion/descargar/hash/87c9a88e4ec202df62b479c4a49c9307
1201922;Regular;2020;Resumen;https://post.anid.cl/frontend.php/es/postulacion/descargar/hash/04cb94e16804568bbbabafc29705f148
1201936;Regular;2020;Resumen;https://post.anid.cl/frontend.php/es/postulacion/descargar/hash/87bf84600dd5b2269bd26274b9e443d5
1201948;Regular;2020;Resumen;https://post.anid.cl/frontend.php/es/postulacion/descargar/hash/ccb6ab14b0791c45229acc4a9efe4370
1201950;Regular;2020;Resumen;https://post.anid.cl/frontend.php/es/postulacion/descargar/hash/416cb7a36060e843c41ecb0407269517
1201962;Regular;2020;Resumen;https://post.anid.cl/frontend.php/es/postulacion/descargar/hash/f5cfaa7cfc0a6dba837051f84a11b3dc
1201964;Regular;2020;Resumen;https://post.anid.cl/frontend.php/es/postulacion/descargar/hash/1b0e7c27def7515712f402940e517cb0
1201967;Regular;2020;Resumen;https://post.anid.cl/frontend.php/es/postulacion/descargar/hash/c34ed54d6998d7fcd374db24ce429bf2
1201973;Regular;2020;Resumen;https://post.anid.cl/frontend.php/es/postulacion/descargar/hash/2e55293d47fee21f4f66ebff7b5295e9
1201978;Regular;2020;Resumen;https://post.anid.cl/frontend.php/es/postulacion/descargar/hash/b5460c909c67b8bd5f6fd676e7a4b5ef
1201981;Regular;2020;Resumen;https://post.anid.cl/frontend.php/es/postulacion/descargar/hash/00bede70d63c81da34ef1fb8860063f0
1201982;Regular;2020;Resumen;https://post.anid.cl/frontend.php/es/postulacion/descargar/hash/0b8d38f33862e11d6487d97d1b6a18b0
1201987;Regular;2020;Resumen;https://post.anid.cl/frontend.php/es/postulacion/descargar/hash/aad82f7c5df7fe7d827cbdd7174f49a9
1202003;Regular;2020;Resumen;https://post.anid.cl/frontend.php/es/postulacion/descargar/hash/e0ef33c8cd79f363aec9fbde11f07003
1202007;Regular;2020;Resumen;https://post.anid.cl/frontend.php/es/postulacion/descargar/hash/e4de1f8d088cec0c2ef9d2b94587f98b
1210002;Regular;2021;Resumen;https://post.anid.cl/frontend.php/es/postulacion/descargar/hash/8d85075e45b44b398112eead9f8aeffe
1210003;Regular;2021;Resumen;https://post.anid.cl/frontend.php/es/postulacion/descargar/hash/b6d74545f62c32439b8bb7d86d6b386b
1210004;Regular;2021;Resumen;https://post.anid.cl/frontend.php/es/postulacion/descargar/hash/2e6030a4d280040ccde8d1f983f16a9a
1210006;Regular;2021;Resumen;https://post.anid.cl/frontend.php/es/postulacion/descargar/hash/7cd53f7127ea3ee44c9422be254d79c1
1210007;Regular;2021;Resumen;https://post.anid.cl/frontend.php/es/postulacion/descargar/hash/dc9cd47651820f2ea6c5f45fbd5d8510
1210010;Regular;2021;Resumen;https://post.anid.cl/frontend.php/es/postulacion/descargar/hash/ea87b9d9d230c1ac9305e16f8b922e7c
1210011;Regular;2021;Resumen;https://post.anid.cl/frontend.php/es/postulacion/descargar/hash/58ccab93b3f9fd149737358495cd72be
1210013;Regular;2021;Resumen;https://post.anid.cl/frontend.php/es/postulacion/descargar/hash/c6b6d0cb0d93b4d7882fca6080c23b33
1210015;Regular;2021;Resumen;https://post.anid.cl/frontend.php/es/postulacion/descargar/hash/93dcddc0fc16850925a7e14520d8b004
1210021;Regular;2021;Resumen;https://post.anid.cl/frontend.php/es/postulacion/descargar/hash/3700a605aba554e8e4e026a236eaefb5
1210029;Regular;2021;Resumen;https://post.anid.cl/frontend.php/es/postulacion/descargar/hash/bbe53c5a244369f6c2e7afa2104044b2
1210031;Regular;2021;Resumen;https://post.anid.cl/frontend.php/es/postulacion/descargar/hash/512720d13693ea16fdfe254d9fa5a2e8
1210032;Regular;2021;Resumen;https://post.anid.cl/frontend.php/es/postulacion/descargar/hash/039a5002149576753c5658c613312fc1
1210033;Regular;2021;Resumen;https://post.anid.cl/frontend.php/es/postulacion/descargar/hash/b31890e27feb90090004cc1a3e88c85d
1210034;Regular;2021;Resumen;https://post.anid.cl/frontend.php/es/postulacion/descargar/hash/7c9523a790422cd19cf4689a1b4d14a0
1210036;Regular;2021;Resumen;https://post.anid.cl/frontend.php/es/postulacion/descargar/hash/b4217047bcd5ac283c74010414a24160
1210037;Regular;2021;Resumen;https://post.anid.cl/frontend.php/es/postulacion/descargar/hash/413a5f8e918c5f5a7512060d2a862ab3
1210041;Regular;2021;Resumen;https://post.anid.cl/frontend.php/es/postulacion/descargar/hash/0008925aad6acf7ff5be639511acdd9b
1210042;Regular;2021;Resumen;https://post.anid.cl/frontend.php/es/postulacion/descargar/hash/addd07e1170c234ff035ef69f8ea7dde
1210045;Regular;2021;Resumen;https://post.anid.cl/frontend.php/es/postulacion/descargar/hash/08332bd62a89a14705244a0f2d941e8e
1210046;Regular;2021;Resumen;https://post.anid.cl/frontend.php/es/postulacion/descargar/hash/f6bc7787e94951354eb723dc1379d976
1210050;Regular;2021;Resumen;https://post.anid.cl/frontend.php/es/postulacion/descargar/hash/a39afb0cd26415aac05e01477ff9199d
1210055;Regular;2021;Resumen;https://post.anid.cl/frontend.php/es/postulacion/descargar/hash/e875a494f23d365bf3bc7fda0451900e
1210056;Regular;2021;Resumen;https://post.anid.cl/frontend.php/es/postulacion/descargar/hash/3747b2aab1c6b34a262359fad92cd89e
1210058;Regular;2021;Resumen;https://post.anid.cl/frontend.php/es/postulacion/descargar/hash/abd331be129065615d981cb8ece5a9d9
1210067;Regular;2021;Resumen;https://post.anid.cl/frontend.php/es/postulacion/descargar/hash/94046a937f2c601f3765b7726e5cc5b1
1210069;Regular;2021;Resumen;https://post.anid.cl/frontend.php/es/postulacion/descargar/hash/7bb5fe6b8879e3303381f59fe714db76
1210071;Regular;2021;Resumen;https://post.anid.cl/frontend.php/es/postulacion/descargar/hash/6b357b9abca7a9b4fe3720b7dc22d812
1210076;Regular;2021;Resumen;https://post.anid.cl/frontend.php/es/postulacion/descargar/hash/f0dd1a571dd126aab576db3591a5dd6b
1210077;Regular;2021;Resumen;https://post.anid.cl/frontend.php/es/postulacion/descargar/hash/1f15a4416366d5abf3f9cc7446383f06
1210081;Regular;2021;Resumen;https://post.anid.cl/frontend.php/es/postulacion/descargar/hash/9b164122e09891442db1daf3ac55147a
1210083;Regular;2021;Resumen;https://post.anid.cl/frontend.php/es/postulacion/descargar/hash/9e65e8dcd3011ed469baefd06894a6f1
1210084;Regular;2021;Resumen;https://post.anid.cl/frontend.php/es/postulacion/descargar/hash/bd62b0aba595e5ec13de2de7942bfecb
1210085;Regular;2021;Resumen;https://post.anid.cl/frontend.php/es/postulacion/descargar/hash/1eb85b410aae0837b34ca41ea58dc5a3
1210088;Regular;2021;Resumen;https://post.anid.cl/frontend.php/es/postulacion/descargar/hash/9dd35fd35cd87c826022bf7bb8ee6426
1210091;Regular;2021;Resumen;https://post.anid.cl/frontend.php/es/postulacion/descargar/hash/6ffa76d54186f0695e4a110c2da95ca7
1210092;Regular;2021;Resumen;https://post.anid.cl/frontend.php/es/postulacion/descargar/hash/db9a37de68d6d530baa1596093a86fea
1210093;Regular;2021;Resumen;https://post.anid.cl/frontend.php/es/postulacion/descargar/hash/038905789d192e9feb18e7d467fb2e7c
1210097;Regular;2021;Resumen;https://post.anid.cl/frontend.php/es/postulacion/descargar/hash/f2698e1e5395a5b3308c366cc275ba9e
1210101;Regular;2021;Resumen;https://post.anid.cl/frontend.php/es/postulacion/descargar/hash/ff42e00a30109e9b6eabf7c11fc844a6
1210102;Regular;2021;Resumen;https://post.anid.cl/frontend.php/es/postulacion/descargar/hash/8abece495137341da4d2166accb86d03
1210105;Regular;2021;Resumen;https://post.anid.cl/frontend.php/es/postulacion/descargar/hash/59ac5a0c6cada5d01a8f0e6d498c38af
1210107;Regular;2021;Resumen;https://post.anid.cl/frontend.php/es/postulacion/descargar/hash/d86ec15dd8eee3042bec2ac0b9a31d1f
1210109;Regular;2021;Resumen;https://post.anid.cl/frontend.php/es/postulacion/descargar/hash/5e85cfa90a13362e25cdfa99026c3fb8
1210112;Regular;2021;Resumen;https://post.anid.cl/frontend.php/es/postulacion/descargar/hash/a485698218d330098205687477890559
1210123;Regular;2021;Resumen;https://post.anid.cl/frontend.php/es/postulacion/descargar/hash/1a32cca9db1929c04080df080b4cb7a1
1210124;Regular;2021;Resumen;https://post.anid.cl/frontend.php/es/postulacion/descargar/hash/57ebd73e9563aa4d6f303e806396b3c4
1210127;Regular;2021;Resumen;https://post.anid.cl/frontend.php/es/postulacion/descargar/hash/c0b7975c1ddca81c4ec9fac51a6297cd
1210130;Regular;2021;Resumen;https://post.anid.cl/frontend.php/es/postulacion/descargar/hash/fbf2f2f27fca12391aac52e936644dcf
1210131;Regular;2021;Resumen;https://post.anid.cl/frontend.php/es/postulacion/descargar/hash/c230331c6aacc6b0f5d23a672b4ebf51
1210136;Regular;2021;Resumen;https://post.anid.cl/frontend.php/es/postulacion/descargar/hash/487258aaeb75cb1dd3de7c1b6ecde1c7
1210138;Regular;2021;Resumen;https://post.anid.cl/frontend.php/es/postulacion/descargar/hash/df05a3a65fc137d6fc9cc2c72be3dd3f
1210139;Regular;2021;Resumen;https://post.anid.cl/frontend.php/es/postulacion/descargar/hash/35af3cf459bece3abe0ea2530cbfe64a
1210142;Regular;2021;Resumen;https://post.anid.cl/frontend.php/es/postulacion/descargar/hash/fa902053e5138fed4ec19fd6245edeec
1210144;Regular;2021;Resumen;https://post.anid.cl/frontend.php/es/postulacion/descargar/hash/c3f37cd5b1baa66e67e93007d9050d45
1210146;Regular;2021;Resumen;https://post.anid.cl/frontend.php/es/postulacion/descargar/hash/576752aaea7836266983fe102c5b78ef
1210147;Regular;2021;Resumen;https://post.anid.cl/frontend.php/es/postulacion/descargar/hash/f12745f48b7e38af2daec84721ec3d8f
1210151;Regular;2021;Resumen;https://post.anid.cl/frontend.php/es/postulacion/descargar/hash/de98a5a9dee45898d76d0918cc2e6c87
1210153;Regular;2021;Resumen;https://post.anid.cl/frontend.php/es/postulacion/descargar/hash/1b0a7f006cfcf984e2836718124bca54
1210155;Regular;2021;Resumen;https://post.anid.cl/frontend.php/es/postulacion/descargar/hash/2693e98af0f6212bbeb2f569f7940eda
1210156;Regular;2021;Resumen;https://post.anid.cl/frontend.php/es/postulacion/descargar/hash/9572c9fef5729dcdd8010452a82f74d6
1210157;Regular;2021;Resumen;https://post.anid.cl/frontend.php/es/postulacion/descargar/hash/1bdfa603b71602761eff3ad06c0ca062
1210160;Regular;2021;Resumen;https://post.anid.cl/frontend.php/es/postulacion/descargar/hash/7eec21a45ea1e8f8feae58d3a4bce345
1210165;Regular;2021;Resumen;https://post.anid.cl/frontend.php/es/postulacion/descargar/hash/a6b37aa526135716671cf18b62fe8540
1210166;Regular;2021;Resumen;https://post.anid.cl/frontend.php/es/postulacion/descargar/hash/b01b16418553d5ac1f04a6e02b9e6e00
1210168;Regular;2021;Resumen;https://post.anid.cl/frontend.php/es/postulacion/descargar/hash/f8ba2e27a146f32a44be52a6016a0e07
1210169;Regular;2021;Resumen;https://post.anid.cl/frontend.php/es/postulacion/descargar/hash/3f1f86fbd046570f63c0b404f3300d4c
1210171;Regular;2021;Resumen;https://post.anid.cl/frontend.php/es/postulacion/descargar/hash/5c31603d6a1e840d370fc4a34dc21fd3
1210172;Regular;2021;Resumen;https://post.anid.cl/frontend.php/es/postulacion/descargar/hash/a4acb33e1c1c520719e6deb67bb642b3
1210176;Regular;2021;Resumen;https://post.anid.cl/frontend.php/es/postulacion/descargar/hash/4e7611bccd0e4cdd1588652a37dbc5e8
1210177;Regular;2021;Resumen;https://post.anid.cl/frontend.php/es/postulacion/descargar/hash/01ab7557fb47474ec673cd16f2a34746
1210178;Regular;2021;Resumen;https://post.anid.cl/frontend.php/es/postulacion/descargar/hash/f46cb0568ae1bf6a8c12a8e2252cedd7
1210179;Regular;2021;Resumen;https://post.anid.cl/frontend.php/es/postulacion/descargar/hash/43af93cc0cfacd4620bdd9ce9962d5af
1210183;Regular;2021;Resumen;https://post.anid.cl/frontend.php/es/postulacion/descargar/hash/faeac2f077428118c23fd28f504555d9
1210184;Regular;2021;Resumen;https://post.anid.cl/frontend.php/es/postulacion/descargar/hash/6bd177bc68efcb35fc98359d23bd7825
1210188;Regular;2021;Resumen;https://post.anid.cl/frontend.php/es/postulacion/descargar/hash/589e1d944b01057e19f85f946a7670c4
1210193;Regular;2021;Resumen;https://post.anid.cl/frontend.php/es/postulacion/descargar/hash/67248b33c4eb3433b7820a95825b7325
1210195;Regular;2021;Resumen;https://post.anid.cl/frontend.php/es/postulacion/descargar/hash/4288358f14730057ab5676116fe1f6e4
1210208;Regular;2021;Resumen;https://post.anid.cl/frontend.php/es/postulacion/descargar/hash/fe014a294a96c093cb77b83c5fa18f97
1210209;Regular;2021;Resumen;https://post.anid.cl/frontend.php/es/postulacion/descargar/hash/51df16dad4179a4b2d7399a59889289a
1210214;Regular;2021;Resumen;https://post.anid.cl/frontend.php/es/postulacion/descargar/hash/d9c20ee625a18bad8c6f01915c7a0f67
1210215;Regular;2021;Resumen;https://post.anid.cl/frontend.php/es/postulacion/descargar/hash/53dbfb1f5d2235189cfd625543dd7626
1210216;Regular;2021;Resumen;https://post.anid.cl/frontend.php/es/postulacion/descargar/hash/56409fd3a28d1693c23ddff1332fc757
1210219;Regular;2021;Resumen;https://post.anid.cl/frontend.php/es/postulacion/descargar/hash/e7e42049ca67ecc2e1ef460ff8c2bcb2
1210221;Regular;2021;Resumen;https://post.anid.cl/frontend.php/es/postulacion/descargar/hash/b9bf5b4409a3fe9a6db906da1250f2f2
1210228;Regular;2021;Resumen;https://post.anid.cl/frontend.php/es/postulacion/descargar/hash/19c6f4406edabbf882ea9ce83769c868
1210232;Regular;2021;Resumen;https://post.anid.cl/frontend.php/es/postulacion/descargar/hash/de285938f1115456f9f31fa6164dbd00
1210234;Regular;2021;Resumen;https://post.anid.cl/frontend.php/es/postulacion/descargar/hash/20f0dd5d9e9b3525b38e17f5b37a42bf
1210239;Regular;2021;Resumen;https://post.anid.cl/frontend.php/es/postulacion/descargar/hash/da78b540564f72737278cdb7bdb841f0
1210241;Regular;2021;Resumen;https://post.anid.cl/frontend.php/es/postulacion/descargar/hash/c31b03bb09cc76ad2f60bb3f275aa3c1
1210249;Regular;2021;Resumen;https://post.anid.cl/frontend.php/es/postulacion/descargar/hash/58e0b9d424b17acefa1f56c53a5acd3e
1210250;Regular;2021;Resumen;https://post.anid.cl/frontend.php/es/postulacion/descargar/hash/dfae1b81bf78c9c8b5babd87e2c938cf
1210252;Regular;2021;Resumen;https://post.anid.cl/frontend.php/es/postulacion/descargar/hash/b8242f4ebb2964f081011efce16ec55c
1210254;Regular;2021;Resumen;https://post.anid.cl/frontend.php/es/postulacion/descargar/hash/71f071ef770b1ae3b475293366909e3b
1210261;Regular;2021;Resumen;https://post.anid.cl/frontend.php/es/postulacion/descargar/hash/998ec796a68fa453f730c1c0a9aa5321
1210264;Regular;2021;Resumen;https://post.anid.cl/frontend.php/es/postulacion/descargar/hash/3b80015c950004ef005d19000cbef492
1210269;Regular;2021;Resumen;https://post.anid.cl/frontend.php/es/postulacion/descargar/hash/979769db1b90628b5418c9c1a60f282c
1210275;Regular;2021;Resumen;https://post.anid.cl/frontend.php/es/postulacion/descargar/hash/8615dcf55289d70171571d1c8b4a0385
1210277;Regular;2021;Resumen;https://post.anid.cl/frontend.php/es/postulacion/descargar/hash/ff5a9873e4d240fc84605fc936f6ba36
1210281;Regular;2021;Resumen;https://post.anid.cl/frontend.php/es/postulacion/descargar/hash/7725f6fd930e2c5076067768b754ced9
1210283;Regular;2021;Resumen;https://post.anid.cl/frontend.php/es/postulacion/descargar/hash/e66f730889e020e7f2cbea6a86b40707
1210285;Regular;2021;Resumen;https://post.anid.cl/frontend.php/es/postulacion/descargar/hash/d3eb9a71fb1ba030e6e6b72cedcaf845
1210286;Regular;2021;Resumen;https://post.anid.cl/frontend.php/es/postulacion/descargar/hash/df04cd50c926c323792a712af31dfd70
1210296;Regular;2021;Resumen;https://post.anid.cl/frontend.php/es/postulacion/descargar/hash/4222806cc66fda49afa98d191b40c731
1210297;Regular;2021;Resumen;https://post.anid.cl/frontend.php/es/postulacion/descargar/hash/f6b830d4996dcca0e1cd837dcdb4f812
1210298;Regular;2021;Resumen;https://post.anid.cl/frontend.php/es/postulacion/descargar/hash/0fc5c99c189e535a8991c7a983112879
1210310;Regular;2021;Resumen;https://post.anid.cl/frontend.php/es/postulacion/descargar/hash/384c51b0210db92894f88786196f8602
1210312;Regular;2021;Resumen;https://post.anid.cl/frontend.php/es/postulacion/descargar/hash/8d0d61664b5b5610fa37c825597ea959
1210315;Regular;2021;Resumen;https://post.anid.cl/frontend.php/es/postulacion/descargar/hash/ce619b2bbc12d18297e6304ccafcce45
1210320;Regular;2021;Resumen;https://post.anid.cl/frontend.php/es/postulacion/descargar/hash/b97ace1a1017571511eb11512df49bea
1210321;Regular;2021;Resumen;https://post.anid.cl/frontend.php/es/postulacion/descargar/hash/fd378b9b7a50cc416157a51c6f16e0cc
1210325;Regular;2021;Resumen;https://post.anid.cl/frontend.php/es/postulacion/descargar/hash/007bcee8f9c65ecff1370917e9cd1bf8
1210329;Regular;2021;Resumen;https://post.anid.cl/frontend.php/es/postulacion/descargar/hash/d3137fdc1c25bc596d59fb52939a9d9c
1210331;Regular;2021;Resumen;https://post.anid.cl/frontend.php/es/postulacion/descargar/hash/7e66ab302fca0b376d8d4feb65cab4dc
1210332;Regular;2021;Resumen;https://post.anid.cl/frontend.php/es/postulacion/descargar/hash/d9e3c980256f09bbdbad544212d5b1e4
1210334;Regular;2021;Resumen;https://post.anid.cl/frontend.php/es/postulacion/descargar/hash/242f8601bde165b7c2cbb9fa5064511d
1210335;Regular;2021;Resumen;https://post.anid.cl/frontend.php/es/postulacion/descargar/hash/3e22c12ad6aca90be3654c17047d5d26
1210338;Regular;2021;Resumen;https://post.anid.cl/frontend.php/es/postulacion/descargar/hash/27ea4de3a760c63c945b08ef3165bf70
1210343;Regular;2021;Resumen;https://post.anid.cl/frontend.php/es/postulacion/descargar/hash/82e2726c5e9092f57e07932a39bfb889
1210346;Regular;2021;Resumen;https://post.anid.cl/frontend.php/es/postulacion/descargar/hash/e634db95f9578c815df548fd41a8d524
1210348;Regular;2021;Resumen;https://post.anid.cl/frontend.php/es/postulacion/descargar/hash/c45ae73f76060381834e559ffd3ca1a8
1210349;Regular;2021;Resumen;https://post.anid.cl/frontend.php/es/postulacion/descargar/hash/9e5a34d485237ef6cea738b05e7de9b8
1210350;Regular;2021;Resumen;https://post.anid.cl/frontend.php/es/postulacion/descargar/hash/f33d0f56872ba8cca5f7f50f6667021c
1210353;Regular;2021;Resumen;https://post.anid.cl/frontend.php/es/postulacion/descargar/hash/280878622244242787c8b2d5407a4948
1210355;Regular;2021;Resumen;https://post.anid.cl/frontend.php/es/postulacion/descargar/hash/39026ae0aaef85d2db6ef0ca46ed8a1e
1210358;Regular;2021;Resumen;https://post.anid.cl/frontend.php/es/postulacion/descargar/hash/7f78a5c214f97163b6faa2df005b01f8
1210359;Regular;2021;Resumen;https://post.anid.cl/frontend.php/es/postulacion/descargar/hash/89342cc7cb89407b0a0c1e8172b00f08
1210360;Regular;2021;Resumen;https://post.anid.cl/frontend.php/es/postulacion/descargar/hash/54d6486a3c665e9c5f22473d15307cd4
1210362;Regular;2021;Resumen;https://post.anid.cl/frontend.php/es/postulacion/descargar/hash/30e3a0651dddad6d7c90b02678a06c64
1210374;Regular;2021;Resumen;https://post.anid.cl/frontend.php/es/postulacion/descargar/hash/b3451df49aeba6e4c4318fe0611842d3
1210375;Regular;2021;Resumen;https://post.anid.cl/frontend.php/es/postulacion/descargar/hash/ea2688a682be71176e89c8c88c94b958
1210378;Regular;2021;Resumen;https://post.anid.cl/frontend.php/es/postulacion/descargar/hash/6646b0d0266c2b7caa3451c07084b544
1210389;Regular;2021;Resumen;https://post.anid.cl/frontend.php/es/postulacion/descargar/hash/663c313c751e3ce9d09660e375027ef7
1210391;Regular;2021;Resumen;https://post.anid.cl/frontend.php/es/postulacion/descargar/hash/da99779b205d4abf74c732ed6f62a61c
1210392;Regular;2021;Resumen;https://post.anid.cl/frontend.php/es/postulacion/descargar/hash/823e383b2813c46ec0f8c4d4b0989302
1210394;Regular;2021;Resumen;https://post.anid.cl/frontend.php/es/postulacion/descargar/hash/4681f395a57d244f8c1740d2c2321c2f
1210396;Regular;2021;Resumen;https://post.anid.cl/frontend.php/es/postulacion/descargar/hash/c324afd1b9a601e2c8a2d44224d1667d
1210400;Regular;2021;Resumen;https://post.anid.cl/frontend.php/es/postulacion/descargar/hash/9531666a927cffd6c1715cc89aacd426
1210404;Regular;2021;Resumen;https://post.anid.cl/frontend.php/es/postulacion/descargar/hash/37177f30e62bf18b03cd69035e16be69
1210405;Regular;2021;Resumen;https://post.anid.cl/frontend.php/es/postulacion/descargar/hash/ec856f6ec388f05f88e9f868ee2b2df3
1210408;Regular;2021;Resumen;https://post.anid.cl/frontend.php/es/postulacion/descargar/hash/f5823fa0eee745ade909ad1926a412f5
1210410;Regular;2021;Resumen;https://post.anid.cl/frontend.php/es/postulacion/descargar/hash/a419dbd94e8620dbdf07c504548b92c8
1210411;Regular;2021;Resumen;https://post.anid.cl/frontend.php/es/postulacion/descargar/hash/aa006e8452c69e6e76048e658a527e81
1210418;Regular;2021;Resumen;https://post.anid.cl/frontend.php/es/postulacion/descargar/hash/b5b29a547043c118b669f08d2b16b29d
1210421;Regular;2021;Resumen;https://post.anid.cl/frontend.php/es/postulacion/descargar/hash/df670cc707f43c474501f7c1bf8be1d8
1210422;Regular;2021;Resumen;https://post.anid.cl/frontend.php/es/postulacion/descargar/hash/23dcb5d573d3bdfa1c9fbc326e90f181
1210423;Regular;2021;Resumen;https://post.anid.cl/frontend.php/es/postulacion/descargar/hash/87ee020060d6b342b63f2efe5da217ca
1210425;Regular;2021;Resumen;https://post.anid.cl/frontend.php/es/postulacion/descargar/hash/78afbbd56acffa0932d570071a8d93c5
1210426;Regular;2021;Resumen;https://post.anid.cl/frontend.php/es/postulacion/descargar/hash/f8cdbc3b0b37a6624f15085cff8f0d94
1210429;Regular;2021;Resumen;https://post.anid.cl/frontend.php/es/postulacion/descargar/hash/ac6538a7bec9ae699918b7c17a74d7a8
1210431;Regular;2021;Resumen;https://post.anid.cl/frontend.php/es/postulacion/descargar/hash/bad8c4b8e74d238c7d5a3eae723b69a3
1210440;Regular;2021;Resumen;https://post.anid.cl/frontend.php/es/postulacion/descargar/hash/aa8f0045f86da15cf29ac3f4c23155d4
1210442;Regular;2021;Resumen;https://post.anid.cl/frontend.php/es/postulacion/descargar/hash/646294dd6369efe49ff14a80a4d0ecdd
1210444;Regular;2021;Resumen;https://post.anid.cl/frontend.php/es/postulacion/descargar/hash/91248b19c21a2612e65aba56c1e4de08
1210448;Regular;2021;Resumen;https://post.anid.cl/frontend.php/es/postulacion/descargar/hash/66e505ff4b262a956ea9bfa7a9e26f7c
1210450;Regular;2021;Resumen;https://post.anid.cl/frontend.php/es/postulacion/descargar/hash/5039c010252afab698559b0ace7f074e
1210455;Regular;2021;Resumen;https://post.anid.cl/frontend.php/es/postulacion/descargar/hash/43c876a22aedba2419bed0404f76c4a5
1210463;Regular;2021;Resumen;https://post.anid.cl/frontend.php/es/postulacion/descargar/hash/eb3dcdbfd5ec01c9fdf02280dda289d2
1210471;Regular;2021;Resumen;https://post.anid.cl/frontend.php/es/postulacion/descargar/hash/64b2cc7c06681d1581ccbf4962634fe1
1210475;Regular;2021;Resumen;https://post.anid.cl/frontend.php/es/postulacion/descargar/hash/ce34211d4aadb6255f494e37bef23e04
1210476;Regular;2021;Resumen;https://post.anid.cl/frontend.php/es/postulacion/descargar/hash/2627dcba76c96943233066c4f1adb6e8
1210477;Regular;2021;Resumen;https://post.anid.cl/frontend.php/es/postulacion/descargar/hash/31b0bedf4d31c5e87d6d66022d949ccb
1210489;Regular;2021;Resumen;https://post.anid.cl/frontend.php/es/postulacion/descargar/hash/41f31cf55339d931f168a7c9b090b0a1
1210490;Regular;2021;Resumen;https://post.anid.cl/frontend.php/es/postulacion/descargar/hash/c88d092e96280a14a5ae109a565663fe
1210496;Regular;2021;Resumen;https://post.anid.cl/frontend.php/es/postulacion/descargar/hash/b5176913544ce1b460ae7608abc2b027
1210500;Regular;2021;Resumen;https://post.anid.cl/frontend.php/es/postulacion/descargar/hash/fbda5c014ccd6fca6aae4442a17b2c51
1210503;Regular;2021;Resumen;https://post.anid.cl/frontend.php/es/postulacion/descargar/hash/31a3b1d5360d6842ceaa6def41455785
1210504;Regular;2021;Resumen;https://post.anid.cl/frontend.php/es/postulacion/descargar/hash/a244ec87228f78ede19dcea5736c7356
1210506;Regular;2021;Resumen;https://post.anid.cl/frontend.php/es/postulacion/descargar/hash/78a3cd471b873232fb91683e9d7267a8
1210507;Regular;2021;Resumen;https://post.anid.cl/frontend.php/es/postulacion/descargar/hash/fd255540eac605f2b128f61b4db6f761
1210509;Regular;2021;Resumen;https://post.anid.cl/frontend.php/es/postulacion/descargar/hash/9bc85b66c17560fea3d084c8cd2cfeb1
1210526;Regular;2021;Resumen;https://post.anid.cl/frontend.php/es/postulacion/descargar/hash/81e53e66158fe870bc50bba02d248ec9
1210533;Regular;2021;Resumen;https://post.anid.cl/frontend.php/es/postulacion/descargar/hash/5b64527c54ba158280fabf804aac4d9a
1210534;Regular;2021;Resumen;https://post.anid.cl/frontend.php/es/postulacion/descargar/hash/cbe5c98c041a5dc975533c509c57f4f7
1210540;Regular;2021;Resumen;https://post.anid.cl/frontend.php/es/postulacion/descargar/hash/04ac8eb7397a3caa45afa6d70a694773
1210542;Regular;2021;Resumen;https://post.anid.cl/frontend.php/es/postulacion/descargar/hash/4122b4c0dcdbee7838f4a23ace744a60
1210543;Regular;2021;Resumen;https://post.anid.cl/frontend.php/es/postulacion/descargar/hash/5e6677c5641e9c9fda6a7fcb4e73902d
1210545;Regular;2021;Resumen;https://post.anid.cl/frontend.php/es/postulacion/descargar/hash/17f5df670fb30736fcb9d598abd12980
1210548;Regular;2021;Resumen;https://post.anid.cl/frontend.php/es/postulacion/descargar/hash/1b29955c161e8070586ab19d39541341
1210551;Regular;2021;Resumen;https://post.anid.cl/frontend.php/es/postulacion/descargar/hash/b5d6475680d13baa6ba711c7cb96e826
1210553;Regular;2021;Resumen;https://post.anid.cl/frontend.php/es/postulacion/descargar/hash/94a2274afc7f6d0d2ee63bdf67906268
1210555;Regular;2021;Resumen;https://post.anid.cl/frontend.php/es/postulacion/descargar/hash/5ecae52859c2e9ddb81726e63271a02f
1210556;Regular;2021;Resumen;https://post.anid.cl/frontend.php/es/postulacion/descargar/hash/06c1e66e61f0211236f6cddb906e087e
1210561;Regular;2021;Resumen;https://post.anid.cl/frontend.php/es/postulacion/descargar/hash/84819d6c2bfe0c7b7421edda4ad8ef66
1210563;Regular;2021;Resumen;https://post.anid.cl/frontend.php/es/postulacion/descargar/hash/58a64a494af39144f0a4c6619a844661
1210564;Regular;2021;Resumen;https://post.anid.cl/frontend.php/es/postulacion/descargar/hash/cc9136c2b3f986724182fe13301c7abc
1210568;Regular;2021;Resumen;https://post.anid.cl/frontend.php/es/postulacion/descargar/hash/3270782877a9d75a2aca0a0d0a314d92
1210570;Regular;2021;Resumen;https://post.anid.cl/frontend.php/es/postulacion/descargar/hash/aad9e30d96aa2c6860030e89ebf10e3f
1210575;Regular;2021;Resumen;https://post.anid.cl/frontend.php/es/postulacion/descargar/hash/1472ac1fa7d91f0034ea8f3c2c7d95b4
1210576;Regular;2021;Resumen;https://post.anid.cl/frontend.php/es/postulacion/descargar/hash/f9003e014f2d90c85d33e7b11a3c6bee
1210579;Regular;2021;Resumen;https://post.anid.cl/frontend.php/es/postulacion/descargar/hash/63f37b2887473d938a624827e3539c3d
1210583;Regular;2021;Resumen;https://post.anid.cl/frontend.php/es/postulacion/descargar/hash/762d00c471086721dd1973458d67dc6a
1210584;Regular;2021;Resumen;https://post.anid.cl/frontend.php/es/postulacion/descargar/hash/4286cd5275caa5a1335e177265b00840
1210585;Regular;2021;Resumen;https://post.anid.cl/frontend.php/es/postulacion/descargar/hash/b83aaf6850f5d4d19fab25be93daadfe
1210586;Regular;2021;Resumen;https://post.anid.cl/frontend.php/es/postulacion/descargar/hash/89c7a8469cc6beca78e69bb032bd4ef6
1210591;Regular;2021;Resumen;https://post.anid.cl/frontend.php/es/postulacion/descargar/hash/cbe5185249ecb6a48e6fecb171ff1f43
1210592;Regular;2021;Resumen;https://post.anid.cl/frontend.php/es/postulacion/descargar/hash/8da6dd47f444d1713784ca42f2cbf458
1210602;Regular;2021;Resumen;https://post.anid.cl/frontend.php/es/postulacion/descargar/hash/47ad1201b7079ae6b47e20d14589dd63
1210606;Regular;2021;Resumen;https://post.anid.cl/frontend.php/es/postulacion/descargar/hash/62066a83e900c53c845b7d55f626a2a3
1210607;Regular;2021;Resumen;https://post.anid.cl/frontend.php/es/postulacion/descargar/hash/50de6d9e815720990471d02af34d79df
1210610;Regular;2021;Resumen;https://post.anid.cl/frontend.php/es/postulacion/descargar/hash/44631eacff76baeb9029c3eb6f60f21b
1210612;Regular;2021;Resumen;https://post.anid.cl/frontend.php/es/postulacion/descargar/hash/35c484c64b4248ea5aeeab8eafbfe512
1210616;Regular;2021;Resumen;https://post.anid.cl/frontend.php/es/postulacion/descargar/hash/de53e91d7a2351959d75edf6825a4820
1210622;Regular;2021;Resumen;https://post.anid.cl/frontend.php/es/postulacion/descargar/hash/cdc62e6cc78095aa663f8aafa8524ad8
1210625;Regular;2021;Resumen;https://post.anid.cl/frontend.php/es/postulacion/descargar/hash/309b2df450772543fab43256d875f6fc
1210626;Regular;2021;Resumen;https://post.anid.cl/frontend.php/es/postulacion/descargar/hash/c182738c4bb43f23307abf989258f92b
1210627;Regular;2021;Resumen;https://post.anid.cl/frontend.php/es/postulacion/descargar/hash/b83bf5b73d44f753b9c07bb9b5aeab62
1210631;Regular;2021;Resumen;https://post.anid.cl/frontend.php/es/postulacion/descargar/hash/8a68ce42b08490879dc8f803a09a92cc
1210633;Regular;2021;Resumen;https://post.anid.cl/frontend.php/es/postulacion/descargar/hash/c7e61cd437942151cd904cbc6c7316c8
1210634;Regular;2021;Resumen;https://post.anid.cl/frontend.php/es/postulacion/descargar/hash/3f17b3c36ec51b8c00ba9a1304fdbd65
1210635;Regular;2021;Resumen;https://post.anid.cl/frontend.php/es/postulacion/descargar/hash/870bdf07dc4cb358cbf348d2a1710a58
1210637;Regular;2021;Resumen;https://post.anid.cl/frontend.php/es/postulacion/descargar/hash/aa243412a60a233d8b00fa84e9d156d6
1210638;Regular;2021;Resumen;https://post.anid.cl/frontend.php/es/postulacion/descargar/hash/64ee62a271513548d6f1563725d81076
1210641;Regular;2021;Resumen;https://post.anid.cl/frontend.php/es/postulacion/descargar/hash/d524a50b45250fcd288c2d60a7fa34cf
1210644;Regular;2021;Resumen;https://post.anid.cl/frontend.php/es/postulacion/descargar/hash/54d83d588527c65bd2cfe49db413694e
1210648;Regular;2021;Resumen;https://post.anid.cl/frontend.php/es/postulacion/descargar/hash/70106ab89dbb3e6705ef7b1e5ec2f5df
1210651;Regular;2021;Resumen;https://post.anid.cl/frontend.php/es/postulacion/descargar/hash/a1aa43c2c1df9b857b625ad2b4f48051
1210652;Regular;2021;Resumen;https://post.anid.cl/frontend.php/es/postulacion/descargar/hash/b42573d1ecb0ebbe10aefdba5f6c00cf
1210653;Regular;2021;Resumen;https://post.anid.cl/frontend.php/es/postulacion/descargar/hash/b872a5a13e1b9b1903d7f904f70714f2
1210654;Regular;2021;Resumen;https://post.anid.cl/frontend.php/es/postulacion/descargar/hash/50d9008400af74436d127cb571004bdf
1210655;Regular;2021;Resumen;https://post.anid.cl/frontend.php/es/postulacion/descargar/hash/b15405656bb88dfa2dd3fd903645b7bd
1210656;Regular;2021;Resumen;https://post.anid.cl/frontend.php/es/postulacion/descargar/hash/168eeeb1001dff4142ebb0263c443df6
1210659;Regular;2021;Resumen;https://post.anid.cl/frontend.php/es/postulacion/descargar/hash/d72d30c3f0e86533a62f46a1daac1161
1210661;Regular;2021;Resumen;https://post.anid.cl/frontend.php/es/postulacion/descargar/hash/b0a2ff1c8a937a518ff35b3687779e88
1210665;Regular;2021;Resumen;https://post.anid.cl/frontend.php/es/postulacion/descargar/hash/c5cd00421d2330007a8929ba09f79602
1210669;Regular;2021;Resumen;https://post.anid.cl/frontend.php/es/postulacion/descargar/hash/8f19d83644e936a2c1730b60c6170bc8
1210673;Regular;2021;Resumen;https://post.anid.cl/frontend.php/es/postulacion/descargar/hash/1db293214588bcb485b9da318381453b
1210677;Regular;2021;Resumen;https://post.anid.cl/frontend.php/es/postulacion/descargar/hash/f02532bac69e15d6d4fb5dd280197f5e
1210679;Regular;2021;Resumen;https://post.anid.cl/frontend.php/es/postulacion/descargar/hash/aa8bffdb7f2fd533f67d1d129b048cce
1210680;Regular;2021;Resumen;https://post.anid.cl/frontend.php/es/postulacion/descargar/hash/c61aa3c55aad739cc58e488f739e72b0
1210684;Regular;2021;Resumen;https://post.anid.cl/frontend.php/es/postulacion/descargar/hash/b46e6ead5029e2c21dfe86a0d455c980
1210688;Regular;2021;Resumen;https://post.anid.cl/frontend.php/es/postulacion/descargar/hash/640e26aef0f1a3875df70468693318b0
1210689;Regular;2021;Resumen;https://post.anid.cl/frontend.php/es/postulacion/descargar/hash/890c2d6078a0419a5d315dcceffbe4ae
1210692;Regular;2021;Resumen;https://post.anid.cl/frontend.php/es/postulacion/descargar/hash/78d2c679e2868b798b84806079995d68
1210701;Regular;2021;Resumen;https://post.anid.cl/frontend.php/es/postulacion/descargar/hash/3d3cc203a3fedce309eafd752b1a4cd1
1210706;Regular;2021;Resumen;https://post.anid.cl/frontend.php/es/postulacion/descargar/hash/768d3a460c7d82d42c1ed8be23338e71
1210708;Regular;2021;Resumen;https://post.anid.cl/frontend.php/es/postulacion/descargar/hash/9fb04320ce0b15a7328f3b925a642870
1210709;Regular;2021;Resumen;https://post.anid.cl/frontend.php/es/postulacion/descargar/hash/550e58e98caeb319773f72589944459a
1210713;Regular;2021;Resumen;https://post.anid.cl/frontend.php/es/postulacion/descargar/hash/310d67f264ab26a559ab2e2a6f6cfc57
1210714;Regular;2021;Resumen;https://post.anid.cl/frontend.php/es/postulacion/descargar/hash/441692cf06f9f5f3f43353f1c4946d84
1210718;Regular;2021;Resumen;https://post.anid.cl/frontend.php/es/postulacion/descargar/hash/86a4a29a9034b2078300bd3e8ed3c5d1
1210719;Regular;2021;Resumen;https://post.anid.cl/frontend.php/es/postulacion/descargar/hash/96c5f5a519ef15778dc0393d7acb9926
1210724;Regular;2021;Resumen;https://post.anid.cl/frontend.php/es/postulacion/descargar/hash/f73c9faacf663828f324b17eed4c4377
1210729;Regular;2021;Resumen;https://post.anid.cl/frontend.php/es/postulacion/descargar/hash/383803ff8e113b22ad7c36811717f921
1210733;Regular;2021;Resumen;https://post.anid.cl/frontend.php/es/postulacion/descargar/hash/bf11a316e6c77e2d0109fdccc4b832a7
1210735;Regular;2021;Resumen;https://post.anid.cl/frontend.php/es/postulacion/descargar/hash/e1794b91aa8855c8c33756f756763b56
1210736;Regular;2021;Resumen;https://post.anid.cl/frontend.php/es/postulacion/descargar/hash/f4635374c58d4a4d0a68b42b68724bd3
1210740;Regular;2021;Resumen;https://post.anid.cl/frontend.php/es/postulacion/descargar/hash/f70018befb57111631449d823fcfc243
1210743;Regular;2021;Resumen;https://post.anid.cl/frontend.php/es/postulacion/descargar/hash/faaad2bc3300eb6f3edec93338ba2dd2
1210745;Regular;2021;Resumen;https://post.anid.cl/frontend.php/es/postulacion/descargar/hash/b67d1a1b39b59d7f6ed363e5eb5b8de1
1210747;Regular;2021;Resumen;https://post.anid.cl/frontend.php/es/postulacion/descargar/hash/b92f9eb04bd79747df12db98808ba99f
1210751;Regular;2021;Resumen;https://post.anid.cl/frontend.php/es/postulacion/descargar/hash/b0f66c999e239e80209c3d4c44d8b061
1210754;Regular;2021;Resumen;https://post.anid.cl/frontend.php/es/postulacion/descargar/hash/4698d47e96b2cd9d15bcf6203a5895c1
1210757;Regular;2021;Resumen;https://post.anid.cl/frontend.php/es/postulacion/descargar/hash/c6f83e86931d2d8a89daf5db329ff11c
1210762;Regular;2021;Resumen;https://post.anid.cl/frontend.php/es/postulacion/descargar/hash/a3ce203144c85f9a951511d09ba22521
1210763;Regular;2021;Resumen;https://post.anid.cl/frontend.php/es/postulacion/descargar/hash/981ad3be8185f11ebf3d190d6ec3891d
1210765;Regular;2021;Resumen;https://post.anid.cl/frontend.php/es/postulacion/descargar/hash/632c5828f7c97d7df0fc6462a9d20f60
1210769;Regular;2021;Resumen;https://post.anid.cl/frontend.php/es/postulacion/descargar/hash/101e7279cfa6cf8463d06798e14951f4
1210770;Regular;2021;Resumen;https://post.anid.cl/frontend.php/es/postulacion/descargar/hash/5379df1560bb8c57cf381223e7ce283b
1210772;Regular;2021;Resumen;https://post.anid.cl/frontend.php/es/postulacion/descargar/hash/b42bf87358a662fdbea00097de7d9dfd
1210780;Regular;2021;Resumen;https://post.anid.cl/frontend.php/es/postulacion/descargar/hash/0fec77e65325a7e68b3305aa66bb9063
1210787;Regular;2021;Resumen;https://post.anid.cl/frontend.php/es/postulacion/descargar/hash/f41be9ac7f4594c89b873b66af4de1a2
1210790;Regular;2021;Resumen;https://post.anid.cl/frontend.php/es/postulacion/descargar/hash/68683c0844005a2fe71a5add80e1d4f1
1210793;Regular;2021;Resumen;https://post.anid.cl/frontend.php/es/postulacion/descargar/hash/4227040bcda9c0607e9e939c33e3c3a7
1210801;Regular;2021;Resumen;https://post.anid.cl/frontend.php/es/postulacion/descargar/hash/24d78f42375089043d841324797cf239
1210810;Regular;2021;Resumen;https://post.anid.cl/frontend.php/es/postulacion/descargar/hash/a39afd871155b17300470d2fb69bdbcc
1210813;Regular;2021;Resumen;https://post.anid.cl/frontend.php/es/postulacion/descargar/hash/bae0adb3aa52c8bd4dac037824ca60f0
1210827;Regular;2021;Resumen;https://post.anid.cl/frontend.php/es/postulacion/descargar/hash/e2111e659bd054f2a13320b90d20d581
1210829;Regular;2021;Resumen;https://post.anid.cl/frontend.php/es/postulacion/descargar/hash/ecfa0fb1f3a12e04e3bf4f93cda7a230
1210834;Regular;2021;Resumen;https://post.anid.cl/frontend.php/es/postulacion/descargar/hash/dc7aabba554470a5b1273b19ed26f211
1210839;Regular;2021;Resumen;https://post.anid.cl/frontend.php/es/postulacion/descargar/hash/8458851f36f7e5b82e7b0f6349b3bf7e
1210841;Regular;2021;Resumen;https://post.anid.cl/frontend.php/es/postulacion/descargar/hash/6a99e696df0f2423bba399fe93706afc
1210844;Regular;2021;Resumen;https://post.anid.cl/frontend.php/es/postulacion/descargar/hash/86416eab2f58d6915b58f21a0098d635
1210847;Regular;2021;Resumen;https://post.anid.cl/frontend.php/es/postulacion/descargar/hash/312a1f1dd1436fd71d7128cbf9e874df
1210852;Regular;2021;Resumen;https://post.anid.cl/frontend.php/es/postulacion/descargar/hash/065cfcd46fe98d6b84900272002a82b1
1210855;Regular;2021;Resumen;https://post.anid.cl/frontend.php/es/postulacion/descargar/hash/7ff32c462849562719b448764748cff5
1210858;Regular;2021;Resumen;https://post.anid.cl/frontend.php/es/postulacion/descargar/hash/e9dfabe366590cbcd5b1bc945fd13f81
1210867;Regular;2021;Resumen;https://post.anid.cl/frontend.php/es/postulacion/descargar/hash/1b045b1a497732a38e6aceb4f864da93
1210872;Regular;2021;Resumen;https://post.anid.cl/frontend.php/es/postulacion/descargar/hash/80c6cdfed34b1522b31c0204cd84f394
1210876;Regular;2021;Resumen;https://post.anid.cl/frontend.php/es/postulacion/descargar/hash/a83ee0e8bfb8fdaf97e5a63acf6c7783
1210881;Regular;2021;Resumen;https://post.anid.cl/frontend.php/es/postulacion/descargar/hash/25a4afaf250f1ac098e382945c697866
1210889;Regular;2021;Resumen;https://post.anid.cl/frontend.php/es/postulacion/descargar/hash/ec53e07ebfb5d5147cb70148adf6e081
1210892;Regular;2021;Resumen;https://post.anid.cl/frontend.php/es/postulacion/descargar/hash/fc1335d2d627f16715e5d766100036a9
1210898;Regular;2021;Resumen;https://post.anid.cl/frontend.php/es/postulacion/descargar/hash/09e98b36292a5965cfcc62888de00603
1210899;Regular;2021;Resumen;https://post.anid.cl/frontend.php/es/postulacion/descargar/hash/2487fbe0a549de6d8af93c2e166d5244
1210903;Regular;2021;Resumen;https://post.anid.cl/frontend.php/es/postulacion/descargar/hash/a66f1c0659007ec1ffb6ae43116b8292
1210908;Regular;2021;Resumen;https://post.anid.cl/frontend.php/es/postulacion/descargar/hash/7e2f6adc1a39d27eddd8a20b3b364e21
1210909;Regular;2021;Resumen;https://post.anid.cl/frontend.php/es/postulacion/descargar/hash/fb1fcf0b34ead226c7c53f49b66cb49c
1210912;Regular;2021;Resumen;https://post.anid.cl/frontend.php/es/postulacion/descargar/hash/3af01cb6201b4374e08a2661b2e7721b
1210915;Regular;2021;Resumen;https://post.anid.cl/frontend.php/es/postulacion/descargar/hash/260fd5f5a777ef2801f8f14834c5bf82
1210920;Regular;2021;Resumen;https://post.anid.cl/frontend.php/es/postulacion/descargar/hash/7d64ade6be42814a5a7b8643e9e45104
1210921;Regular;2021;Resumen;https://post.anid.cl/frontend.php/es/postulacion/descargar/hash/da577da1817ca13906d9f1b494264e53
1210922;Regular;2021;Resumen;https://post.anid.cl/frontend.php/es/postulacion/descargar/hash/ef28bbbadf7ffcc3283c9d47c9d738e1
1210923;Regular;2021;Resumen;https://post.anid.cl/frontend.php/es/postulacion/descargar/hash/18ac21d5dbf8fa99a368302680d11117
1210932;Regular;2021;Resumen;https://post.anid.cl/frontend.php/es/postulacion/descargar/hash/61e05c7732b9a025c70e6fe2e2d7fdf5
1210936;Regular;2021;Resumen;https://post.anid.cl/frontend.php/es/postulacion/descargar/hash/8e66cec022a5f47de4321dfefe194621
1210940;Regular;2021;Resumen;https://post.anid.cl/frontend.php/es/postulacion/descargar/hash/9afa62939ec3cd8f4807ebc40890f91c
1210941;Regular;2021;Resumen;https://post.anid.cl/frontend.php/es/postulacion/descargar/hash/1f406d4efd7ea8a6c7889eb8b62ae108
1210942;Regular;2021;Resumen;https://post.anid.cl/frontend.php/es/postulacion/descargar/hash/f072770bc8138a12233ff2b3c02b5b3f
1210944;Regular;2021;Resumen;https://post.anid.cl/frontend.php/es/postulacion/descargar/hash/342c7a8de8ee4b0782bdef2b4793c3ab
1210946;Regular;2021;Resumen;https://post.anid.cl/frontend.php/es/postulacion/descargar/hash/73bc42c8bd3fe61ac39e63fb7dba18eb
1210948;Regular;2021;Resumen;https://post.anid.cl/frontend.php/es/postulacion/descargar/hash/ca77cbf3cd02590297c656ae9e67e18b
1210955;Regular;2021;Resumen;https://post.anid.cl/frontend.php/es/postulacion/descargar/hash/a6704253afc2034b20721ac196de677a
1210959;Regular;2021;Resumen;https://post.anid.cl/frontend.php/es/postulacion/descargar/hash/7d0f2313c93b379d7c453795aa6b38e9
1210964;Regular;2021;Resumen;https://post.anid.cl/frontend.php/es/postulacion/descargar/hash/915e8b3aba229eb353dda17692081e1f
1210965;Regular;2021;Resumen;https://post.anid.cl/frontend.php/es/postulacion/descargar/hash/2e8ad8e5196b6dce56376798c8fab1f5
1210968;Regular;2021;Resumen;https://post.anid.cl/frontend.php/es/postulacion/descargar/hash/cce2ad210fb2b4a86955eb91218431f2
1210972;Regular;2021;Resumen;https://post.anid.cl/frontend.php/es/postulacion/descargar/hash/58e80e23b315654260b8338e43d4a824
1210988;Regular;2021;Resumen;https://post.anid.cl/frontend.php/es/postulacion/descargar/hash/22e362f07dc34a23cda365c4c411324c
1210989;Regular;2021;Resumen;https://post.anid.cl/frontend.php/es/postulacion/descargar/hash/c528afa237e2d0cfd5261bac77e8743f
1210992;Regular;2021;Resumen;https://post.anid.cl/frontend.php/es/postulacion/descargar/hash/05ae329a78dd07587558fc302256ed3c
1210997;Regular;2021;Resumen;https://post.anid.cl/frontend.php/es/postulacion/descargar/hash/9ac00c35969a8623cc8b5924b58e6ebe
1210999;Regular;2021;Resumen;https://post.anid.cl/frontend.php/es/postulacion/descargar/hash/7639d3882c51deb13de991a489de5bfd
1211000;Regular;2021;Resumen;https://post.anid.cl/frontend.php/es/postulacion/descargar/hash/b419ea71332443334d979d4b2373c85e
1211004;Regular;2021;Resumen;https://post.anid.cl/frontend.php/es/postulacion/descargar/hash/1b1d31edd008ecf446ba0b1252944230
1211009;Regular;2021;Resumen;https://post.anid.cl/frontend.php/es/postulacion/descargar/hash/3517b49fdf0730861e78c616026a4c5b
1211012;Regular;2021;Resumen;https://post.anid.cl/frontend.php/es/postulacion/descargar/hash/fba45790cf2c4c1029a6dafb4d9e3f79
1211017;Regular;2021;Resumen;https://post.anid.cl/frontend.php/es/postulacion/descargar/hash/db535e9f4f64dda92f39f25238f83ec9
1211020;Regular;2021;Resumen;https://post.anid.cl/frontend.php/es/postulacion/descargar/hash/7557a567d3b1d840d22536300bf73314
1211022;Regular;2021;Resumen;https://post.anid.cl/frontend.php/es/postulacion/descargar/hash/9ff886c1f10ebcc63dbdd859bcd40fbc
1211026;Regular;2021;Resumen;https://post.anid.cl/frontend.php/es/postulacion/descargar/hash/a87bee5425d3060043719b793b394892
1211030;Regular;2021;Resumen;https://post.anid.cl/frontend.php/es/postulacion/descargar/hash/6898ee132ac47ad1c96654ffb859c8c2
1211037;Regular;2021;Resumen;https://post.anid.cl/frontend.php/es/postulacion/descargar/hash/5869769b75de423b76f95fe47464f31f
1211038;Regular;2021;Resumen;https://post.anid.cl/frontend.php/es/postulacion/descargar/hash/5c4624288c5cff88b3d0c087dfa48103
1211040;Regular;2021;Resumen;https://post.anid.cl/frontend.php/es/postulacion/descargar/hash/590b42cd2da3f8dcf8170964993c75be
1211041;Regular;2021;Resumen;https://post.anid.cl/frontend.php/es/postulacion/descargar/hash/0bb72cc18914c9d006f286c502ff2256
1211044;Regular;2021;Resumen;https://post.anid.cl/frontend.php/es/postulacion/descargar/hash/44f06a125a9bd994df837bf668daec86
1211045;Regular;2021;Resumen;https://post.anid.cl/frontend.php/es/postulacion/descargar/hash/5682dbca8e1c417b2f7e3197b2a067f5
1211051;Regular;2021;Resumen;https://post.anid.cl/frontend.php/es/postulacion/descargar/hash/5763dbd2eed5a74e9ddc64accc43bc65
1211055;Regular;2021;Resumen;https://post.anid.cl/frontend.php/es/postulacion/descargar/hash/7a55bb32f3446842dd8b508f3c1824cc
1211057;Regular;2021;Resumen;https://post.anid.cl/frontend.php/es/postulacion/descargar/hash/174a4eb5a0c7ebb3abc64258a2c474ec
1211060;Regular;2021;Resumen;https://post.anid.cl/frontend.php/es/postulacion/descargar/hash/a87110ad219f376eb12e5e574e3b2caa
1211064;Regular;2021;Resumen;https://post.anid.cl/frontend.php/es/postulacion/descargar/hash/be95d3e53ffee328697ca62ba65072b0
1211077;Regular;2021;Resumen;https://post.anid.cl/frontend.php/es/postulacion/descargar/hash/86a1293217b3d5519fe220611b10fd0b
1211082;Regular;2021;Resumen;https://post.anid.cl/frontend.php/es/postulacion/descargar/hash/4fea0614de01238e36e26b84f485e0ec
1211092;Regular;2021;Resumen;https://post.anid.cl/frontend.php/es/postulacion/descargar/hash/5838107ade02c2513aa70f9172d36c0d
1211094;Regular;2021;Resumen;https://post.anid.cl/frontend.php/es/postulacion/descargar/hash/14a72a146cad00c75a7b36bf381313fd
1211095;Regular;2021;Resumen;https://post.anid.cl/frontend.php/es/postulacion/descargar/hash/a991582dfdff063e8b4a058406019941
1211099;Regular;2021;Resumen;https://post.anid.cl/frontend.php/es/postulacion/descargar/hash/70b0e5a660001529cd46850f4bc4618a
1211105;Regular;2021;Resumen;https://post.anid.cl/frontend.php/es/postulacion/descargar/hash/b1263ac2c03fa38ecf36894ef48b91b0
1211113;Regular;2021;Resumen;https://post.anid.cl/frontend.php/es/postulacion/descargar/hash/d7d65212a8d31591d732c88e702b2a7d
1211114;Regular;2021;Resumen;https://post.anid.cl/frontend.php/es/postulacion/descargar/hash/f9f36857ae394072bd667fe9ce486b66
1211118;Regular;2021;Resumen;https://post.anid.cl/frontend.php/es/postulacion/descargar/hash/93a13ae117f635ed6e3e6002cfeb63b8
1211119;Regular;2021;Resumen;https://post.anid.cl/frontend.php/es/postulacion/descargar/hash/1922d34bdf62f95b5513574eecd7eaa6
1211124;Regular;2021;Resumen;https://post.anid.cl/frontend.php/es/postulacion/descargar/hash/620047fa621bfb2e9d42aee23b1a915a
1211128;Regular;2021;Resumen;https://post.anid.cl/frontend.php/es/postulacion/descargar/hash/c6ea45e3f07bf9b0b5144123cfaadc9c
1211129;Regular;2021;Resumen;https://post.anid.cl/frontend.php/es/postulacion/descargar/hash/f1eddb4a5802fab23e327a1d6a4ee3d5
1211130;Regular;2021;Resumen;https://post.anid.cl/frontend.php/es/postulacion/descargar/hash/690640883ba56fe01de77dcb2d35ceb6
1211131;Regular;2021;Resumen;https://post.anid.cl/frontend.php/es/postulacion/descargar/hash/9b07a166d146310074cad44e28fa4609
1211132;Regular;2021;Resumen;https://post.anid.cl/frontend.php/es/postulacion/descargar/hash/12c16fc3f79a98182a7f09d54868b03d
1211135;Regular;2021;Resumen;https://post.anid.cl/frontend.php/es/postulacion/descargar/hash/e7dc5de3af74e4b67ec681f84c798e01
1211136;Regular;2021;Resumen;https://post.anid.cl/frontend.php/es/postulacion/descargar/hash/0f33c5934da5ad6fe926c35756468757
1211143;Regular;2021;Resumen;https://post.anid.cl/frontend.php/es/postulacion/descargar/hash/d37a9c33fcf58848425ed53583706c55
1211144;Regular;2021;Resumen;https://post.anid.cl/frontend.php/es/postulacion/descargar/hash/4442801f5252fe130b801b865eee30ba
1211160;Regular;2021;Resumen;https://post.anid.cl/frontend.php/es/postulacion/descargar/hash/af1d3355548b54922af0279ab9a0480e
1211162;Regular;2021;Resumen;https://post.anid.cl/frontend.php/es/postulacion/descargar/hash/8fc13fa2bc6f43c292c44c4944417eb3
1211163;Regular;2021;Resumen;https://post.anid.cl/frontend.php/es/postulacion/descargar/hash/ab1a828fc6d24ffab683f423f24695f2
1211177;Regular;2021;Resumen;https://post.anid.cl/frontend.php/es/postulacion/descargar/hash/245cbfff3e5a8902758a3362d6f2a1f7
1211180;Regular;2021;Resumen;https://post.anid.cl/frontend.php/es/postulacion/descargar/hash/609b33fc62c5d7615de4fc5cd86015dc
1211181;Regular;2021;Resumen;https://post.anid.cl/frontend.php/es/postulacion/descargar/hash/05a47ba599769320ff5dc205f7e3ff6d
1211183;Regular;2021;Resumen;https://post.anid.cl/frontend.php/es/postulacion/descargar/hash/a2e24c4ab7f0e4104d4e036f02fe2c66
1211184;Regular;2021;Resumen;https://post.anid.cl/frontend.php/es/postulacion/descargar/hash/bb1dbf68297c96671d10757d1f3144bd
1211189;Regular;2021;Resumen;https://post.anid.cl/frontend.php/es/postulacion/descargar/hash/8f84cb9bca677e07a1036b27ee3db648
1211190;Regular;2021;Resumen;https://post.anid.cl/frontend.php/es/postulacion/descargar/hash/10254de33693da779059459eab55d635
1211196;Regular;2021;Resumen;https://post.anid.cl/frontend.php/es/postulacion/descargar/hash/c337a3a0171e0b254f1e976eff7ce85a
1211197;Regular;2021;Resumen;https://post.anid.cl/frontend.php/es/postulacion/descargar/hash/29475cb5f8ccf62cd8fe3a62bd0b91a3
1211200;Regular;2021;Resumen;https://post.anid.cl/frontend.php/es/postulacion/descargar/hash/fb108750d9cdd15506580a1bf57f2531
1211208;Regular;2021;Resumen;https://post.anid.cl/frontend.php/es/postulacion/descargar/hash/693811249edcafebc4f4dffbdfd3ff7a
1211209;Regular;2021;Resumen;https://post.anid.cl/frontend.php/es/postulacion/descargar/hash/463cd7d9a4923ee034febadc7b1093fb
1211210;Regular;2021;Resumen;https://post.anid.cl/frontend.php/es/postulacion/descargar/hash/5c2cf0cd402debf03ed90b3355ef6a3f
1211211;Regular;2021;Resumen;https://post.anid.cl/frontend.php/es/postulacion/descargar/hash/dac4281053d011763def79de9781c59f
1211213;Regular;2021;Resumen;https://post.anid.cl/frontend.php/es/postulacion/descargar/hash/11298cd0e6c73b10c7305733404121b0
1211217;Regular;2021;Resumen;https://post.anid.cl/frontend.php/es/postulacion/descargar/hash/e4055bcb544cb960daf9df72c22c840c
1211218;Regular;2021;Resumen;https://post.anid.cl/frontend.php/es/postulacion/descargar/hash/bf5a35a177818a99061a266bbd788345
1211219;Regular;2021;Resumen;https://post.anid.cl/frontend.php/es/postulacion/descargar/hash/3fe2a20553e1ef891513f696ef47de1d
1211220;Regular;2021;Resumen;https://post.anid.cl/frontend.php/es/postulacion/descargar/hash/cd24e029e5c19416133ee766dcd7131d
1211223;Regular;2021;Resumen;https://post.anid.cl/frontend.php/es/postulacion/descargar/hash/d040cc2f7ffc918f10710eb597d9f5fc
1211225;Regular;2021;Resumen;https://post.anid.cl/frontend.php/es/postulacion/descargar/hash/4642f6b32290ddb8d82841bccd80ca7d
1211226;Regular;2021;Resumen;https://post.anid.cl/frontend.php/es/postulacion/descargar/hash/ee624b049bd954ad58bccad5e8b27192
1211227;Regular;2021;Resumen;https://post.anid.cl/frontend.php/es/postulacion/descargar/hash/7e07ebcbec79fffc47a92facad271f02
1211230;Regular;2021;Resumen;https://post.anid.cl/frontend.php/es/postulacion/descargar/hash/f04f23d54ae179aad0dbb3bca419f2fb
1211231;Regular;2021;Resumen;https://post.anid.cl/frontend.php/es/postulacion/descargar/hash/25ab5b45fed2685c46ac4cf3d8d64ad0
1211234;Regular;2021;Resumen;https://post.anid.cl/frontend.php/es/postulacion/descargar/hash/268ebdcba8a032ecd8f99154a271753a
1211239;Regular;2021;Resumen;https://post.anid.cl/frontend.php/es/postulacion/descargar/hash/bc244279eeff0ec877c8490505eb3bc3
1211246;Regular;2021;Resumen;https://post.anid.cl/frontend.php/es/postulacion/descargar/hash/74e7c2047c870260f169cf6dde5b3457
1211251;Regular;2021;Resumen;https://post.anid.cl/frontend.php/es/postulacion/descargar/hash/bacc101b07cdb415951a0bd8fe294947
1211257;Regular;2021;Resumen;https://post.anid.cl/frontend.php/es/postulacion/descargar/hash/4a9b5a367823d5f0719e55906129861e
1211261;Regular;2021;Resumen;https://post.anid.cl/frontend.php/es/postulacion/descargar/hash/2127cdb10c7cbc4d2c29f70b6e33d968
1211265;Regular;2021;Resumen;https://post.anid.cl/frontend.php/es/postulacion/descargar/hash/a0f58f87b2799763813bb13cf32e0b8b
1211270;Regular;2021;Resumen;https://post.anid.cl/frontend.php/es/postulacion/descargar/hash/7f1b7fd464207b716893c53f8c1908e1
1211273;Regular;2021;Resumen;https://post.anid.cl/frontend.php/es/postulacion/descargar/hash/45c83c1468dd084ccb23d421dd37eba8
1211280;Regular;2021;Resumen;https://post.anid.cl/frontend.php/es/postulacion/descargar/hash/1810f336af1366f74855da028def5323
1211282;Regular;2021;Resumen;https://post.anid.cl/frontend.php/es/postulacion/descargar/hash/1d6c806961f94d2dd4ad9fe0bfd21e26
1211285;Regular;2021;Resumen;https://post.anid.cl/frontend.php/es/postulacion/descargar/hash/07bbbcc3be924d8f367fec744275e6d0
1211286;Regular;2021;Resumen;https://post.anid.cl/frontend.php/es/postulacion/descargar/hash/9c35a30103c8fa7a3f32521c24a1233c
1211291;Regular;2021;Resumen;https://post.anid.cl/frontend.php/es/postulacion/descargar/hash/81f8ad828262ba124e4707d81acc0196
1211292;Regular;2021;Resumen;https://post.anid.cl/frontend.php/es/postulacion/descargar/hash/089938c7d44dc4614efa13b147e795ed
1211294;Regular;2021;Resumen;https://post.anid.cl/frontend.php/es/postulacion/descargar/hash/2527406a09241f4a2a481476424e3356
1211297;Regular;2021;Resumen;https://post.anid.cl/frontend.php/es/postulacion/descargar/hash/47f8131552089495d3edd4fdcf2ab56b
1211310;Regular;2021;Resumen;https://post.anid.cl/frontend.php/es/postulacion/descargar/hash/067e9ff3f304095088df6463de3b323a
1211311;Regular;2021;Resumen;https://post.anid.cl/frontend.php/es/postulacion/descargar/hash/3a565decede4613908207e9441781e37
1211312;Regular;2021;Resumen;https://post.anid.cl/frontend.php/es/postulacion/descargar/hash/7535d95aa4f81d821c7f8bbeafbba26f
1211314;Regular;2021;Resumen;https://post.anid.cl/frontend.php/es/postulacion/descargar/hash/d5063f615bc3bb6e93d72ed30a2a19aa
1211321;Regular;2021;Resumen;https://post.anid.cl/frontend.php/es/postulacion/descargar/hash/d28909f4f4000b0df60787337df9d7e2
1211323;Regular;2021;Resumen;https://post.anid.cl/frontend.php/es/postulacion/descargar/hash/9dca0d665761e1d1058bdd4d063c52c2
1211329;Regular;2021;Resumen;https://post.anid.cl/frontend.php/es/postulacion/descargar/hash/904ad29b3d4a38abe14d4a3d5b75e599
1211332;Regular;2021;Resumen;https://post.anid.cl/frontend.php/es/postulacion/descargar/hash/33c502df76145e33630fcaf12f42b263
1211338;Regular;2021;Resumen;https://post.anid.cl/frontend.php/es/postulacion/descargar/hash/444d88c5822b4f4b1a7285a9b237eaed
1211344;Regular;2021;Resumen;https://post.anid.cl/frontend.php/es/postulacion/descargar/hash/1754618d774251af701e11fbb4987cb1
1211345;Regular;2021;Resumen;https://post.anid.cl/frontend.php/es/postulacion/descargar/hash/c25f42d9e43b2ea0788cced774e7df23
1211346;Regular;2021;Resumen;https://post.anid.cl/frontend.php/es/postulacion/descargar/hash/4508a712d196940598d3b08bb873f626
1211347;Regular;2021;Resumen;https://post.anid.cl/frontend.php/es/postulacion/descargar/hash/9dd1b0d50df98870d05e20404b464b00
1211351;Regular;2021;Resumen;https://post.anid.cl/frontend.php/es/postulacion/descargar/hash/120b3552a8943cef0649bfd441ae5861
1211353;Regular;2021;Resumen;https://post.anid.cl/frontend.php/es/postulacion/descargar/hash/417e65981749ee31e9e6ad156bf46450
1211356;Regular;2021;Resumen;https://post.anid.cl/frontend.php/es/postulacion/descargar/hash/891e30eb143fd640f841906e488950cc
1211359;Regular;2021;Resumen;https://post.anid.cl/frontend.php/es/postulacion/descargar/hash/094409afa02fd37f31c8650e6300fc73
1211366;Regular;2021;Resumen;https://post.anid.cl/frontend.php/es/postulacion/descargar/hash/9cbd5a9d1c782511f4e9f0f48a5ffdcf
1211367;Regular;2021;Resumen;https://post.anid.cl/frontend.php/es/postulacion/descargar/hash/dd28beec5bc72c11d81b307dcf50a123
1211368;Regular;2021;Resumen;https://post.anid.cl/frontend.php/es/postulacion/descargar/hash/385d9a7ca55696ae6ef8c0919c3943de
1211369;Regular;2021;Resumen;https://post.anid.cl/frontend.php/es/postulacion/descargar/hash/1bb340c28acba1bbcc07c54eb61d9660
1211370;Regular;2021;Resumen;https://post.anid.cl/frontend.php/es/postulacion/descargar/hash/08091314468d7fff5e234bbb97225f79
1211373;Regular;2021;Resumen;https://post.anid.cl/frontend.php/es/postulacion/descargar/hash/7901a0c84c82df547f953f9c9731f63b
1211374;Regular;2021;Resumen;https://post.anid.cl/frontend.php/es/postulacion/descargar/hash/e7c3c612dfd8ba9a4f2ed36417999b56
1211376;Regular;2021;Resumen;https://post.anid.cl/frontend.php/es/postulacion/descargar/hash/154b943d91cdc99f0a59269022555f06
1211378;Regular;2021;Resumen;https://post.anid.cl/frontend.php/es/postulacion/descargar/hash/f8965bfc4df608b8042c5a7d5ca1b954
1211384;Regular;2021;Resumen;https://post.anid.cl/frontend.php/es/postulacion/descargar/hash/e6fbc7f0a0cfce36ce6c00b979933a34
1211386;Regular;2021;Resumen;https://post.anid.cl/frontend.php/es/postulacion/descargar/hash/3712764198d00f1497b39338f7f3bfe9
1211387;Regular;2021;Resumen;https://post.anid.cl/frontend.php/es/postulacion/descargar/hash/1de9bb0830d25e00ab2071daf1ee0b26
1211391;Regular;2021;Resumen;https://post.anid.cl/frontend.php/es/postulacion/descargar/hash/30fa3677674414975ed649d99706488f
1211394;Regular;2021;Resumen;https://post.anid.cl/frontend.php/es/postulacion/descargar/hash/082cdc2098ef66d0478a933e74d24fad
1211407;Regular;2021;Resumen;https://post.anid.cl/frontend.php/es/postulacion/descargar/hash/acd5d02f4584210ec49ec2dd98e15c9e
1211411;Regular;2021;Resumen;https://post.anid.cl/frontend.php/es/postulacion/descargar/hash/dc808db9f4193a3039c56533830ec7ad
1211412;Regular;2021;Resumen;https://post.anid.cl/frontend.php/es/postulacion/descargar/hash/5d9edc8fec56546ac0552e7085aaf807
1211417;Regular;2021;Resumen;https://post.anid.cl/frontend.php/es/postulacion/descargar/hash/11fe83b9cf371734719c50479d9cadc4
1211420;Regular;2021;Resumen;https://post.anid.cl/frontend.php/es/postulacion/descargar/hash/fa8eff6a85cf82e01dc55c27c1003ff9
1211427;Regular;2021;Resumen;https://post.anid.cl/frontend.php/es/postulacion/descargar/hash/a3315e2908e6537c3d58ba4d789a72f6
1211429;Regular;2021;Resumen;https://post.anid.cl/frontend.php/es/postulacion/descargar/hash/4c89909cd06a058b51c8d4a756a2c14d
1211434;Regular;2021;Resumen;https://post.anid.cl/frontend.php/es/postulacion/descargar/hash/96445b4e5099e182b339caf165c4123d
1211436;Regular;2021;Resumen;https://post.anid.cl/frontend.php/es/postulacion/descargar/hash/4deea2befa86b823fe06da40470f8044
1211441;Regular;2021;Resumen;https://post.anid.cl/frontend.php/es/postulacion/descargar/hash/da2a8625afea494d92a913ac592c76d7
1211443;Regular;2021;Resumen;https://post.anid.cl/frontend.php/es/postulacion/descargar/hash/1557b74194714f2b3a4f4c265cfb5b2e
1211450;Regular;2021;Resumen;https://post.anid.cl/frontend.php/es/postulacion/descargar/hash/5d2d7fd83dba96755e5319a3626a4fd6
1211468;Regular;2021;Resumen;https://post.anid.cl/frontend.php/es/postulacion/descargar/hash/ba8ac757b8cadaa8e7aa1a1f3f54951c
1211469;Regular;2021;Resumen;https://post.anid.cl/frontend.php/es/postulacion/descargar/hash/752fd863bce09ee935eb38e8ce34ce0d
1211471;Regular;2021;Resumen;https://post.anid.cl/frontend.php/es/postulacion/descargar/hash/04e5b5801b7f1b16d8d0a563e6a961b0
1211473;Regular;2021;Resumen;https://post.anid.cl/frontend.php/es/postulacion/descargar/hash/0b5356457ccbf0efe51e1e32c072fa56
1211477;Regular;2021;Resumen;https://post.anid.cl/frontend.php/es/postulacion/descargar/hash/31e841259687d8c132f53811fa7bc142
1211480;Regular;2021;Resumen;https://post.anid.cl/frontend.php/es/postulacion/descargar/hash/9cc7e109c00bc551015e49ea6a3ee2f9
1211481;Regular;2021;Resumen;https://post.anid.cl/frontend.php/es/postulacion/descargar/hash/6aa5ab4f985934bdc0273ae46f4112d5
1211482;Regular;2021;Resumen;https://post.anid.cl/frontend.php/es/postulacion/descargar/hash/79d4dbe4241b7b27ccbff9be3ed4385d
1211484;Regular;2021;Resumen;https://post.anid.cl/frontend.php/es/postulacion/descargar/hash/6c4dffb0155338106f4ac73aa5ebeca1
1211490;Regular;2021;Resumen;https://post.anid.cl/frontend.php/es/postulacion/descargar/hash/633c6e1ae55dd33470e9a5e7cff8893b
1211494;Regular;2021;Resumen;https://post.anid.cl/frontend.php/es/postulacion/descargar/hash/38f920824f1d651a166491994ffb1ccc
1211496;Regular;2021;Resumen;https://post.anid.cl/frontend.php/es/postulacion/descargar/hash/d33bbbcb408885fbe72dd87adec5226c
1211498;Regular;2021;Resumen;https://post.anid.cl/frontend.php/es/postulacion/descargar/hash/567a8be3909e1546a3e2b9b47e0f4f49
1211506;Regular;2021;Resumen;https://post.anid.cl/frontend.php/es/postulacion/descargar/hash/4eb0b8078ea2da0249576a4190d93745
1211508;Regular;2021;Resumen;https://post.anid.cl/frontend.php/es/postulacion/descargar/hash/6a8a6823244573d40f72929f5630cc8d
1211510;Regular;2021;Resumen;https://post.anid.cl/frontend.php/es/postulacion/descargar/hash/1b11efbd162d4c588b5fb2dfdd98b896
1211515;Regular;2021;Resumen;https://post.anid.cl/frontend.php/es/postulacion/descargar/hash/f06e004bcd142d100297f41f74d21619
1211517;Regular;2021;Resumen;https://post.anid.cl/frontend.php/es/postulacion/descargar/hash/d735e272f3e1421c02941987ed348f63
1211518;Regular;2021;Resumen;https://post.anid.cl/frontend.php/es/postulacion/descargar/hash/5803dee6908127cc6cceb33271a81861
1211523;Regular;2021;Resumen;https://post.anid.cl/frontend.php/es/postulacion/descargar/hash/1f7a32f7499fbf92e3594fd6480b61ee
1211529;Regular;2021;Resumen;https://post.anid.cl/frontend.php/es/postulacion/descargar/hash/d2364e7c14a6acc4eb84e4ba53e9740c
1211531;Regular;2021;Resumen;https://post.anid.cl/frontend.php/es/postulacion/descargar/hash/678bc0cf41c5c10c9026c2f316afa50e
1211534;Regular;2021;Resumen;https://post.anid.cl/frontend.php/es/postulacion/descargar/hash/298431e1f454fa3947073a5f2498d3c9
1211545;Regular;2021;Resumen;https://post.anid.cl/frontend.php/es/postulacion/descargar/hash/6cde431644066551003ca9e54169c53f
1211547;Regular;2021;Resumen;https://post.anid.cl/frontend.php/es/postulacion/descargar/hash/a16ad9e7e01eaad58df537a7cef866d2
1211551;Regular;2021;Resumen;https://post.anid.cl/frontend.php/es/postulacion/descargar/hash/20ad1ac07a81748b2f6685cf2d03e95f
1211553;Regular;2021;Resumen;https://post.anid.cl/frontend.php/es/postulacion/descargar/hash/4aec04c4638977fb8605ef40f325689c
1211568;Regular;2021;Resumen;https://post.anid.cl/frontend.php/es/postulacion/descargar/hash/a62182a9159e5f6dedf79cb382861dcb
1211569;Regular;2021;Resumen;https://post.anid.cl/frontend.php/es/postulacion/descargar/hash/4d2e398a0934ec40c9a9e18185bc5f54
1211572;Regular;2021;Resumen;https://post.anid.cl/frontend.php/es/postulacion/descargar/hash/fc0155d7f30eac0d5e47d86a33be07fb
1211576;Regular;2021;Resumen;https://post.anid.cl/frontend.php/es/postulacion/descargar/hash/818a3d15235b012b94cbc5778dfb4ad4
1211587;Regular;2021;Resumen;https://post.anid.cl/frontend.php/es/postulacion/descargar/hash/cd98f005e45c660d9378fec9a59686f9
1211594;Regular;2021;Resumen;https://post.anid.cl/frontend.php/es/postulacion/descargar/hash/26aaa20566479c8386139d106a94f1c5
1211595;Regular;2021;Resumen;https://post.anid.cl/frontend.php/es/postulacion/descargar/hash/e7b44dcc4cc2e896a53f43d0252be107
1211598;Regular;2021;Resumen;https://post.anid.cl/frontend.php/es/postulacion/descargar/hash/d0a0a3cab6f3cb32dee26437ac0a542f
1211606;Regular;2021;Resumen;https://post.anid.cl/frontend.php/es/postulacion/descargar/hash/eca18d7760ad188c8ee0619683dfc86a
1211607;Regular;2021;Resumen;https://post.anid.cl/frontend.php/es/postulacion/descargar/hash/10377e3966072d22f5cbea5b0d75970d
1211613;Regular;2021;Resumen;https://post.anid.cl/frontend.php/es/postulacion/descargar/hash/1ce4619ed710698b425b613b5501b113
1211617;Regular;2021;Resumen;https://post.anid.cl/frontend.php/es/postulacion/descargar/hash/484920be406bdea463e7c8b079138a59
1211618;Regular;2021;Resumen;https://post.anid.cl/frontend.php/es/postulacion/descargar/hash/2bb1cb59d7a728f6fbc8172470b608b4
1211619;Regular;2021;Resumen;https://post.anid.cl/frontend.php/es/postulacion/descargar/hash/0e1bb9d1c7ea4f9e5d6d9abda2aaae8f
1211630;Regular;2021;Resumen;https://post.anid.cl/frontend.php/es/postulacion/descargar/hash/fc1dbcf42199dd26dd5d4c4f3febbcf4
1211637;Regular;2021;Resumen;https://post.anid.cl/frontend.php/es/postulacion/descargar/hash/0c1ef619f21bac425c62c51e8a144e4a
1211639;Regular;2021;Resumen;https://post.anid.cl/frontend.php/es/postulacion/descargar/hash/150c851be7e4c3780ee7be440d56c394
1211640;Regular;2021;Resumen;https://post.anid.cl/frontend.php/es/postulacion/descargar/hash/dc600fb41a05751b2bcf615ae99c972e
1211643;Regular;2021;Resumen;https://post.anid.cl/frontend.php/es/postulacion/descargar/hash/dc607c476d7b1e0be281fdea806ad9be
1211647;Regular;2021;Resumen;https://post.anid.cl/frontend.php/es/postulacion/descargar/hash/80be06835e057accd466b4f0c9d571dc
1211649;Regular;2021;Resumen;https://post.anid.cl/frontend.php/es/postulacion/descargar/hash/21ba2202940759e53b80bc9f5fd23a07
1211652;Regular;2021;Resumen;https://post.anid.cl/frontend.php/es/postulacion/descargar/hash/54158e5f751e8cea8a4a8bb98f3243cd
1211655;Regular;2021;Resumen;https://post.anid.cl/frontend.php/es/postulacion/descargar/hash/d7d6673b155a1a52b7e9f7a61229002a
1211656;Regular;2021;Resumen;https://post.anid.cl/frontend.php/es/postulacion/descargar/hash/fc74731e259800ddb4bbc585b3a64716
1211663;Regular;2021;Resumen;https://post.anid.cl/frontend.php/es/postulacion/descargar/hash/1bb44d353a16dc0b9c374607f5f2c08f
1211664;Regular;2021;Resumen;https://post.anid.cl/frontend.php/es/postulacion/descargar/hash/0b08a16f9ba6a609844a034691b2e506
1211672;Regular;2021;Resumen;https://post.anid.cl/frontend.php/es/postulacion/descargar/hash/46396368967a1fa274f6a7784c3b5f64
1211676;Regular;2021;Resumen;https://post.anid.cl/frontend.php/es/postulacion/descargar/hash/0f0fb775bf60605e2a61d88c10725d2f
1211688;Regular;2021;Resumen;https://post.anid.cl/frontend.php/es/postulacion/descargar/hash/cd123febdca87559c59b26f61271db51
1211693;Regular;2021;Resumen;https://post.anid.cl/frontend.php/es/postulacion/descargar/hash/a97221b533b028c838a64e234cf6d03f
1211695;Regular;2021;Resumen;https://post.anid.cl/frontend.php/es/postulacion/descargar/hash/c9fa7d44c095ebc65fdf41645945fc00
1211705;Regular;2021;Resumen;https://post.anid.cl/frontend.php/es/postulacion/descargar/hash/70138f83c5ceaf595221705e66b3151d
1211708;Regular;2021;Resumen;https://post.anid.cl/frontend.php/es/postulacion/descargar/hash/a68998b15ce19166cd045392450f873a
1211715;Regular;2021;Resumen;https://post.anid.cl/frontend.php/es/postulacion/descargar/hash/2c6813a5456331d61080e33d53b0c169
1211719;Regular;2021;Resumen;https://post.anid.cl/frontend.php/es/postulacion/descargar/hash/3796761284fe1e5c648e6873ec6251dc
1211731;Regular;2021;Resumen;https://post.anid.cl/frontend.php/es/postulacion/descargar/hash/626b3d232d255f8b81fab4d136c21379
1211738;Regular;2021;Resumen;https://post.anid.cl/frontend.php/es/postulacion/descargar/hash/b129a8c73e703298a7ed6c12f7f18a81
1211744;Regular;2021;Resumen;https://post.anid.cl/frontend.php/es/postulacion/descargar/hash/7b1ccdced0cc7ad8611e21dd1b0d17b2
1211749;Regular;2021;Resumen;https://post.anid.cl/frontend.php/es/postulacion/descargar/hash/611901d5bdd755641d11f7970e06085f
1211750;Regular;2021;Resumen;https://post.anid.cl/frontend.php/es/postulacion/descargar/hash/6879d74d751c6d9059764d74ace1e05c
1211752;Regular;2021;Resumen;https://post.anid.cl/frontend.php/es/postulacion/descargar/hash/675ac5c5d4385f58125b7e20c0fae1a3
1211754;Regular;2021;Resumen;https://post.anid.cl/frontend.php/es/postulacion/descargar/hash/5b92e84a79ee9463d1fa50835b4f252d
1211761;Regular;2021;Resumen;https://post.anid.cl/frontend.php/es/postulacion/descargar/hash/690cc37519df41c5dfc69351148f129c
1211763;Regular;2021;Resumen;https://post.anid.cl/frontend.php/es/postulacion/descargar/hash/db348ee4cefb950b95c5eb06dea16ccc
1211765;Regular;2021;Resumen;https://post.anid.cl/frontend.php/es/postulacion/descargar/hash/a330b2afbe6b36320f3f3e21c8adc862
1211766;Regular;2021;Resumen;https://post.anid.cl/frontend.php/es/postulacion/descargar/hash/95780112b91b029d2c392a5ff4263d70
1211767;Regular;2021;Resumen;https://post.anid.cl/frontend.php/es/postulacion/descargar/hash/3e920b6facf34c1579ec798a0214691c
1211768;Regular;2021;Resumen;https://post.anid.cl/frontend.php/es/postulacion/descargar/hash/9998e17dd308149b48a3fc1e5be68026
1211785;Regular;2021;Resumen;https://post.anid.cl/frontend.php/es/postulacion/descargar/hash/dd16610fdd9a169e60068d7ccbce82b2
1211792;Regular;2021;Resumen;https://post.anid.cl/frontend.php/es/postulacion/descargar/hash/9546aaef176c355983f1cc1bd2137a3e
1211803;Regular;2021;Resumen;https://post.anid.cl/frontend.php/es/postulacion/descargar/hash/8c1e758e34201c5ce4f5ab4885a8cd44
1211820;Regular;2021;Resumen;https://post.anid.cl/frontend.php/es/postulacion/descargar/hash/aee23f7bcf66deaaf89fca2eafaa0ebe
1211821;Regular;2021;Resumen;https://post.anid.cl/frontend.php/es/postulacion/descargar/hash/08056d6644032df42df7cda900614a64
1211823;Regular;2021;Resumen;https://post.anid.cl/frontend.php/es/postulacion/descargar/hash/727fc7c7bafc4728f2cf08ab097a5d46
1211825;Regular;2021;Resumen;https://post.anid.cl/frontend.php/es/postulacion/descargar/hash/2b7ab110d222a883d988f09a68a88f52
1211826;Regular;2021;Resumen;https://post.anid.cl/frontend.php/es/postulacion/descargar/hash/5426c589e97d040d3c4f7697315ba674
1211829;Regular;2021;Resumen;https://post.anid.cl/frontend.php/es/postulacion/descargar/hash/b96797ff763d0c7ef5f24b85337a3e09
1211830;Regular;2021;Resumen;https://post.anid.cl/frontend.php/es/postulacion/descargar/hash/92634a1423ef7a917786dedf26d47589
1211832;Regular;2021;Resumen;https://post.anid.cl/frontend.php/es/postulacion/descargar/hash/39ac4fe2d038fbd13873cf5ee8b5151e
1211838;Regular;2021;Resumen;https://post.anid.cl/frontend.php/es/postulacion/descargar/hash/707023a4d941d2f431b33868ed48b841
1211841;Regular;2021;Resumen;https://post.anid.cl/frontend.php/es/postulacion/descargar/hash/0f2e00451c04fb73c2716858f591bdc0
1211846;Regular;2021;Resumen;https://post.anid.cl/frontend.php/es/postulacion/descargar/hash/2d73ef641f51ba27c96d5e20b5cd89f4
1211848;Regular;2021;Resumen;https://post.anid.cl/frontend.php/es/postulacion/descargar/hash/b8c1b1847ef80c978acd18de9926cc90
1211850;Regular;2021;Resumen;https://post.anid.cl/frontend.php/es/postulacion/descargar/hash/fd4db03b8734092710fd9f62fdd99274
1211852;Regular;2021;Resumen;https://post.anid.cl/frontend.php/es/postulacion/descargar/hash/d2a6f482a4ae419f8b532c43da69077d
1211856;Regular;2021;Resumen;https://post.anid.cl/frontend.php/es/postulacion/descargar/hash/5decb594a1e77d35244a5510a05d85a4
1211857;Regular;2021;Resumen;https://post.anid.cl/frontend.php/es/postulacion/descargar/hash/56c771efa548ad6dbd7ee7225a0c0e7c
1211858;Regular;2021;Resumen;https://post.anid.cl/frontend.php/es/postulacion/descargar/hash/b6d0231f9d935e94b60a62d75aa2bddc
1211869;Regular;2021;Resumen;https://post.anid.cl/frontend.php/es/postulacion/descargar/hash/192ad463db082e51e1db2913117068ec
1211873;Regular;2021;Resumen;https://post.anid.cl/frontend.php/es/postulacion/descargar/hash/d2c4d5b7f1e4bcda665951fef83f49df
1211877;Regular;2021;Resumen;https://post.anid.cl/frontend.php/es/postulacion/descargar/hash/7f5ca245795d79a7332e56bf89ce4aad
1211879;Regular;2021;Resumen;https://post.anid.cl/frontend.php/es/postulacion/descargar/hash/b2082262acd144aea23ba1da65ce3661
1211883;Regular;2021;Resumen;https://post.anid.cl/frontend.php/es/postulacion/descargar/hash/3c7d149b4c56d47590b45833e8946f36
1211885;Regular;2021;Resumen;https://post.anid.cl/frontend.php/es/postulacion/descargar/hash/c681e1ea0ce04a14dd9b12538843199a
1211893;Regular;2021;Resumen;https://post.anid.cl/frontend.php/es/postulacion/descargar/hash/b7b65f2f4ca60dfc277147588dd48d79
1211894;Regular;2021;Resumen;https://post.anid.cl/frontend.php/es/postulacion/descargar/hash/9f281f01da9ee0f53802c72954631808
1211898;Regular;2021;Resumen;https://post.anid.cl/frontend.php/es/postulacion/descargar/hash/ba5d46e21940a6d8a283a21555a7f2a6
1211901;Regular;2021;Resumen;https://post.anid.cl/frontend.php/es/postulacion/descargar/hash/c8c0410710779388e730f238aec64277
1211902;Regular;2021;Resumen;https://post.anid.cl/frontend.php/es/postulacion/descargar/hash/9bfc15c87235a44da3dc25fbc95a54e6
1211903;Regular;2021;Resumen;https://post.anid.cl/frontend.php/es/postulacion/descargar/hash/57852bad80304fedc3d297155a476184
1211905;Regular;2021;Resumen;https://post.anid.cl/frontend.php/es/postulacion/descargar/hash/87b6ff6cae5472d760f095c86d8401f8
1211906;Regular;2021;Resumen;https://post.anid.cl/frontend.php/es/postulacion/descargar/hash/205d46dc63cb2b97a7a53df6377a5db7
1211909;Regular;2021;Resumen;https://post.anid.cl/frontend.php/es/postulacion/descargar/hash/e9d7ac505e182aea0b5c81e8918b1c1a
1211913;Regular;2021;Resumen;https://post.anid.cl/frontend.php/es/postulacion/descargar/hash/0ead5b3ca967f79cc036e16a21530d3f
1211920;Regular;2021;Resumen;https://post.anid.cl/frontend.php/es/postulacion/descargar/hash/13eb93dd8dd1583acb552c932f4eeced
1211924;Regular;2021;Resumen;https://post.anid.cl/frontend.php/es/postulacion/descargar/hash/f63763a55543d1e108a77cc2dc837647
1211931;Regular;2021;Resumen;https://post.anid.cl/frontend.php/es/postulacion/descargar/hash/56c4c1d9fc318aa5a2221449275bc5b4
1211933;Regular;2021;Resumen;https://post.anid.cl/frontend.php/es/postulacion/descargar/hash/f38250ac2241772d2a0a11abb005d3f5
1211941;Regular;2021;Resumen;https://post.anid.cl/frontend.php/es/postulacion/descargar/hash/7532e4251635e2602c6e7594913abe5f
1211946;Regular;2021;Resumen;https://post.anid.cl/frontend.php/es/postulacion/descargar/hash/c2b92da7a6e53b21867b8591c9cd6876
1211947;Regular;2021;Resumen;https://post.anid.cl/frontend.php/es/postulacion/descargar/hash/caddd1f5c51c175b5d1c5ec9c9e03ac8
1211948;Regular;2021;Resumen;https://post.anid.cl/frontend.php/es/postulacion/descargar/hash/49829e658499407080513d3843356d40
1211949;Regular;2021;Resumen;https://post.anid.cl/frontend.php/es/postulacion/descargar/hash/48c57657155a4b9640852c690e854dc9
1211950;Regular;2021;Resumen;https://post.anid.cl/frontend.php/es/postulacion/descargar/hash/b81788f2547f5c92806e6e4864b72406
1211951;Regular;2021;Resumen;https://post.anid.cl/frontend.php/es/postulacion/descargar/hash/efee5ebbdf22b10b07300f5ffca8ff30
1211958;Regular;2021;Resumen;https://post.anid.cl/frontend.php/es/postulacion/descargar/hash/73b8415ea9846850228995338b26744c
1211959;Regular;2021;Resumen;https://post.anid.cl/frontend.php/es/postulacion/descargar/hash/b972e494e918f0e2b532b85758201e74
1211962;Regular;2021;Resumen;https://post.anid.cl/frontend.php/es/postulacion/descargar/hash/ac7ce44e52b70d2f4081e714d524da58
1211964;Regular;2021;Resumen;https://post.anid.cl/frontend.php/es/postulacion/descargar/hash/a973b75acb938da839c89128d818a93a
1211968;Regular;2021;Resumen;https://post.anid.cl/frontend.php/es/postulacion/descargar/hash/1b35dd48a79915248c524f51a778fa93
1211970;Regular;2021;Resumen;https://post.anid.cl/frontend.php/es/postulacion/descargar/hash/289deced01265b2927bc5dab431f4e83
1211976;Regular;2021;Resumen;https://post.anid.cl/frontend.php/es/postulacion/descargar/hash/88f2ad3693e5a61331e600a2eeb0639c
1211977;Regular;2021;Resumen;https://post.anid.cl/frontend.php/es/postulacion/descargar/hash/724ab28b69339c5b0543a1301e6dbcb7
1211980;Regular;2021;Resumen;https://post.anid.cl/frontend.php/es/postulacion/descargar/hash/de250a4b7c3e0222209c8ef0c809ad68
1211988;Regular;2021;Resumen;https://post.anid.cl/frontend.php/es/postulacion/descargar/hash/db8b7d0a7f3caa956a1cb782dc1cbc48
1211999;Regular;2021;Resumen;https://post.anid.cl/frontend.php/es/postulacion/descargar/hash/5ac321eef15bb26d9b68704a9eeda12e
1212004;Regular;2021;Resumen;https://post.anid.cl/frontend.php/es/postulacion/descargar/hash/5b64cc87d37d6e777f28e06ac4ed0037
1212006;Regular;2021;Resumen;https://post.anid.cl/frontend.php/es/postulacion/descargar/hash/bfe5c60323d105f07dd98939ebe5a2b5
1212013;Regular;2021;Resumen;https://post.anid.cl/frontend.php/es/postulacion/descargar/hash/1e0b49ce040cc55cc7f9b24722eddfed
1212023;Regular;2021;Resumen;https://post.anid.cl/frontend.php/es/postulacion/descargar/hash/e39069d4034fa23d4973b1007c7d5ead
1212026;Regular;2021;Resumen;https://post.anid.cl/frontend.php/es/postulacion/descargar/hash/b87c7c745839e440806a7bb66d96693c
1212032;Regular;2021;Resumen;https://post.anid.cl/frontend.php/es/postulacion/descargar/hash/9af1c3a3c55ebf032980f299c7274f58
1212034;Regular;2021;Resumen;https://post.anid.cl/frontend.php/es/postulacion/descargar/hash/de7bdc3174f44f5387d064b718069cc4
1212036;Regular;2021;Resumen;https://post.anid.cl/frontend.php/es/postulacion/descargar/hash/87e51d7e186db5dd85e6583695e32138
1212037;Regular;2021;Resumen;https://post.anid.cl/frontend.php/es/postulacion/descargar/hash/0dce61c33777c47a9109b65b41f65f85
1212038;Regular;2021;Resumen;https://post.anid.cl/frontend.php/es/postulacion/descargar/hash/87f2b5eb506845822922a767bd9914f2
1212043;Regular;2021;Resumen;https://post.anid.cl/frontend.php/es/postulacion/descargar/hash/08bb6d0be8f5a2928895705b71f87726
1212046;Regular;2021;Resumen;https://post.anid.cl/frontend.php/es/postulacion/descargar/hash/7903887a558ceb5e10b86e8cfe1a4c49
1212047;Regular;2021;Resumen;https://post.anid.cl/frontend.php/es/postulacion/descargar/hash/fe40c6daec256c7e69f74c69203d4804
1212053;Regular;2021;Resumen;https://post.anid.cl/frontend.php/es/postulacion/descargar/hash/3d82945ea69f9312f5cd03185c37485d
1212066;Regular;2021;Resumen;https://post.anid.cl/frontend.php/es/postulacion/descargar/hash/783a73f44974238f801769411731ddea
1212067;Regular;2021;Resumen;https://post.anid.cl/frontend.php/es/postulacion/descargar/hash/9fba93fb94621437a020d372d60f4c4f
1212070;Regular;2021;Resumen;https://post.anid.cl/frontend.php/es/postulacion/descargar/hash/4b6b6d629aa826401a56eb7fe359804c
1212071;Regular;2021;Resumen;https://post.anid.cl/frontend.php/es/postulacion/descargar/hash/14ccc7b5bcc6f57505e54a6507e0156d
1212075;Regular;2021;Resumen;https://post.anid.cl/frontend.php/es/postulacion/descargar/hash/e68f784c2d8d0b32278866a04f8498de
1212094;Regular;2021;Resumen;https://post.anid.cl/frontend.php/es/postulacion/descargar/hash/010d471e63334c21d85867d6e9b84a30
1220001;Regular;2022;Resumen;https://post.anid.cl/frontend.php/es/postulacion/descargar/hash/27bd5c7b6375b40702d1dd9b34cc0ed7
1220004;Regular;2022;Resumen;https://post.anid.cl/frontend.php/es/postulacion/descargar/hash/4095147daf148875c8ab6628f0075757
1220006;Regular;2022;Resumen;https://post.anid.cl/frontend.php/es/postulacion/descargar/hash/bdd62c8231d3ec6352517b377e8cfa1b
1220007;Regular;2022;Resumen;https://post.anid.cl/frontend.php/es/postulacion/descargar/hash/5bd26a06ea24ed012d09b4fdd2289b40
1220010;Regular;2022;Resumen;https://post.anid.cl/frontend.php/es/postulacion/descargar/hash/65c4986862af9618d95009660b89592d
1220012;Regular;2022;Resumen;https://post.anid.cl/frontend.php/es/postulacion/descargar/hash/568fe4b7c95f063a024c853d182ccae1
1220015;Regular;2022;Resumen;https://post.anid.cl/frontend.php/es/postulacion/descargar/hash/06508e19cf6339461286955352eb8935
1220017;Regular;2022;Resumen;https://post.anid.cl/frontend.php/es/postulacion/descargar/hash/b315fb8fe33276d17fe12f30fc18d7ab
1220021;Regular;2022;Resumen;https://post.anid.cl/frontend.php/es/postulacion/descargar/hash/4c377ac54238c9cbcf2b00793b3dc8ef
1220026;Regular;2022;Resumen;https://post.anid.cl/frontend.php/es/postulacion/descargar/hash/14556267eac440e1d261f2869403e2fb
1220031;Regular;2022;Resumen;https://post.anid.cl/frontend.php/es/postulacion/descargar/hash/31bfb1759ddb3ff4c86acbe7f9f22064
1220032;Regular;2022;Resumen;https://post.anid.cl/frontend.php/es/postulacion/descargar/hash/10e1b74065b85a4e3cdfd9c6000c3e6d
1220033;Regular;2022;Resumen;https://post.anid.cl/frontend.php/es/postulacion/descargar/hash/4996cb8ade992e5e24f274c0aeecf73c
1220035;Regular;2022;Resumen;https://post.anid.cl/frontend.php/es/postulacion/descargar/hash/d65acf97fd8652fa103ea87f40869262
1220036;Regular;2022;Resumen;https://post.anid.cl/frontend.php/es/postulacion/descargar/hash/f202422e71dbaeae1904251f0d5c623f
1220037;Regular;2022;Resumen;https://post.anid.cl/frontend.php/es/postulacion/descargar/hash/3a32c177af936b546850d43fc17fca68
1220039;Regular;2022;Resumen;https://post.anid.cl/frontend.php/es/postulacion/descargar/hash/9656952d25bc5409da162186d5b061e0
1220044;Regular;2022;Resumen;https://post.anid.cl/frontend.php/es/postulacion/descargar/hash/82405654dd964ea5aefb8dc81694ef1d
1220047;Regular;2022;Resumen;https://post.anid.cl/frontend.php/es/postulacion/descargar/hash/02dc605c3c6965310ef5968e9a8f9ec5
1220048;Regular;2022;Resumen;https://post.anid.cl/frontend.php/es/postulacion/descargar/hash/a0ec3d15d2435d47ae323fb9bc6b5db8
1220051;Regular;2022;Resumen;https://post.anid.cl/frontend.php/es/postulacion/descargar/hash/b8ddf3ce674f67a83f46c16e265f0376
1220053;Regular;2022;Resumen;https://post.anid.cl/frontend.php/es/postulacion/descargar/hash/32b9f08de437019ac900dced19cd79ab
1220054;Regular;2022;Resumen;https://post.anid.cl/frontend.php/es/postulacion/descargar/hash/2ca29eb0d0d97ea8033e3e6788bcd3d2
1220055;Regular;2022;Resumen;https://post.anid.cl/frontend.php/es/postulacion/descargar/hash/13d73643c6bd9a5569441f1e81ecc608
1220056;Regular;2022;Resumen;https://post.anid.cl/frontend.php/es/postulacion/descargar/hash/308289a6e611026e3744bfae00bdd255
1220058;Regular;2022;Resumen;https://post.anid.cl/frontend.php/es/postulacion/descargar/hash/57589172bee3cc2c68eedeb63ebc90f3
1220062;Regular;2022;Resumen;https://post.anid.cl/frontend.php/es/postulacion/descargar/hash/a84347f0a1ae7f3afd5dd30791fbc3bd
1220065;Regular;2022;Resumen;https://post.anid.cl/frontend.php/es/postulacion/descargar/hash/90607eeec0cd37976a4117c967cb0cac
1220066;Regular;2022;Resumen;https://post.anid.cl/frontend.php/es/postulacion/descargar/hash/6beb03778043a22ac2ca712353b6591b
1220071;Regular;2022;Resumen;https://post.anid.cl/frontend.php/es/postulacion/descargar/hash/6298dbd80889aa847e825505d65ccd37
1220075;Regular;2022;Resumen;https://post.anid.cl/frontend.php/es/postulacion/descargar/hash/c3dc4283bf6f8be603e69edda27c4ffe
1220077;Regular;2022;Resumen;https://post.anid.cl/frontend.php/es/postulacion/descargar/hash/4b7e149c9116925a2674b2fdf8e10623
1220080;Regular;2022;Resumen;https://post.anid.cl/frontend.php/es/postulacion/descargar/hash/b3b2dfa3afc665374b2267af81995334
1220081;Regular;2022;Resumen;https://post.anid.cl/frontend.php/es/postulacion/descargar/hash/3dca4c368f9918890f3c0204fb224db3
1220083;Regular;2022;Resumen;https://post.anid.cl/frontend.php/es/postulacion/descargar/hash/618b8307c097c272888e4f974c03f4ba
1220087;Regular;2022;Resumen;https://post.anid.cl/frontend.php/es/postulacion/descargar/hash/fbc9b7899ade54a8f6f18f6436c7e4a3
1220088;Regular;2022;Resumen;https://post.anid.cl/frontend.php/es/postulacion/descargar/hash/263c1094eed8c08e671fb2ea78808f4c
1220089;Regular;2022;Resumen;https://post.anid.cl/frontend.php/es/postulacion/descargar/hash/cdc2491afd5092cd708acaed9a18067d
1220093;Regular;2022;Resumen;https://post.anid.cl/frontend.php/es/postulacion/descargar/hash/7eeb30317ea266038ef90dbc7875c686
1220095;Regular;2022;Resumen;https://post.anid.cl/frontend.php/es/postulacion/descargar/hash/76cf02db2468793173f523a6511e2578
1220097;Regular;2022;Resumen;https://post.anid.cl/frontend.php/es/postulacion/descargar/hash/d7a8d84967e53b7fef63e3d3a2eb0407
1220099;Regular;2022;Resumen;https://post.anid.cl/frontend.php/es/postulacion/descargar/hash/4769f9d80ef816b275b26b718ab61346
1220103;Regular;2022;Resumen;https://post.anid.cl/frontend.php/es/postulacion/descargar/hash/1244d57fce63c25e62c88e1c176c2f93
1220105;Regular;2022;Resumen;https://post.anid.cl/frontend.php/es/postulacion/descargar/hash/eba6b0dd478ad816f7e397658db7ca62
1220106;Regular;2022;Resumen;https://post.anid.cl/frontend.php/es/postulacion/descargar/hash/760c28458d2416836b046496307530e9
1220107;Regular;2022;Resumen;https://post.anid.cl/frontend.php/es/postulacion/descargar/hash/f789037234308ed319cb6bc4aea3d2b1
1220110;Regular;2022;Resumen;https://post.anid.cl/frontend.php/es/postulacion/descargar/hash/8e63015edd1ecda0794d4c27d2bd1921
1220113;Regular;2022;Resumen;https://post.anid.cl/frontend.php/es/postulacion/descargar/hash/b707940542fd04f29f47b150832c9898
1220115;Regular;2022;Resumen;https://post.anid.cl/frontend.php/es/postulacion/descargar/hash/121f37627fd9d124b60236879752d36e
1220118;Regular;2022;Resumen;https://post.anid.cl/frontend.php/es/postulacion/descargar/hash/cbcb683a4d892c139dedc8602149a6ef
1220120;Regular;2022;Resumen;https://post.anid.cl/frontend.php/es/postulacion/descargar/hash/00e3fdb7d76e5c93cbaeec9ab6a7f858
1220122;Regular;2022;Resumen;https://post.anid.cl/frontend.php/es/postulacion/descargar/hash/b0abc2155036726914deabd9fdab256f
1220123;Regular;2022;Resumen;https://post.anid.cl/frontend.php/es/postulacion/descargar/hash/cad91e90df4161276842829f6ec970b4
1220125;Regular;2022;Resumen;https://post.anid.cl/frontend.php/es/postulacion/descargar/hash/c4dd1e06fb0f719b9d214f53cf7e095c
1220128;Regular;2022;Resumen;https://post.anid.cl/frontend.php/es/postulacion/descargar/hash/f281328cec605324ed8f7a3ba2f17f9c
1220130;Regular;2022;Resumen;https://post.anid.cl/frontend.php/es/postulacion/descargar/hash/283677294d540944a1f00fa0c615d074
1220131;Regular;2022;Resumen;https://post.anid.cl/frontend.php/es/postulacion/descargar/hash/8b5cb1a17a4c18aa3525d59c72b4b980
1220133;Regular;2022;Resumen;https://post.anid.cl/frontend.php/es/postulacion/descargar/hash/c532b350169e21582478cdf48b563202
1220134;Regular;2022;Resumen;https://post.anid.cl/frontend.php/es/postulacion/descargar/hash/3c253f4079203edf0da8406f967ec805
1220138;Regular;2022;Resumen;https://post.anid.cl/frontend.php/es/postulacion/descargar/hash/5c11a6b8b588984860ff8284a1ba6015
1220139;Regular;2022;Resumen;https://post.anid.cl/frontend.php/es/postulacion/descargar/hash/46723e9458b46fa3821558c198810883
1220140;Regular;2022;Resumen;https://post.anid.cl/frontend.php/es/postulacion/descargar/hash/64b75c2cb1adf0361a1bb17a9b10aa15
1220142;Regular;2022;Resumen;https://post.anid.cl/frontend.php/es/postulacion/descargar/hash/2210b871719165555a4372be206568ac
1220146;Regular;2022;Resumen;https://post.anid.cl/frontend.php/es/postulacion/descargar/hash/3e9dbd1c0c90c806e37c66e285bfa1c2
1220156;Regular;2022;Resumen;https://post.anid.cl/frontend.php/es/postulacion/descargar/hash/32e52f086b570f391948f8f54d0f3672
1220159;Regular;2022;Resumen;https://post.anid.cl/frontend.php/es/postulacion/descargar/hash/d90a347081cf2228efb75e4d4a9774dc
1220165;Regular;2022;Resumen;https://post.anid.cl/frontend.php/es/postulacion/descargar/hash/a546125ee4c153ea1652b0bc2dc94db0
1220166;Regular;2022;Resumen;https://post.anid.cl/frontend.php/es/postulacion/descargar/hash/be098aa72917bab419a4b5be033990f8
1220167;Regular;2022;Resumen;https://post.anid.cl/frontend.php/es/postulacion/descargar/hash/a1e4a79144d4b0adf9bf203cc36655d8
1220168;Regular;2022;Resumen;https://post.anid.cl/frontend.php/es/postulacion/descargar/hash/8807e73d7626e928713e1a3f8884982b
1220169;Regular;2022;Resumen;https://post.anid.cl/frontend.php/es/postulacion/descargar/hash/cd28879ddb4a1620d4cdec1331bd55c0
1220173;Regular;2022;Resumen;https://post.anid.cl/frontend.php/es/postulacion/descargar/hash/6974c5f39ebe8b1b6e1f092d3ca0f37b
1220174;Regular;2022;Resumen;https://post.anid.cl/frontend.php/es/postulacion/descargar/hash/6769fb484450a37f1ad3e17af04fb98a
1220178;Regular;2022;Resumen;https://post.anid.cl/frontend.php/es/postulacion/descargar/hash/1f954db980b3e70bee48833290e3f2af
1220179;Regular;2022;Resumen;https://post.anid.cl/frontend.php/es/postulacion/descargar/hash/29658500a3a44c960bbed93ad4665d22
1220180;Regular;2022;Resumen;https://post.anid.cl/frontend.php/es/postulacion/descargar/hash/f1fb90497750d28767ab93abb3bd7b3f
1220190;Regular;2022;Resumen;https://post.anid.cl/frontend.php/es/postulacion/descargar/hash/98af01a16f8f1e58eacb998b6978bc43
1220193;Regular;2022;Resumen;https://post.anid.cl/frontend.php/es/postulacion/descargar/hash/030fec070e1850e62d809f62aeb987e1
1220196;Regular;2022;Resumen;https://post.anid.cl/frontend.php/es/postulacion/descargar/hash/4eab470cd746ae58ed368a46de37d7e2
1220202;Regular;2022;Resumen;https://post.anid.cl/frontend.php/es/postulacion/descargar/hash/d138c51615a74d04568ceaa3d026fed5
1220203;Regular;2022;Resumen;https://post.anid.cl/frontend.php/es/postulacion/descargar/hash/60cda5eba66ec27c97a76a94e8387b25
1220209;Regular;2022;Resumen;https://post.anid.cl/frontend.php/es/postulacion/descargar/hash/09b5add1fefcfafe4305a097e4333638
1220211;Regular;2022;Resumen;https://post.anid.cl/frontend.php/es/postulacion/descargar/hash/ce07a6f847b055160315f9d73ac630d9
1220215;Regular;2022;Resumen;https://post.anid.cl/frontend.php/es/postulacion/descargar/hash/391f9d50c45dc98e3a2bc0cb55c3df58
1220217;Regular;2022;Resumen;https://post.anid.cl/frontend.php/es/postulacion/descargar/hash/31b554c1121621d9ecf6fce99a361032
1220218;Regular;2022;Resumen;https://post.anid.cl/frontend.php/es/postulacion/descargar/hash/c75fe167cd203702d3543de82e9ce441
1220219;Regular;2022;Resumen;https://post.anid.cl/frontend.php/es/postulacion/descargar/hash/4d49bcb1c660601d229d8e7c6ab60cf8
1220223;Regular;2022;Resumen;https://post.anid.cl/frontend.php/es/postulacion/descargar/hash/1a74d01a33e559540137f99337350d41
1220225;Regular;2022;Resumen;https://post.anid.cl/frontend.php/es/postulacion/descargar/hash/168452940d20228b3a13f9b8916c9109
1220228;Regular;2022;Resumen;https://post.anid.cl/frontend.php/es/postulacion/descargar/hash/5f9e7d64249920cddcbd6f78c5fb7a2b
1220229;Regular;2022;Resumen;https://post.anid.cl/frontend.php/es/postulacion/descargar/hash/7e728ca5b3809f50d227a0f819013e44
1220231;Regular;2022;Resumen;https://post.anid.cl/frontend.php/es/postulacion/descargar/hash/a1243b3915a8a29774153b3458221afb
1220235;Regular;2022;Resumen;https://post.anid.cl/frontend.php/es/postulacion/descargar/hash/0565bceb2d5a819faad1bca444f07511
1220238;Regular;2022;Resumen;https://post.anid.cl/frontend.php/es/postulacion/descargar/hash/51881503df23801587ff7d6a7a33f001
1220240;Regular;2022;Resumen;https://post.anid.cl/frontend.php/es/postulacion/descargar/hash/8b25c75572aef197c5cab91fe91eca35
1220241;Regular;2022;Resumen;https://post.anid.cl/frontend.php/es/postulacion/descargar/hash/d4f24df97ca71af4cf3cafa6be532132
1220242;Regular;2022;Resumen;https://post.anid.cl/frontend.php/es/postulacion/descargar/hash/6edda3594cb8e76c93691ea679ebdd1e
1220246;Regular;2022;Resumen;https://post.anid.cl/frontend.php/es/postulacion/descargar/hash/77b01bca94562cd60d0dbb29be0c992c
1220251;Regular;2022;Resumen;https://post.anid.cl/frontend.php/es/postulacion/descargar/hash/925461f31fd9ba1712b0acea9d0d5184
1220261;Regular;2022;Resumen;https://post.anid.cl/frontend.php/es/postulacion/descargar/hash/8ac16aea9254a445bd66a4e3d3535320
1220263;Regular;2022;Resumen;https://post.anid.cl/frontend.php/es/postulacion/descargar/hash/bdfe7ba6e167bafba3e1bb9f70a6b019
1220264;Regular;2022;Resumen;https://post.anid.cl/frontend.php/es/postulacion/descargar/hash/d6dece96f2c47ab622b9502191692448
1220267;Regular;2022;Resumen;https://post.anid.cl/frontend.php/es/postulacion/descargar/hash/eba787dec9a9a2dbd997a90f7721e56b
1220271;Regular;2022;Resumen;https://post.anid.cl/frontend.php/es/postulacion/descargar/hash/d1a417375a917e3170b9e519edaa50ea
1220272;Regular;2022;Resumen;https://post.anid.cl/frontend.php/es/postulacion/descargar/hash/a1caec25ce04cc8e056009f022d72e6b
1220288;Regular;2022;Resumen;https://post.anid.cl/frontend.php/es/postulacion/descargar/hash/390220815bdeb87322f4f1d75eee3931
1220290;Regular;2022;Resumen;https://post.anid.cl/frontend.php/es/postulacion/descargar/hash/95877bf80904cbbf67faff53a8717511
1220291;Regular;2022;Resumen;https://post.anid.cl/frontend.php/es/postulacion/descargar/hash/9e1117f329f1a412dc12cb012a160106
1220292;Regular;2022;Resumen;https://post.anid.cl/frontend.php/es/postulacion/descargar/hash/7f505d0897ecd5240186266eac1c2772
1220296;Regular;2022;Resumen;https://post.anid.cl/frontend.php/es/postulacion/descargar/hash/160200890c99b843b0db8d6020f958fc
1220307;Regular;2022;Resumen;https://post.anid.cl/frontend.php/es/postulacion/descargar/hash/0cbec74c1b8890ac4ca9992adc61d626
1220316;Regular;2022;Resumen;https://post.anid.cl/frontend.php/es/postulacion/descargar/hash/03bbae4cca6ba18c9cdb4ada1e6bc591
1220320;Regular;2022;Resumen;https://post.anid.cl/frontend.php/es/postulacion/descargar/hash/685e96a0c8884279f932241f03877952
1220321;Regular;2022;Resumen;https://post.anid.cl/frontend.php/es/postulacion/descargar/hash/aabb6a1ce88607a0be3c92ecc62ba2ba
1220322;Regular;2022;Resumen;https://post.anid.cl/frontend.php/es/postulacion/descargar/hash/11aa338860f933895f5eef823aeb9200
1220324;Regular;2022;Resumen;https://post.anid.cl/frontend.php/es/postulacion/descargar/hash/2db428c02d5683506f53f10b6f59f327
1220325;Regular;2022;Resumen;https://post.anid.cl/frontend.php/es/postulacion/descargar/hash/0a5b2057eaf8cca46ae12c663b5731af
1220329;Regular;2022;Resumen;https://post.anid.cl/frontend.php/es/postulacion/descargar/hash/194f20f407cdeee80a590eb6c69cb9f1
1220331;Regular;2022;Resumen;https://post.anid.cl/frontend.php/es/postulacion/descargar/hash/e8f2ee5728978b8b2382a210fd82c59e
1220332;Regular;2022;Resumen;https://post.anid.cl/frontend.php/es/postulacion/descargar/hash/b002eafdf7b3bd402a02cca8d408b797
1220335;Regular;2022;Resumen;https://post.anid.cl/frontend.php/es/postulacion/descargar/hash/3afe24a69e6dbe3b3f5d858f16779888
1220337;Regular;2022;Resumen;https://post.anid.cl/frontend.php/es/postulacion/descargar/hash/1a55ad0d4baf3ee0a2c1ae68e408708c
1220339;Regular;2022;Resumen;https://post.anid.cl/frontend.php/es/postulacion/descargar/hash/baf5638b8ac568b6d077f7047f49c5db
1220343;Regular;2022;Resumen;https://post.anid.cl/frontend.php/es/postulacion/descargar/hash/b752c86ab437b5366b2e68d185cb7770
1220346;Regular;2022;Resumen;https://post.anid.cl/frontend.php/es/postulacion/descargar/hash/3ad1420eaaed8ea7fd5e14d61404f14c
1220347;Regular;2022;Resumen;https://post.anid.cl/frontend.php/es/postulacion/descargar/hash/f17d13ac630a251fe23ad53e8012b4cf
1220353;Regular;2022;Resumen;https://post.anid.cl/frontend.php/es/postulacion/descargar/hash/6aa25dc06174bc92700dd739ea8b6c3e
1220354;Regular;2022;Resumen;https://post.anid.cl/frontend.php/es/postulacion/descargar/hash/a7de797378531fe0d4381ab7d584e66d
1220355;Regular;2022;Resumen;https://post.anid.cl/frontend.php/es/postulacion/descargar/hash/df983b635b7fcc09e234d77c54dde559
1220358;Regular;2022;Resumen;https://post.anid.cl/frontend.php/es/postulacion/descargar/hash/29001da1cc1ca54f7dce7e327b6ff7eb
1220359;Regular;2022;Resumen;https://post.anid.cl/frontend.php/es/postulacion/descargar/hash/bdf274103e72fd363168bd4f6fe7a435
1220361;Regular;2022;Resumen;https://post.anid.cl/frontend.php/es/postulacion/descargar/hash/35c77eed56b3fac4ccaa8ef1e892df78
1220365;Regular;2022;Resumen;https://post.anid.cl/frontend.php/es/postulacion/descargar/hash/a1d9b9465ee840b9c415d00abc708464
1220366;Regular;2022;Resumen;https://post.anid.cl/frontend.php/es/postulacion/descargar/hash/c78cbd29c5ae7fdb3d5678e7f0de14e7
1220367;Regular;2022;Resumen;https://post.anid.cl/frontend.php/es/postulacion/descargar/hash/68a52ae1b7bc92241558d58f5753f7af
1220369;Regular;2022;Resumen;https://post.anid.cl/frontend.php/es/postulacion/descargar/hash/bf44d83b4c0f87e7a4979e101b577f98
1220371;Regular;2022;Resumen;https://post.anid.cl/frontend.php/es/postulacion/descargar/hash/9bfb5189cad3f3862d7ca7bfb22250e2
1220372;Regular;2022;Resumen;https://post.anid.cl/frontend.php/es/postulacion/descargar/hash/4ce48f6e3eae489b2f280f2a64ac56b6
1220377;Regular;2022;Resumen;https://post.anid.cl/frontend.php/es/postulacion/descargar/hash/71a0a80f887cee591b3339855e460b96
1220379;Regular;2022;Resumen;https://post.anid.cl/frontend.php/es/postulacion/descargar/hash/503c9bacb2d3dbf407fa22d9154a6905
1220380;Regular;2022;Resumen;https://post.anid.cl/frontend.php/es/postulacion/descargar/hash/a627708eddbf3271f665f44d6398631f
1220384;Regular;2022;Resumen;https://post.anid.cl/frontend.php/es/postulacion/descargar/hash/0f4266e6f1147eaa85622c9ecabbcf71
1220385;Regular;2022;Resumen;https://post.anid.cl/frontend.php/es/postulacion/descargar/hash/009151d7d98b7def63437464762f32da
1220392;Regular;2022;Resumen;https://post.anid.cl/frontend.php/es/postulacion/descargar/hash/04d7fc2b4ff63da2cd319b7362f5f9cf
1220396;Regular;2022;Resumen;https://post.anid.cl/frontend.php/es/postulacion/descargar/hash/10596ef8a1cb453c28ab1f3ab68c17e7
1220403;Regular;2022;Resumen;https://post.anid.cl/frontend.php/es/postulacion/descargar/hash/f588939102593f5d3a3d1403dd662f2e
1220411;Regular;2022;Resumen;https://post.anid.cl/frontend.php/es/postulacion/descargar/hash/cfda71f86bf06904f8d09eb163778223
1220414;Regular;2022;Resumen;https://post.anid.cl/frontend.php/es/postulacion/descargar/hash/3ac5b414ffbe8e6b8f95b6388f3b03df
1220416;Regular;2022;Resumen;https://post.anid.cl/frontend.php/es/postulacion/descargar/hash/de0a0094e4c2c9447be116685bf41aef
1220419;Regular;2022;Resumen;https://post.anid.cl/frontend.php/es/postulacion/descargar/hash/cb4cb754be888e026482d2ded1b67bb3
1220421;Regular;2022;Resumen;https://post.anid.cl/frontend.php/es/postulacion/descargar/hash/d6684cfa1af1b9d8092e019e5056f97d
1220424;Regular;2022;Resumen;https://post.anid.cl/frontend.php/es/postulacion/descargar/hash/959556d8cf3d78e398551f056db46c40
1220425;Regular;2022;Resumen;https://post.anid.cl/frontend.php/es/postulacion/descargar/hash/c6bcfbd989eaced05c4553f95f7d3e2f
1220426;Regular;2022;Resumen;https://post.anid.cl/frontend.php/es/postulacion/descargar/hash/3826bbb3df58dff7361ff1acc2deba0d
1220430;Regular;2022;Resumen;https://post.anid.cl/frontend.php/es/postulacion/descargar/hash/e3485f699ab5b06939e66cd923813b3b
1220433;Regular;2022;Resumen;https://post.anid.cl/frontend.php/es/postulacion/descargar/hash/cc5bb743db4fc0bb694b2a037eaf5e1e
1220439;Regular;2022;Resumen;https://post.anid.cl/frontend.php/es/postulacion/descargar/hash/a08dd1cd5ea1bec1782829fab3288ae8
1220441;Regular;2022;Resumen;https://post.anid.cl/frontend.php/es/postulacion/descargar/hash/76829ebdd5fb7e6fc62aed831f16dfd2
1220442;Regular;2022;Resumen;https://post.anid.cl/frontend.php/es/postulacion/descargar/hash/271806310865907a7def92592f039f1f
1220445;Regular;2022;Resumen;https://post.anid.cl/frontend.php/es/postulacion/descargar/hash/8b453330598452f5cf97e94c84509ce2
1220448;Regular;2022;Resumen;https://post.anid.cl/frontend.php/es/postulacion/descargar/hash/fc8f2eb8b66b9b718fefc80f518f390c
1220459;Regular;2022;Resumen;https://post.anid.cl/frontend.php/es/postulacion/descargar/hash/aabf0b1a9ebb8a46477616ee46374ab7
1220465;Regular;2022;Resumen;https://post.anid.cl/frontend.php/es/postulacion/descargar/hash/3e902cf1ca41a7c0d875c8656435a5b1
1220470;Regular;2022;Resumen;https://post.anid.cl/frontend.php/es/postulacion/descargar/hash/4933037217dcc6bdf74de678d570595b
1220479;Regular;2022;Resumen;https://post.anid.cl/frontend.php/es/postulacion/descargar/hash/e225791c706b185793aa380ad1f328fa
1220480;Regular;2022;Resumen;https://post.anid.cl/frontend.php/es/postulacion/descargar/hash/cedff33be997a1f8164fde96d4b67873
1220484;Regular;2022;Resumen;https://post.anid.cl/frontend.php/es/postulacion/descargar/hash/c04879a87ffa019f99119aa71708faab
1220499;Regular;2022;Resumen;https://post.anid.cl/frontend.php/es/postulacion/descargar/hash/960621da21e83e7f2d98cc1670a9d07f
1220500;Regular;2022;Resumen;https://post.anid.cl/frontend.php/es/postulacion/descargar/hash/446caaf7ec29729ff47266abd80c250f
1220502;Regular;2022;Resumen;https://post.anid.cl/frontend.php/es/postulacion/descargar/hash/b2d893c10e6f9737f5d305df3b64e3c9
1220503;Regular;2022;Resumen;https://post.anid.cl/frontend.php/es/postulacion/descargar/hash/7e9621d4648bb88be84ef3c2f288cebe
1220504;Regular;2022;Resumen;https://post.anid.cl/frontend.php/es/postulacion/descargar/hash/1823ed585a438c81faa7339e3b04a17f
1220507;Regular;2022;Resumen;https://post.anid.cl/frontend.php/es/postulacion/descargar/hash/3210adc46866374c2c593e63385021f9
1220508;Regular;2022;Resumen;https://post.anid.cl/frontend.php/es/postulacion/descargar/hash/71ada7ddd8defeba02535563c90a291c
1220509;Regular;2022;Resumen;https://post.anid.cl/frontend.php/es/postulacion/descargar/hash/8daf7d5fcfa74eba52e29260b1387895
1220513;Regular;2022;Resumen;https://post.anid.cl/frontend.php/es/postulacion/descargar/hash/f870bb78d3ccab83e03fffe0b1ed9bf8
1220517;Regular;2022;Resumen;https://post.anid.cl/frontend.php/es/postulacion/descargar/hash/15413fece3a456590f8308f4886a2868
1220520;Regular;2022;Resumen;https://post.anid.cl/frontend.php/es/postulacion/descargar/hash/3f2af1697687f730cb67d2c667e33e79
1220525;Regular;2022;Resumen;https://post.anid.cl/frontend.php/es/postulacion/descargar/hash/0b16a6d8698db64d059ff471c4dbb1f1
1220532;Regular;2022;Resumen;https://post.anid.cl/frontend.php/es/postulacion/descargar/hash/99f9eddd4d716a3e6ce8edad7d0e01f6
1220533;Regular;2022;Resumen;https://post.anid.cl/frontend.php/es/postulacion/descargar/hash/ed5dc3f5709a05880f0fc8f49124766e
1220536;Regular;2022;Resumen;https://post.anid.cl/frontend.php/es/postulacion/descargar/hash/2db87ca0acb4591fb440c5bbfe4ea316
1220540;Regular;2022;Resumen;https://post.anid.cl/frontend.php/es/postulacion/descargar/hash/f2769a676bf3c1a6083372811dbe8a4e
1220547;Regular;2022;Resumen;https://post.anid.cl/frontend.php/es/postulacion/descargar/hash/bd5519ba8549aab7b50a1f6c238f6d1c
1220550;Regular;2022;Resumen;https://post.anid.cl/frontend.php/es/postulacion/descargar/hash/2d09b699cfde589736c12153f6973989
1220551;Regular;2022;Resumen;https://post.anid.cl/frontend.php/es/postulacion/descargar/hash/2fd6925e5ef68d2cd2b2967552b445e8
1220556;Regular;2022;Resumen;https://post.anid.cl/frontend.php/es/postulacion/descargar/hash/287bd9e62b2860595d68a9a6c631fb1f
1220559;Regular;2022;Resumen;https://post.anid.cl/frontend.php/es/postulacion/descargar/hash/4db552f6356b6ce4e6ef2668158d6f35
1220560;Regular;2022;Resumen;https://post.anid.cl/frontend.php/es/postulacion/descargar/hash/cf00d36ee1ef78737bef91ab5838fff4
1220565;Regular;2022;Resumen;https://post.anid.cl/frontend.php/es/postulacion/descargar/hash/074008183f17c6603af6c9006accf19d
1220566;Regular;2022;Resumen;https://post.anid.cl/frontend.php/es/postulacion/descargar/hash/169fca9cdbc079fb8a2c53e73c11de73
1220568;Regular;2022;Resumen;https://post.anid.cl/frontend.php/es/postulacion/descargar/hash/860500d6caac4915c5f74ec6f137e077
1220573;Regular;2022;Resumen;https://post.anid.cl/frontend.php/es/postulacion/descargar/hash/e0fe374349399c644a664d414c538401
1220574;Regular;2022;Resumen;https://post.anid.cl/frontend.php/es/postulacion/descargar/hash/ac1cbba3c8d265cd8fa6a5fb4a7436c2
1220582;Regular;2022;Resumen;https://post.anid.cl/frontend.php/es/postulacion/descargar/hash/1e97d6c95b89f5aaadfbb341e101b6f1
1220584;Regular;2022;Resumen;https://post.anid.cl/frontend.php/es/postulacion/descargar/hash/8832349abace48cc2db3aa81a43cb570
1220586;Regular;2022;Resumen;https://post.anid.cl/frontend.php/es/postulacion/descargar/hash/7a621483a611a1fc3a4eeb20bd708f52
1220589;Regular;2022;Resumen;https://post.anid.cl/frontend.php/es/postulacion/descargar/hash/483300699247d0703593554b71031497
1220592;Regular;2022;Resumen;https://post.anid.cl/frontend.php/es/postulacion/descargar/hash/ae2e15d38998f3b07add35aa38ac8d1f
1220594;Regular;2022;Resumen;https://post.anid.cl/frontend.php/es/postulacion/descargar/hash/7f74ef4c597f52d56bfa8ae58dacd09e
1220605;Regular;2022;Resumen;https://post.anid.cl/frontend.php/es/postulacion/descargar/hash/5dcb8569c5f99a5512e18b8d22e6895f
1220607;Regular;2022;Resumen;https://post.anid.cl/frontend.php/es/postulacion/descargar/hash/54faa8bb7b0bc511ba4996d92589c0be
1220610;Regular;2022;Resumen;https://post.anid.cl/frontend.php/es/postulacion/descargar/hash/1918d1bb1b2d403009c99f5336784ccf
1220615;Regular;2022;Resumen;https://post.anid.cl/frontend.php/es/postulacion/descargar/hash/2eace238e16012ccf17c220e86fee6e9
1220618;Regular;2022;Resumen;https://post.anid.cl/frontend.php/es/postulacion/descargar/hash/05e16df0224bf22bb013168fa73b310e
1220620;Regular;2022;Resumen;https://post.anid.cl/frontend.php/es/postulacion/descargar/hash/35200b572d03769c9a4e118dfe957de1
1220622;Regular;2022;Resumen;https://post.anid.cl/frontend.php/es/postulacion/descargar/hash/e556d998dc4764a33d5833e992510316
1220626;Regular;2022;Resumen;https://post.anid.cl/frontend.php/es/postulacion/descargar/hash/f9f2394753ff84b4247c506effae88cc
1220628;Regular;2022;Resumen;https://post.anid.cl/frontend.php/es/postulacion/descargar/hash/082de368f6817b4c7c71b94b6c83be3d
1220630;Regular;2022;Resumen;https://post.anid.cl/frontend.php/es/postulacion/descargar/hash/d5b1701abfc03dbd4b9deb4801d67c2a
1220635;Regular;2022;Resumen;https://post.anid.cl/frontend.php/es/postulacion/descargar/hash/29f589e511e13c8f1f4fc25b57d949b4
1220637;Regular;2022;Resumen;https://post.anid.cl/frontend.php/es/postulacion/descargar/hash/77ab668c1cb1976150a07a100bd905fd
1220648;Regular;2022;Resumen;https://post.anid.cl/frontend.php/es/postulacion/descargar/hash/e25f7bc94aad3e1ff793e8ce67c05708
1220649;Regular;2022;Resumen;https://post.anid.cl/frontend.php/es/postulacion/descargar/hash/67835d22f735f27ae2e925b5c515e57d
1220650;Regular;2022;Resumen;https://post.anid.cl/frontend.php/es/postulacion/descargar/hash/37a9215f31e811404aa562c1bb2187a9
1220651;Regular;2022;Resumen;https://post.anid.cl/frontend.php/es/postulacion/descargar/hash/d73328d5110a69e0ce6090a1142a0b86
1220656;Regular;2022;Resumen;https://post.anid.cl/frontend.php/es/postulacion/descargar/hash/67b9bda56ea914917a078c300a4fadc0
1220659;Regular;2022;Resumen;https://post.anid.cl/frontend.php/es/postulacion/descargar/hash/c1fc470f340e0bf61ab3ba6ab526456b
1220663;Regular;2022;Resumen;https://post.anid.cl/frontend.php/es/postulacion/descargar/hash/ce74cd1ec1892f57b1303466a4e44ebd
1220664;Regular;2022;Resumen;https://post.anid.cl/frontend.php/es/postulacion/descargar/hash/796e97ff477145de0fac691adcccdc63
1220674;Regular;2022;Resumen;https://post.anid.cl/frontend.php/es/postulacion/descargar/hash/876dd87495d5328850c9def205a89b4c
1220675;Regular;2022;Resumen;https://post.anid.cl/frontend.php/es/postulacion/descargar/hash/f16314c39fd968b4cda91c50cff56055
1220680;Regular;2022;Resumen;https://post.anid.cl/frontend.php/es/postulacion/descargar/hash/da45c9bbaf3ec58547745d873e429ab6
1220685;Regular;2022;Resumen;https://post.anid.cl/frontend.php/es/postulacion/descargar/hash/85e2a043fe45a96b07c69145e6878f90
1220687;Regular;2022;Resumen;https://post.anid.cl/frontend.php/es/postulacion/descargar/hash/50eb321bed98f6130fc9abfda4cd3184
1220688;Regular;2022;Resumen;https://post.anid.cl/frontend.php/es/postulacion/descargar/hash/288e249ee4cfc7eb0b7a5ece80965bad
1220693;Regular;2022;Resumen;https://post.anid.cl/frontend.php/es/postulacion/descargar/hash/0a5090291ae2677e88edba9e6a22ebf9
1220697;Regular;2022;Resumen;https://post.anid.cl/frontend.php/es/postulacion/descargar/hash/db71cbfed7614a4a3bbf62827d7dd5bc
1220698;Regular;2022;Resumen;https://post.anid.cl/frontend.php/es/postulacion/descargar/hash/0ec63c33f66f6440d42cff8e85f91335
1220700;Regular;2022;Resumen;https://post.anid.cl/frontend.php/es/postulacion/descargar/hash/8d9570de8820f5dc984f5149c3b5a9a4
1220702;Regular;2022;Resumen;https://post.anid.cl/frontend.php/es/postulacion/descargar/hash/2f09923c3417fade461e004b8d0ec4cb
1220704;Regular;2022;Resumen;https://post.anid.cl/frontend.php/es/postulacion/descargar/hash/717b9d0ff1f6ccc9d9b084bdbe70fd21
1220708;Regular;2022;Resumen;https://post.anid.cl/frontend.php/es/postulacion/descargar/hash/0e1d1c2d2032ba193f5581170b9f7f09
1220710;Regular;2022;Resumen;https://post.anid.cl/frontend.php/es/postulacion/descargar/hash/f53f07113c73b356a01dbf6101e00144
1220712;Regular;2022;Resumen;https://post.anid.cl/frontend.php/es/postulacion/descargar/hash/34bcaa2871a293692a1f2d6f19be6622
1220715;Regular;2022;Resumen;https://post.anid.cl/frontend.php/es/postulacion/descargar/hash/9c007457b224d6b6a2dcc07ae7047d0f
1220716;Regular;2022;Resumen;https://post.anid.cl/frontend.php/es/postulacion/descargar/hash/cc9bdad64df22f1c586906e315f8258a
1220724;Regular;2022;Resumen;https://post.anid.cl/frontend.php/es/postulacion/descargar/hash/ac395ca41e8fb015590ba84591670aee
1220729;Regular;2022;Resumen;https://post.anid.cl/frontend.php/es/postulacion/descargar/hash/afcb9b346fc3f964e26fee3ae4cb7895
1220735;Regular;2022;Resumen;https://post.anid.cl/frontend.php/es/postulacion/descargar/hash/0b4b948d54dd6b882d4e4e6f8f928c0b
1220740;Regular;2022;Resumen;https://post.anid.cl/frontend.php/es/postulacion/descargar/hash/1cc620202cdd2405c3861c4cb99c96eb
1220754;Regular;2022;Resumen;https://post.anid.cl/frontend.php/es/postulacion/descargar/hash/8093a7ca3c250b8dd3e8484729de3cbd
1220758;Regular;2022;Resumen;https://post.anid.cl/frontend.php/es/postulacion/descargar/hash/e37d7880af9a18fabea00bc406d7ee1f
1220762;Regular;2022;Resumen;https://post.anid.cl/frontend.php/es/postulacion/descargar/hash/7370dd6ccf67d3cd1b2416b040c99832
1220763;Regular;2022;Resumen;https://post.anid.cl/frontend.php/es/postulacion/descargar/hash/2de70bf6d9a7b54912336c4b0685da48
1220767;Regular;2022;Resumen;https://post.anid.cl/frontend.php/es/postulacion/descargar/hash/37c0c887cc01f0d70e90414a4b3a3398
1220776;Regular;2022;Resumen;https://post.anid.cl/frontend.php/es/postulacion/descargar/hash/eeaeb325c028eb29d50bd1faa3c6fc69
1220777;Regular;2022;Resumen;https://post.anid.cl/frontend.php/es/postulacion/descargar/hash/0caad8a4db4cc38929178aba3a09417b
1220782;Regular;2022;Resumen;https://post.anid.cl/frontend.php/es/postulacion/descargar/hash/53948789d4e057a1a663af82c9e1fe6a
1220783;Regular;2022;Resumen;https://post.anid.cl/frontend.php/es/postulacion/descargar/hash/0aaee45a7d42171afbd08c77696cd8b2
1220784;Regular;2022;Resumen;https://post.anid.cl/frontend.php/es/postulacion/descargar/hash/2128b9564b93b7696a39a7feb83301e2
1220786;Regular;2022;Resumen;https://post.anid.cl/frontend.php/es/postulacion/descargar/hash/ae1cc8d485f0211bde92251caca0faba
1220792;Regular;2022;Resumen;https://post.anid.cl/frontend.php/es/postulacion/descargar/hash/eb2c4e360c21b142fe87b3d8d171c5d5
1220796;Regular;2022;Resumen;https://post.anid.cl/frontend.php/es/postulacion/descargar/hash/6f19481bfdb95327733f5663dade9090
1220797;Regular;2022;Resumen;https://post.anid.cl/frontend.php/es/postulacion/descargar/hash/9e42efc099ade7ae7f39ac301cce2108
1220799;Regular;2022;Resumen;https://post.anid.cl/frontend.php/es/postulacion/descargar/hash/8cf8523df236f89d007ed6d84deb9638
1220803;Regular;2022;Resumen;https://post.anid.cl/frontend.php/es/postulacion/descargar/hash/48bc0feb46c649789a9085c32561576a
1220804;Regular;2022;Resumen;https://post.anid.cl/frontend.php/es/postulacion/descargar/hash/5df76e93349dc3f902bff4c84c963d90
1220806;Regular;2022;Resumen;https://post.anid.cl/frontend.php/es/postulacion/descargar/hash/ed8a0a9ffa1c171dc1277b261bf1e016
1220813;Regular;2022;Resumen;https://post.anid.cl/frontend.php/es/postulacion/descargar/hash/cbce8fdda4265d4c6ea15c7d8ad1e678
1220820;Regular;2022;Resumen;https://post.anid.cl/frontend.php/es/postulacion/descargar/hash/9b45caab2f68b84d7d21a0dcf222ec69
1220822;Regular;2022;Resumen;https://post.anid.cl/frontend.php/es/postulacion/descargar/hash/32109fe8707b2e2152622833232e5652
1220823;Regular;2022;Resumen;https://post.anid.cl/frontend.php/es/postulacion/descargar/hash/1e72f758aba8f142eb00098401fdcb81
1220824;Regular;2022;Resumen;https://post.anid.cl/frontend.php/es/postulacion/descargar/hash/68b66103d20787b38fe4d24d28f455c2
1220825;Regular;2022;Resumen;https://post.anid.cl/frontend.php/es/postulacion/descargar/hash/8a37dbd2acd3b05fd8b2c06c30e47301
1220829;Regular;2022;Resumen;https://post.anid.cl/frontend.php/es/postulacion/descargar/hash/ec966faf113b761e3e5a20a7cf8b05ab
1220830;Regular;2022;Resumen;https://post.anid.cl/frontend.php/es/postulacion/descargar/hash/cc1a261aca1e4811c11e745a65c36fda
1220831;Regular;2022;Resumen;https://post.anid.cl/frontend.php/es/postulacion/descargar/hash/8819314590c78746ae1e7e61f310dfef
1220839;Regular;2022;Resumen;https://post.anid.cl/frontend.php/es/postulacion/descargar/hash/d6478f2140bc45aed2461dcb741645bc
1220844;Regular;2022;Resumen;https://post.anid.cl/frontend.php/es/postulacion/descargar/hash/b593aab9328bbef70e74ab1aad3be9ee
1220845;Regular;2022;Resumen;https://post.anid.cl/frontend.php/es/postulacion/descargar/hash/f961a0d8174fc770c2ced415273f6993
1220853;Regular;2022;Resumen;https://post.anid.cl/frontend.php/es/postulacion/descargar/hash/96bfa12c3f053fbd43b835d5de0f4aaf
1220857;Regular;2022;Resumen;https://post.anid.cl/frontend.php/es/postulacion/descargar/hash/acf9f23f19f2d9b28028b932ec1eb7e9
1220862;Regular;2022;Resumen;https://post.anid.cl/frontend.php/es/postulacion/descargar/hash/d4b21f2fd23dcb8099270ae52ff0f2e5
1220866;Regular;2022;Resumen;https://post.anid.cl/frontend.php/es/postulacion/descargar/hash/d37203321712d86f3b9bfee4cfaa46f6
1220869;Regular;2022;Resumen;https://post.anid.cl/frontend.php/es/postulacion/descargar/hash/7346412ce5d087de9f0b158f65215941
1220870;Regular;2022;Resumen;https://post.anid.cl/frontend.php/es/postulacion/descargar/hash/76d9b8f6a6787636677a89e87d1935f1
1220871;Regular;2022;Resumen;https://post.anid.cl/frontend.php/es/postulacion/descargar/hash/c51d4c625a91c871be98309548d844db
1220879;Regular;2022;Resumen;https://post.anid.cl/frontend.php/es/postulacion/descargar/hash/8afc14ed6d1f632eea310fc8b976c572
1220881;Regular;2022;Resumen;https://post.anid.cl/frontend.php/es/postulacion/descargar/hash/bf8379651f94a96c12fc47b6360eb2de
1220886;Regular;2022;Resumen;https://post.anid.cl/frontend.php/es/postulacion/descargar/hash/b24fbba112adc994f0e779a5b7aac8ca
1220893;Regular;2022;Resumen;https://post.anid.cl/frontend.php/es/postulacion/descargar/hash/03aed19c4897c3af3a99e64ea63b0b1b
1220896;Regular;2022;Resumen;https://post.anid.cl/frontend.php/es/postulacion/descargar/hash/878648a61501eff000388032991faa7d
1220902;Regular;2022;Resumen;https://post.anid.cl/frontend.php/es/postulacion/descargar/hash/8247e7c5f69cf724d2b1d35ddf90dcc7
1220903;Regular;2022;Resumen;https://post.anid.cl/frontend.php/es/postulacion/descargar/hash/5d66f52657d3de9d40541a9954535375
1220907;Regular;2022;Resumen;https://post.anid.cl/frontend.php/es/postulacion/descargar/hash/d35db83857f0a344c7c8e50a2d3a2095
1220908;Regular;2022;Resumen;https://post.anid.cl/frontend.php/es/postulacion/descargar/hash/b021b86895d0f457e0ca5a02b976b68b
1220909;Regular;2022;Resumen;https://post.anid.cl/frontend.php/es/postulacion/descargar/hash/69a46655ec9a449233e9e502488db807
1220910;Regular;2022;Resumen;https://post.anid.cl/frontend.php/es/postulacion/descargar/hash/1f33de5567c26e6c31356804b8636cc1
1220920;Regular;2022;Resumen;https://post.anid.cl/frontend.php/es/postulacion/descargar/hash/a959bcee3853f61b860092ba680f870b
1220921;Regular;2022;Resumen;https://post.anid.cl/frontend.php/es/postulacion/descargar/hash/c7b50e0a11c3857bad14ef746a28dec3
1220922;Regular;2022;Resumen;https://post.anid.cl/frontend.php/es/postulacion/descargar/hash/6025a6b42ba891c57f9b4b52af76bd71
1220927;Regular;2022;Resumen;https://post.anid.cl/frontend.php/es/postulacion/descargar/hash/c03516c59a79dce2a1f52bfa6cb2dbb7
1220928;Regular;2022;Resumen;https://post.anid.cl/frontend.php/es/postulacion/descargar/hash/98242bd912135ccab0c8baf99a37e1e8
1220929;Regular;2022;Resumen;https://post.anid.cl/frontend.php/es/postulacion/descargar/hash/164b16a4af2ba7ad63bb17cde926bbcb
1220936;Regular;2022;Resumen;https://post.anid.cl/frontend.php/es/postulacion/descargar/hash/82a88b03c92cb5568f59f89949ce257f
1220937;Regular;2022;Resumen;https://post.anid.cl/frontend.php/es/postulacion/descargar/hash/1b18b1c6a4d1a10bdd5890ec7f18b718
1220948;Regular;2022;Resumen;https://post.anid.cl/frontend.php/es/postulacion/descargar/hash/24db02e91f3bbef5822da16eaed91b00
1220950;Regular;2022;Resumen;https://post.anid.cl/frontend.php/es/postulacion/descargar/hash/ed63ef716888bd6506e7e798928c4196
1220955;Regular;2022;Resumen;https://post.anid.cl/frontend.php/es/postulacion/descargar/hash/5ab395f8645ccb8b4ae9a1438b8a3215
1220956;Regular;2022;Resumen;https://post.anid.cl/frontend.php/es/postulacion/descargar/hash/b9c1cc0b596e42edcf1fd17d0d402ff8
1220960;Regular;2022;Resumen;https://post.anid.cl/frontend.php/es/postulacion/descargar/hash/21d4ed3f8113327497db421748619122
1220962;Regular;2022;Resumen;https://post.anid.cl/frontend.php/es/postulacion/descargar/hash/815bb90c5b843d315ccffe9d52b2504c
1220964;Regular;2022;Resumen;https://post.anid.cl/frontend.php/es/postulacion/descargar/hash/0823d149f7118aead94f2dee4fc95d61
1220965;Regular;2022;Resumen;https://post.anid.cl/frontend.php/es/postulacion/descargar/hash/703f74ec5ffad7a646d28f97045a11d1
1220978;Regular;2022;Resumen;https://post.anid.cl/frontend.php/es/postulacion/descargar/hash/c6412470e6c6bacf6549fb0790433cfa
1220984;Regular;2022;Resumen;https://post.anid.cl/frontend.php/es/postulacion/descargar/hash/0b32e6c99b88c11061a65824ddf5a05a
1220986;Regular;2022;Resumen;https://post.anid.cl/frontend.php/es/postulacion/descargar/hash/07e1c8a3dbda481441cc1577a47b866e
1220987;Regular;2022;Resumen;https://post.anid.cl/frontend.php/es/postulacion/descargar/hash/44a75d60286f410003ff6916ea02eb44
1220988;Regular;2022;Resumen;https://post.anid.cl/frontend.php/es/postulacion/descargar/hash/10efeb8d5ad7182903329f7411b64121
1220993;Regular;2022;Resumen;https://post.anid.cl/frontend.php/es/postulacion/descargar/hash/bb38f1d2bc649c42143f8b66b1f58784
1220995;Regular;2022;Resumen;https://post.anid.cl/frontend.php/es/postulacion/descargar/hash/bc9a58e9e5b57f22f36d72c20c795d50
1220997;Regular;2022;Resumen;https://post.anid.cl/frontend.php/es/postulacion/descargar/hash/51ab009461dee0ef6ed4b7c808246533
1220998;Regular;2022;Resumen;https://post.anid.cl/frontend.php/es/postulacion/descargar/hash/76c748e8289daa612a2d0dfd8dafb873
1220999;Regular;2022;Resumen;https://post.anid.cl/frontend.php/es/postulacion/descargar/hash/cbead8502a09ceb73f1a26d7e1ced603
1221000;Regular;2022;Resumen;https://post.anid.cl/frontend.php/es/postulacion/descargar/hash/496fa546efc58030218e671a6743f590
1221003;Regular;2022;Resumen;https://post.anid.cl/frontend.php/es/postulacion/descargar/hash/621d133ef80dd240f8e97650bfba6f2a
1221016;Regular;2022;Resumen;https://post.anid.cl/frontend.php/es/postulacion/descargar/hash/8a64c8802ec0c9e43645014ef79948c4
1221019;Regular;2022;Resumen;https://post.anid.cl/frontend.php/es/postulacion/descargar/hash/2c10e871d1da3c71b1f343ba84d53a56
1221024;Regular;2022;Resumen;https://post.anid.cl/frontend.php/es/postulacion/descargar/hash/73aa80f7c9b971643b76c8cbb9527278
1221028;Regular;2022;Resumen;https://post.anid.cl/frontend.php/es/postulacion/descargar/hash/bbc88620c4d1df5dfb9b295893b57613
1221029;Regular;2022;Resumen;https://post.anid.cl/frontend.php/es/postulacion/descargar/hash/fdb3962d4563380e2c75922a2398b38e
1221030;Regular;2022;Resumen;https://post.anid.cl/frontend.php/es/postulacion/descargar/hash/0821b22817c859158c3e9d2ddf8682e6
1221031;Regular;2022;Resumen;https://post.anid.cl/frontend.php/es/postulacion/descargar/hash/9ae6e0f234f2e3b1b48aaeefdba68095
1221033;Regular;2022;Resumen;https://post.anid.cl/frontend.php/es/postulacion/descargar/hash/c1dc1ef557ceeb57e1cb824514d96a96
1221034;Regular;2022;Resumen;https://post.anid.cl/frontend.php/es/postulacion/descargar/hash/62c8d6521512cf01222740340ec7d322
1221035;Regular;2022;Resumen;https://post.anid.cl/frontend.php/es/postulacion/descargar/hash/c0baf4a6ef0789df05d5e333ba311f62
1221038;Regular;2022;Resumen;https://post.anid.cl/frontend.php/es/postulacion/descargar/hash/7877c2035022a8035914c4e7ea31510a
1221042;Regular;2022;Resumen;https://post.anid.cl/frontend.php/es/postulacion/descargar/hash/b5dd03521b5955bceae4f20c17afb05d
1221045;Regular;2022;Resumen;https://post.anid.cl/frontend.php/es/postulacion/descargar/hash/b7b4062afaa06789433625a417e41d66
1221047;Regular;2022;Resumen;https://post.anid.cl/frontend.php/es/postulacion/descargar/hash/86be33a2270c57ef5887d2cd2dbfc341
1221049;Regular;2022;Resumen;https://post.anid.cl/frontend.php/es/postulacion/descargar/hash/775d52ba740ad1f2d2d360402bf5fb50
1221057;Regular;2022;Resumen;https://post.anid.cl/frontend.php/es/postulacion/descargar/hash/38de5384d88252d95fe612a91d061859
1221058;Regular;2022;Resumen;https://post.anid.cl/frontend.php/es/postulacion/descargar/hash/1728034e8727852ff5cfbcfc030f5525
1221059;Regular;2022;Resumen;https://post.anid.cl/frontend.php/es/postulacion/descargar/hash/4ba17e86f2aed8ccb3fb3ea82f39df8f
1221060;Regular;2022;Resumen;https://post.anid.cl/frontend.php/es/postulacion/descargar/hash/48a2cce2a1bade0fffb739847bf2477f
1221063;Regular;2022;Resumen;https://post.anid.cl/frontend.php/es/postulacion/descargar/hash/2e587ce8b6bab210de1cb25e12010d0c
1221064;Regular;2022;Resumen;https://post.anid.cl/frontend.php/es/postulacion/descargar/hash/4e49c8cf6d7d6703a227faa0864585df
1221067;Regular;2022;Resumen;https://post.anid.cl/frontend.php/es/postulacion/descargar/hash/5e694bf7cc19c5eb7c3e59c2bbcd0ea2
1221072;Regular;2022;Resumen;https://post.anid.cl/frontend.php/es/postulacion/descargar/hash/606aaefbb6037cbccbb76aa3d838d427
1221073;Regular;2022;Resumen;https://post.anid.cl/frontend.php/es/postulacion/descargar/hash/3d2514ddcba9637fecd4194b4dbefcc9
1221075;Regular;2022;Resumen;https://post.anid.cl/frontend.php/es/postulacion/descargar/hash/3300b591f2bcf1a8f2048c7911a06550
1221076;Regular;2022;Resumen;https://post.anid.cl/frontend.php/es/postulacion/descargar/hash/df1e1c3b9119df9cb7e02efcfeb82b22
1221077;Regular;2022;Resumen;https://post.anid.cl/frontend.php/es/postulacion/descargar/hash/91b05cfc1efc785484c6849642dc958f
1221080;Regular;2022;Resumen;https://post.anid.cl/frontend.php/es/postulacion/descargar/hash/2b1f3a083e46ced4a22314b13f020fcc
1221083;Regular;2022;Resumen;https://post.anid.cl/frontend.php/es/postulacion/descargar/hash/624cc3a1bf1af0c1d06bc75980e76c0f
1221090;Regular;2022;Resumen;https://post.anid.cl/frontend.php/es/postulacion/descargar/hash/e1446495b97ad1fce6dfcbfd123225d0
1221091;Regular;2022;Resumen;https://post.anid.cl/frontend.php/es/postulacion/descargar/hash/aef190454c2de332c85dc191dc41db86
1221096;Regular;2022;Resumen;https://post.anid.cl/frontend.php/es/postulacion/descargar/hash/372f0138205b5c24caf142d5f1b0dfea
1221098;Regular;2022;Resumen;https://post.anid.cl/frontend.php/es/postulacion/descargar/hash/f30bf31d7490bb7e246e1c02b588c245
1221099;Regular;2022;Resumen;https://post.anid.cl/frontend.php/es/postulacion/descargar/hash/e66028ca4a019833ece4a75a5bf01c43
1221102;Regular;2022;Resumen;https://post.anid.cl/frontend.php/es/postulacion/descargar/hash/22cd632e1a7dbe7a4d1dd8763d75636b
1221103;Regular;2022;Resumen;https://post.anid.cl/frontend.php/es/postulacion/descargar/hash/7a98733e679829fe5a64157e77e02bdc
1221106;Regular;2022;Resumen;https://post.anid.cl/frontend.php/es/postulacion/descargar/hash/34fe4cf0e541559603fa1aa1a319ea7d
1221107;Regular;2022;Resumen;https://post.anid.cl/frontend.php/es/postulacion/descargar/hash/d5a23e4c135686cd4aec64593f9b2f79
1221112;Regular;2022;Resumen;https://post.anid.cl/frontend.php/es/postulacion/descargar/hash/ec2779d3fbee9b9b90ce067a4c0cee9d
1221115;Regular;2022;Resumen;https://post.anid.cl/frontend.php/es/postulacion/descargar/hash/1cf3cfe9ff0731a2ec9fcd40db6070cb
1221120;Regular;2022;Resumen;https://post.anid.cl/frontend.php/es/postulacion/descargar/hash/5517b05e3d11183fa0868135186723a3
1221122;Regular;2022;Resumen;https://post.anid.cl/frontend.php/es/postulacion/descargar/hash/ad1bcb2d28382286d22de2a9a873b62b
1221124;Regular;2022;Resumen;https://post.anid.cl/frontend.php/es/postulacion/descargar/hash/f2fd752e80cca851bc434bf918a32561
1221128;Regular;2022;Resumen;https://post.anid.cl/frontend.php/es/postulacion/descargar/hash/12ee5a2fa895544b04afd6727e0d7df3
1221132;Regular;2022;Resumen;https://post.anid.cl/frontend.php/es/postulacion/descargar/hash/b7050961344c561589d6b99daebb58b7
1221133;Regular;2022;Resumen;https://post.anid.cl/frontend.php/es/postulacion/descargar/hash/8d143d59c4ce1fa549ab7eff46b4b6c0
1221140;Regular;2022;Resumen;https://post.anid.cl/frontend.php/es/postulacion/descargar/hash/d056c4b81e7f0d92f00062f725dd32c5
1221145;Regular;2022;Resumen;https://post.anid.cl/frontend.php/es/postulacion/descargar/hash/5de0cd647a8a549c41893f5c8062129a
1221146;Regular;2022;Resumen;https://post.anid.cl/frontend.php/es/postulacion/descargar/hash/2d89d55b44a549d3030b01f1113e59c0
1221147;Regular;2022;Resumen;https://post.anid.cl/frontend.php/es/postulacion/descargar/hash/0cbea929fa2dbffa042343f8ac59aa5a
1221153;Regular;2022;Resumen;https://post.anid.cl/frontend.php/es/postulacion/descargar/hash/b8f0247ef6589127abf47197374a8039
1221159;Regular;2022;Resumen;https://post.anid.cl/frontend.php/es/postulacion/descargar/hash/49ce640f66068fa3aa021cbb2888f59e
1221161;Regular;2022;Resumen;https://post.anid.cl/frontend.php/es/postulacion/descargar/hash/00ebdb69d2f68767ca39220496bf3f3f
1221162;Regular;2022;Resumen;https://post.anid.cl/frontend.php/es/postulacion/descargar/hash/140c6a057b7176c55ad4756097229b16
1221166;Regular;2022;Resumen;https://post.anid.cl/frontend.php/es/postulacion/descargar/hash/62f3adde2dda1556ff8e596a6f5f9499
1221171;Regular;2022;Resumen;https://post.anid.cl/frontend.php/es/postulacion/descargar/hash/c92a938c4c8fe28e2ba6b70a6a229a19
1221173;Regular;2022;Resumen;https://post.anid.cl/frontend.php/es/postulacion/descargar/hash/f621c6a9f674ca3293564d4a72a304ce
1221175;Regular;2022;Resumen;https://post.anid.cl/frontend.php/es/postulacion/descargar/hash/408d1dec4afd92a458e0e753b1eaa42d
1221178;Regular;2022;Resumen;https://post.anid.cl/frontend.php/es/postulacion/descargar/hash/12c41d0c4e10a5e55739b312f8c9e28d
1221179;Regular;2022;Resumen;https://post.anid.cl/frontend.php/es/postulacion/descargar/hash/005ff4730a71be8e933ea43dbe80ec20
1221189;Regular;2022;Resumen;https://post.anid.cl/frontend.php/es/postulacion/descargar/hash/b3f620121c56da3f29dfd7ff7c9f63da
1221191;Regular;2022;Resumen;https://post.anid.cl/frontend.php/es/postulacion/descargar/hash/2814e2a217f34dc0c9c7496b674f9b66
1221193;Regular;2022;Resumen;https://post.anid.cl/frontend.php/es/postulacion/descargar/hash/cb9ab06edcd18912bac4b1d98699688c
1221195;Regular;2022;Resumen;https://post.anid.cl/frontend.php/es/postulacion/descargar/hash/8986a00cfed7ac2c4a192388c02241d5
1221203;Regular;2022;Resumen;https://post.anid.cl/frontend.php/es/postulacion/descargar/hash/3d50a35bec5f62d74d01ff14fb92c3ea
1221209;Regular;2022;Resumen;https://post.anid.cl/frontend.php/es/postulacion/descargar/hash/42232ad8b90527a83df9cc8fc5a5017b
1221210;Regular;2022;Resumen;https://post.anid.cl/frontend.php/es/postulacion/descargar/hash/688b9c2ad5898c43857235e5125581df
1221211;Regular;2022;Resumen;https://post.anid.cl/frontend.php/es/postulacion/descargar/hash/31ee0f2b4d27deb8a64400b7e23db653
1221212;Regular;2022;Resumen;https://post.anid.cl/frontend.php/es/postulacion/descargar/hash/4524eb2dd77d67f43e64d17e175eead2
1221213;Regular;2022;Resumen;https://post.anid.cl/frontend.php/es/postulacion/descargar/hash/8f1f668fa82517b174316331e2037768
1221214;Regular;2022;Resumen;https://post.anid.cl/frontend.php/es/postulacion/descargar/hash/9bfdfb0354b2c9b01d529ad1be4732d1
1221216;Regular;2022;Resumen;https://post.anid.cl/frontend.php/es/postulacion/descargar/hash/3e7b2582f72472c0cc480ee06e65688c
1221217;Regular;2022;Resumen;https://post.anid.cl/frontend.php/es/postulacion/descargar/hash/b7e4a679ee231f11dcc42f724ca6a98f
1221219;Regular;2022;Resumen;https://post.anid.cl/frontend.php/es/postulacion/descargar/hash/956d6f44a9e4931e95f3962446ca9231
1221220;Regular;2022;Resumen;https://post.anid.cl/frontend.php/es/postulacion/descargar/hash/546e018e7d2f81c55ca358d1d9be38cf
1221225;Regular;2022;Resumen;https://post.anid.cl/frontend.php/es/postulacion/descargar/hash/575808393b57a1dffd9101d884a0e95e
1221228;Regular;2022;Resumen;https://post.anid.cl/frontend.php/es/postulacion/descargar/hash/e6af5e44184bb41fd1d26e6c5d0e00a7
1221230;Regular;2022;Resumen;https://post.anid.cl/frontend.php/es/postulacion/descargar/hash/32189890c979e13cf7be00b9c064ec89
1221245;Regular;2022;Resumen;https://post.anid.cl/frontend.php/es/postulacion/descargar/hash/2913cdd63627605e750d265ca57cb52d
1221250;Regular;2022;Resumen;https://post.anid.cl/frontend.php/es/postulacion/descargar/hash/1cfe2ce1e548fdf69dc8f23fad79a235
1221253;Regular;2022;Resumen;https://post.anid.cl/frontend.php/es/postulacion/descargar/hash/7401f715e96a4fde686ff53ec8b5977e
1221257;Regular;2022;Resumen;https://post.anid.cl/frontend.php/es/postulacion/descargar/hash/4a1678ec3af8f897f5a230e1250e1dd2
1221260;Regular;2022;Resumen;https://post.anid.cl/frontend.php/es/postulacion/descargar/hash/ef8e0768a11670518e9e371b3fdbf0e4
1221262;Regular;2022;Resumen;https://post.anid.cl/frontend.php/es/postulacion/descargar/hash/6a0c3f4a9005ebd77d28fcac2bf082d9
1221264;Regular;2022;Resumen;https://post.anid.cl/frontend.php/es/postulacion/descargar/hash/968dfbbb3422758e70d7978bde1c7f3b
1221269;Regular;2022;Resumen;https://post.anid.cl/frontend.php/es/postulacion/descargar/hash/45ef91202072e0600f197efaf8280f7a
1221270;Regular;2022;Resumen;https://post.anid.cl/frontend.php/es/postulacion/descargar/hash/3e4ff271b7c712be40316eac3e3ec996
1221271;Regular;2022;Resumen;https://post.anid.cl/frontend.php/es/postulacion/descargar/hash/4e0a8fc442fff7116661d8e6e37a7282
1221274;Regular;2022;Resumen;https://post.anid.cl/frontend.php/es/postulacion/descargar/hash/588494fb91da987ce9a8c896a0229ba8
1221280;Regular;2022;Resumen;https://post.anid.cl/frontend.php/es/postulacion/descargar/hash/51de8a73e606d43271b6d5000e362699
1221281;Regular;2022;Resumen;https://post.anid.cl/frontend.php/es/postulacion/descargar/hash/8d2d6c03958d79fe3dc92fd763e6e4fb
1221291;Regular;2022;Resumen;https://post.anid.cl/frontend.php/es/postulacion/descargar/hash/6f01591c09af56441fc72c468b241d41
1221293;Regular;2022;Resumen;https://post.anid.cl/frontend.php/es/postulacion/descargar/hash/0c22caa257132073c00af5d339bd95ee
1221301;Regular;2022;Resumen;https://post.anid.cl/frontend.php/es/postulacion/descargar/hash/63ba957d7198191e85bc58e99ef2db5a
1221307;Regular;2022;Resumen;https://post.anid.cl/frontend.php/es/postulacion/descargar/hash/e0c6d67754a3906c2018f535184e0630
1221308;Regular;2022;Resumen;https://post.anid.cl/frontend.php/es/postulacion/descargar/hash/46535dc5eac420ef4dbd30a878f6456f
1221310;Regular;2022;Resumen;https://post.anid.cl/frontend.php/es/postulacion/descargar/hash/310c6be995b50a43e8c199c8a91a6d6c
1221315;Regular;2022;Resumen;https://post.anid.cl/frontend.php/es/postulacion/descargar/hash/330df6b2dc4748da12efb9ac4b28d6c1
1221316;Regular;2022;Resumen;https://post.anid.cl/frontend.php/es/postulacion/descargar/hash/dc1b4b786696001819504987fcb6df00
1221319;Regular;2022;Resumen;https://post.anid.cl/frontend.php/es/postulacion/descargar/hash/9c124c9935ef69c9e555135a99bfc256
1221322;Regular;2022;Resumen;https://post.anid.cl/frontend.php/es/postulacion/descargar/hash/f467cc70df4ce2ebb4de328ef9bf1601
1221325;Regular;2022;Resumen;https://post.anid.cl/frontend.php/es/postulacion/descargar/hash/c4c030d49d301b4827b6974ab5734341
1221328;Regular;2022;Resumen;https://post.anid.cl/frontend.php/es/postulacion/descargar/hash/7144203711f2a8d93c78a7ca9adee9a5
1221330;Regular;2022;Resumen;https://post.anid.cl/frontend.php/es/postulacion/descargar/hash/2f772047a1c91b2de076536eeff7fd32
1221332;Regular;2022;Resumen;https://post.anid.cl/frontend.php/es/postulacion/descargar/hash/31347e4539896827ff44fc7f7c0737f6
1221337;Regular;2022;Resumen;https://post.anid.cl/frontend.php/es/postulacion/descargar/hash/e3a8d095c57b8e110ac22a50ec4bf4c5
1221341;Regular;2022;Resumen;https://post.anid.cl/frontend.php/es/postulacion/descargar/hash/829ace893c049353ab992acbc93556c0
1221345;Regular;2022;Resumen;https://post.anid.cl/frontend.php/es/postulacion/descargar/hash/18a1ac30f2952e5c6f72ca7e7014a728
1221348;Regular;2022;Resumen;https://post.anid.cl/frontend.php/es/postulacion/descargar/hash/aa72471a116b1990404e0ab1f2025852
1221349;Regular;2022;Resumen;https://post.anid.cl/frontend.php/es/postulacion/descargar/hash/8104126f28f8504d888a9e542fbb77bf
1221352;Regular;2022;Resumen;https://post.anid.cl/frontend.php/es/postulacion/descargar/hash/3970a2b422d00aeb86fbfb3283a232b0
1221357;Regular;2022;Resumen;https://post.anid.cl/frontend.php/es/postulacion/descargar/hash/b0b2f0b29b5174a8e3f754cc5566b32c
1221360;Regular;2022;Resumen;https://post.anid.cl/frontend.php/es/postulacion/descargar/hash/094e74adb9a3c970e165129a69cb6746
1221361;Regular;2022;Resumen;https://post.anid.cl/frontend.php/es/postulacion/descargar/hash/9734dac178efa8ac37f9868438d5d17c
1221362;Regular;2022;Resumen;https://post.anid.cl/frontend.php/es/postulacion/descargar/hash/eaad0fb63a383c0bb2218c889570355a
1221364;Regular;2022;Resumen;https://post.anid.cl/frontend.php/es/postulacion/descargar/hash/92600f439a04f5341705856d1afc2637
1221365;Regular;2022;Resumen;https://post.anid.cl/frontend.php/es/postulacion/descargar/hash/112b598061c440414d1d7776667cae14
1221368;Regular;2022;Resumen;https://post.anid.cl/frontend.php/es/postulacion/descargar/hash/df5f83519d20f52db95bb353cf4edb3a
1221372;Regular;2022;Resumen;https://post.anid.cl/frontend.php/es/postulacion/descargar/hash/59eca3fede182ddc06a2368d7d430951
1221373;Regular;2022;Resumen;https://post.anid.cl/frontend.php/es/postulacion/descargar/hash/4d9e9cf5624379d4554a8629d6d3181f
1221374;Regular;2022;Resumen;https://post.anid.cl/frontend.php/es/postulacion/descargar/hash/c702c8ccbc11f43a4c23efa367f83a28
1221376;Regular;2022;Resumen;https://post.anid.cl/frontend.php/es/postulacion/descargar/hash/16d2156a4f1f9111c1117b597c88a4a9
1221378;Regular;2022;Resumen;https://post.anid.cl/frontend.php/es/postulacion/descargar/hash/feaf34e2a94c404f5ef199a959b507d3
1221383;Regular;2022;Resumen;https://post.anid.cl/frontend.php/es/postulacion/descargar/hash/9122e83a5c1ebcd08ace4ad2927f5d53
1221387;Regular;2022;Resumen;https://post.anid.cl/frontend.php/es/postulacion/descargar/hash/91457eb4e7176d29cb42363e9be459f6
1221392;Regular;2022;Resumen;https://post.anid.cl/frontend.php/es/postulacion/descargar/hash/c6a1c9ec987fc09cae777887fb6d73f8
1221395;Regular;2022;Resumen;https://post.anid.cl/frontend.php/es/postulacion/descargar/hash/0d1cc5afe9ecada61e9178e3fac09228
1221397;Regular;2022;Resumen;https://post.anid.cl/frontend.php/es/postulacion/descargar/hash/31e1dad654688bcf32b1d03ff142bd67
1221399;Regular;2022;Resumen;https://post.anid.cl/frontend.php/es/postulacion/descargar/hash/40b12a153c6bbdfd3a0598d00a773d06
1221400;Regular;2022;Resumen;https://post.anid.cl/frontend.php/es/postulacion/descargar/hash/d10fb733270260699e2dca7d83b88bd4
1221407;Regular;2022;Resumen;https://post.anid.cl/frontend.php/es/postulacion/descargar/hash/2a86c4149fbe32d2213acde7e4906bad
1221410;Regular;2022;Resumen;https://post.anid.cl/frontend.php/es/postulacion/descargar/hash/0c4cb7f7d769027e29020d6f5dc03da1
1221412;Regular;2022;Resumen;https://post.anid.cl/frontend.php/es/postulacion/descargar/hash/4d7e043d830de19796efaf23d7f89541
1221415;Regular;2022;Resumen;https://post.anid.cl/frontend.php/es/postulacion/descargar/hash/a43f45d4580e03a665782d909e6cc1f1
1221416;Regular;2022;Resumen;https://post.anid.cl/frontend.php/es/postulacion/descargar/hash/dc6034b9fb7116688e704bd82e9c8ac2
1221420;Regular;2022;Resumen;https://post.anid.cl/frontend.php/es/postulacion/descargar/hash/523e98d58cc1f12c3085ff182108193d
1221421;Regular;2022;Resumen;https://post.anid.cl/frontend.php/es/postulacion/descargar/hash/93dafab4edcfb92da7e53c7ec15fc3e6
1221422;Regular;2022;Resumen;https://post.anid.cl/frontend.php/es/postulacion/descargar/hash/3d8bf342f653adbbc71c7cd226b1148c
1221425;Regular;2022;Resumen;https://post.anid.cl/frontend.php/es/postulacion/descargar/hash/f2fc41eb37caa76bc8b2edaf7b32c82f
1221428;Regular;2022;Resumen;https://post.anid.cl/frontend.php/es/postulacion/descargar/hash/c32dda1d385aedb4d7895e29986e45c4
1221430;Regular;2022;Resumen;https://post.anid.cl/frontend.php/es/postulacion/descargar/hash/68e249148d10fda94127559bf27e2fcf
1221433;Regular;2022;Resumen;https://post.anid.cl/frontend.php/es/postulacion/descargar/hash/febeb2b0936e3c17069bf7a8658de62e
1221434;Regular;2022;Resumen;https://post.anid.cl/frontend.php/es/postulacion/descargar/hash/e049a760bf04aedb1cd7ed63dee05983
1221436;Regular;2022;Resumen;https://post.anid.cl/frontend.php/es/postulacion/descargar/hash/674a80fb9aed1f1000d9f452e113ffc5
1221442;Regular;2022;Resumen;https://post.anid.cl/frontend.php/es/postulacion/descargar/hash/1b79f4200a3fc74087d2d7316b81c2b0
1221445;Regular;2022;Resumen;https://post.anid.cl/frontend.php/es/postulacion/descargar/hash/5e4580fd16301e12b7f76ac4307c54f4
1221449;Regular;2022;Resumen;https://post.anid.cl/frontend.php/es/postulacion/descargar/hash/ee2f31863440b7b0dd066b3be098b5e1
1221451;Regular;2022;Resumen;https://post.anid.cl/frontend.php/es/postulacion/descargar/hash/9b0dabb52d8ad7ada3df7787f7aa5235
1221453;Regular;2022;Resumen;https://post.anid.cl/frontend.php/es/postulacion/descargar/hash/55492fa9ef41d0fea308324914915f36
1221456;Regular;2022;Resumen;https://post.anid.cl/frontend.php/es/postulacion/descargar/hash/552464e777ec8d917b29f5e69ed54e76
1221460;Regular;2022;Resumen;https://post.anid.cl/frontend.php/es/postulacion/descargar/hash/8dd9b4a901a21fdcbcd6fb2477f8b59b
1221461;Regular;2022;Resumen;https://post.anid.cl/frontend.php/es/postulacion/descargar/hash/fb514c9a037251877090f1048252e82d
1221463;Regular;2022;Resumen;https://post.anid.cl/frontend.php/es/postulacion/descargar/hash/d73bd467c44a0c8bd0ad6a796163eea5
1221464;Regular;2022;Resumen;https://post.anid.cl/frontend.php/es/postulacion/descargar/hash/57bd7bda7f5fb27e65698358008834ee
1221467;Regular;2022;Resumen;https://post.anid.cl/frontend.php/es/postulacion/descargar/hash/569ff18d1a96c2f5e850ad3e1d2fcd89
1221469;Regular;2022;Resumen;https://post.anid.cl/frontend.php/es/postulacion/descargar/hash/8dd87342b44b236a0c5aa7ed0152afdf
1221474;Regular;2022;Resumen;https://post.anid.cl/frontend.php/es/postulacion/descargar/hash/5cbfe1027c6ad266af2f5176eccdd657
1221476;Regular;2022;Resumen;https://post.anid.cl/frontend.php/es/postulacion/descargar/hash/17bdefdc172219390c2505527238305d
1221477;Regular;2022;Resumen;https://post.anid.cl/frontend.php/es/postulacion/descargar/hash/9fc1e0010442779c8d388874cf7af351
1221490;Regular;2022;Resumen;https://post.anid.cl/frontend.php/es/postulacion/descargar/hash/e134a29be0e7b64e736bfb806800c14c
1221498;Regular;2022;Resumen;https://post.anid.cl/frontend.php/es/postulacion/descargar/hash/fa3a774ada6a5b154d143a1232314c88
1221499;Regular;2022;Resumen;https://post.anid.cl/frontend.php/es/postulacion/descargar/hash/4ad9c1c50d5793cfda9760685ccb32f0
1221503;Regular;2022;Resumen;https://post.anid.cl/frontend.php/es/postulacion/descargar/hash/5953c9c759b947346b546c8a936227eb
1221504;Regular;2022;Resumen;https://post.anid.cl/frontend.php/es/postulacion/descargar/hash/0d3afd2f7a7747131c16fef700e5885b
1221507;Regular;2022;Resumen;https://post.anid.cl/frontend.php/es/postulacion/descargar/hash/2b44573b28543adf3da56fa88e3e9a77
1221508;Regular;2022;Resumen;https://post.anid.cl/frontend.php/es/postulacion/descargar/hash/24b1307d0a4646dcf5c3be3b5ce39a68
1221510;Regular;2022;Resumen;https://post.anid.cl/frontend.php/es/postulacion/descargar/hash/b8450f002190c482c4032a2aa5898810
1221511;Regular;2022;Resumen;https://post.anid.cl/frontend.php/es/postulacion/descargar/hash/c80f37cf6457120acf8697db9f345bf8
1221512;Regular;2022;Resumen;https://post.anid.cl/frontend.php/es/postulacion/descargar/hash/123ecd715e8ff6e1e1ada653ffe0bfac
1221522;Regular;2022;Resumen;https://post.anid.cl/frontend.php/es/postulacion/descargar/hash/fbd2d4eeaeb289b4a3ca0036ffdac6f6
1221524;Regular;2022;Resumen;https://post.anid.cl/frontend.php/es/postulacion/descargar/hash/b7b454abb2e40699c276ff2cdaf5cfea
1221526;Regular;2022;Resumen;https://post.anid.cl/frontend.php/es/postulacion/descargar/hash/538d90768e7f17dc3511a9c7a7b7520f
1221528;Regular;2022;Resumen;https://post.anid.cl/frontend.php/es/postulacion/descargar/hash/a8bc5bbac923fc39266aae34c63bcd6f
1221531;Regular;2022;Resumen;https://post.anid.cl/frontend.php/es/postulacion/descargar/hash/f9c675d24c5d4cef1e8661b8ba6efd53
1221532;Regular;2022;Resumen;https://post.anid.cl/frontend.php/es/postulacion/descargar/hash/ea53680edd94b4f77eda596f6667f327
1221534;Regular;2022;Resumen;https://post.anid.cl/frontend.php/es/postulacion/descargar/hash/3d3fcd37a9aa6881427524a572f8df9e
1221535;Regular;2022;Resumen;https://post.anid.cl/frontend.php/es/postulacion/descargar/hash/dbb1cba32acfd1e7191e23594dc87e6f
1221536;Regular;2022;Resumen;https://post.anid.cl/frontend.php/es/postulacion/descargar/hash/807b1c84dfc710c614911d687d7c36ad
1221538;Regular;2022;Resumen;https://post.anid.cl/frontend.php/es/postulacion/descargar/hash/77242a448e0725a49c66be280d6ce20d
1221540;Regular;2022;Resumen;https://post.anid.cl/frontend.php/es/postulacion/descargar/hash/5843e1374294dffef7f55a5e5158952f
1221542;Regular;2022;Resumen;https://post.anid.cl/frontend.php/es/postulacion/descargar/hash/fd1d786813ee43e5419ea37e70aa59e7
1221545;Regular;2022;Resumen;https://post.anid.cl/frontend.php/es/postulacion/descargar/hash/4e259ce19541c31fba6eca371c3664cc
1221554;Regular;2022;Resumen;https://post.anid.cl/frontend.php/es/postulacion/descargar/hash/265800a34037e2d03070490fea9b199e
1221560;Regular;2022;Resumen;https://post.anid.cl/frontend.php/es/postulacion/descargar/hash/5fc5562a9f3c6675f2079f260f0f8d7f
1221562;Regular;2022;Resumen;https://post.anid.cl/frontend.php/es/postulacion/descargar/hash/c868bf6b635eac629400e368eb0841a8
1221571;Regular;2022;Resumen;https://post.anid.cl/frontend.php/es/postulacion/descargar/hash/aa3bf910e65a5e7d500544d1e8c4ce3b
1221581;Regular;2022;Resumen;https://post.anid.cl/frontend.php/es/postulacion/descargar/hash/f07faea8dee7551c80a4942cbe79c7ca
1221582;Regular;2022;Resumen;https://post.anid.cl/frontend.php/es/postulacion/descargar/hash/97d318ada23be19797786bdb827305c9
1221583;Regular;2022;Resumen;https://post.anid.cl/frontend.php/es/postulacion/descargar/hash/97b28d98c96bd4567d3caec65d8be412
1221585;Regular;2022;Resumen;https://post.anid.cl/frontend.php/es/postulacion/descargar/hash/8666c2cc3eb3f899f34666d4ab83c1b3
1221590;Regular;2022;Resumen;https://post.anid.cl/frontend.php/es/postulacion/descargar/hash/300c7e451b35b26eeff3c53017443cdd
1221593;Regular;2022;Resumen;https://post.anid.cl/frontend.php/es/postulacion/descargar/hash/905eaebd0f455f055d0b39f2a32f53b9
1221597;Regular;2022;Resumen;https://post.anid.cl/frontend.php/es/postulacion/descargar/hash/a682d70ca2c7c449480b500e7f3b569b
1221600;Regular;2022;Resumen;https://post.anid.cl/frontend.php/es/postulacion/descargar/hash/a526ae9691e7ee8a6b9948163568a096
1221604;Regular;2022;Resumen;https://post.anid.cl/frontend.php/es/postulacion/descargar/hash/74b6420cdb679e04b168dec564276026
1221609;Regular;2022;Resumen;https://post.anid.cl/frontend.php/es/postulacion/descargar/hash/655732ff312ee99fdb2e1049f9371d0c
1221610;Regular;2022;Resumen;https://post.anid.cl/frontend.php/es/postulacion/descargar/hash/49faf25aae79e6d9666c37eef62ae791
1221611;Regular;2022;Resumen;https://post.anid.cl/frontend.php/es/postulacion/descargar/hash/f392f42c9211840860b297261a83659a
1221612;Regular;2022;Resumen;https://post.anid.cl/frontend.php/es/postulacion/descargar/hash/66b17679532c1c8ea89fa4b8de97f92e
1221616;Regular;2022;Resumen;https://post.anid.cl/frontend.php/es/postulacion/descargar/hash/9ce6c90b4302ae8619b0f13879a8c23d
1221623;Regular;2022;Resumen;https://post.anid.cl/frontend.php/es/postulacion/descargar/hash/73b98ac484cb33cedde370715ff5ac1f
1221624;Regular;2022;Resumen;https://post.anid.cl/frontend.php/es/postulacion/descargar/hash/e2985cd7c3675eac2257db1a9133989e
1221625;Regular;2022;Resumen;https://post.anid.cl/frontend.php/es/postulacion/descargar/hash/d71f89ac7c1443b8d79c6adafeb4016e
1221631;Regular;2022;Resumen;https://post.anid.cl/frontend.php/es/postulacion/descargar/hash/b724a4300fc906c0fc24429d5f7d7ed8
1221633;Regular;2022;Resumen;https://post.anid.cl/frontend.php/es/postulacion/descargar/hash/be68789300d9bd7cd881585b1c54852b
1221634;Regular;2022;Resumen;https://post.anid.cl/frontend.php/es/postulacion/descargar/hash/1bda416a032f6af8cae845a378d35a9d
1221641;Regular;2022;Resumen;https://post.anid.cl/frontend.php/es/postulacion/descargar/hash/9298af98fc0489488549392a365ba2ee
1221643;Regular;2022;Resumen;https://post.anid.cl/frontend.php/es/postulacion/descargar/hash/0fd5abf525c172862821a622f9de64e9
1221644;Regular;2022;Resumen;https://post.anid.cl/frontend.php/es/postulacion/descargar/hash/725dbd65cf7f239cfc33a79a17690609
1221645;Regular;2022;Resumen;https://post.anid.cl/frontend.php/es/postulacion/descargar/hash/95cd89ebdb8b4a33ce4887913307c699
1221646;Regular;2022;Resumen;https://post.anid.cl/frontend.php/es/postulacion/descargar/hash/0a469a84488de4478e8a9ac1f5f8e697
1221662;Regular;2022;Resumen;https://post.anid.cl/frontend.php/es/postulacion/descargar/hash/528d7c1b16de2acaa166fcd48ad94658
1221664;Regular;2022;Resumen;https://post.anid.cl/frontend.php/es/postulacion/descargar/hash/628823ceeca736cb927ff8f6a206ce15
1221665;Regular;2022;Resumen;https://post.anid.cl/frontend.php/es/postulacion/descargar/hash/5b635fe6b6e3901eb4320265729bfb28
1221666;Regular;2022;Resumen;https://post.anid.cl/frontend.php/es/postulacion/descargar/hash/7b2627f8b85a3de27720773e3025e89f
1221667;Regular;2022;Resumen;https://post.anid.cl/frontend.php/es/postulacion/descargar/hash/7c8abdb2f85932e50ef7619542edaea3
1221676;Regular;2022;Resumen;https://post.anid.cl/frontend.php/es/postulacion/descargar/hash/863dee35816f34358c191d23c21199f8
1221680;Regular;2022;Resumen;https://post.anid.cl/frontend.php/es/postulacion/descargar/hash/8b658c84af6713d2d58b0270ce45f622
1221682;Regular;2022;Resumen;https://post.anid.cl/frontend.php/es/postulacion/descargar/hash/2a19a7013ec91ca9078a8ebac7225706
1221688;Regular;2022;Resumen;https://post.anid.cl/frontend.php/es/postulacion/descargar/hash/0f3b4643df7bb15704fd2399ddb22219
1221695;Regular;2022;Resumen;https://post.anid.cl/frontend.php/es/postulacion/descargar/hash/8364ffb52c596ddb1f1500f065712d6b
1221696;Regular;2022;Resumen;https://post.anid.cl/frontend.php/es/postulacion/descargar/hash/ff2ce9dea6fa0d7cbc039ac97270fbb0
1221697;Regular;2022;Resumen;https://post.anid.cl/frontend.php/es/postulacion/descargar/hash/d1c677000dc38235e7c5f43f9841d71b
1221698;Regular;2022;Resumen;https://post.anid.cl/frontend.php/es/postulacion/descargar/hash/bfec1fcb78d03639ff33d77c4320c521
1221699;Regular;2022;Resumen;https://post.anid.cl/frontend.php/es/postulacion/descargar/hash/8e69940f751e03939078e8d2516ae1f0
1221701;Regular;2022;Resumen;https://post.anid.cl/frontend.php/es/postulacion/descargar/hash/0c4d04a3fe29d5b2fcd763fc89238819
1221702;Regular;2022;Resumen;https://post.anid.cl/frontend.php/es/postulacion/descargar/hash/3fb6c9bfb0e163898168122c9ed57d2a
1221708;Regular;2022;Resumen;https://post.anid.cl/frontend.php/es/postulacion/descargar/hash/9c0064187026a0d7388da94956ab646e
1221711;Regular;2022;Resumen;https://post.anid.cl/frontend.php/es/postulacion/descargar/hash/395dcabbbc21db38f695436f2ad367f1
1221716;Regular;2022;Resumen;https://post.anid.cl/frontend.php/es/postulacion/descargar/hash/59a0878fc564a83c9d0295516a50becb
1221718;Regular;2022;Resumen;https://post.anid.cl/frontend.php/es/postulacion/descargar/hash/e695be7af91104dfbb36e59e182cff2f
1221724;Regular;2022;Resumen;https://post.anid.cl/frontend.php/es/postulacion/descargar/hash/567ebf1dd2596f63e57bef0f02383f06
1221725;Regular;2022;Resumen;https://post.anid.cl/frontend.php/es/postulacion/descargar/hash/b739f7a514c623c0473641b9abce0358
1221727;Regular;2022;Resumen;https://post.anid.cl/frontend.php/es/postulacion/descargar/hash/c3c294b06a7700d43f5c57dd70f9e3f9
1221730;Regular;2022;Resumen;https://post.anid.cl/frontend.php/es/postulacion/descargar/hash/6608b7bb0569ec1c59219ae35df029e3
1221731;Regular;2022;Resumen;https://post.anid.cl/frontend.php/es/postulacion/descargar/hash/a69df5aa5b19f91f511bcd1d8d73f292
1221741;Regular;2022;Resumen;https://post.anid.cl/frontend.php/es/postulacion/descargar/hash/141834c5aba08575c4a25bdda5273fd0
1221745;Regular;2022;Resumen;https://post.anid.cl/frontend.php/es/postulacion/descargar/hash/d12feb3326579307ae53e016063ea104
1221747;Regular;2022;Resumen;https://post.anid.cl/frontend.php/es/postulacion/descargar/hash/396b8c040130eddb51d4426d94ccb468
1221754;Regular;2022;Resumen;https://post.anid.cl/frontend.php/es/postulacion/descargar/hash/f7a1c683bea9e584fab74c50991800ac
1221758;Regular;2022;Resumen;https://post.anid.cl/frontend.php/es/postulacion/descargar/hash/9f28c1119ba5a2bbf2ead112bde7226d
1221763;Regular;2022;Resumen;https://post.anid.cl/frontend.php/es/postulacion/descargar/hash/302fa37dfdbdd1c26a884ddc883145fe
1221764;Regular;2022;Resumen;https://post.anid.cl/frontend.php/es/postulacion/descargar/hash/cb2a21ea112ea8d9a004bbc60b02c2ff
1221770;Regular;2022;Resumen;https://post.anid.cl/frontend.php/es/postulacion/descargar/hash/d806a10ea3fdbee2975f67e28ee322e6
1221784;Regular;2022;Resumen;https://post.anid.cl/frontend.php/es/postulacion/descargar/hash/6e84e34424353b434c1ab6f2be7f9fd5
1221785;Regular;2022;Resumen;https://post.anid.cl/frontend.php/es/postulacion/descargar/hash/2d31dbe71b1ff00c533818528922e97e
1221789;Regular;2022;Resumen;https://post.anid.cl/frontend.php/es/postulacion/descargar/hash/1ec64369477ba9b037b76f2fd239828b
1221792;Regular;2022;Resumen;https://post.anid.cl/frontend.php/es/postulacion/descargar/hash/5b6880b02a5da9102668ed1e50bb8248
1221793;Regular;2022;Resumen;https://post.anid.cl/frontend.php/es/postulacion/descargar/hash/84308c48c993f02a2f41523957a9b051
1221796;Regular;2022;Resumen;https://post.anid.cl/frontend.php/es/postulacion/descargar/hash/4122623977b6ffe046ed3ada46e1d352
1221798;Regular;2022;Resumen;https://post.anid.cl/frontend.php/es/postulacion/descargar/hash/6be34542c67aa14fafa38cf2e57d318e
1221799;Regular;2022;Resumen;https://post.anid.cl/frontend.php/es/postulacion/descargar/hash/eda0455f4aa5febb72cf15bfef62fb4a
1221802;Regular;2022;Resumen;https://post.anid.cl/frontend.php/es/postulacion/descargar/hash/f319d8f47d048ad33605cae9a20f3c88
1221803;Regular;2022;Resumen;https://post.anid.cl/frontend.php/es/postulacion/descargar/hash/47f1d89eff23afb71ca12cece931bef0
1221805;Regular;2022;Resumen;https://post.anid.cl/frontend.php/es/postulacion/descargar/hash/ccc9cfac26efbb4943e5b3dc600d6a8d
1221811;Regular;2022;Resumen;https://post.anid.cl/frontend.php/es/postulacion/descargar/hash/0af26ce64fdd789e59257ffcfc1ef9dc
1221812;Regular;2022;Resumen;https://post.anid.cl/frontend.php/es/postulacion/descargar/hash/d11d8cd1b8a15e1cba16a1b917bbbff0
1221815;Regular;2022;Resumen;https://post.anid.cl/frontend.php/es/postulacion/descargar/hash/680df4526acbb40cf264be243b96b5bc
1221816;Regular;2022;Resumen;https://post.anid.cl/frontend.php/es/postulacion/descargar/hash/468ed6a6a994167590e8ebc6a7a87bf0
1221818;Regular;2022;Resumen;https://post.anid.cl/frontend.php/es/postulacion/descargar/hash/1c5706e90919e9a2ffaa29409e7146c9
1221824;Regular;2022;Resumen;https://post.anid.cl/frontend.php/es/postulacion/descargar/hash/774ff30d9fc9ce7c84210c35376572fc
1221825;Regular;2022;Resumen;https://post.anid.cl/frontend.php/es/postulacion/descargar/hash/5eb5bddbb2d103057c7987687f6c1dd9
1221827;Regular;2022;Resumen;https://post.anid.cl/frontend.php/es/postulacion/descargar/hash/51607fb74d7a361a582d73419e616cee
1221829;Regular;2022;Resumen;https://post.anid.cl/frontend.php/es/postulacion/descargar/hash/8b1eb15420d610ae2e7b3c170a3911fa
1221832;Regular;2022;Resumen;https://post.anid.cl/frontend.php/es/postulacion/descargar/hash/31bd6aa9504fe600c82b556ff44de19d
1221837;Regular;2022;Resumen;https://post.anid.cl/frontend.php/es/postulacion/descargar/hash/83ee17b9242c22f47f42c22c4afaec3b
1221840;Regular;2022;Resumen;https://post.anid.cl/frontend.php/es/postulacion/descargar/hash/000b60187e705f57a45ca31abf3e2352
1221843;Regular;2022;Resumen;https://post.anid.cl/frontend.php/es/postulacion/descargar/hash/01564a3d671cdbb00e476a296f7ec0c7
1221846;Regular;2022;Resumen;https://post.anid.cl/frontend.php/es/postulacion/descargar/hash/a7644ca1eb026eee668fd2eafc6d8848
1221848;Regular;2022;Resumen;https://post.anid.cl/frontend.php/es/postulacion/descargar/hash/05d9e93f0e28c255ae1f97361ad7bc20
1221855;Regular;2022;Resumen;https://post.anid.cl/frontend.php/es/postulacion/descargar/hash/e90e759ec9ba8349a4398c08a24ec683
1221864;Regular;2022;Resumen;https://post.anid.cl/frontend.php/es/postulacion/descargar/hash/16947cd4e22ff4ecf246cf02a1770a34
1221872;Regular;2022;Resumen;https://post.anid.cl/frontend.php/es/postulacion/descargar/hash/a53850456913fff4661d818de22f96d7
1221874;Regular;2022;Resumen;https://post.anid.cl/frontend.php/es/postulacion/descargar/hash/51f835359461061c5ceb4318e41a96ba
1221878;Regular;2022;Resumen;https://post.anid.cl/frontend.php/es/postulacion/descargar/hash/ee6f08707955e4059944b971e123bbcd
1221879;Regular;2022;Resumen;https://post.anid.cl/frontend.php/es/postulacion/descargar/hash/c04e8670ca722820ab7e89003fec4f0f
1221883;Regular;2022;Resumen;https://post.anid.cl/frontend.php/es/postulacion/descargar/hash/dbf308137dc2f59939a4c3711c0e2ea6
1221889;Regular;2022;Resumen;https://post.anid.cl/frontend.php/es/postulacion/descargar/hash/428febbc1828c462ef36ef57cc859814
1221892;Regular;2022;Resumen;https://post.anid.cl/frontend.php/es/postulacion/descargar/hash/6f1dd6a758bcd8c466292c06b584972a
1221894;Regular;2022;Resumen;https://post.anid.cl/frontend.php/es/postulacion/descargar/hash/ff26ee3895b4e97ac24405eb65eb7f28
1221898;Regular;2022;Resumen;https://post.anid.cl/frontend.php/es/postulacion/descargar/hash/9f88eba6ea956bde0fffcbd19fbd9d99
1221904;Regular;2022;Resumen;https://post.anid.cl/frontend.php/es/postulacion/descargar/hash/32016f55719c8be405c1f6f20cef74cb
1221905;Regular;2022;Resumen;https://post.anid.cl/frontend.php/es/postulacion/descargar/hash/0197848472718f50fcb16714cc78d388
1221913;Regular;2022;Resumen;https://post.anid.cl/frontend.php/es/postulacion/descargar/hash/4a8964b6293f7bb258db7169e12f15ac
1221920;Regular;2022;Resumen;https://post.anid.cl/frontend.php/es/postulacion/descargar/hash/1d7a5f2f0cd9676f828d035fc146bb89
1221926;Regular;2022;Resumen;https://post.anid.cl/frontend.php/es/postulacion/descargar/hash/2c6f72ebfdbca37349f10053c3537c7f
1221928;Regular;2022;Resumen;https://post.anid.cl/frontend.php/es/postulacion/descargar/hash/9000f52bb7769194c75284f602d326b8
1221929;Regular;2022;Resumen;https://post.anid.cl/frontend.php/es/postulacion/descargar/hash/e890bc2903c4c6027563485274f561c1
1221931;Regular;2022;Resumen;https://post.anid.cl/frontend.php/es/postulacion/descargar/hash/794d6268da2e4bc4ae552499663f6e0b
1221934;Regular;2022;Resumen;https://post.anid.cl/frontend.php/es/postulacion/descargar/hash/e1fd98eb30ea6484b1e8ce3780289c03
1221936;Regular;2022;Resumen;https://post.anid.cl/frontend.php/es/postulacion/descargar/hash/f727bacb5296110d0b6f6276553b58b9
1221938;Regular;2022;Resumen;https://post.anid.cl/frontend.php/es/postulacion/descargar/hash/2d87dbd7511c6f94905dfaf228847766
1221940;Regular;2022;Resumen;https://post.anid.cl/frontend.php/es/postulacion/descargar/hash/07221d8fc38a815bc74bff4432b09b7f
1221942;Regular;2022;Resumen;https://post.anid.cl/frontend.php/es/postulacion/descargar/hash/0a744239629ea8c5af1f4eac06717bd8
1221951;Regular;2022;Resumen;https://post.anid.cl/frontend.php/es/postulacion/descargar/hash/da792a210da31f4795fc792da3a3b70c
1221952;Regular;2022;Resumen;https://post.anid.cl/frontend.php/es/postulacion/descargar/hash/2103f28ed8714a572f8c51ed044b58f2
1230001;Regular;2023;Resumen;https://post.anid.cl/frontend.php/es/postulacion/descargar/hash/068de7fa4b55156885b06f328bc9a98c
1230002;Regular;2023;Resumen;https://post.anid.cl/frontend.php/es/postulacion/descargar/hash/5d8f7ea66678aea4ec5d40ade2b69997
1230004;Regular;2023;Resumen;https://post.anid.cl/frontend.php/es/postulacion/descargar/hash/80e37a52a4e9b4abae9f10d826999cf2
1230008;Regular;2023;Resumen;https://post.anid.cl/frontend.php/es/postulacion/descargar/hash/2c6340e17e99eba04f39ff14fa67a15f
1230012;Regular;2023;Resumen;https://post.anid.cl/frontend.php/es/postulacion/descargar/hash/23a4a220a2dbf035148d6ae76f79ff11
1230013;Regular;2023;Resumen;https://post.anid.cl/frontend.php/es/postulacion/descargar/hash/83c4203e96f14795396d635ce6e1aa6a
1230017;Regular;2023;Resumen;https://post.anid.cl/frontend.php/es/postulacion/descargar/hash/968efd152103c95983cb7cec94f4d0f1
1230018;Regular;2023;Resumen;https://post.anid.cl/frontend.php/es/postulacion/descargar/hash/b724df336e045f31066e92bd14374d82
1230019;Regular;2023;Resumen;https://post.anid.cl/frontend.php/es/postulacion/descargar/hash/b848f4cb6328c7c0dba6c6071bfae942
1230020;Regular;2023;Resumen;https://post.anid.cl/frontend.php/es/postulacion/descargar/hash/79e0afba01b0b3a59868af5470b268eb
1230021;Regular;2023;Resumen;https://post.anid.cl/frontend.php/es/postulacion/descargar/hash/4fe1d5479bde31afd4f83b84b7518f7c
1230022;Regular;2023;Resumen;https://post.anid.cl/frontend.php/es/postulacion/descargar/hash/63c7df6aef0e937ac34e54ee6f8c37c2
1230027;Regular;2023;Resumen;https://post.anid.cl/frontend.php/es/postulacion/descargar/hash/7581c1bb77dd9d34ddfe56aee93d39db
1230032;Regular;2023;Resumen;https://post.anid.cl/frontend.php/es/postulacion/descargar/hash/d314cc8821dce03b1280e1013c08849c
1230034;Regular;2023;Resumen;https://post.anid.cl/frontend.php/es/postulacion/descargar/hash/4cca438969b003a695560626387bdc19
1230035;Regular;2023;Resumen;https://post.anid.cl/frontend.php/es/postulacion/descargar/hash/66b487adb450a8074817561722e96d40
1230036;Regular;2023;Resumen;https://post.anid.cl/frontend.php/es/postulacion/descargar/hash/50352200572655e401b5180cbea8684a
1230038;Regular;2023;Resumen;https://post.anid.cl/frontend.php/es/postulacion/descargar/hash/94f4977105789524aa5b35bd1ee14a3d
1230041;Regular;2023;Resumen;https://post.anid.cl/frontend.php/es/postulacion/descargar/hash/c32938df1a3a7be8cfdc38a8d304a6c0
1230049;Regular;2023;Resumen;https://post.anid.cl/frontend.php/es/postulacion/descargar/hash/f707681cd9635b54d395724f8b397590
1230050;Regular;2023;Resumen;https://post.anid.cl/frontend.php/es/postulacion/descargar/hash/c59dad0590a604a633be5ffc2af6e896
1230052;Regular;2023;Resumen;https://post.anid.cl/frontend.php/es/postulacion/descargar/hash/b6be99b74bfa54198d9d8f5a9458324a
1230054;Regular;2023;Resumen;https://post.anid.cl/frontend.php/es/postulacion/descargar/hash/06231b2c42cf971fad32e720cfb7af16
1230055;Regular;2023;Resumen;https://post.anid.cl/frontend.php/es/postulacion/descargar/hash/675abb7df9a692050652eb89d261c910
1230056;Regular;2023;Resumen;https://post.anid.cl/frontend.php/es/postulacion/descargar/hash/a02caceaa338e9b3d09ec8112e76f640
1230060;Regular;2023;Resumen;https://post.anid.cl/frontend.php/es/postulacion/descargar/hash/b96b52baa374c8e168e37d96a60e51a6
1230065;Regular;2023;Resumen;https://post.anid.cl/frontend.php/es/postulacion/descargar/hash/4597e92ac83bade905d23775a93846fc
1230067;Regular;2023;Resumen;https://post.anid.cl/frontend.php/es/postulacion/descargar/hash/6d2bd48ed001d829581a6f2a2517d9ac
1230068;Regular;2023;Resumen;https://post.anid.cl/frontend.php/es/postulacion/descargar/hash/579f683624e140ff0969189396117c07
1230072;Regular;2023;Resumen;https://post.anid.cl/frontend.php/es/postulacion/descargar/hash/123beef5e475c89853cfcf3a5fd41994
1230073;Regular;2023;Resumen;https://post.anid.cl/frontend.php/es/postulacion/descargar/hash/26ee1d36df1c8591213a1d0f27d7b4fe
1230075;Regular;2023;Resumen;https://post.anid.cl/frontend.php/es/postulacion/descargar/hash/ca6332fa4d88f7dc023b24bef88e73e7
1230077;Regular;2023;Resumen;https://post.anid.cl/frontend.php/es/postulacion/descargar/hash/da7d78cf3671b9ab541d5e657b3ad4d1
1230079;Regular;2023;Resumen;https://post.anid.cl/frontend.php/es/postulacion/descargar/hash/5e0527cf306e5a55ef7544133b68fdfd
1230080;Regular;2023;Resumen;https://post.anid.cl/frontend.php/es/postulacion/descargar/hash/c4d983350c65faa5d00330cda823acfc
1230081;Regular;2023;Resumen;https://post.anid.cl/frontend.php/es/postulacion/descargar/hash/315e13f8563ec8b696d834cbc48ab0bb
1230082;Regular;2023;Resumen;https://post.anid.cl/frontend.php/es/postulacion/descargar/hash/fffa6008467b83372c4f080e46e32e28
1230083;Regular;2023;Resumen;https://post.anid.cl/frontend.php/es/postulacion/descargar/hash/24a098ffec862f8cb52e9cc0986af8c2
1230084;Regular;2023;Resumen;https://post.anid.cl/frontend.php/es/postulacion/descargar/hash/bfc1fa01ff21f862c8acfbfdbd291544
1230087;Regular;2023;Resumen;https://post.anid.cl/frontend.php/es/postulacion/descargar/hash/4e8fc6c5a80066419c534a641a479800
1230089;Regular;2023;Resumen;https://post.anid.cl/frontend.php/es/postulacion/descargar/hash/8fe4cf5e4d002b20478e9226917cf244
1230090;Regular;2023;Resumen;https://post.anid.cl/frontend.php/es/postulacion/descargar/hash/751a403ea19ba5593c4bb4f7c0bd8a36
1230091;Regular;2023;Resumen;https://post.anid.cl/frontend.php/es/postulacion/descargar/hash/705376e2a822c98bbeb06d5686d5f3a2
1230094;Regular;2023;Resumen;https://post.anid.cl/frontend.php/es/postulacion/descargar/hash/9bd36135103eab7d6c020efafa67464a
1230100;Regular;2023;Resumen;https://post.anid.cl/frontend.php/es/postulacion/descargar/hash/14a9f20f50e6b10b9c95597a1587a8ec
1230101;Regular;2023;Resumen;https://post.anid.cl/frontend.php/es/postulacion/descargar/hash/2e4f849eb25431764834d53ce30a3ebc
1230102;Regular;2023;Resumen;https://post.anid.cl/frontend.php/es/postulacion/descargar/hash/7dbce61d41acb52926767a5e260acb13
1230110;Regular;2023;Resumen;https://post.anid.cl/frontend.php/es/postulacion/descargar/hash/f41518091d803627bae4c34d3bbbbb07
1230112;Regular;2023;Resumen;https://post.anid.cl/frontend.php/es/postulacion/descargar/hash/7312484fa8300f817e93b3a4295e36ed
1230115;Regular;2023;Resumen;https://post.anid.cl/frontend.php/es/postulacion/descargar/hash/54d0a8981dd551ea21f83f3f7bbd6651
1230124;Regular;2023;Resumen;https://post.anid.cl/frontend.php/es/postulacion/descargar/hash/b1c9142804b5957c5b169c0df4e359e2
1230125;Regular;2023;Resumen;https://post.anid.cl/frontend.php/es/postulacion/descargar/hash/4d187db468cfb3fb2bdc961de85f8757
1230127;Regular;2023;Resumen;https://post.anid.cl/frontend.php/es/postulacion/descargar/hash/f915c26c74c40f7f7176c1970b24ac8f
1230128;Regular;2023;Resumen;https://post.anid.cl/frontend.php/es/postulacion/descargar/hash/c020bce1e4cb85e660ddd3d000e2ab06
1230131;Regular;2023;Resumen;https://post.anid.cl/frontend.php/es/postulacion/descargar/hash/d0dcc35c36bc2588e7961b1c2cd5a6ba
1230135;Regular;2023;Resumen;https://post.anid.cl/frontend.php/es/postulacion/descargar/hash/9b54ba5fec8b5f689c3a25a5dd239fb4
1230138;Regular;2023;Resumen;https://post.anid.cl/frontend.php/es/postulacion/descargar/hash/8e9d4082c591a83dea768489a8bc1220
1230145;Regular;2023;Resumen;https://post.anid.cl/frontend.php/es/postulacion/descargar/hash/1c37151fdf04fc59eee4fff537bdf334
1230149;Regular;2023;Resumen;https://post.anid.cl/frontend.php/es/postulacion/descargar/hash/85f755aed3c1932b8e14231a7b6448a0
1230152;Regular;2023;Resumen;https://post.anid.cl/frontend.php/es/postulacion/descargar/hash/c5ab9deb82471798e8e8eb0f881f244f
1230156;Regular;2023;Resumen;https://post.anid.cl/frontend.php/es/postulacion/descargar/hash/0ccd519df4bc90db27f2df61277f93fd
1230158;Regular;2023;Resumen;https://post.anid.cl/frontend.php/es/postulacion/descargar/hash/fc28eac28ba82024a4929929397410d7
1230159;Regular;2023;Resumen;https://post.anid.cl/frontend.php/es/postulacion/descargar/hash/b409eed0f204089e16ec4c707d79b4eb
1230160;Regular;2023;Resumen;https://post.anid.cl/frontend.php/es/postulacion/descargar/hash/5fd7bbe7e5463f63eeb9028194fd1f43
1230161;Regular;2023;Resumen;https://post.anid.cl/frontend.php/es/postulacion/descargar/hash/65520695638e99fb970ded896de9e4dd
1230163;Regular;2023;Resumen;https://post.anid.cl/frontend.php/es/postulacion/descargar/hash/b11cbafb10b5a5fa67b3604f55ae1883
1230164;Regular;2023;Resumen;https://post.anid.cl/frontend.php/es/postulacion/descargar/hash/c504353557fce9587a7a3149633758f0
1230166;Regular;2023;Resumen;https://post.anid.cl/frontend.php/es/postulacion/descargar/hash/d526b0f5f6c2b0b7dfa3845f6beb0d79
1230170;Regular;2023;Resumen;https://post.anid.cl/frontend.php/es/postulacion/descargar/hash/5da2f7212fe2286cc0de6d21b719fb6f
1230176;Regular;2023;Resumen;https://post.anid.cl/frontend.php/es/postulacion/descargar/hash/abbff1b4a05a6422585b603e5f4b68d8
1230179;Regular;2023;Resumen;https://post.anid.cl/frontend.php/es/postulacion/descargar/hash/28f35700c333cf3bc6bae66422822ebf
1230183;Regular;2023;Resumen;https://post.anid.cl/frontend.php/es/postulacion/descargar/hash/880529d7a9bc9e883caa04607ca2e678
1230187;Regular;2023;Resumen;https://post.anid.cl/frontend.php/es/postulacion/descargar/hash/2a8a72c33abc49731ffcafa9da71194f
1230194;Regular;2023;Resumen;https://post.anid.cl/frontend.php/es/postulacion/descargar/hash/f67cd66614525379df02db4573776174
1230195;Regular;2023;Resumen;https://post.anid.cl/frontend.php/es/postulacion/descargar/hash/b97d2d365f19e68062dd09a7d47d23a3
1230199;Regular;2023;Resumen;https://post.anid.cl/frontend.php/es/postulacion/descargar/hash/d8d43ce8a7ab06c2d81ffdc98a3e3e7a
1230206;Regular;2023;Resumen;https://post.anid.cl/frontend.php/es/postulacion/descargar/hash/43f174ac16bca0db5e6d84e15a51ccf4
1230210;Regular;2023;Resumen;https://post.anid.cl/frontend.php/es/postulacion/descargar/hash/1909a49204cc248111956b88635cec4e
1230212;Regular;2023;Resumen;https://post.anid.cl/frontend.php/es/postulacion/descargar/hash/229c16fba751218cefe188ee3a501625
1230216;Regular;2023;Resumen;https://post.anid.cl/frontend.php/es/postulacion/descargar/hash/e6594909416effcd939924e9423d8f9b
1230217;Regular;2023;Resumen;https://post.anid.cl/frontend.php/es/postulacion/descargar/hash/5fb2852106f2ba2ceea04d8b2e5bb8d1
1230221;Regular;2023;Resumen;https://post.anid.cl/frontend.php/es/postulacion/descargar/hash/75f51070e775248d0f1ef205b2f95bff
1230222;Regular;2023;Resumen;https://post.anid.cl/frontend.php/es/postulacion/descargar/hash/b15b20b73984f483f69a43ed29d34086
1230223;Regular;2023;Resumen;https://post.anid.cl/frontend.php/es/postulacion/descargar/hash/1cf5521ecaa7c75abf3b4e962825821c
1230224;Regular;2023;Resumen;https://post.anid.cl/frontend.php/es/postulacion/descargar/hash/ef65deb7f5ddbfcc7413774fd38ef43b
1230226;Regular;2023;Resumen;https://post.anid.cl/frontend.php/es/postulacion/descargar/hash/a9cd8dafff138164b6b523f17fec9639
1230231;Regular;2023;Resumen;https://post.anid.cl/frontend.php/es/postulacion/descargar/hash/5a487740d43d45508be8598820178a62
1230236;Regular;2023;Resumen;https://post.anid.cl/frontend.php/es/postulacion/descargar/hash/16cd5975bcdc3e222f65c00a33cf7f25
1230239;Regular;2023;Resumen;https://post.anid.cl/frontend.php/es/postulacion/descargar/hash/1b91c657f6b8778b0d2d8f4aa0f25150
1230241;Regular;2023;Resumen;https://post.anid.cl/frontend.php/es/postulacion/descargar/hash/a49467292b66c461e2a67f23097eedd7
1230246;Regular;2023;Resumen;https://post.anid.cl/frontend.php/es/postulacion/descargar/hash/3162110bce4ea84c298b27a57d1c27cf
1230247;Regular;2023;Resumen;https://post.anid.cl/frontend.php/es/postulacion/descargar/hash/38737c872112e0a1ca443fb6abfea3e7
1230250;Regular;2023;Resumen;https://post.anid.cl/frontend.php/es/postulacion/descargar/hash/9e9b3eba3561ee71f26dce9b59ad4c2e
1230255;Regular;2023;Resumen;https://post.anid.cl/frontend.php/es/postulacion/descargar/hash/6908680125386495f49ba3bfa43d5322
1230257;Regular;2023;Resumen;https://post.anid.cl/frontend.php/es/postulacion/descargar/hash/1e83543aa8164a75d5dab86f3894ee3c
1230258;Regular;2023;Resumen;https://post.anid.cl/frontend.php/es/postulacion/descargar/hash/64cd9fbdd8c74a81fc27f0f8994f4aa6
1230262;Regular;2023;Resumen;https://post.anid.cl/frontend.php/es/postulacion/descargar/hash/a423435e0fc8127973e86a3e42770a3a
1230265;Regular;2023;Resumen;https://post.anid.cl/frontend.php/es/postulacion/descargar/hash/ad066a5fac12693aec3f629582c7f2f3
1230266;Regular;2023;Resumen;https://post.anid.cl/frontend.php/es/postulacion/descargar/hash/eb1fd9f0991b1c0c884384b53c88f425
1230274;Regular;2023;Resumen;https://post.anid.cl/frontend.php/es/postulacion/descargar/hash/03fee2b0e584925f74b37027d8705f01
1230282;Regular;2023;Resumen;https://post.anid.cl/frontend.php/es/postulacion/descargar/hash/3e31e8adaff0a431a2958b36c04de421
1230285;Regular;2023;Resumen;https://post.anid.cl/frontend.php/es/postulacion/descargar/hash/39b4f2d857908fb7ccd16cee0cc24afd
1230286;Regular;2023;Resumen;https://post.anid.cl/frontend.php/es/postulacion/descargar/hash/2f1fd7e1f944014394528bce9b915d77
1230287;Regular;2023;Resumen;https://post.anid.cl/frontend.php/es/postulacion/descargar/hash/72dedd006dad27266b0e78478c5f8cb3
1230291;Regular;2023;Resumen;https://post.anid.cl/frontend.php/es/postulacion/descargar/hash/fec7544bb386949f5db1056571ae136b
1230292;Regular;2023;Resumen;https://post.anid.cl/frontend.php/es/postulacion/descargar/hash/5476327ccfda64fc5ef5c0983f5207cf
1230293;Regular;2023;Resumen;https://post.anid.cl/frontend.php/es/postulacion/descargar/hash/d06a7154a6573a908955c5f8f8472547
1230296;Regular;2023;Resumen;https://post.anid.cl/frontend.php/es/postulacion/descargar/hash/120773d8e48d39bdea1157d8bc9b2c71
1230298;Regular;2023;Resumen;https://post.anid.cl/frontend.php/es/postulacion/descargar/hash/2015070f2849c7121ba8a2d3bc7c076e
1230300;Regular;2023;Resumen;https://post.anid.cl/frontend.php/es/postulacion/descargar/hash/ae904c12ab4b44fab17a5946f7abc447
1230303;Regular;2023;Resumen;https://post.anid.cl/frontend.php/es/postulacion/descargar/hash/e2aa2df9af07d7a63dd52a3ce15a2564
1230306;Regular;2023;Resumen;https://post.anid.cl/frontend.php/es/postulacion/descargar/hash/cd759f06a2d76b1e0d50317e0e753f01
1230307;Regular;2023;Resumen;https://post.anid.cl/frontend.php/es/postulacion/descargar/hash/31a103be06c9b96e0b0bcda3a3aefc48
1230311;Regular;2023;Resumen;https://post.anid.cl/frontend.php/es/postulacion/descargar/hash/115a7ee72d26a07a4e975349a3d33e1d
1230312;Regular;2023;Resumen;https://post.anid.cl/frontend.php/es/postulacion/descargar/hash/6bc9035994889e64d59d37a43cd81d16
1230313;Regular;2023;Resumen;https://post.anid.cl/frontend.php/es/postulacion/descargar/hash/b80b60b9581fddd4df2ca5ef8ccfea0c
1230314;Regular;2023;Resumen;https://post.anid.cl/frontend.php/es/postulacion/descargar/hash/b17fcdd3c1a3bddf322bb98162313e84
1230315;Regular;2023;Resumen;https://post.anid.cl/frontend.php/es/postulacion/descargar/hash/015c4d59a4414a784eba75dfeb815e62
1230317;Regular;2023;Resumen;https://post.anid.cl/frontend.php/es/postulacion/descargar/hash/95aecc14e500555d7ceb2d3d33041220
1230331;Regular;2023;Resumen;https://post.anid.cl/frontend.php/es/postulacion/descargar/hash/f0e49b2616a4c4a7757780efd9ef6e90
1230334;Regular;2023;Resumen;https://post.anid.cl/frontend.php/es/postulacion/descargar/hash/c46bf5703e7bbabb378a99ddb09f2d67
1230337;Regular;2023;Resumen;https://post.anid.cl/frontend.php/es/postulacion/descargar/hash/b5bfdbd3a883ba1630610486071ee517
1230338;Regular;2023;Resumen;https://post.anid.cl/frontend.php/es/postulacion/descargar/hash/5d0b3ff17d4a92291e3350db9660d8ea
1230345;Regular;2023;Resumen;https://post.anid.cl/frontend.php/es/postulacion/descargar/hash/477ec488492ebf7ba6713f02aa03d700
1230350;Regular;2023;Resumen;https://post.anid.cl/frontend.php/es/postulacion/descargar/hash/549c77275f25294d71621e3fc9647865
1230358;Regular;2023;Resumen;https://post.anid.cl/frontend.php/es/postulacion/descargar/hash/78c71fd69cdd66c96eab4463db219963
1230361;Regular;2023;Resumen;https://post.anid.cl/frontend.php/es/postulacion/descargar/hash/b53234b02f5732e3d28cd68a6224ecbe
1230363;Regular;2023;Resumen;https://post.anid.cl/frontend.php/es/postulacion/descargar/hash/ed94c8970fec8c2c9bba907f472d247d
1230364;Regular;2023;Resumen;https://post.anid.cl/frontend.php/es/postulacion/descargar/hash/060ddf004fc517374718a97e90229e6d
1230365;Regular;2023;Resumen;https://post.anid.cl/frontend.php/es/postulacion/descargar/hash/2b56a62eb9f02f2c81b6b5dc435290b0
1230368;Regular;2023;Resumen;https://post.anid.cl/frontend.php/es/postulacion/descargar/hash/1a34f1e7cfdc8da0bf024396158103a2
1230373;Regular;2023;Resumen;https://post.anid.cl/frontend.php/es/postulacion/descargar/hash/b55eeec254f16c228af97b94f68f37da
1230378;Regular;2023;Resumen;https://post.anid.cl/frontend.php/es/postulacion/descargar/hash/142825b7debdc3ac01384a1fa5e78e2e
1230380;Regular;2023;Resumen;https://post.anid.cl/frontend.php/es/postulacion/descargar/hash/fd7524eb0d27dbf9467f84d427589c7c
1230383;Regular;2023;Resumen;https://post.anid.cl/frontend.php/es/postulacion/descargar/hash/34c7e82f6f5c6b50e4231cb111c54118
1230386;Regular;2023;Resumen;https://post.anid.cl/frontend.php/es/postulacion/descargar/hash/238e90804e2ada453f7b451b6d24065a
1230390;Regular;2023;Resumen;https://post.anid.cl/frontend.php/es/postulacion/descargar/hash/76894c9ffc173232a0abda5b30097325
1230391;Regular;2023;Resumen;https://post.anid.cl/frontend.php/es/postulacion/descargar/hash/84f677ccac0063337164adfc223f812a
1230397;Regular;2023;Resumen;https://post.anid.cl/frontend.php/es/postulacion/descargar/hash/abdcf05da76400bcd3370ac1a1d9f9d3
1230399;Regular;2023;Resumen;https://post.anid.cl/frontend.php/es/postulacion/descargar/hash/66fd31db8ff8cda78540410d6f60e5e9
1230402;Regular;2023;Resumen;https://post.anid.cl/frontend.php/es/postulacion/descargar/hash/8c8ba610f2e54276197a8cde5fce95db
1230406;Regular;2023;Resumen;https://post.anid.cl/frontend.php/es/postulacion/descargar/hash/86fe295eeb6077d810a69cfa3cc963a3
1230410;Regular;2023;Resumen;https://post.anid.cl/frontend.php/es/postulacion/descargar/hash/66d9fa90d3c27955754e22f5979aa04e
1230412;Regular;2023;Resumen;https://post.anid.cl/frontend.php/es/postulacion/descargar/hash/3f88caaf5f6e65e37ec11783dc7fc2e1
1230413;Regular;2023;Resumen;https://post.anid.cl/frontend.php/es/postulacion/descargar/hash/344085794f306d955850ef1f0173affb
1230414;Regular;2023;Resumen;https://post.anid.cl/frontend.php/es/postulacion/descargar/hash/42aadcd4a05e9830ee67a69467b1d2a5
1230416;Regular;2023;Resumen;https://post.anid.cl/frontend.php/es/postulacion/descargar/hash/2d5d3472c7bfc3a5216cbf2099f3db7a
1230420;Regular;2023;Resumen;https://post.anid.cl/frontend.php/es/postulacion/descargar/hash/02d092eaebe0916f3191d472dff56951
1230421;Regular;2023;Resumen;https://post.anid.cl/frontend.php/es/postulacion/descargar/hash/79171a829da4beee7f4f59a8fa962fa0
1230422;Regular;2023;Resumen;https://post.anid.cl/frontend.php/es/postulacion/descargar/hash/e979b99239560b422871adedf4d21478
1230425;Regular;2023;Resumen;https://post.anid.cl/frontend.php/es/postulacion/descargar/hash/3a060d79ac51ba6f197ed901a2701f13
1230426;Regular;2023;Resumen;https://post.anid.cl/frontend.php/es/postulacion/descargar/hash/0071b9ec619dfca6ada07f9d4d97fb68
1230427;Regular;2023;Resumen;https://post.anid.cl/frontend.php/es/postulacion/descargar/hash/d77b3bfb734da1f3523c22529ba2ee94
1230428;Regular;2023;Resumen;https://post.anid.cl/frontend.php/es/postulacion/descargar/hash/203e0f7e1b7258e6a0bceafa750a0bed
1230431;Regular;2023;Resumen;https://post.anid.cl/frontend.php/es/postulacion/descargar/hash/cee4861056514cbe6e664105aacf8e3e
1230433;Regular;2023;Resumen;https://post.anid.cl/frontend.php/es/postulacion/descargar/hash/fdd7dfe4a48362a9b81a483d3686b101
1230434;Regular;2023;Resumen;https://post.anid.cl/frontend.php/es/postulacion/descargar/hash/55018408403849ce598f34450f3a92c2
1230435;Regular;2023;Resumen;https://post.anid.cl/frontend.php/es/postulacion/descargar/hash/a951b76f0cef33390e79e7d7d2567135
1230437;Regular;2023;Resumen;https://post.anid.cl/frontend.php/es/postulacion/descargar/hash/a2637485de9880bec18ff8f09122191e
1230439;Regular;2023;Resumen;https://post.anid.cl/frontend.php/es/postulacion/descargar/hash/e1f9a756ba9134dd9a16b2e960fea174
1230440;Regular;2023;Resumen;https://post.anid.cl/frontend.php/es/postulacion/descargar/hash/819316417a8ff88edb6a13f1642b0df2
1230441;Regular;2023;Resumen;https://post.anid.cl/frontend.php/es/postulacion/descargar/hash/6c0d2c9bf3ad1ddfce90e3ea0b49848c
1230446;Regular;2023;Resumen;https://post.anid.cl/frontend.php/es/postulacion/descargar/hash/de41cba9de72bbe5a35217d3fbd6e2a9
1230448;Regular;2023;Resumen;https://post.anid.cl/frontend.php/es/postulacion/descargar/hash/2de5d1c9c2cf7e88936eed71170546eb
1230454;Regular;2023;Resumen;https://post.anid.cl/frontend.php/es/postulacion/descargar/hash/3371ed42dcd74ec8dac21276d1089dd3
1230457;Regular;2023;Resumen;https://post.anid.cl/frontend.php/es/postulacion/descargar/hash/7d9f5d39437a5bdee4277490559853a9
1230462;Regular;2023;Resumen;https://post.anid.cl/frontend.php/es/postulacion/descargar/hash/70af27702c4b39103938b37009e3ef6c
1230464;Regular;2023;Resumen;https://post.anid.cl/frontend.php/es/postulacion/descargar/hash/677590eba5a3e3624f3c6b66f08fe57d
1230469;Regular;2023;Resumen;https://post.anid.cl/frontend.php/es/postulacion/descargar/hash/a97bf126dff7956b8fb2fc18c4715c12
1230471;Regular;2023;Resumen;https://post.anid.cl/frontend.php/es/postulacion/descargar/hash/4fa19b71be3eeb676aa76b723d07d763
1230472;Regular;2023;Resumen;https://post.anid.cl/frontend.php/es/postulacion/descargar/hash/8539ebc49d21415611827f135311e1f9
1230473;Regular;2023;Resumen;https://post.anid.cl/frontend.php/es/postulacion/descargar/hash/c0cec6e43820735c8c6c7f029da56532
1230474;Regular;2023;Resumen;https://post.anid.cl/frontend.php/es/postulacion/descargar/hash/00421612a36ed9b4511518f75e828596
1230475;Regular;2023;Resumen;https://post.anid.cl/frontend.php/es/postulacion/descargar/hash/11769d3cf72ca844096c2848b2d91579
1230476;Regular;2023;Resumen;https://post.anid.cl/frontend.php/es/postulacion/descargar/hash/30f82566f2d4613fade89c7a05786434
1230478;Regular;2023;Resumen;https://post.anid.cl/frontend.php/es/postulacion/descargar/hash/92a1ce5ed0b2cc01887bedc76a7fd119
1230481;Regular;2023;Resumen;https://post.anid.cl/frontend.php/es/postulacion/descargar/hash/1f28c76e329f249198be617ae190d8a1
1230483;Regular;2023;Resumen;https://post.anid.cl/frontend.php/es/postulacion/descargar/hash/962fc3d807bf66e842b02b557cb2a90b
1230485;Regular;2023;Resumen;https://post.anid.cl/frontend.php/es/postulacion/descargar/hash/91e0fb920565dadfa16d344b9a73f3c6
1230486;Regular;2023;Resumen;https://post.anid.cl/frontend.php/es/postulacion/descargar/hash/253b19d832e7c41d38a19294c5be2fc8
1230489;Regular;2023;Resumen;https://post.anid.cl/frontend.php/es/postulacion/descargar/hash/e4a409d2cefbc0f6b173098a24cc0629
1230490;Regular;2023;Resumen;https://post.anid.cl/frontend.php/es/postulacion/descargar/hash/616435d0c0a1b03750bb829576ce12e9
1230491;Regular;2023;Resumen;https://post.anid.cl/frontend.php/es/postulacion/descargar/hash/9f7b0e1a013c63aabc6593136b5264dd
1230492;Regular;2023;Resumen;https://post.anid.cl/frontend.php/es/postulacion/descargar/hash/7311adf3170cc86ad34226456d999f0e
1230499;Regular;2023;Resumen;https://post.anid.cl/frontend.php/es/postulacion/descargar/hash/0c86fa11594047f9add1eb13cdcbdb7f
1230500;Regular;2023;Resumen;https://post.anid.cl/frontend.php/es/postulacion/descargar/hash/b7b6b996dc83a7051ab8a41bc7e04aee
1230501;Regular;2023;Resumen;https://post.anid.cl/frontend.php/es/postulacion/descargar/hash/df90886da0d532edbdeb06baa82bcbd1
1230504;Regular;2023;Resumen;https://post.anid.cl/frontend.php/es/postulacion/descargar/hash/275e1693997117989aaf6bc92ea094ae
1230506;Regular;2023;Resumen;https://post.anid.cl/frontend.php/es/postulacion/descargar/hash/26caa4ae7781634597211dd468411433
1230507;Regular;2023;Resumen;https://post.anid.cl/frontend.php/es/postulacion/descargar/hash/c82d4067c1a7b147ae66697e52e948d0
1230509;Regular;2023;Resumen;https://post.anid.cl/frontend.php/es/postulacion/descargar/hash/9ce77a3a554c098b1f62962f789a9a46
1230510;Regular;2023;Resumen;https://post.anid.cl/frontend.php/es/postulacion/descargar/hash/89e68ed589a345b7f424cb8ccfb0378c
1230514;Regular;2023;Resumen;https://post.anid.cl/frontend.php/es/postulacion/descargar/hash/ec84f867e3b3293a33c10ddbc795c2bd
1230515;Regular;2023;Resumen;https://post.anid.cl/frontend.php/es/postulacion/descargar/hash/1dea3da2c10c245a5c899878d4958dda
1230520;Regular;2023;Resumen;https://post.anid.cl/frontend.php/es/postulacion/descargar/hash/9bb9499e11d6f072d3c357272c4380f2
1230525;Regular;2023;Resumen;https://post.anid.cl/frontend.php/es/postulacion/descargar/hash/6f9f618f7801a29621533e2060bcba17
1230527;Regular;2023;Resumen;https://post.anid.cl/frontend.php/es/postulacion/descargar/hash/9369a1df872923deb04edc4defb55021
1230529;Regular;2023;Resumen;https://post.anid.cl/frontend.php/es/postulacion/descargar/hash/bd1f6dc9b0760a15551ae714c3720b4b
1230530;Regular;2023;Resumen;https://post.anid.cl/frontend.php/es/postulacion/descargar/hash/7478c160d86cf14eaf18d9d205eaf2c2
1230531;Regular;2023;Resumen;https://post.anid.cl/frontend.php/es/postulacion/descargar/hash/55e562c9a830098b7502b37801a85e39
1230532;Regular;2023;Resumen;https://post.anid.cl/frontend.php/es/postulacion/descargar/hash/a3f686cedc0dbc5a721c5a65180eb293
1230534;Regular;2023;Resumen;https://post.anid.cl/frontend.php/es/postulacion/descargar/hash/b7adbf91d45b0e4a89aa5344cc6971b2
1230536;Regular;2023;Resumen;https://post.anid.cl/frontend.php/es/postulacion/descargar/hash/e26965af6745042b113b1a37259ba92c
1230537;Regular;2023;Resumen;https://post.anid.cl/frontend.php/es/postulacion/descargar/hash/0a59d9212d6a0d24fcabf4387cdae389
1230544;Regular;2023;Resumen;https://post.anid.cl/frontend.php/es/postulacion/descargar/hash/b3014a33381d1cfd5a0b68e7fee3c2d7
1230545;Regular;2023;Resumen;https://post.anid.cl/frontend.php/es/postulacion/descargar/hash/45e7c5ed976f0a451daf33132ca51058
1230547;Regular;2023;Resumen;https://post.anid.cl/frontend.php/es/postulacion/descargar/hash/b5d44f699f35e94a3a9890c6e1397d5e
1230548;Regular;2023;Resumen;https://post.anid.cl/frontend.php/es/postulacion/descargar/hash/d58622f797d788499db1bcb02a69c462
1230549;Regular;2023;Resumen;https://post.anid.cl/frontend.php/es/postulacion/descargar/hash/1244b137be092723e8b9803cda69cf5d
1230553;Regular;2023;Resumen;https://post.anid.cl/frontend.php/es/postulacion/descargar/hash/4a687b08e4b715d2e48e73e762092dd8
1230554;Regular;2023;Resumen;https://post.anid.cl/frontend.php/es/postulacion/descargar/hash/0d704c747f06e2182e1857928dec70d1
1230556;Regular;2023;Resumen;https://post.anid.cl/frontend.php/es/postulacion/descargar/hash/32ab52662eda60c154c25480660964c7
1230560;Regular;2023;Resumen;https://post.anid.cl/frontend.php/es/postulacion/descargar/hash/58b9df868edd52927f43daab9e7a1f11
1230561;Regular;2023;Resumen;https://post.anid.cl/frontend.php/es/postulacion/descargar/hash/8aad73c3b21d7d576787023f61677252
1230569;Regular;2023;Resumen;https://post.anid.cl/frontend.php/es/postulacion/descargar/hash/45b5c87f2ec66e049fc1e676533875aa
1230571;Regular;2023;Resumen;https://post.anid.cl/frontend.php/es/postulacion/descargar/hash/cc68e14c19c5fae232ffe94c59508cec
1230581;Regular;2023;Resumen;https://post.anid.cl/frontend.php/es/postulacion/descargar/hash/fc1f303bc8d88432192654647963a6c8
1230585;Regular;2023;Resumen;https://post.anid.cl/frontend.php/es/postulacion/descargar/hash/3a0d3360921701726ae78b9361103575
1230586;Regular;2023;Resumen;https://post.anid.cl/frontend.php/es/postulacion/descargar/hash/6ddf85024c0907c94de3f3a3622ec34e
1230587;Regular;2023;Resumen;https://post.anid.cl/frontend.php/es/postulacion/descargar/hash/171f72d3d358ecd0d45480f1ece0701d
1230589;Regular;2023;Resumen;https://post.anid.cl/frontend.php/es/postulacion/descargar/hash/b4c0fc3f82ad2935baa5ca318277093e
1230590;Regular;2023;Resumen;https://post.anid.cl/frontend.php/es/postulacion/descargar/hash/c32c2a371076ccba87e371795c3435a3
1230591;Regular;2023;Resumen;https://post.anid.cl/frontend.php/es/postulacion/descargar/hash/6220b240532f008742ddfc5a800eaa36
1230595;Regular;2023;Resumen;https://post.anid.cl/frontend.php/es/postulacion/descargar/hash/856921d936f0ca85a642a41fbb648575
1230596;Regular;2023;Resumen;https://post.anid.cl/frontend.php/es/postulacion/descargar/hash/bc208908849bec2b3783530a68c71a57
1230598;Regular;2023;Resumen;https://post.anid.cl/frontend.php/es/postulacion/descargar/hash/cd4a53ba82d1dd2f2ed677347fed9a55
1230599;Regular;2023;Resumen;https://post.anid.cl/frontend.php/es/postulacion/descargar/hash/d46a5a4f09db6c7970ac6e6db3f73dea
1230604;Regular;2023;Resumen;https://post.anid.cl/frontend.php/es/postulacion/descargar/hash/e8ac9fca34104595c2647a663907198b
1230605;Regular;2023;Resumen;https://post.anid.cl/frontend.php/es/postulacion/descargar/hash/38c1051066d656ce3fe8746ae171ef87
1230609;Regular;2023;Resumen;https://post.anid.cl/frontend.php/es/postulacion/descargar/hash/5391a14c12bd511f10fa7a4abd3ca58f
1230610;Regular;2023;Resumen;https://post.anid.cl/frontend.php/es/postulacion/descargar/hash/47be6117aad784d1a07d216b8212c2eb
1230613;Regular;2023;Resumen;https://post.anid.cl/frontend.php/es/postulacion/descargar/hash/031b11cc553d16e595c58696d78ea05e
1230614;Regular;2023;Resumen;https://post.anid.cl/frontend.php/es/postulacion/descargar/hash/621e15585cb821a764af6d85d1c9cf21
1230616;Regular;2023;Resumen;https://post.anid.cl/frontend.php/es/postulacion/descargar/hash/2f153bb7a5cb675846833a2f97b29356
1230617;Regular;2023;Resumen;https://post.anid.cl/frontend.php/es/postulacion/descargar/hash/19fb3578ca15abb60fa22c3cf106ce1a
1230620;Regular;2023;Resumen;https://post.anid.cl/frontend.php/es/postulacion/descargar/hash/c71ed89858b1544cdf03b0f844674f1e
1230623;Regular;2023;Resumen;https://post.anid.cl/frontend.php/es/postulacion/descargar/hash/f4ebe3572607cd24b5309f5239647c60
1230624;Regular;2023;Resumen;https://post.anid.cl/frontend.php/es/postulacion/descargar/hash/b744f4971911bce3d921625255345ee8
1230625;Regular;2023;Resumen;https://post.anid.cl/frontend.php/es/postulacion/descargar/hash/ae987383ade2a8724745970dc38f3089
1230626;Regular;2023;Resumen;https://post.anid.cl/frontend.php/es/postulacion/descargar/hash/4725d7a8fb100ed06bf797116da3923f
1230628;Regular;2023;Resumen;https://post.anid.cl/frontend.php/es/postulacion/descargar/hash/3f08e2ef12966026ab30168f248de832
1230632;Regular;2023;Resumen;https://post.anid.cl/frontend.php/es/postulacion/descargar/hash/54495499681b0fd855e4657c888dff55
1230634;Regular;2023;Resumen;https://post.anid.cl/frontend.php/es/postulacion/descargar/hash/53228942745a38e7c9a25e3c1fb1df7b
1230635;Regular;2023;Resumen;https://post.anid.cl/frontend.php/es/postulacion/descargar/hash/9e13483f05a7c89ec6e8d9478da0e0bf
1230640;Regular;2023;Resumen;https://post.anid.cl/frontend.php/es/postulacion/descargar/hash/2c4be85ed032d8357eec49c09368a08e
1230642;Regular;2023;Resumen;https://post.anid.cl/frontend.php/es/postulacion/descargar/hash/30cdb0f4ae0c43b4725d5fef5bb177e8
1230644;Regular;2023;Resumen;https://post.anid.cl/frontend.php/es/postulacion/descargar/hash/aa747f1c288793216df76ae684d9503d
1230645;Regular;2023;Resumen;https://post.anid.cl/frontend.php/es/postulacion/descargar/hash/6016dd3535db3b7730f6d27c703c1daa
1230647;Regular;2023;Resumen;https://post.anid.cl/frontend.php/es/postulacion/descargar/hash/d4c693043362681712d6961b60a34d60
1230650;Regular;2023;Resumen;https://post.anid.cl/frontend.php/es/postulacion/descargar/hash/470ed583d63258b4ce3d310d0149f46d
1230654;Regular;2023;Resumen;https://post.anid.cl/frontend.php/es/postulacion/descargar/hash/d0740051c8035c5d6983d0af6c18432d
1230655;Regular;2023;Resumen;https://post.anid.cl/frontend.php/es/postulacion/descargar/hash/92fb3f73a2c7fe258b4df169d5d523c3
1230656;Regular;2023;Resumen;https://post.anid.cl/frontend.php/es/postulacion/descargar/hash/775b3109066877de76063b6eb359d922
1230658;Regular;2023;Resumen;https://post.anid.cl/frontend.php/es/postulacion/descargar/hash/f111457270381e4678c4f0717944c1f6
1230660;Regular;2023;Resumen;https://post.anid.cl/frontend.php/es/postulacion/descargar/hash/d99879e1769e8c47b7537bc34d324e8b
1230662;Regular;2023;Resumen;https://post.anid.cl/frontend.php/es/postulacion/descargar/hash/094eae3831bda4e002461029d056826f
1230670;Regular;2023;Resumen;https://post.anid.cl/frontend.php/es/postulacion/descargar/hash/77cd50f6bc8c9fc64cc9858d4025ded7
1230672;Regular;2023;Resumen;https://post.anid.cl/frontend.php/es/postulacion/descargar/hash/a51098d09a28c1a4ec5800d5c82d1cc4
1230674;Regular;2023;Resumen;https://post.anid.cl/frontend.php/es/postulacion/descargar/hash/f246bcec641c579bc67a6a0bb188bff2
1230682;Regular;2023;Resumen;https://post.anid.cl/frontend.php/es/postulacion/descargar/hash/13bdff7f362bb6dc2e604428c9cc765d
1230686;Regular;2023;Resumen;https://post.anid.cl/frontend.php/es/postulacion/descargar/hash/46739b259c969005f78016daf48e970f
1230690;Regular;2023;Resumen;https://post.anid.cl/frontend.php/es/postulacion/descargar/hash/32d81e4de8a32a70e51df14620dd4162
1230692;Regular;2023;Resumen;https://post.anid.cl/frontend.php/es/postulacion/descargar/hash/21d75d8831dd3aa5a1438cd8e18574ca
1230694;Regular;2023;Resumen;https://post.anid.cl/frontend.php/es/postulacion/descargar/hash/9c2c660bdcdb887987daa56682978965
1230697;Regular;2023;Resumen;https://post.anid.cl/frontend.php/es/postulacion/descargar/hash/3da8eaa5a88f444788e33e5a2e8a992b
1230702;Regular;2023;Resumen;https://post.anid.cl/frontend.php/es/postulacion/descargar/hash/bbd17cf807f8e6892f7d9cef8d5748e6
1230703;Regular;2023;Resumen;https://post.anid.cl/frontend.php/es/postulacion/descargar/hash/d3f924b6c1758290d8dcc1e1aa626a2f
1230704;Regular;2023;Resumen;https://post.anid.cl/frontend.php/es/postulacion/descargar/hash/ca1e444a9e003cb79b16f1f25f7deea2
1230706;Regular;2023;Resumen;https://post.anid.cl/frontend.php/es/postulacion/descargar/hash/6b5f619c3df2bc50dd023b84d5374b56
1230708;Regular;2023;Resumen;https://post.anid.cl/frontend.php/es/postulacion/descargar/hash/32a0b7b982d64ba379db31a161e9d838
1230711;Regular;2023;Resumen;https://post.anid.cl/frontend.php/es/postulacion/descargar/hash/3a45aed80c9b130ba16be0eaa85812d9
1230712;Regular;2023;Resumen;https://post.anid.cl/frontend.php/es/postulacion/descargar/hash/17f488082c9dc200645bd410d7eb873f
1230713;Regular;2023;Resumen;https://post.anid.cl/frontend.php/es/postulacion/descargar/hash/ae4559888761a41b22eb155d5b380117
1230715;Regular;2023;Resumen;https://post.anid.cl/frontend.php/es/postulacion/descargar/hash/f24062c502fb93f75cb795149fc5e493
1230717;Regular;2023;Resumen;https://post.anid.cl/frontend.php/es/postulacion/descargar/hash/e1bd0e7a5bd0e53f359b47a76249ffe8
1230718;Regular;2023;Resumen;https://post.anid.cl/frontend.php/es/postulacion/descargar/hash/14f2ae4824d172ce7428f08ba03f7399
1230724;Regular;2023;Resumen;https://post.anid.cl/frontend.php/es/postulacion/descargar/hash/eff284c7f79a72b7c25c306867c524d1
1230727;Regular;2023;Resumen;https://post.anid.cl/frontend.php/es/postulacion/descargar/hash/763f1c55b1a7c24688a39a0402024414
1230731;Regular;2023;Resumen;https://post.anid.cl/frontend.php/es/postulacion/descargar/hash/fd4b8a1cbf20a856078ebd56cdc4b63c
1230733;Regular;2023;Resumen;https://post.anid.cl/frontend.php/es/postulacion/descargar/hash/6fd53a109d221ab139e5a6d2af48e322
1230734;Regular;2023;Resumen;https://post.anid.cl/frontend.php/es/postulacion/descargar/hash/6cd27575e4afe84c92d92e859619de7a
1230736;Regular;2023;Resumen;https://post.anid.cl/frontend.php/es/postulacion/descargar/hash/457d58f2670767bcde4c6a1410163d5a
1230737;Regular;2023;Resumen;https://post.anid.cl/frontend.php/es/postulacion/descargar/hash/278fffe24217e35c6fcb3c92f4826192
1230747;Regular;2023;Resumen;https://post.anid.cl/frontend.php/es/postulacion/descargar/hash/074a44be1bcd9c302915070b25d5fbb3
1230748;Regular;2023;Resumen;https://post.anid.cl/frontend.php/es/postulacion/descargar/hash/8421834b1dff91eee7f99d76a6c92417
1230749;Regular;2023;Resumen;https://post.anid.cl/frontend.php/es/postulacion/descargar/hash/452c2591e0f86160fab97ec908b67a0f
1230750;Regular;2023;Resumen;https://post.anid.cl/frontend.php/es/postulacion/descargar/hash/bb1c6c3b7bd6e4a3c41ed1028d363570
1230754;Regular;2023;Resumen;https://post.anid.cl/frontend.php/es/postulacion/descargar/hash/d505adb569c1ab9dfdff5df32aefcd34
1230755;Regular;2023;Resumen;https://post.anid.cl/frontend.php/es/postulacion/descargar/hash/1aa746375d0001f57001a1186ed0d53f
1230757;Regular;2023;Resumen;https://post.anid.cl/frontend.php/es/postulacion/descargar/hash/a71b05c6d346725b8e3c49adf1c76f4f
1230758;Regular;2023;Resumen;https://post.anid.cl/frontend.php/es/postulacion/descargar/hash/cd953f7e8ee47860ab6cba648d6ac3e0
1230759;Regular;2023;Resumen;https://post.anid.cl/frontend.php/es/postulacion/descargar/hash/66f0e31ed1f5c21a37073e60ed4649ac
1230760;Regular;2023;Resumen;https://post.anid.cl/frontend.php/es/postulacion/descargar/hash/a03090ed8caf7a8f97cbb129337950d3
1230762;Regular;2023;Resumen;https://post.anid.cl/frontend.php/es/postulacion/descargar/hash/07d0c6d240fb8930fb54af0201cbb2e8
1230764;Regular;2023;Resumen;https://post.anid.cl/frontend.php/es/postulacion/descargar/hash/1621da180d04b221c91e840417d59157
1230776;Regular;2023;Resumen;https://post.anid.cl/frontend.php/es/postulacion/descargar/hash/390eb7159bc5f9fe64bc13a3d5e54c8e
1230777;Regular;2023;Resumen;https://post.anid.cl/frontend.php/es/postulacion/descargar/hash/372b1aebb1b523ef8b65b4799258a3cc
1230782;Regular;2023;Resumen;https://post.anid.cl/frontend.php/es/postulacion/descargar/hash/c4c89da8d4cf57cfe52ed8c14f0af650
1230787;Regular;2023;Resumen;https://post.anid.cl/frontend.php/es/postulacion/descargar/hash/e507dcc5ae5bb35152276f02a3a97a0d
1230792;Regular;2023;Resumen;https://post.anid.cl/frontend.php/es/postulacion/descargar/hash/68e60a73b7471936ae6e744acfdb5217
1230794;Regular;2023;Resumen;https://post.anid.cl/frontend.php/es/postulacion/descargar/hash/f729e6c73de1635d0b1eff6d6d2a493d
1230795;Regular;2023;Resumen;https://post.anid.cl/frontend.php/es/postulacion/descargar/hash/51f097778cf722d6393f2b2797fe8fcd
1230796;Regular;2023;Resumen;https://post.anid.cl/frontend.php/es/postulacion/descargar/hash/024a8c13c86e07d397e100743fd1bb07
1230798;Regular;2023;Resumen;https://post.anid.cl/frontend.php/es/postulacion/descargar/hash/765a8eb163503cacf75ee7dbcfb9e0c8
1230799;Regular;2023;Resumen;https://post.anid.cl/frontend.php/es/postulacion/descargar/hash/d190b8f705014a33d54424406cd84860
1230800;Regular;2023;Resumen;https://post.anid.cl/frontend.php/es/postulacion/descargar/hash/84a0c320d9385e63055c14666b77ea91
1230801;Regular;2023;Resumen;https://post.anid.cl/frontend.php/es/postulacion/descargar/hash/bf3fb819304daf0ee81358b01e64a56f
1230807;Regular;2023;Resumen;https://post.anid.cl/frontend.php/es/postulacion/descargar/hash/eda5ace9c47b576328b6d3e8105528c7
1230809;Regular;2023;Resumen;https://post.anid.cl/frontend.php/es/postulacion/descargar/hash/d8aa394315bc9e7acfdb6284fdf3e6b8
1230812;Regular;2023;Resumen;https://post.anid.cl/frontend.php/es/postulacion/descargar/hash/95f85fb9bff74e3284f7fc53953d97ff
1230813;Regular;2023;Resumen;https://post.anid.cl/frontend.php/es/postulacion/descargar/hash/036a0e4b741b2226983618d9091e82ed
1230823;Regular;2023;Resumen;https://post.anid.cl/frontend.php/es/postulacion/descargar/hash/3b2365c2c182f3dbb5c3bffd94398d0c
1230827;Regular;2023;Resumen;https://post.anid.cl/frontend.php/es/postulacion/descargar/hash/588b888234ae076ea225a4805f59d88d
1230828;Regular;2023;Resumen;https://post.anid.cl/frontend.php/es/postulacion/descargar/hash/d029e875b234d333fdb56a8de19924ac
1230830;Regular;2023;Resumen;https://post.anid.cl/frontend.php/es/postulacion/descargar/hash/1077e82901769a625f119bdac5249e83
1230832;Regular;2023;Resumen;https://post.anid.cl/frontend.php/es/postulacion/descargar/hash/3d5bc48998d09cea96594e9643efdb73
1230833;Regular;2023;Resumen;https://post.anid.cl/frontend.php/es/postulacion/descargar/hash/c144640f1b7232c518a654b4acf7e852
1230834;Regular;2023;Resumen;https://post.anid.cl/frontend.php/es/postulacion/descargar/hash/79d2f3a680734701fcf1a7c4bb313c2e
1230837;Regular;2023;Resumen;https://post.anid.cl/frontend.php/es/postulacion/descargar/hash/0d3f5c7ff4b82a2d683e5a2b5bbb3751
1230839;Regular;2023;Resumen;https://post.anid.cl/frontend.php/es/postulacion/descargar/hash/76edee92f74ab479f6c547cb5cd7f5a8
1230844;Regular;2023;Resumen;https://post.anid.cl/frontend.php/es/postulacion/descargar/hash/f9810a2cf781f3c479cd125254349bf0
1230848;Regular;2023;Resumen;https://post.anid.cl/frontend.php/es/postulacion/descargar/hash/644f6017d2bd95389145f13b95192326
1230849;Regular;2023;Resumen;https://post.anid.cl/frontend.php/es/postulacion/descargar/hash/0bd38c817030132cddc66867f43a6dfe
1230852;Regular;2023;Resumen;https://post.anid.cl/frontend.php/es/postulacion/descargar/hash/a6292b7e79f67247e0c445dcda61bb94
1230853;Regular;2023;Resumen;https://post.anid.cl/frontend.php/es/postulacion/descargar/hash/132f6ddaf21e1439010758fac2d2d6b2
1230857;Regular;2023;Resumen;https://post.anid.cl/frontend.php/es/postulacion/descargar/hash/99c8c98bf5b22753c3d9a1546296106c
1230858;Regular;2023;Resumen;https://post.anid.cl/frontend.php/es/postulacion/descargar/hash/21ddf48705d39a40711b3bbf4124f4b6
1230859;Regular;2023;Resumen;https://post.anid.cl/frontend.php/es/postulacion/descargar/hash/1ab3352b6a25b36babd1934efc1e35c6
1230860;Regular;2023;Resumen;https://post.anid.cl/frontend.php/es/postulacion/descargar/hash/21b2bbd3c5349e8c7674d16bcdb7a848
1230864;Regular;2023;Resumen;https://post.anid.cl/frontend.php/es/postulacion/descargar/hash/8129f50009c98e2de6337b25d87ea208
1230865;Regular;2023;Resumen;https://post.anid.cl/frontend.php/es/postulacion/descargar/hash/d99f20c30e6fa1b2c06781ab90135f17
1230870;Regular;2023;Resumen;https://post.anid.cl/frontend.php/es/postulacion/descargar/hash/2790d22223cbebbe0a0c86a5f1c55d1e
1230872;Regular;2023;Resumen;https://post.anid.cl/frontend.php/es/postulacion/descargar/hash/e466a132512a53a2e442f56e56c7dde7
1230875;Regular;2023;Resumen;https://post.anid.cl/frontend.php/es/postulacion/descargar/hash/df0c207783bbd4f3b0047b28c65b2c3d
1230881;Regular;2023;Resumen;https://post.anid.cl/frontend.php/es/postulacion/descargar/hash/4309bce67cc47acdf766e5a93e76680e
1230883;Regular;2023;Resumen;https://post.anid.cl/frontend.php/es/postulacion/descargar/hash/5661e0b55f7e8af764b68b57ad1ef79c
1230885;Regular;2023;Resumen;https://post.anid.cl/frontend.php/es/postulacion/descargar/hash/017958940d65e1d080cd7be5c7ecfb22
1230888;Regular;2023;Resumen;https://post.anid.cl/frontend.php/es/postulacion/descargar/hash/5ee8ee9c495dd37d34728bbe6f62556e
1230895;Regular;2023;Resumen;https://post.anid.cl/frontend.php/es/postulacion/descargar/hash/43c053d2130cbe6e0c632a45bee8ab7a
1230896;Regular;2023;Resumen;https://post.anid.cl/frontend.php/es/postulacion/descargar/hash/1642e722123817e4489594a5287e5d49
1230897;Regular;2023;Resumen;https://post.anid.cl/frontend.php/es/postulacion/descargar/hash/11ff7522dc4d469a0d237136360b4d61
1230901;Regular;2023;Resumen;https://post.anid.cl/frontend.php/es/postulacion/descargar/hash/15d2d144d914e5dccc6efd5483e29f25
1230902;Regular;2023;Resumen;https://post.anid.cl/frontend.php/es/postulacion/descargar/hash/0f96bb0bc34bdebcc7ba979feb6965ee
1230903;Regular;2023;Resumen;https://post.anid.cl/frontend.php/es/postulacion/descargar/hash/5219b5c9375353f8e506a79d1c71e00a
1230905;Regular;2023;Resumen;https://post.anid.cl/frontend.php/es/postulacion/descargar/hash/ed2fdb93712a27251ecf499be890d11a
1230912;Regular;2023;Resumen;https://post.anid.cl/frontend.php/es/postulacion/descargar/hash/502f155798dfeb6b3bbb3ce3739a3d75
1230914;Regular;2023;Resumen;https://post.anid.cl/frontend.php/es/postulacion/descargar/hash/e069120158d01974bd5eeb7faefda3d9
1230917;Regular;2023;Resumen;https://post.anid.cl/frontend.php/es/postulacion/descargar/hash/e9da9ac402818e14c62114e32c21dc0c
1230919;Regular;2023;Resumen;https://post.anid.cl/frontend.php/es/postulacion/descargar/hash/f05ddc277d4d3fc5a6e694d6f01ee4c3
1230921;Regular;2023;Resumen;https://post.anid.cl/frontend.php/es/postulacion/descargar/hash/a7700cb96d8deb59a72947d0e664caf9
1230922;Regular;2023;Resumen;https://post.anid.cl/frontend.php/es/postulacion/descargar/hash/45f868bbdec570b380a13db6346e60ec
1230925;Regular;2023;Resumen;https://post.anid.cl/frontend.php/es/postulacion/descargar/hash/31c5ba16f2ba83f206613cca32e7b12f
1230926;Regular;2023;Resumen;https://post.anid.cl/frontend.php/es/postulacion/descargar/hash/3acaed08239a825479480375e248f500
1230927;Regular;2023;Resumen;https://post.anid.cl/frontend.php/es/postulacion/descargar/hash/1d3aabf80d4f71bf2da3c1eb15610ee8
1230929;Regular;2023;Resumen;https://post.anid.cl/frontend.php/es/postulacion/descargar/hash/63da77fcd604b17877ac71d739d141c6
1230932;Regular;2023;Resumen;https://post.anid.cl/frontend.php/es/postulacion/descargar/hash/5eac74a9d15469b66cc11f998fdddfe4
1230933;Regular;2023;Resumen;https://post.anid.cl/frontend.php/es/postulacion/descargar/hash/e74ca5bfcd1ea818ff53939bb729b77b
1230934;Regular;2023;Resumen;https://post.anid.cl/frontend.php/es/postulacion/descargar/hash/f0e84799e2a0f46077851006afce6400
1230935;Regular;2023;Resumen;https://post.anid.cl/frontend.php/es/postulacion/descargar/hash/994ea20419ff66f63c0589f94c950557
1230937;Regular;2023;Resumen;https://post.anid.cl/frontend.php/es/postulacion/descargar/hash/96a62dceeeae85a8d1710189e50eb7b3
1230938;Regular;2023;Resumen;https://post.anid.cl/frontend.php/es/postulacion/descargar/hash/4c3d8942d6f977c392bd08b75b7e77cc
1230940;Regular;2023;Resumen;https://post.anid.cl/frontend.php/es/postulacion/descargar/hash/ee9f53e6aa6e670588274be0c0b3de60
1230945;Regular;2023;Resumen;https://post.anid.cl/frontend.php/es/postulacion/descargar/hash/6ef17c4d385a01d77186cf9aa840162a
1230949;Regular;2023;Resumen;https://post.anid.cl/frontend.php/es/postulacion/descargar/hash/a6adf8c880027d13debd6bbb60f35321
1230960;Regular;2023;Resumen;https://post.anid.cl/frontend.php/es/postulacion/descargar/hash/a89287571fde73740706e7fc4186e553
1230962;Regular;2023;Resumen;https://post.anid.cl/frontend.php/es/postulacion/descargar/hash/b32940d3b3214318d6d418e083d64a62
1230965;Regular;2023;Resumen;https://post.anid.cl/frontend.php/es/postulacion/descargar/hash/252465696cf6d4ec0605abe4302625f2
1230968;Regular;2023;Resumen;https://post.anid.cl/frontend.php/es/postulacion/descargar/hash/3f2fe620fd110030366c62e351282cb7
1230969;Regular;2023;Resumen;https://post.anid.cl/frontend.php/es/postulacion/descargar/hash/d421b448ffcde5217366d9752e309c97
1230979;Regular;2023;Resumen;https://post.anid.cl/frontend.php/es/postulacion/descargar/hash/728bbdf95f3e1720f0e30652357783ca
1230980;Regular;2023;Resumen;https://post.anid.cl/frontend.php/es/postulacion/descargar/hash/978e8d2b27866279d4dd9ce2c95bc81e
1230982;Regular;2023;Resumen;https://post.anid.cl/frontend.php/es/postulacion/descargar/hash/7f40e651d229e3591d2a8a7070ab21d4
1230983;Regular;2023;Resumen;https://post.anid.cl/frontend.php/es/postulacion/descargar/hash/2f61a1971fc0352ae84884250f596f78
1230984;Regular;2023;Resumen;https://post.anid.cl/frontend.php/es/postulacion/descargar/hash/79027b6661e487ea46b9cc7705752904
1230985;Regular;2023;Resumen;https://post.anid.cl/frontend.php/es/postulacion/descargar/hash/37a0796eda551877558d79c0aa1512fb
1230987;Regular;2023;Resumen;https://post.anid.cl/frontend.php/es/postulacion/descargar/hash/17ee98bc4dcfe085192659ebd112e116
1230991;Regular;2023;Resumen;https://post.anid.cl/frontend.php/es/postulacion/descargar/hash/0dbf216f9add82ca6b828e3c4a00ff01
1230993;Regular;2023;Resumen;https://post.anid.cl/frontend.php/es/postulacion/descargar/hash/34181857f48b51e72f0165a4c32b2e7f
1230996;Regular;2023;Resumen;https://post.anid.cl/frontend.php/es/postulacion/descargar/hash/e5a0c9c186dab191f0bcd2b3e9649f22
1230999;Regular;2023;Resumen;https://post.anid.cl/frontend.php/es/postulacion/descargar/hash/9da8e3a399a469dcb6178dfeb7114a62
1231000;Regular;2023;Resumen;https://post.anid.cl/frontend.php/es/postulacion/descargar/hash/2e703079595c03ab8d6ebf015de9b162
1231006;Regular;2023;Resumen;https://post.anid.cl/frontend.php/es/postulacion/descargar/hash/ec338dc15509c1958e89504214bb143d
1231012;Regular;2023;Resumen;https://post.anid.cl/frontend.php/es/postulacion/descargar/hash/e951096d0210f0cc9a8869b33f8734b5
1231015;Regular;2023;Resumen;https://post.anid.cl/frontend.php/es/postulacion/descargar/hash/1ef25c70f7119ade10da9cfd9fdc8869
1231018;Regular;2023;Resumen;https://post.anid.cl/frontend.php/es/postulacion/descargar/hash/3db7d176326d123a4fceaf69047477b1
1231020;Regular;2023;Resumen;https://post.anid.cl/frontend.php/es/postulacion/descargar/hash/3ce3869e8410670bcd5aa60b5884effe
1231021;Regular;2023;Resumen;https://post.anid.cl/frontend.php/es/postulacion/descargar/hash/66f4ab9729aacd6e6cde47858d67df49
1231023;Regular;2023;Resumen;https://post.anid.cl/frontend.php/es/postulacion/descargar/hash/dcda11df9534d4daad6294a8abf9ee97
1231024;Regular;2023;Resumen;https://post.anid.cl/frontend.php/es/postulacion/descargar/hash/5d802147efa32e2bb10eb6c34ff9fe70
1231025;Regular;2023;Resumen;https://post.anid.cl/frontend.php/es/postulacion/descargar/hash/7c86f7b19617b261514d4e060d9510bc
1231026;Regular;2023;Resumen;https://post.anid.cl/frontend.php/es/postulacion/descargar/hash/0af663a3d92254aa910ceb4af4805582
1231027;Regular;2023;Resumen;https://post.anid.cl/frontend.php/es/postulacion/descargar/hash/6204b69fc78a11aaf43171524460fd01
1231028;Regular;2023;Resumen;https://post.anid.cl/frontend.php/es/postulacion/descargar/hash/24f90b231231e5343451975029a34e79
1231030;Regular;2023;Resumen;https://post.anid.cl/frontend.php/es/postulacion/descargar/hash/fb33e28f0197d8aae767fa4aedc8e7e4
1231032;Regular;2023;Resumen;https://post.anid.cl/frontend.php/es/postulacion/descargar/hash/404ecb5df03e5be0cc3ee2400b2fe335
1231034;Regular;2023;Resumen;https://post.anid.cl/frontend.php/es/postulacion/descargar/hash/0749ae424046f75a7bb807110847dd18
1231038;Regular;2023;Resumen;https://post.anid.cl/frontend.php/es/postulacion/descargar/hash/20e9659706aa972aad306cfc70fd1d9f
1231039;Regular;2023;Resumen;https://post.anid.cl/frontend.php/es/postulacion/descargar/hash/54f9b522ccb7601b3a789c967469c5cf
1231041;Regular;2023;Resumen;https://post.anid.cl/frontend.php/es/postulacion/descargar/hash/199ea49fe9aae5b5b1c9ea6d5e0bd691
1231042;Regular;2023;Resumen;https://post.anid.cl/frontend.php/es/postulacion/descargar/hash/428a2c8e293123cdc1b366aa8ada4e0b
1231047;Regular;2023;Resumen;https://post.anid.cl/frontend.php/es/postulacion/descargar/hash/31a937627bb4e77e3b66f8ec78c9c695
1231048;Regular;2023;Resumen;https://post.anid.cl/frontend.php/es/postulacion/descargar/hash/edecdfbfbb0d77de9bb15f6486cb6506
1231049;Regular;2023;Resumen;https://post.anid.cl/frontend.php/es/postulacion/descargar/hash/c2b0337171e25986fde911060539d6ec
1231053;Regular;2023;Resumen;https://post.anid.cl/frontend.php/es/postulacion/descargar/hash/6ec2dd7386364aa003b6b1b6de34add5
1231055;Regular;2023;Resumen;https://post.anid.cl/frontend.php/es/postulacion/descargar/hash/5549b32df81aa41e7feec5ea7ad64099
1231056;Regular;2023;Resumen;https://post.anid.cl/frontend.php/es/postulacion/descargar/hash/45660c1afbbcc168396488ca8a6c051e
1231057;Regular;2023;Resumen;https://post.anid.cl/frontend.php/es/postulacion/descargar/hash/473baf19fe2329eba049425d0113ff1a
1231058;Regular;2023;Resumen;https://post.anid.cl/frontend.php/es/postulacion/descargar/hash/571811fd4de3254a4a409f8b9b1ff90b
1231062;Regular;2023;Resumen;https://post.anid.cl/frontend.php/es/postulacion/descargar/hash/349084b8f43fdfc8ad05a74e98069c4e
1231071;Regular;2023;Resumen;https://post.anid.cl/frontend.php/es/postulacion/descargar/hash/3a70db024165c3555d1fd9d333c8270c
1231072;Regular;2023;Resumen;https://post.anid.cl/frontend.php/es/postulacion/descargar/hash/058ebd5dd54eed24c3df918850c13763
1231075;Regular;2023;Resumen;https://post.anid.cl/frontend.php/es/postulacion/descargar/hash/8303017012f799b539be8775490392fc
1231082;Regular;2023;Resumen;https://post.anid.cl/frontend.php/es/postulacion/descargar/hash/ca0fb226273b992d2ad5d02e3eca1ec0
1231086;Regular;2023;Resumen;https://post.anid.cl/frontend.php/es/postulacion/descargar/hash/6a66d51bf563d93cfc0a5e0373c6e3e8
1231088;Regular;2023;Resumen;https://post.anid.cl/frontend.php/es/postulacion/descargar/hash/6a8dba576fa12e0829ad39ab26d16ea4
1231089;Regular;2023;Resumen;https://post.anid.cl/frontend.php/es/postulacion/descargar/hash/6e7184dc2792d88c765eeff3afadb0ab
1231092;Regular;2023;Resumen;https://post.anid.cl/frontend.php/es/postulacion/descargar/hash/f70398f2c1fe142cbecdf16403531776
1231102;Regular;2023;Resumen;https://post.anid.cl/frontend.php/es/postulacion/descargar/hash/c5349255e16ab76c886d740ebd809151
1231103;Regular;2023;Resumen;https://post.anid.cl/frontend.php/es/postulacion/descargar/hash/cbbaa6340d8c74f2594d5f2e2af589b9
1231105;Regular;2023;Resumen;https://post.anid.cl/frontend.php/es/postulacion/descargar/hash/34427b38efe65d65486ed8d2d462620c
1231112;Regular;2023;Resumen;https://post.anid.cl/frontend.php/es/postulacion/descargar/hash/f0e60195403978b5410e29aed968a0c2
1231114;Regular;2023;Resumen;https://post.anid.cl/frontend.php/es/postulacion/descargar/hash/ce5cc6052512a0345a0ddd54a74b1839
1231116;Regular;2023;Resumen;https://post.anid.cl/frontend.php/es/postulacion/descargar/hash/c761efa7737b5280fba4d15d1c0e2dc0
1231117;Regular;2023;Resumen;https://post.anid.cl/frontend.php/es/postulacion/descargar/hash/b263660ca9565931b839e97340facde3
1231118;Regular;2023;Resumen;https://post.anid.cl/frontend.php/es/postulacion/descargar/hash/b0b8884e8611da1af3ef5ddeec14aa65
1231122;Regular;2023;Resumen;https://post.anid.cl/frontend.php/es/postulacion/descargar/hash/c802be39291116b4df8ec78865c09d85
1231127;Regular;2023;Resumen;https://post.anid.cl/frontend.php/es/postulacion/descargar/hash/a0cd370debebc263c0409e2ecfe63251
1231128;Regular;2023;Resumen;https://post.anid.cl/frontend.php/es/postulacion/descargar/hash/72ddeea4463666705fd17c7b20af7d42
1231130;Regular;2023;Resumen;https://post.anid.cl/frontend.php/es/postulacion/descargar/hash/80b6e563919335fc4e6df32faeb3c213
1231131;Regular;2023;Resumen;https://post.anid.cl/frontend.php/es/postulacion/descargar/hash/dcff782b3981cfeac9669dec47ea1882
1231132;Regular;2023;Resumen;https://post.anid.cl/frontend.php/es/postulacion/descargar/hash/99f1a96ec15dfb36e13e42859de36fcf
1231133;Regular;2023;Resumen;https://post.anid.cl/frontend.php/es/postulacion/descargar/hash/5aae8bfd25ced44ba9ce2da272f0dca6
1231136;Regular;2023;Resumen;https://post.anid.cl/frontend.php/es/postulacion/descargar/hash/fd41d740f4f6ea7b44264c5ae8a09c1e
1231145;Regular;2023;Resumen;https://post.anid.cl/frontend.php/es/postulacion/descargar/hash/b974c8076093fe4af159f2a581ff072e
1231147;Regular;2023;Resumen;https://post.anid.cl/frontend.php/es/postulacion/descargar/hash/25f8fbf71d8b7b9b93cf78bd1e7dbd2b
1231152;Regular;2023;Resumen;https://post.anid.cl/frontend.php/es/postulacion/descargar/hash/67c6122a87bca3c78d9aeaf6091d4fde
1231153;Regular;2023;Resumen;https://post.anid.cl/frontend.php/es/postulacion/descargar/hash/be3234f3eab2c3930677d95a00cb7262
1231154;Regular;2023;Resumen;https://post.anid.cl/frontend.php/es/postulacion/descargar/hash/ff8906e2fce1a48cd5ff9d56307286ae
1231164;Regular;2023;Resumen;https://post.anid.cl/frontend.php/es/postulacion/descargar/hash/4116e86df804ee677350885b7c411ae8
1231169;Regular;2023;Resumen;https://post.anid.cl/frontend.php/es/postulacion/descargar/hash/ae03247d835b1a35a15b20432558fae1
1231172;Regular;2023;Resumen;https://post.anid.cl/frontend.php/es/postulacion/descargar/hash/6d9b01a28551e480f6966fe2e82b7814
1231174;Regular;2023;Resumen;https://post.anid.cl/frontend.php/es/postulacion/descargar/hash/b0b88638feef24a85ea20b7ee8d91e87
1231178;Regular;2023;Resumen;https://post.anid.cl/frontend.php/es/postulacion/descargar/hash/2f392f27cbb0244f861dbfd1b1db367e
1231186;Regular;2023;Resumen;https://post.anid.cl/frontend.php/es/postulacion/descargar/hash/129b51eb9d703f792d1f5117e084ad6b
1231187;Regular;2023;Resumen;https://post.anid.cl/frontend.php/es/postulacion/descargar/hash/1ae7d525120323b7848eb838f676de0a
1231188;Regular;2023;Resumen;https://post.anid.cl/frontend.php/es/postulacion/descargar/hash/9ef822e2b793e8aa352da21471887328
1231191;Regular;2023;Resumen;https://post.anid.cl/frontend.php/es/postulacion/descargar/hash/509f3bcf58d82a726c98d8e4101a29be
1231194;Regular;2023;Resumen;https://post.anid.cl/frontend.php/es/postulacion/descargar/hash/96675568d689fa077354afc06ffcb6e3
1231197;Regular;2023;Resumen;https://post.anid.cl/frontend.php/es/postulacion/descargar/hash/a654e0ab2504b143ae31f3640ffed297
1231198;Regular;2023;Resumen;https://post.anid.cl/frontend.php/es/postulacion/descargar/hash/6fad8b3b3e30783d7c18be8a61962d5a
1231199;Regular;2023;Resumen;https://post.anid.cl/frontend.php/es/postulacion/descargar/hash/e60c563173d41e870c1a39c88a8b3329
1231200;Regular;2023;Resumen;https://post.anid.cl/frontend.php/es/postulacion/descargar/hash/9f551a8bc0329e16faa9bd3098d44f2f
1231205;Regular;2023;Resumen;https://post.anid.cl/frontend.php/es/postulacion/descargar/hash/a53eb2c8caadd35e98773491b2071b5a
1231206;Regular;2023;Resumen;https://post.anid.cl/frontend.php/es/postulacion/descargar/hash/ad80786111ca55b005594b350dd18f46
1231207;Regular;2023;Resumen;https://post.anid.cl/frontend.php/es/postulacion/descargar/hash/3e6e64a0b133bab78c96cffdf9a5ca01
1231208;Regular;2023;Resumen;https://post.anid.cl/frontend.php/es/postulacion/descargar/hash/deac730d1c1d7f5a4d353ee16ca6ebfb
1231210;Regular;2023;Resumen;https://post.anid.cl/frontend.php/es/postulacion/descargar/hash/43d735cb9d40f7ad69be0ed1d64d4974
1231211;Regular;2023;Resumen;https://post.anid.cl/frontend.php/es/postulacion/descargar/hash/946694c50c511c612872e77ed1cff9b7
1231212;Regular;2023;Resumen;https://post.anid.cl/frontend.php/es/postulacion/descargar/hash/c285dd7faa07080b328e01b574a2977c
1231214;Regular;2023;Resumen;https://post.anid.cl/frontend.php/es/postulacion/descargar/hash/8a0c54eb8596fe15b951ffd3f5487252
1231220;Regular;2023;Resumen;https://post.anid.cl/frontend.php/es/postulacion/descargar/hash/0e7bc2ea3953ed12b6496fe335bfca41
1231230;Regular;2023;Resumen;https://post.anid.cl/frontend.php/es/postulacion/descargar/hash/c61ba1ec7e92ff263645038d8df19d6e
1231235;Regular;2023;Resumen;https://post.anid.cl/frontend.php/es/postulacion/descargar/hash/bb9d94ec962bc6413cf0136b3f45a81d
1231236;Regular;2023;Resumen;https://post.anid.cl/frontend.php/es/postulacion/descargar/hash/34d92306d19cad7c18655f2e3551b026
1231241;Regular;2023;Resumen;https://post.anid.cl/frontend.php/es/postulacion/descargar/hash/864729fdade5ed2cd748ffa1adc25d60
1231242;Regular;2023;Resumen;https://post.anid.cl/frontend.php/es/postulacion/descargar/hash/c55ee3b61fd9c1e392403eef2865519d
1231245;Regular;2023;Resumen;https://post.anid.cl/frontend.php/es/postulacion/descargar/hash/23c8d0694c4bb1282e124e1c29f84166
1231246;Regular;2023;Resumen;https://post.anid.cl/frontend.php/es/postulacion/descargar/hash/5a15804b1770c9b62ffe34e0971e5ff4
1231248;Regular;2023;Resumen;https://post.anid.cl/frontend.php/es/postulacion/descargar/hash/c2b2324137d2b7589784d038a3e9a23e
1231250;Regular;2023;Resumen;https://post.anid.cl/frontend.php/es/postulacion/descargar/hash/52026b2313fec7946177b9f1229764f5
1231254;Regular;2023;Resumen;https://post.anid.cl/frontend.php/es/postulacion/descargar/hash/a163de409c973a66e2d946c019519203
1231256;Regular;2023;Resumen;https://post.anid.cl/frontend.php/es/postulacion/descargar/hash/e8a09a2d88cd29e4a7aad50c08ef811a
1231257;Regular;2023;Resumen;https://post.anid.cl/frontend.php/es/postulacion/descargar/hash/b324fc94c5ca4aaa4ac51a288985ac05
1231258;Regular;2023;Resumen;https://post.anid.cl/frontend.php/es/postulacion/descargar/hash/629d5bac72cc975f57641fd6262d3a53
1231260;Regular;2023;Resumen;https://post.anid.cl/frontend.php/es/postulacion/descargar/hash/76f3c1a721e5e65f7341d861811745c5
1231261;Regular;2023;Resumen;https://post.anid.cl/frontend.php/es/postulacion/descargar/hash/dada7a5669396b56ac5c3e30437e97e2
1231263;Regular;2023;Resumen;https://post.anid.cl/frontend.php/es/postulacion/descargar/hash/cee01a8b1e1704dbfc542eb89e96e9eb
1231265;Regular;2023;Resumen;https://post.anid.cl/frontend.php/es/postulacion/descargar/hash/9568ae33f684199ed43610fb59c8bce5
1231268;Regular;2023;Resumen;https://post.anid.cl/frontend.php/es/postulacion/descargar/hash/2000e737f3bf68be3e5eb52e5cc6bd27
1231271;Regular;2023;Resumen;https://post.anid.cl/frontend.php/es/postulacion/descargar/hash/9469141b5cabd0e396801600f28ca997
1231275;Regular;2023;Resumen;https://post.anid.cl/frontend.php/es/postulacion/descargar/hash/35bf143d407da33465e5d2ab2ef9490b
1231276;Regular;2023;Resumen;https://post.anid.cl/frontend.php/es/postulacion/descargar/hash/9621f46a698d04e3629383c69fd17af3
1231278;Regular;2023;Resumen;https://post.anid.cl/frontend.php/es/postulacion/descargar/hash/80e8daf77b8fd84c93b2ffb48c707c8c
1231279;Regular;2023;Resumen;https://post.anid.cl/frontend.php/es/postulacion/descargar/hash/c7d05f45fb6a36a414ad4d95c6792816
1231283;Regular;2023;Resumen;https://post.anid.cl/frontend.php/es/postulacion/descargar/hash/499e8643685117925ac2983f7f8f3b30
1231286;Regular;2023;Resumen;https://post.anid.cl/frontend.php/es/postulacion/descargar/hash/1eed9b1476459c6903adc1c9647d1c00
1231292;Regular;2023;Resumen;https://post.anid.cl/frontend.php/es/postulacion/descargar/hash/98e1e01bf9c0ada34ea61b7d6d6a2e1b
1231294;Regular;2023;Resumen;https://post.anid.cl/frontend.php/es/postulacion/descargar/hash/d9189c7fcf371aa26a37697130659742
1231295;Regular;2023;Resumen;https://post.anid.cl/frontend.php/es/postulacion/descargar/hash/a30d5a5101d40783bcfc714a9670d911
1231299;Regular;2023;Resumen;https://post.anid.cl/frontend.php/es/postulacion/descargar/hash/fdf938639f1fa4fba4c0f8ef9fa15b15
1231303;Regular;2023;Resumen;https://post.anid.cl/frontend.php/es/postulacion/descargar/hash/eada0e981d5a4e812446088b635110d6
1231309;Regular;2023;Resumen;https://post.anid.cl/frontend.php/es/postulacion/descargar/hash/18b30fa95d03e2d8d8b398e5e63ffc78
1231311;Regular;2023;Resumen;https://post.anid.cl/frontend.php/es/postulacion/descargar/hash/514deb1940d4ab70df4d359a34d7acf7
1231313;Regular;2023;Resumen;https://post.anid.cl/frontend.php/es/postulacion/descargar/hash/9abd235350c2d97609fa1b5dce347750
1231320;Regular;2023;Resumen;https://post.anid.cl/frontend.php/es/postulacion/descargar/hash/16c94f661e19259ae1dd9e5bdf67c276
1231321;Regular;2023;Resumen;https://post.anid.cl/frontend.php/es/postulacion/descargar/hash/f125f37d29c04665e64447ed5324a38c
1231323;Regular;2023;Resumen;https://post.anid.cl/frontend.php/es/postulacion/descargar/hash/bf52a6e426e498f6cc8b44503240f2cc
1231324;Regular;2023;Resumen;https://post.anid.cl/frontend.php/es/postulacion/descargar/hash/232f08396fa57bab82b7859462868979
1231325;Regular;2023;Resumen;https://post.anid.cl/frontend.php/es/postulacion/descargar/hash/2fcaf730834e490183bd1759b61d833d
1231328;Regular;2023;Resumen;https://post.anid.cl/frontend.php/es/postulacion/descargar/hash/c4a8f2fac76a675f46117c50fb9ac4c4
1231334;Regular;2023;Resumen;https://post.anid.cl/frontend.php/es/postulacion/descargar/hash/115967964260ec595640fba5864ebd56
1231336;Regular;2023;Resumen;https://post.anid.cl/frontend.php/es/postulacion/descargar/hash/7ef69400461628e16ce9c140a10055a1
1231344;Regular;2023;Resumen;https://post.anid.cl/frontend.php/es/postulacion/descargar/hash/fc454caf2c605a50edc4e7132159302e
1231345;Regular;2023;Resumen;https://post.anid.cl/frontend.php/es/postulacion/descargar/hash/69ac307ab2beb8a5c1dcc372f37eab58
1231350;Regular;2023;Resumen;https://post.anid.cl/frontend.php/es/postulacion/descargar/hash/5d05bcfed657f38137d1892b5db875d9
1231352;Regular;2023;Resumen;https://post.anid.cl/frontend.php/es/postulacion/descargar/hash/60f33b07668cd3a11ad9c2a415a3d521
1231353;Regular;2023;Resumen;https://post.anid.cl/frontend.php/es/postulacion/descargar/hash/70d641cd67b26a655526a16297173a0d
1231355;Regular;2023;Resumen;https://post.anid.cl/frontend.php/es/postulacion/descargar/hash/a82fe3ca2a98c361f1a125ce0d5696ca
1231356;Regular;2023;Resumen;https://post.anid.cl/frontend.php/es/postulacion/descargar/hash/157b1db6dc23060dc015338030de6fad
1231357;Regular;2023;Resumen;https://post.anid.cl/frontend.php/es/postulacion/descargar/hash/7a171015018def4da4157a7ca74f3328
1231373;Regular;2023;Resumen;https://post.anid.cl/frontend.php/es/postulacion/descargar/hash/61af7f79b5499b448d7ba3e7d0e62616
1231376;Regular;2023;Resumen;https://post.anid.cl/frontend.php/es/postulacion/descargar/hash/658322d28d68fdd1ab1ad4dea71ce1a1
1231378;Regular;2023;Resumen;https://post.anid.cl/frontend.php/es/postulacion/descargar/hash/0dec5b8c93b8bbc7d421476b4ed26ccb
1231382;Regular;2023;Resumen;https://post.anid.cl/frontend.php/es/postulacion/descargar/hash/62f94e70ae8b9af725c4c830dbc162ed
1231386;Regular;2023;Resumen;https://post.anid.cl/frontend.php/es/postulacion/descargar/hash/df8e3050c1fc8cf6b465acca4af763e5
1231392;Regular;2023;Resumen;https://post.anid.cl/frontend.php/es/postulacion/descargar/hash/567cc4b9501cf9af796ce46dfe149eb6
1231395;Regular;2023;Resumen;https://post.anid.cl/frontend.php/es/postulacion/descargar/hash/5e97f83c00368ed6084cedf1453c99e2
1231401;Regular;2023;Resumen;https://post.anid.cl/frontend.php/es/postulacion/descargar/hash/22f895d6e0f61078ef59790daa581601
1231402;Regular;2023;Resumen;https://post.anid.cl/frontend.php/es/postulacion/descargar/hash/df20cb62a4b2dd6e1aa840ab0ed5cf4e
1231404;Regular;2023;Resumen;https://post.anid.cl/frontend.php/es/postulacion/descargar/hash/9c8d984af1c94cad73c3aeab06795898
1231417;Regular;2023;Resumen;https://post.anid.cl/frontend.php/es/postulacion/descargar/hash/a12f69d3e431eb7ff23f9bc980be40ba
1231418;Regular;2023;Resumen;https://post.anid.cl/frontend.php/es/postulacion/descargar/hash/a06ec2523cd6965c97b4d697d75cc4c3
1231420;Regular;2023;Resumen;https://post.anid.cl/frontend.php/es/postulacion/descargar/hash/9a3460c62a825ce9d2091d17d8461536
1231421;Regular;2023;Resumen;https://post.anid.cl/frontend.php/es/postulacion/descargar/hash/1a5ce6b2d2f1def52127f4df599a0df8
1231429;Regular;2023;Resumen;https://post.anid.cl/frontend.php/es/postulacion/descargar/hash/be0de8c9ff14a312ed79af03f02b35af
1231431;Regular;2023;Resumen;https://post.anid.cl/frontend.php/es/postulacion/descargar/hash/99359778c6d804d866c4d4530f3c8962
1231432;Regular;2023;Resumen;https://post.anid.cl/frontend.php/es/postulacion/descargar/hash/cb070e4799c8b47a63d820850bd61765
1231433;Regular;2023;Resumen;https://post.anid.cl/frontend.php/es/postulacion/descargar/hash/e37e971921e11c12bb94595747f4c66f
1231434;Regular;2023;Resumen;https://post.anid.cl/frontend.php/es/postulacion/descargar/hash/514b48e821ee3986f1fd2c05a633c038
1231443;Regular;2023;Resumen;https://post.anid.cl/frontend.php/es/postulacion/descargar/hash/db07c4cc9183b53b93ef7177bfec3b40
1231444;Regular;2023;Resumen;https://post.anid.cl/frontend.php/es/postulacion/descargar/hash/53a2adc33799ea71811b563d42c58498
1231448;Regular;2023;Resumen;https://post.anid.cl/frontend.php/es/postulacion/descargar/hash/4cf25a0994f762a825036d758b301b41
1231458;Regular;2023;Resumen;https://post.anid.cl/frontend.php/es/postulacion/descargar/hash/0a87a44c7f86d3d9bbcb60a9f6fde4da
1231468;Regular;2023;Resumen;https://post.anid.cl/frontend.php/es/postulacion/descargar/hash/03490d311c655ee29b5164838e023858
1231469;Regular;2023;Resumen;https://post.anid.cl/frontend.php/es/postulacion/descargar/hash/2e74ae76fb2564726d9184420dbd1420
1231470;Regular;2023;Resumen;https://post.anid.cl/frontend.php/es/postulacion/descargar/hash/ed9862396eb44258501c7bce084040b3
1231474;Regular;2023;Resumen;https://post.anid.cl/frontend.php/es/postulacion/descargar/hash/59841735291df2975719397097e4d9db
1231482;Regular;2023;Resumen;https://post.anid.cl/frontend.php/es/postulacion/descargar/hash/9a8b782bac614ba2e3e2949f121140e6
1231484;Regular;2023;Resumen;https://post.anid.cl/frontend.php/es/postulacion/descargar/hash/8d509a9c2eaa194d36891385ba9b733b
1231487;Regular;2023;Resumen;https://post.anid.cl/frontend.php/es/postulacion/descargar/hash/773fa9b1417b3c9f976634d914c9a2eb
1231491;Regular;2023;Resumen;https://post.anid.cl/frontend.php/es/postulacion/descargar/hash/f9dcdc7238d501dfb08a60fd3cffcf12
1231492;Regular;2023;Resumen;https://post.anid.cl/frontend.php/es/postulacion/descargar/hash/b720768698cd1907314ebba880b11383
1231494;Regular;2023;Resumen;https://post.anid.cl/frontend.php/es/postulacion/descargar/hash/fa91bb0a518288a85e2b125c9b02fadc
1231498;Regular;2023;Resumen;https://post.anid.cl/frontend.php/es/postulacion/descargar/hash/7b113e08bdb4598054228c1d01877f09
1231502;Regular;2023;Resumen;https://post.anid.cl/frontend.php/es/postulacion/descargar/hash/187ce0ea45bbc9c209c990f9aacfa2d1
1231505;Regular;2023;Resumen;https://post.anid.cl/frontend.php/es/postulacion/descargar/hash/c46de23ff569585f1362f85bde8a687f
1231506;Regular;2023;Resumen;https://post.anid.cl/frontend.php/es/postulacion/descargar/hash/b2b205c6d2f94af5228d87954e3dd84f
1231507;Regular;2023;Resumen;https://post.anid.cl/frontend.php/es/postulacion/descargar/hash/90363f5515ad12475c0cb5044b6486ca
1231511;Regular;2023;Resumen;https://post.anid.cl/frontend.php/es/postulacion/descargar/hash/27af4eb3cc4f87220768396650bc95fa
1231521;Regular;2023;Resumen;https://post.anid.cl/frontend.php/es/postulacion/descargar/hash/e55a146e3c911bb5f01e08c597feaa5e
1231522;Regular;2023;Resumen;https://post.anid.cl/frontend.php/es/postulacion/descargar/hash/a37596d802bea725a810058966f81739
1231523;Regular;2023;Resumen;https://post.anid.cl/frontend.php/es/postulacion/descargar/hash/47434ff39edccec284290b4775252547
1231528;Regular;2023;Resumen;https://post.anid.cl/frontend.php/es/postulacion/descargar/hash/fe0d90899486d613a5515f352e86eebf
1231529;Regular;2023;Resumen;https://post.anid.cl/frontend.php/es/postulacion/descargar/hash/9f65b15514f1f43f06eaef626f847c5e
1231535;Regular;2023;Resumen;https://post.anid.cl/frontend.php/es/postulacion/descargar/hash/78787f0d398c0845988ffc93c50a7a3e
1231537;Regular;2023;Resumen;https://post.anid.cl/frontend.php/es/postulacion/descargar/hash/3b86960913f836a27f949e4d19f8162d
1231539;Regular;2023;Resumen;https://post.anid.cl/frontend.php/es/postulacion/descargar/hash/3bc33c56fdc0ae6000df39c28706897f
1231550;Regular;2023;Resumen;https://post.anid.cl/frontend.php/es/postulacion/descargar/hash/80a30830e2da021aea883b3e932bdb6e
1231551;Regular;2023;Resumen;https://post.anid.cl/frontend.php/es/postulacion/descargar/hash/788a51189895e578bcd7192abc8cd7ea
1231554;Regular;2023;Resumen;https://post.anid.cl/frontend.php/es/postulacion/descargar/hash/0b3fb03ffeb8a6732dc289d4552b7cda
1231555;Regular;2023;Resumen;https://post.anid.cl/frontend.php/es/postulacion/descargar/hash/5403b9eb45f5f98ac5712bb419326da2
1231556;Regular;2023;Resumen;https://post.anid.cl/frontend.php/es/postulacion/descargar/hash/04958c7eb0f4dc8d72ca161168058059
1231557;Regular;2023;Resumen;https://post.anid.cl/frontend.php/es/postulacion/descargar/hash/561c1e1fde3d8c14e3755cc573c9d7f6
1231558;Regular;2023;Resumen;https://post.anid.cl/frontend.php/es/postulacion/descargar/hash/5f7aea43824152b9e677a052a0ecdbfa
1231562;Regular;2023;Resumen;https://post.anid.cl/frontend.php/es/postulacion/descargar/hash/a6e2d94738fa7b853dbe279ba8c76cd4
1231573;Regular;2023;Resumen;https://post.anid.cl/frontend.php/es/postulacion/descargar/hash/ab75eb255137ac1e8c2d1edb56a38b45
1231574;Regular;2023;Resumen;https://post.anid.cl/frontend.php/es/postulacion/descargar/hash/b7e9db54f2b3b44a4b128d1d5bf82a1a
1231576;Regular;2023;Resumen;https://post.anid.cl/frontend.php/es/postulacion/descargar/hash/257bd58202c006ffa2e1b30d6d16d10d
1231579;Regular;2023;Resumen;https://post.anid.cl/frontend.php/es/postulacion/descargar/hash/12a7b5a63f63c5c5110dc3fd2b4a6f4b
1231580;Regular;2023;Resumen;https://post.anid.cl/frontend.php/es/postulacion/descargar/hash/f3b83bc1d942bd05066c2ddc4f68d4b2
1231582;Regular;2023;Resumen;https://post.anid.cl/frontend.php/es/postulacion/descargar/hash/272fe9785f4ef3817efab7401094f8e9
1231584;Regular;2023;Resumen;https://post.anid.cl/frontend.php/es/postulacion/descargar/hash/dd14372d5af74b272561765047f464dd
1231585;Regular;2023;Resumen;https://post.anid.cl/frontend.php/es/postulacion/descargar/hash/a3644ce5d6e7c97dc044deec3752b6c1
1231593;Regular;2023;Resumen;https://post.anid.cl/frontend.php/es/postulacion/descargar/hash/f23d1c8c9b157a273798b211fa796633
1231594;Regular;2023;Resumen;https://post.anid.cl/frontend.php/es/postulacion/descargar/hash/9b51adfeee1cdd51e3ce9c4a94e6e0ad
1231596;Regular;2023;Resumen;https://post.anid.cl/frontend.php/es/postulacion/descargar/hash/05cc32b24f038750b919b7cee90ca2ee
1231599;Regular;2023;Resumen;https://post.anid.cl/frontend.php/es/postulacion/descargar/hash/93ba22b9b65131bcf205485bb6235c10
1231600;Regular;2023;Resumen;https://post.anid.cl/frontend.php/es/postulacion/descargar/hash/569e0b94e9acb6a736b0bd5e1a86fc63
1231604;Regular;2023;Resumen;https://post.anid.cl/frontend.php/es/postulacion/descargar/hash/31c163828590f0246eb004f65912f6a8
1231614;Regular;2023;Resumen;https://post.anid.cl/frontend.php/es/postulacion/descargar/hash/818b434e19df2252081a529dd9a1d116
1231616;Regular;2023;Resumen;https://post.anid.cl/frontend.php/es/postulacion/descargar/hash/966c4ff0e4d2680e5d75a767f0808e1b
1231619;Regular;2023;Resumen;https://post.anid.cl/frontend.php/es/postulacion/descargar/hash/49bab93ac9ce9a7a974ecf7d4cd68f58
1231620;Regular;2023;Resumen;https://post.anid.cl/frontend.php/es/postulacion/descargar/hash/8f67823ab1137e0031de895cea5eb8f3
1231622;Regular;2023;Resumen;https://post.anid.cl/frontend.php/es/postulacion/descargar/hash/924f674f22c1f43f4ef429a83842f68d
1231627;Regular;2023;Resumen;https://post.anid.cl/frontend.php/es/postulacion/descargar/hash/0cd79cc5e9050752e1c6a41330764440
1231629;Regular;2023;Resumen;https://post.anid.cl/frontend.php/es/postulacion/descargar/hash/6ead8413cb5b7bf64eee308dd04630f9
1231630;Regular;2023;Resumen;https://post.anid.cl/frontend.php/es/postulacion/descargar/hash/0e0495bb78d9649ab6a99397721d9e7a
1231631;Regular;2023;Resumen;https://post.anid.cl/frontend.php/es/postulacion/descargar/hash/bf055d36b1599f22302fe4bf6e1bf36d
1231634;Regular;2023;Resumen;https://post.anid.cl/frontend.php/es/postulacion/descargar/hash/150d7e8070d03cdce536703e39fb42dd
1231637;Regular;2023;Resumen;https://post.anid.cl/frontend.php/es/postulacion/descargar/hash/2afa8df91b858b3d2afc8bcab4057dab
1231643;Regular;2023;Resumen;https://post.anid.cl/frontend.php/es/postulacion/descargar/hash/55cff2bfe597d501d0e38f3617cc5ab6
1231645;Regular;2023;Resumen;https://post.anid.cl/frontend.php/es/postulacion/descargar/hash/2650518772b6af5bb5cbc127eab91668
1231651;Regular;2023;Resumen;https://post.anid.cl/frontend.php/es/postulacion/descargar/hash/7e068665d21c3114b7007fa44e046626
1231656;Regular;2023;Resumen;https://post.anid.cl/frontend.php/es/postulacion/descargar/hash/78299c60de945ddbb8b45521534b9e6a
1231658;Regular;2023;Resumen;https://post.anid.cl/frontend.php/es/postulacion/descargar/hash/1f93e45b10c6d1ba46c6b1ed691aff84
1231660;Regular;2023;Resumen;https://post.anid.cl/frontend.php/es/postulacion/descargar/hash/a5a1628489885e4413b11f26c9f085a7
1231661;Regular;2023;Resumen;https://post.anid.cl/frontend.php/es/postulacion/descargar/hash/254c6ffe2a907ee45055bef23799a59c
1231663;Regular;2023;Resumen;https://post.anid.cl/frontend.php/es/postulacion/descargar/hash/df9dc20f9ab19772bfa4db0f21032d52
1231664;Regular;2023;Resumen;https://post.anid.cl/frontend.php/es/postulacion/descargar/hash/6c0e1bacaca09a84712ec2119fd54924
1231665;Regular;2023;Resumen;https://post.anid.cl/frontend.php/es/postulacion/descargar/hash/57df981d1b2927f2ea43d5b175774126
1231667;Regular;2023;Resumen;https://post.anid.cl/frontend.php/es/postulacion/descargar/hash/33f51094d2cd8b9b20859d43bcacd622
1231669;Regular;2023;Resumen;https://post.anid.cl/frontend.php/es/postulacion/descargar/hash/4a0e1d847507392d2cdf2b7a12df7545
1231672;Regular;2023;Resumen;https://post.anid.cl/frontend.php/es/postulacion/descargar/hash/1d5298f5f3aaf9f26998c0f0cc00c155
1231674;Regular;2023;Resumen;https://post.anid.cl/frontend.php/es/postulacion/descargar/hash/815b70d08765a386a9215c2a0c667631
1231675;Regular;2023;Resumen;https://post.anid.cl/frontend.php/es/postulacion/descargar/hash/f285e33191e93fb7c92c8252e2d7ef47
1231676;Regular;2023;Resumen;https://post.anid.cl/frontend.php/es/postulacion/descargar/hash/0765a14acee03693bd98aaf6db2eb497
1231681;Regular;2023;Resumen;https://post.anid.cl/frontend.php/es/postulacion/descargar/hash/3c5b341fee8502b68c5b1822246b7928
1231682;Regular;2023;Resumen;https://post.anid.cl/frontend.php/es/postulacion/descargar/hash/6950f2974d7e933c218981fd43067b68
1231684;Regular;2023;Resumen;https://post.anid.cl/frontend.php/es/postulacion/descargar/hash/a7ed819f62dc21ffc6acec5c334a2a09
1231685;Regular;2023;Resumen;https://post.anid.cl/frontend.php/es/postulacion/descargar/hash/db56d2e039569ddbc49e419eb562730a
1231686;Regular;2023;Resumen;https://post.anid.cl/frontend.php/es/postulacion/descargar/hash/d52ffe97b4dd20c7cf8ceba0e10c44c9
1231689;Regular;2023;Resumen;https://post.anid.cl/frontend.php/es/postulacion/descargar/hash/e601656265df45ed623cf0e2d4225037
1231691;Regular;2023;Resumen;https://post.anid.cl/frontend.php/es/postulacion/descargar/hash/c77c8fca158e26e89b8931c063f566eb
1231698;Regular;2023;Resumen;https://post.anid.cl/frontend.php/es/postulacion/descargar/hash/377c38de6147e671bbf8b3d3b592ce14
1231703;Regular;2023;Resumen;https://post.anid.cl/frontend.php/es/postulacion/descargar/hash/3eb4cad34a6d5fb8a00494023f78ff40
1231707;Regular;2023;Resumen;https://post.anid.cl/frontend.php/es/postulacion/descargar/hash/3fbde04104f02cdb25da389bbe7afe09
1231708;Regular;2023;Resumen;https://post.anid.cl/frontend.php/es/postulacion/descargar/hash/77de3f1363617d4944c2d53dbc607260
1231710;Regular;2023;Resumen;https://post.anid.cl/frontend.php/es/postulacion/descargar/hash/e612f81cebe391d61e0ae14c53a2b911
1231713;Regular;2023;Resumen;https://post.anid.cl/frontend.php/es/postulacion/descargar/hash/9bfb4776196da1b64934e33c5c2b5737
1231714;Regular;2023;Resumen;https://post.anid.cl/frontend.php/es/postulacion/descargar/hash/91f9b7b0dad41ddeeb8c777efdc254de
1231716;Regular;2023;Resumen;https://post.anid.cl/frontend.php/es/postulacion/descargar/hash/08818830bb1c6a0c0963f73bf3fb6b8d
1231717;Regular;2023;Resumen;https://post.anid.cl/frontend.php/es/postulacion/descargar/hash/a16a2ca7e27577905b7c2145a2f0701f
1231718;Regular;2023;Resumen;https://post.anid.cl/frontend.php/es/postulacion/descargar/hash/72c6b5dab991bb2f016d2a222c7cb0e6
1231721;Regular;2023;Resumen;https://post.anid.cl/frontend.php/es/postulacion/descargar/hash/74b66863200c765cce987fff911835eb
1231724;Regular;2023;Resumen;https://post.anid.cl/frontend.php/es/postulacion/descargar/hash/fbfe21ab6930281053c079c4b0790d87
1231728;Regular;2023;Resumen;https://post.anid.cl/frontend.php/es/postulacion/descargar/hash/7f0897ac77ae4add9a0f147cc7ee2cc8
1231729;Regular;2023;Resumen;https://post.anid.cl/frontend.php/es/postulacion/descargar/hash/f95de4348fc61418a67a66336114b067
1231734;Regular;2023;Resumen;https://post.anid.cl/frontend.php/es/postulacion/descargar/hash/ac0c7bd25bd8006d9f3ef7fe63bdecb6
1231735;Regular;2023;Resumen;https://post.anid.cl/frontend.php/es/postulacion/descargar/hash/1b6d32ce69e9c77d301adc098f7b1464
1231739;Regular;2023;Resumen;https://post.anid.cl/frontend.php/es/postulacion/descargar/hash/e998fad324f4be43e8272b74e31029d1
1231744;Regular;2023;Resumen;https://post.anid.cl/frontend.php/es/postulacion/descargar/hash/539a10e69cb1fc8e14da34278337bc8a
1231751;Regular;2023;Resumen;https://post.anid.cl/frontend.php/es/postulacion/descargar/hash/4f3d77767a31de02e87d37540c83cfe6
1231755;Regular;2023;Resumen;https://post.anid.cl/frontend.php/es/postulacion/descargar/hash/a492aab7cfd27168c479e54b8bf16f66
1231757;Regular;2023;Resumen;https://post.anid.cl/frontend.php/es/postulacion/descargar/hash/c1820aed29ec2a0f6d3e77d0ae18f7f6
1231761;Regular;2023;Resumen;https://post.anid.cl/frontend.php/es/postulacion/descargar/hash/9b94e5123682e6f650cbc88ecb047720
1231766;Regular;2023;Resumen;https://post.anid.cl/frontend.php/es/postulacion/descargar/hash/5c5d4d10e06c77f728cfefd0c748b286
1231767;Regular;2023;Resumen;https://post.anid.cl/frontend.php/es/postulacion/descargar/hash/cd6246579fb9f3a4428aad1f71e07b62
1231772;Regular;2023;Resumen;https://post.anid.cl/frontend.php/es/postulacion/descargar/hash/ec5a5a58944585fa45f47bf8e73e4719
1231773;Regular;2023;Resumen;https://post.anid.cl/frontend.php/es/postulacion/descargar/hash/b6e8511399b449ac2da7467ee4fa8251
1231779;Regular;2023;Resumen;https://post.anid.cl/frontend.php/es/postulacion/descargar/hash/1c590935aaa4fa1d8d8af4ccae1d4776
1231783;Regular;2023;Resumen;https://post.anid.cl/frontend.php/es/postulacion/descargar/hash/123daed62b0d5cbe2dc2d4a25c4347b5
1231787;Regular;2023;Resumen;https://post.anid.cl/frontend.php/es/postulacion/descargar/hash/904f6afc690e53064e9a1eaa81f0d9b7
1231788;Regular;2023;Resumen;https://post.anid.cl/frontend.php/es/postulacion/descargar/hash/82d0ab54b305b4f62717c427ac3d01e0
1231796;Regular;2023;Resumen;https://post.anid.cl/frontend.php/es/postulacion/descargar/hash/a92fd79cd603e3831b347f151b28088e
1231802;Regular;2023;Resumen;https://post.anid.cl/frontend.php/es/postulacion/descargar/hash/eae66be52994746daa68b9a9cf9852c4
1231806;Regular;2023;Resumen;https://post.anid.cl/frontend.php/es/postulacion/descargar/hash/ec63aa3453def8e94750e4ab6c9e146b
1231810;Regular;2023;Resumen;https://post.anid.cl/frontend.php/es/postulacion/descargar/hash/6e8b72301869a13543a1202284d7c6d2
1231815;Regular;2023;Resumen;https://post.anid.cl/frontend.php/es/postulacion/descargar/hash/30bc26f56d37a5a7066bc819dc68220e
1231820;Regular;2023;Resumen;https://post.anid.cl/frontend.php/es/postulacion/descargar/hash/cabf847f8185981c6d1571608b60ddc4
1231823;Regular;2023;Resumen;https://post.anid.cl/frontend.php/es/postulacion/descargar/hash/4f18a20e4e31f7c0613fddbe6d28e168
1231824;Regular;2023;Resumen;https://post.anid.cl/frontend.php/es/postulacion/descargar/hash/eced35d5ad175a2796b0bb5864167406
1231826;Regular;2023;Resumen;https://post.anid.cl/frontend.php/es/postulacion/descargar/hash/d5bc09c9d9ad1b1a66ecd3223a5548ca
1231829;Regular;2023;Resumen;https://post.anid.cl/frontend.php/es/postulacion/descargar/hash/1bcbc356c412763d554cabee22cb89f8
1231834;Regular;2023;Resumen;https://post.anid.cl/frontend.php/es/postulacion/descargar/hash/1efb607a612c04db142536d020082ee8
1231835;Regular;2023;Resumen;https://post.anid.cl/frontend.php/es/postulacion/descargar/hash/a13ed01ef7df1b01540458300765aca5
1231837;Regular;2023;Resumen;https://post.anid.cl/frontend.php/es/postulacion/descargar/hash/b91c1a068d1d1226d341142ddc7cbc41
1231839;Regular;2023;Resumen;https://post.anid.cl/frontend.php/es/postulacion/descargar/hash/4d266a012b5fbcb0005f260073c85df9
1231844;Regular;2023;Resumen;https://post.anid.cl/frontend.php/es/postulacion/descargar/hash/5d2dcb07782f8ece611a922276ff392f
1231846;Regular;2023;Resumen;https://post.anid.cl/frontend.php/es/postulacion/descargar/hash/591fea7dbcde203dc4fa568729acba19
1231849;Regular;2023;Resumen;https://post.anid.cl/frontend.php/es/postulacion/descargar/hash/1c3c2fc50b5226ce4e225740282eacac
1231851;Regular;2023;Resumen;https://post.anid.cl/frontend.php/es/postulacion/descargar/hash/5f97b85c89244f1a7e7c7a1adeb00907
1231853;Regular;2023;Resumen;https://post.anid.cl/frontend.php/es/postulacion/descargar/hash/4a093afb70da7d669c3eefc126f3eb9f
1231857;Regular;2023;Resumen;https://post.anid.cl/frontend.php/es/postulacion/descargar/hash/190df9c7cf7a30459cce9180f2ae1d91
1231859;Regular;2023;Resumen;https://post.anid.cl/frontend.php/es/postulacion/descargar/hash/4c9ab45ad878a78ca6a174bfec8e3809
1231861;Regular;2023;Resumen;https://post.anid.cl/frontend.php/es/postulacion/descargar/hash/89edc5437a0052d2e400e0fb115adf6b
1231866;Regular;2023;Resumen;https://post.anid.cl/frontend.php/es/postulacion/descargar/hash/76bc728d339cf78947740922dfbca8c6
1231868;Regular;2023;Resumen;https://post.anid.cl/frontend.php/es/postulacion/descargar/hash/b114346f8ba6ecfa9d980841f192ef37
1231877;Regular;2023;Resumen;https://post.anid.cl/frontend.php/es/postulacion/descargar/hash/651e2a41d03fc1223baa13210c9e0d51
1231888;Regular;2023;Resumen;https://post.anid.cl/frontend.php/es/postulacion/descargar/hash/45f09b7c79e7223da3e8bc8ab0c0ff48
1231891;Regular;2023;Resumen;https://post.anid.cl/frontend.php/es/postulacion/descargar/hash/1a9b8c2f0c4729ebc9af9621ef4e2788
1231892;Regular;2023;Resumen;https://post.anid.cl/frontend.php/es/postulacion/descargar/hash/14a3d4fbc12a999729e60dfab1fdb3e2
1231894;Regular;2023;Resumen;https://post.anid.cl/frontend.php/es/postulacion/descargar/hash/70e0450cabd1af878747488e8b9c6a10
1231896;Regular;2023;Resumen;https://post.anid.cl/frontend.php/es/postulacion/descargar/hash/099c7683a7d3251d0dab3769449d1a5b
1231901;Regular;2023;Resumen;https://post.anid.cl/frontend.php/es/postulacion/descargar/hash/54272bae2322a28a74c9e7e71ce0ceb3
1231904;Regular;2023;Resumen;https://post.anid.cl/frontend.php/es/postulacion/descargar/hash/1a63378f8c2f3fb9c22fe0398d4b8a11
1231905;Regular;2023;Resumen;https://post.anid.cl/frontend.php/es/postulacion/descargar/hash/cc00e42437c73205c0354519ba05042a
1231906;Regular;2023;Resumen;https://post.anid.cl/frontend.php/es/postulacion/descargar/hash/8129d47c6076b004961c2970666fa289
1231909;Regular;2023;Resumen;https://post.anid.cl/frontend.php/es/postulacion/descargar/hash/100706e5a942f6272ec73ea05c4ae8d1
1231910;Regular;2023;Resumen;https://post.anid.cl/frontend.php/es/postulacion/descargar/hash/29c0ee854bab862c098be5fdb4c587a5
1231911;Regular;2023;Resumen;https://post.anid.cl/frontend.php/es/postulacion/descargar/hash/59fb7b1fbe9488c8b5acaf38cf49b4b7
1231916;Regular;2023;Resumen;https://post.anid.cl/frontend.php/es/postulacion/descargar/hash/7461d44bb98bbdbb7a840437f4738b00
1231917;Regular;2023;Resumen;https://post.anid.cl/frontend.php/es/postulacion/descargar/hash/61fade047245d8606497824194148011
1231918;Regular;2023;Resumen;https://post.anid.cl/frontend.php/es/postulacion/descargar/hash/75a5554d20b9da067a69b9452f660e02
1231920;Regular;2023;Resumen;https://post.anid.cl/frontend.php/es/postulacion/descargar/hash/0942d5b42fd1fe893be24ad1c40f8054
1231922;Regular;2023;Resumen;https://post.anid.cl/frontend.php/es/postulacion/descargar/hash/52d2d67b4ca3adcadb2161327a72d319
1231924;Regular;2023;Resumen;https://post.anid.cl/frontend.php/es/postulacion/descargar/hash/f60b930381d3a35cd1775959b4e9e1ad
1231927;Regular;2023;Resumen;https://post.anid.cl/frontend.php/es/postulacion/descargar/hash/e25a336a265b9b7a0ed688a6c209585d
1231930;Regular;2023;Resumen;https://post.anid.cl/frontend.php/es/postulacion/descargar/hash/3d4075e84a1604c292e494727a4709bd
1231934;Regular;2023;Resumen;https://post.anid.cl/frontend.php/es/postulacion/descargar/hash/a4e92733c4fb8af03e40bffe418f8391
1231938;Regular;2023;Resumen;https://post.anid.cl/frontend.php/es/postulacion/descargar/hash/8f74ba35c68b5fddfbcf4b5060d5e295
1231940;Regular;2023;Resumen;https://post.anid.cl/frontend.php/es/postulacion/descargar/hash/0c09ebae3f8d61d2c327257beaea6229
1231941;Regular;2023;Resumen;https://post.anid.cl/frontend.php/es/postulacion/descargar/hash/f5901a8041fed628f5d51689dfb08e38
1240001;Regular;2024;Resumen;https://post.anid.cl/frontend.php/es/postulacion/descargar/hash/ff0cb9353df43831432e318533912080
1240004;Regular;2024;Resumen;https://post.anid.cl/frontend.php/es/postulacion/descargar/hash/05834d9a874997689cd7962399320666
1240005;Regular;2024;Resumen;https://post.anid.cl/frontend.php/es/postulacion/descargar/hash/a09cd45e866ff926b1bf3cdfaaf0ed94
1240010;Regular;2024;Resumen;https://post.anid.cl/frontend.php/es/postulacion/descargar/hash/860f47b4891edb2d3709def667ad7085
1240012;Regular;2024;Resumen;https://post.anid.cl/frontend.php/es/postulacion/descargar/hash/2d28de50df4fbf60fe214f6939cbf1df
1240013;Regular;2024;Resumen;https://post.anid.cl/frontend.php/es/postulacion/descargar/hash/d6ac0d65ddf7d9084f121fe9ab2a3d7b
1240016;Regular;2024;Resumen;https://post.anid.cl/frontend.php/es/postulacion/descargar/hash/f4f910a9d0094f0c58283ef5a9943ea1
1240018;Regular;2024;Resumen;https://post.anid.cl/frontend.php/es/postulacion/descargar/hash/bf1815047f9f72fc3d0f5fd3b5e1f27c
1240027;Regular;2024;Resumen;https://post.anid.cl/frontend.php/es/postulacion/descargar/hash/8a9a780280c531624b7e9d5830c3fde5
1240030;Regular;2024;Resumen;https://post.anid.cl/frontend.php/es/postulacion/descargar/hash/ccec77577538764dbd319e77c2ba804c
1240031;Regular;2024;Resumen;https://post.anid.cl/frontend.php/es/postulacion/descargar/hash/bcce408108eba1a157fc602817ff5c49
1240033;Regular;2024;Resumen;https://post.anid.cl/frontend.php/es/postulacion/descargar/hash/42bb54a5558115ea3647ba295e85317f
1240042;Regular;2024;Resumen;https://post.anid.cl/frontend.php/es/postulacion/descargar/hash/be482aa988f058d6d8e67f9f4507992d
1240043;Regular;2024;Resumen;https://post.anid.cl/frontend.php/es/postulacion/descargar/hash/4ae03068bc5509e559d1f1f7f8318efb
1240044;Regular;2024;Resumen;https://post.anid.cl/frontend.php/es/postulacion/descargar/hash/e5d8adcbbc1386e8a8a2108416a4fc85
1240046;Regular;2024;Resumen;https://post.anid.cl/frontend.php/es/postulacion/descargar/hash/4736252ab01ce04ba957fc20d2a136ba
1240048;Regular;2024;Resumen;https://post.anid.cl/frontend.php/es/postulacion/descargar/hash/73c2402be5d68bae90f858733ae45740
1240049;Regular;2024;Resumen;https://post.anid.cl/frontend.php/es/postulacion/descargar/hash/e8ae2b0c958c8fcf1267180d27585f4e
1240050;Regular;2024;Resumen;https://post.anid.cl/frontend.php/es/postulacion/descargar/hash/e7486a55479f925a7463a906c7d8b0da
1240054;Regular;2024;Resumen;https://post.anid.cl/frontend.php/es/postulacion/descargar/hash/fc29fc245d06210577ab9d299009ec93
1240055;Regular;2024;Resumen;https://post.anid.cl/frontend.php/es/postulacion/descargar/hash/6199a9f230bb6d35524ac8c4560a13a8
1240060;Regular;2024;Resumen;https://post.anid.cl/frontend.php/es/postulacion/descargar/hash/6a24c2c57b4766a805df09c210469920
1240061;Regular;2024;Resumen;https://post.anid.cl/frontend.php/es/postulacion/descargar/hash/eb423d088bbd0cfe694ddfccc3a25ea2
1240064;Regular;2024;Resumen;https://post.anid.cl/frontend.php/es/postulacion/descargar/hash/0cf4070d02678e30335cefb8f4e4b403
1240066;Regular;2024;Resumen;https://post.anid.cl/frontend.php/es/postulacion/descargar/hash/32b38f297170e6e48b5e262b3e7fd12a
1240070;Regular;2024;Resumen;https://post.anid.cl/frontend.php/es/postulacion/descargar/hash/6e19c1fda667911e94aa480dafa2e212
1240075;Regular;2024;Resumen;https://post.anid.cl/frontend.php/es/postulacion/descargar/hash/8b23f841672c93f965f3cd45eb62285a
1240077;Regular;2024;Resumen;https://post.anid.cl/frontend.php/es/postulacion/descargar/hash/f5b885f7e3374ddd9199312adaadaefa
1240078;Regular;2024;Resumen;https://post.anid.cl/frontend.php/es/postulacion/descargar/hash/be49538105100f2696b9319da1d954c1
1240079;Regular;2024;Resumen;https://post.anid.cl/frontend.php/es/postulacion/descargar/hash/e4b6506127dcfd4f862dfbb6afaa9e78
1240080;Regular;2024;Resumen;https://post.anid.cl/frontend.php/es/postulacion/descargar/hash/433417a003b951c2001e9fa5e90f0e46
1240085;Regular;2024;Resumen;https://post.anid.cl/frontend.php/es/postulacion/descargar/hash/02da144f7d1d04b55b5e273f38851a69
1240086;Regular;2024;Resumen;https://post.anid.cl/frontend.php/es/postulacion/descargar/hash/3b0ed4f5729c078f0c9da8227f22d63e
1240089;Regular;2024;Resumen;https://post.anid.cl/frontend.php/es/postulacion/descargar/hash/d8c1b3fc68f80e72de8e7c5f25300631
1240097;Regular;2024;Resumen;https://post.anid.cl/frontend.php/es/postulacion/descargar/hash/895f3675151cbcece75d7e3ad73fb5d7
1240098;Regular;2024;Resumen;https://post.anid.cl/frontend.php/es/postulacion/descargar/hash/cf72f7306ed17b38a7a8b7d315d15228
1240100;Regular;2024;Resumen;https://post.anid.cl/frontend.php/es/postulacion/descargar/hash/b64a457e4c60bc34826b88e6e511969a
1240101;Regular;2024;Resumen;https://post.anid.cl/frontend.php/es/postulacion/descargar/hash/b7dd1f132fc927c5c92e23482e938de7
1240102;Regular;2024;Resumen;https://post.anid.cl/frontend.php/es/postulacion/descargar/hash/b3a53db53b0fd5b87d115fedbe127734
1240103;Regular;2024;Resumen;https://post.anid.cl/frontend.php/es/postulacion/descargar/hash/3132cfd8010a09296fdfc1bb04442379
1240104;Regular;2024;Resumen;https://post.anid.cl/frontend.php/es/postulacion/descargar/hash/e87099c25ee4317709e1c7a9e0990dcf
1240105;Regular;2024;Resumen;https://post.anid.cl/frontend.php/es/postulacion/descargar/hash/e706f23f384ccf25f3eb8a36bb0e7909
1240106;Regular;2024;Resumen;https://post.anid.cl/frontend.php/es/postulacion/descargar/hash/bb913dd3e0cd842cd87ece7a0be0d747
1240107;Regular;2024;Resumen;https://post.anid.cl/frontend.php/es/postulacion/descargar/hash/fca679f6d54de1b474a7a40592290f63
1240108;Regular;2024;Resumen;https://post.anid.cl/frontend.php/es/postulacion/descargar/hash/45218ea8e29de38e28453db0a1f2d8dd
1240114;Regular;2024;Resumen;https://post.anid.cl/frontend.php/es/postulacion/descargar/hash/eb90af8b902c4a48eeddb00b45002b4c
1240120;Regular;2024;Resumen;https://post.anid.cl/frontend.php/es/postulacion/descargar/hash/91268abcc40682008cdb5bd1d3306a30
1240125;Regular;2024;Resumen;https://post.anid.cl/frontend.php/es/postulacion/descargar/hash/872ff11f6e32770f59b97ef4a76d6588
1240127;Regular;2024;Resumen;https://post.anid.cl/frontend.php/es/postulacion/descargar/hash/88b74f2c401ef87c4f71dd6db0099482
1240129;Regular;2024;Resumen;https://post.anid.cl/frontend.php/es/postulacion/descargar/hash/498d52835ea39244d7608dfccb49c2d1
1240133;Regular;2024;Resumen;https://post.anid.cl/frontend.php/es/postulacion/descargar/hash/e86a81e7a056aaf7e9967d3eece46085
1240135;Regular;2024;Resumen;https://post.anid.cl/frontend.php/es/postulacion/descargar/hash/46d872745080261d7d44bbdf8dbbe4c4
1240137;Regular;2024;Resumen;https://post.anid.cl/frontend.php/es/postulacion/descargar/hash/c6e6978e4670ea8d7a944057140fd8b7
1240138;Regular;2024;Resumen;https://post.anid.cl/frontend.php/es/postulacion/descargar/hash/8f33f1fa6587065c1f9a86bf6edb9a10
1240141;Regular;2024;Resumen;https://post.anid.cl/frontend.php/es/postulacion/descargar/hash/aeae223b2153796c9508233077b74f23
1240145;Regular;2024;Resumen;https://post.anid.cl/frontend.php/es/postulacion/descargar/hash/8a663f31dc2e9a57c19380f21abcde62
1240146;Regular;2024;Resumen;https://post.anid.cl/frontend.php/es/postulacion/descargar/hash/c51131565a170347615ec1860f2bd77a
1240152;Regular;2024;Resumen;https://post.anid.cl/frontend.php/es/postulacion/descargar/hash/1ce949256dd85a41681a1e3576d866cc
1240153;Regular;2024;Resumen;https://post.anid.cl/frontend.php/es/postulacion/descargar/hash/51caf09ddc759f96412c15a0b7234d5a
1240154;Regular;2024;Resumen;https://post.anid.cl/frontend.php/es/postulacion/descargar/hash/196897d92d104be0c3f88a5cb818e531
1240155;Regular;2024;Resumen;https://post.anid.cl/frontend.php/es/postulacion/descargar/hash/867d44fcd5c60745f2fd76ad0e738d65
1240156;Regular;2024;Resumen;https://post.anid.cl/frontend.php/es/postulacion/descargar/hash/483c9f9fdc09184f5f3c5eac543e6680
1240161;Regular;2024;Resumen;https://post.anid.cl/frontend.php/es/postulacion/descargar/hash/027df01f1d0943f448de0f59e98e1964
1240162;Regular;2024;Resumen;https://post.anid.cl/frontend.php/es/postulacion/descargar/hash/2cc1c8d9a9aa594b6a4a0a4af27641e1
1240167;Regular;2024;Resumen;https://post.anid.cl/frontend.php/es/postulacion/descargar/hash/9afbafc13ac8449df90465fad2a65a9f
1240176;Regular;2024;Resumen;https://post.anid.cl/frontend.php/es/postulacion/descargar/hash/0c306d826dc44fb80795d593886bc7e2
1240180;Regular;2024;Resumen;https://post.anid.cl/frontend.php/es/postulacion/descargar/hash/0a0451b9fd19397cd2ec40d04c25d62a
1240181;Regular;2024;Resumen;https://post.anid.cl/frontend.php/es/postulacion/descargar/hash/543e5103e243d63a5bd723db311c860b
1240182;Regular;2024;Resumen;https://post.anid.cl/frontend.php/es/postulacion/descargar/hash/8d22804234f57f6c09d03d95e01d7f12
1240183;Regular;2024;Resumen;https://post.anid.cl/frontend.php/es/postulacion/descargar/hash/f176fdce57bc1fdbfce8311b6453ef25
1240184;Regular;2024;Resumen;https://post.anid.cl/frontend.php/es/postulacion/descargar/hash/7a6afa36a1ccc3734e42013e8f6d2402
1240186;Regular;2024;Resumen;https://post.anid.cl/frontend.php/es/postulacion/descargar/hash/81f7da48c95b7a39bde385850f1b2994
1240188;Regular;2024;Resumen;https://post.anid.cl/frontend.php/es/postulacion/descargar/hash/258fe2aacb748c45181bb8c9fd66b84a
1240190;Regular;2024;Resumen;https://post.anid.cl/frontend.php/es/postulacion/descargar/hash/3251af4c9859668b21a7039d7710a315
1240193;Regular;2024;Resumen;https://post.anid.cl/frontend.php/es/postulacion/descargar/hash/57949d8682c95f2921777644e1ed3788
1240197;Regular;2024;Resumen;https://post.anid.cl/frontend.php/es/postulacion/descargar/hash/dc393a50164506ad531f79f7f40ee71f
1240198;Regular;2024;Resumen;https://post.anid.cl/frontend.php/es/postulacion/descargar/hash/f88c2be6c32461fab23911d691d907f0
1240199;Regular;2024;Resumen;https://post.anid.cl/frontend.php/es/postulacion/descargar/hash/f281f2717165c87bd77fae9cf26886bc
1240200;Regular;2024;Resumen;https://post.anid.cl/frontend.php/es/postulacion/descargar/hash/8f8205645f93687a7d0618478b20811d
1240201;Regular;2024;Resumen;https://post.anid.cl/frontend.php/es/postulacion/descargar/hash/668e4b8f9e95d4b21c0d5e522dc1ba65
1240204;Regular;2024;Resumen;https://post.anid.cl/frontend.php/es/postulacion/descargar/hash/db66057a7b798ab7aca5e0340a1fd109
1240205;Regular;2024;Resumen;https://post.anid.cl/frontend.php/es/postulacion/descargar/hash/4167054b84bfb778aab0c40eb85fe31e
1240212;Regular;2024;Resumen;https://post.anid.cl/frontend.php/es/postulacion/descargar/hash/3e563ed60420233d00e37c98ee4bd704
1240216;Regular;2024;Resumen;https://post.anid.cl/frontend.php/es/postulacion/descargar/hash/1ef0caa1d88d74a3caf09934ede14183
1240219;Regular;2024;Resumen;https://post.anid.cl/frontend.php/es/postulacion/descargar/hash/82296b2b082d99dc04e5d5638efcde0a
1240224;Regular;2024;Resumen;https://post.anid.cl/frontend.php/es/postulacion/descargar/hash/9b3c49cfeea4e90b2c51791c3f7bc5af
1240227;Regular;2024;Resumen;https://post.anid.cl/frontend.php/es/postulacion/descargar/hash/3727ffffdcc1addc44bdbc5114234a82
1240231;Regular;2024;Resumen;https://post.anid.cl/frontend.php/es/postulacion/descargar/hash/095be1bae13f4229a3791a210fd0f59a
1240232;Regular;2024;Resumen;https://post.anid.cl/frontend.php/es/postulacion/descargar/hash/ae0a59ad133b8dd5015f4cb47704f77c
1240242;Regular;2024;Resumen;https://post.anid.cl/frontend.php/es/postulacion/descargar/hash/76ced7571d202b8d2b69485aeb0c9e2a
1240244;Regular;2024;Resumen;https://post.anid.cl/frontend.php/es/postulacion/descargar/hash/6ea854d490b175a6f4a4250b8ce2034c
1240245;Regular;2024;Resumen;https://post.anid.cl/frontend.php/es/postulacion/descargar/hash/8983debc12a5f00bce72e60dbfe9a81d
1240247;Regular;2024;Resumen;https://post.anid.cl/frontend.php/es/postulacion/descargar/hash/f5c6f48a48f4f2394a7e28915e154f2a
1240249;Regular;2024;Resumen;https://post.anid.cl/frontend.php/es/postulacion/descargar/hash/eba5352680f02f6e0fe191ec375fd5af
1240253;Regular;2024;Resumen;https://post.anid.cl/frontend.php/es/postulacion/descargar/hash/5e0e99504d0d1428fb5676da86e94f8c
1240259;Regular;2024;Resumen;https://post.anid.cl/frontend.php/es/postulacion/descargar/hash/7084fc587887d03536516b0f4797f7b0
1240260;Regular;2024;Resumen;https://post.anid.cl/frontend.php/es/postulacion/descargar/hash/7bf95f1ed3d2df36a9a9885754981d4e
1240262;Regular;2024;Resumen;https://post.anid.cl/frontend.php/es/postulacion/descargar/hash/a30721de1fa09bff92b395ef422ba52d
1240263;Regular;2024;Resumen;https://post.anid.cl/frontend.php/es/postulacion/descargar/hash/88417727d7e338ebbc6b2bcc9ba507aa
1240264;Regular;2024;Resumen;https://post.anid.cl/frontend.php/es/postulacion/descargar/hash/9e7ed35cacc5ec190fd15f53c1a3c7c8
1240268;Regular;2024;Resumen;https://post.anid.cl/frontend.php/es/postulacion/descargar/hash/266367d13ee79d5aca50e945f6c4c142
1240273;Regular;2024;Resumen;https://post.anid.cl/frontend.php/es/postulacion/descargar/hash/9377e07312756c1ee031084246ef96ac
1240279;Regular;2024;Resumen;https://post.anid.cl/frontend.php/es/postulacion/descargar/hash/d754ab9cc0793811c8a2e102f4a8ee89
1240281;Regular;2024;Resumen;https://post.anid.cl/frontend.php/es/postulacion/descargar/hash/35e2eaf846816a3af85d6dadb2608ba6
1240283;Regular;2024;Resumen;https://post.anid.cl/frontend.php/es/postulacion/descargar/hash/8d69927478a0d655f3d565555245563d
1240284;Regular;2024;Resumen;https://post.anid.cl/frontend.php/es/postulacion/descargar/hash/6930313877ad287914fbf015c6af2a84
1240286;Regular;2024;Resumen;https://post.anid.cl/frontend.php/es/postulacion/descargar/hash/39c85019db2b94c2a62a40d9c4bbc7c0
1240287;Regular;2024;Resumen;https://post.anid.cl/frontend.php/es/postulacion/descargar/hash/54e0078e4a9a70d7afb0b5bdf885e9b6
1240288;Regular;2024;Resumen;https://post.anid.cl/frontend.php/es/postulacion/descargar/hash/bfff8da479d804e26681425e6f54f65b
1240289;Regular;2024;Resumen;https://post.anid.cl/frontend.php/es/postulacion/descargar/hash/e38cd6c3ba52ea4d6e03358106559e3a
1240293;Regular;2024;Resumen;https://post.anid.cl/frontend.php/es/postulacion/descargar/hash/5aa655eb80f27f8737e15ad2743b2e2b
1240294;Regular;2024;Resumen;https://post.anid.cl/frontend.php/es/postulacion/descargar/hash/b6acb5d6dfcaed4b5ffad29458448548
1240295;Regular;2024;Resumen;https://post.anid.cl/frontend.php/es/postulacion/descargar/hash/f3d638f806bbd07111910ef44bbdca1e
1240296;Regular;2024;Resumen;https://post.anid.cl/frontend.php/es/postulacion/descargar/hash/762944a6b4ff6811948f51d87176b1e7
1240298;Regular;2024;Resumen;https://post.anid.cl/frontend.php/es/postulacion/descargar/hash/0e934bcb0ff656df5c59adead2198a2d
1240301;Regular;2024;Resumen;https://post.anid.cl/frontend.php/es/postulacion/descargar/hash/d490a832297d31ff6cd219e03c5d0ac2
1240302;Regular;2024;Resumen;https://post.anid.cl/frontend.php/es/postulacion/descargar/hash/ac6853273e4efc7735e931fe07403554
1240308;Regular;2024;Resumen;https://post.anid.cl/frontend.php/es/postulacion/descargar/hash/6bb1794cf2d44a6a461be7fdc3ee5e13
1240310;Regular;2024;Resumen;https://post.anid.cl/frontend.php/es/postulacion/descargar/hash/50e8596fce7e6a6040c65c411fe0da66
1240312;Regular;2024;Resumen;https://post.anid.cl/frontend.php/es/postulacion/descargar/hash/d0ae641688d20a70af1825eebf53dc01
1240314;Regular;2024;Resumen;https://post.anid.cl/frontend.php/es/postulacion/descargar/hash/e6f502d3e6adbb373bafd5374ce50b6f
1240316;Regular;2024;Resumen;https://post.anid.cl/frontend.php/es/postulacion/descargar/hash/3f0276917d1b726c1687b45869844b3f
1240318;Regular;2024;Resumen;https://post.anid.cl/frontend.php/es/postulacion/descargar/hash/63e12ff73da42e4cce252bd9538e0729
1240319;Regular;2024;Resumen;https://post.anid.cl/frontend.php/es/postulacion/descargar/hash/8facec748513182da49e1d862434bcc1
1240322;Regular;2024;Resumen;https://post.anid.cl/frontend.php/es/postulacion/descargar/hash/aed43cae664377aa1508e57e4f72ab4a
1240325;Regular;2024;Resumen;https://post.anid.cl/frontend.php/es/postulacion/descargar/hash/c12dafe12cb9d86fc57a20186205c5d3
1240327;Regular;2024;Resumen;https://post.anid.cl/frontend.php/es/postulacion/descargar/hash/bef36c1ce37254846a8944023bfccb5e
1240328;Regular;2024;Resumen;https://post.anid.cl/frontend.php/es/postulacion/descargar/hash/c0c03c8c4d73ef63388bd988a20091d2
1240329;Regular;2024;Resumen;https://post.anid.cl/frontend.php/es/postulacion/descargar/hash/eae744b068d11a417412f520e82ec028
1240334;Regular;2024;Resumen;https://post.anid.cl/frontend.php/es/postulacion/descargar/hash/9c7383e332e7d4c98517fa9489df1e24
1240335;Regular;2024;Resumen;https://post.anid.cl/frontend.php/es/postulacion/descargar/hash/0487b27e910883abf4602d42a20077db
1240336;Regular;2024;Resumen;https://post.anid.cl/frontend.php/es/postulacion/descargar/hash/52b617ce28bba2ceb2971fea1d70f1f3
1240337;Regular;2024;Resumen;https://post.anid.cl/frontend.php/es/postulacion/descargar/hash/5ead6fbf221b0cf77f58283154bea7c6
1240342;Regular;2024;Resumen;https://post.anid.cl/frontend.php/es/postulacion/descargar/hash/4754d48a4d3e8ff1ab153dfba9bc6393
1240344;Regular;2024;Resumen;https://post.anid.cl/frontend.php/es/postulacion/descargar/hash/efda5ceab1fd3c94a20151574276b031
1240345;Regular;2024;Resumen;https://post.anid.cl/frontend.php/es/postulacion/descargar/hash/3fa61292cbf38f893e18c81dfd9ac60f
1240346;Regular;2024;Resumen;https://post.anid.cl/frontend.php/es/postulacion/descargar/hash/7baab3fd32471bf964c7d79b33f5eb92
1240357;Regular;2024;Resumen;https://post.anid.cl/frontend.php/es/postulacion/descargar/hash/7a4b4155de4ceb67204753119c4ae997
1240359;Regular;2024;Resumen;https://post.anid.cl/frontend.php/es/postulacion/descargar/hash/95d315292b415a30ce16056f602b2deb
1240360;Regular;2024;Resumen;https://post.anid.cl/frontend.php/es/postulacion/descargar/hash/c91387c15ed11ce3a6c715703f9fbc72
1240361;Regular;2024;Resumen;https://post.anid.cl/frontend.php/es/postulacion/descargar/hash/bc5f0e6cf51a86fbb81d4766b7675fde
1240365;Regular;2024;Resumen;https://post.anid.cl/frontend.php/es/postulacion/descargar/hash/9349532ef9c8c9eaf5a8d5301a6fda9a
1240367;Regular;2024;Resumen;https://post.anid.cl/frontend.php/es/postulacion/descargar/hash/8a3f12e7dcc3ef11376ce531c01fda98
1240368;Regular;2024;Resumen;https://post.anid.cl/frontend.php/es/postulacion/descargar/hash/863ba3b203521bea45949f773aad16fe
1240375;Regular;2024;Resumen;https://post.anid.cl/frontend.php/es/postulacion/descargar/hash/38519fa1bd8c2e419a288531550905f3
1240387;Regular;2024;Resumen;https://post.anid.cl/frontend.php/es/postulacion/descargar/hash/b36d0601f368e93c0fff2b54849319a9
1240388;Regular;2024;Resumen;https://post.anid.cl/frontend.php/es/postulacion/descargar/hash/a6dc097e1e4efcf8734b99a1e42b5306
1240398;Regular;2024;Resumen;https://post.anid.cl/frontend.php/es/postulacion/descargar/hash/c3a4ab21043e28c34039247af3915a19
1240399;Regular;2024;Resumen;https://post.anid.cl/frontend.php/es/postulacion/descargar/hash/b701959f2676bd49e1383c8a0ea74104
1240404;Regular;2024;Resumen;https://post.anid.cl/frontend.php/es/postulacion/descargar/hash/ff16f15afe0431236c4254087848b790
1240405;Regular;2024;Resumen;https://post.anid.cl/frontend.php/es/postulacion/descargar/hash/08f48f93d68c3ac4fceb709b5d4db133
1240406;Regular;2024;Resumen;https://post.anid.cl/frontend.php/es/postulacion/descargar/hash/a630839400930e52706a2619b5772764
1240409;Regular;2024;Resumen;https://post.anid.cl/frontend.php/es/postulacion/descargar/hash/105306a3052f199deaf3adc83974dbdc
1240411;Regular;2024;Resumen;https://post.anid.cl/frontend.php/es/postulacion/descargar/hash/f7f10444fac0ccd8558afd6317be0669
1240412;Regular;2024;Resumen;https://post.anid.cl/frontend.php/es/postulacion/descargar/hash/03a9f6e22167a86f10c5b3b27f62aa5d
1240413;Regular;2024;Resumen;https://post.anid.cl/frontend.php/es/postulacion/descargar/hash/0349ca2a5ce95fb0ddc8eff75b8c660d
1240415;Regular;2024;Resumen;https://post.anid.cl/frontend.php/es/postulacion/descargar/hash/345e5d188c17924ef5e81607be0f2189
1240417;Regular;2024;Resumen;https://post.anid.cl/frontend.php/es/postulacion/descargar/hash/ca40d3573e4f75481bd2dbac1dd4bf12
1240425;Regular;2024;Resumen;https://post.anid.cl/frontend.php/es/postulacion/descargar/hash/b5ea3f63b2caeda34e8454f8a1286d5a
1240426;Regular;2024;Resumen;https://post.anid.cl/frontend.php/es/postulacion/descargar/hash/193c993b1c5a604599cbe8954fbfe29e
1240430;Regular;2024;Resumen;https://post.anid.cl/frontend.php/es/postulacion/descargar/hash/a26aecf08fa87f019ac82bf5a7d69cc2
1240442;Regular;2024;Resumen;https://post.anid.cl/frontend.php/es/postulacion/descargar/hash/2bfded5e8dacb2232d2067aa55851d99
1240443;Regular;2024;Resumen;https://post.anid.cl/frontend.php/es/postulacion/descargar/hash/e264f11da1caee23c9ffed5fdde38a20
1240446;Regular;2024;Resumen;https://post.anid.cl/frontend.php/es/postulacion/descargar/hash/6fa3dcc8d20c379865e9e12b7f5ccb00
1240447;Regular;2024;Resumen;https://post.anid.cl/frontend.php/es/postulacion/descargar/hash/b2e56a2525b5942b809e0e216452277e
1240448;Regular;2024;Resumen;https://post.anid.cl/frontend.php/es/postulacion/descargar/hash/5af4793d9c5b464db3d23f61c3f95e7d
1240449;Regular;2024;Resumen;https://post.anid.cl/frontend.php/es/postulacion/descargar/hash/38642f1bf8a1847c77dc628bf4e2adf9
1240450;Regular;2024;Resumen;https://post.anid.cl/frontend.php/es/postulacion/descargar/hash/bec1d23eb6aebbfd41f0f339833749b9
1240451;Regular;2024;Resumen;https://post.anid.cl/frontend.php/es/postulacion/descargar/hash/5577b3c5afdd47a2e97e83b1f95d84d6
1240459;Regular;2024;Resumen;https://post.anid.cl/frontend.php/es/postulacion/descargar/hash/65e108d955ed251afb40de96f749a97f
1240460;Regular;2024;Resumen;https://post.anid.cl/frontend.php/es/postulacion/descargar/hash/733790fc90b0362e2f1f0f5158aa2b59
1240465;Regular;2024;Resumen;https://post.anid.cl/frontend.php/es/postulacion/descargar/hash/1f85c895ddebdf576e016d83d8beae7e
1240468;Regular;2024;Resumen;https://post.anid.cl/frontend.php/es/postulacion/descargar/hash/b9fb81a8087e9f7a341c3539c61fb35c
1240472;Regular;2024;Resumen;https://post.anid.cl/frontend.php/es/postulacion/descargar/hash/ef7836e14907e74ea810c36efae2e141
1240481;Regular;2024;Resumen;https://post.anid.cl/frontend.php/es/postulacion/descargar/hash/3a0d1ccea0ac46e02968262825bfd74d
1240485;Regular;2024;Resumen;https://post.anid.cl/frontend.php/es/postulacion/descargar/hash/6a344a337b88e1c52187f91a790ee02b
1240486;Regular;2024;Resumen;https://post.anid.cl/frontend.php/es/postulacion/descargar/hash/0f6e699e3f9bf8e897b005b883dc2339
1240490;Regular;2024;Resumen;https://post.anid.cl/frontend.php/es/postulacion/descargar/hash/281cb0ed6cf8d824d99538d88c4fffa4
1240492;Regular;2024;Resumen;https://post.anid.cl/frontend.php/es/postulacion/descargar/hash/8f1ae97ca9d9db3865a981ef2f56e80c
1240496;Regular;2024;Resumen;https://post.anid.cl/frontend.php/es/postulacion/descargar/hash/0a99ad02d60cf1cf53de4c716c2a48eb
1240497;Regular;2024;Resumen;https://post.anid.cl/frontend.php/es/postulacion/descargar/hash/2639fcb3a08d9fb67aa9bbd4f8a87486
1240500;Regular;2024;Resumen;https://post.anid.cl/frontend.php/es/postulacion/descargar/hash/8c4d70e582fda7f95c62997231c8822d
1240501;Regular;2024;Resumen;https://post.anid.cl/frontend.php/es/postulacion/descargar/hash/1226274f725521fc5ff7a6254ab4b53f
1240503;Regular;2024;Resumen;https://post.anid.cl/frontend.php/es/postulacion/descargar/hash/0c1ea7cc2ff710781dcb8db730e20e23
1240508;Regular;2024;Resumen;https://post.anid.cl/frontend.php/es/postulacion/descargar/hash/541289710a26f95be487dd82cf68de1f
1240510;Regular;2024;Resumen;https://post.anid.cl/frontend.php/es/postulacion/descargar/hash/437b129b1a9d68804ccd45619a3d5b7a
1240514;Regular;2024;Resumen;https://post.anid.cl/frontend.php/es/postulacion/descargar/hash/cb10a15e214e87da65edd04aa49ad297
1240517;Regular;2024;Resumen;https://post.anid.cl/frontend.php/es/postulacion/descargar/hash/22ca2ec4519f6c75c63ae28bc80c23c6
1240523;Regular;2024;Resumen;https://post.anid.cl/frontend.php/es/postulacion/descargar/hash/71fe9fa92fae2ffe1742f85df5516c83
1240525;Regular;2024;Resumen;https://post.anid.cl/frontend.php/es/postulacion/descargar/hash/45b49249b7527dd057d702d770dca5d0
1240526;Regular;2024;Resumen;https://post.anid.cl/frontend.php/es/postulacion/descargar/hash/72768fd02626a73e2a5d5a68c5096a2a
1240537;Regular;2024;Resumen;https://post.anid.cl/frontend.php/es/postulacion/descargar/hash/58b30725f645981df892ad74f76e6b28
1240539;Regular;2024;Resumen;https://post.anid.cl/frontend.php/es/postulacion/descargar/hash/ec3aef7d1714d6e5804c9f6c44845cb8
1240540;Regular;2024;Resumen;https://post.anid.cl/frontend.php/es/postulacion/descargar/hash/d6b4b7a491e47862268f31482e2a656a
1240543;Regular;2024;Resumen;https://post.anid.cl/frontend.php/es/postulacion/descargar/hash/b88fae2304707460a428833b4f112a47
1240547;Regular;2024;Resumen;https://post.anid.cl/frontend.php/es/postulacion/descargar/hash/73424112cd4e54f2bec8774f8be1dc2f
1240548;Regular;2024;Resumen;https://post.anid.cl/frontend.php/es/postulacion/descargar/hash/7c203d857e014cefa1b4eecefdbcb7d2
1240549;Regular;2024;Resumen;https://post.anid.cl/frontend.php/es/postulacion/descargar/hash/42f6ef470ab7229cd7ffe28d9bc0a30e
1240550;Regular;2024;Resumen;https://post.anid.cl/frontend.php/es/postulacion/descargar/hash/86c84fd8e294e55cb91503dd2ff3906a
1240551;Regular;2024;Resumen;https://post.anid.cl/frontend.php/es/postulacion/descargar/hash/f1084bc5ab7d6fe883496fe802aa3647
1240552;Regular;2024;Resumen;https://post.anid.cl/frontend.php/es/postulacion/descargar/hash/291bb91746eb3fb1f14b93b4b09daadf
1240554;Regular;2024;Resumen;https://post.anid.cl/frontend.php/es/postulacion/descargar/hash/fc2a333a9d8800ac4c6e9492c97c9a2e
1240556;Regular;2024;Resumen;https://post.anid.cl/frontend.php/es/postulacion/descargar/hash/df23c64392633c277016d4107b21dabc
1240572;Regular;2024;Resumen;https://post.anid.cl/frontend.php/es/postulacion/descargar/hash/51384892f3cec386a1b1d829e36e98a0
1240573;Regular;2024;Resumen;https://post.anid.cl/frontend.php/es/postulacion/descargar/hash/26ff9dc9a6996d17254b297c5cdd7ca6
1240579;Regular;2024;Resumen;https://post.anid.cl/frontend.php/es/postulacion/descargar/hash/acc81e2fb55f49b6587d4638923536b3
1240580;Regular;2024;Resumen;https://post.anid.cl/frontend.php/es/postulacion/descargar/hash/77ba3f7d2ec15f3133737fe76f1f2146
1240582;Regular;2024;Resumen;https://post.anid.cl/frontend.php/es/postulacion/descargar/hash/a82ccc8e25766ae494df14ee7334a268
1240585;Regular;2024;Resumen;https://post.anid.cl/frontend.php/es/postulacion/descargar/hash/6887b90a0922e071c577bbbc15f5a4f3
1240601;Regular;2024;Resumen;https://post.anid.cl/frontend.php/es/postulacion/descargar/hash/1f9b45d9ffb0c3745bb6cd8b1f3f7e96
1240602;Regular;2024;Resumen;https://post.anid.cl/frontend.php/es/postulacion/descargar/hash/f4b45a4718daf2c9c4d3c103c4ee60a6
1240604;Regular;2024;Resumen;https://post.anid.cl/frontend.php/es/postulacion/descargar/hash/2328d443e33484e37d7ae59c3843ea93
1240606;Regular;2024;Resumen;https://post.anid.cl/frontend.php/es/postulacion/descargar/hash/36be8ad052c2890dd513d8b727e1152a
1240611;Regular;2024;Resumen;https://post.anid.cl/frontend.php/es/postulacion/descargar/hash/c6f004a6273c602524ee51de74ac7f74
1240615;Regular;2024;Resumen;https://post.anid.cl/frontend.php/es/postulacion/descargar/hash/52de7f70bd55e8f340d2883188921a81
1240616;Regular;2024;Resumen;https://post.anid.cl/frontend.php/es/postulacion/descargar/hash/cfdcda9baeece62cf1c7e581c2282846
1240623;Regular;2024;Resumen;https://post.anid.cl/frontend.php/es/postulacion/descargar/hash/9814b604d6d84c58d6dd066979f3fd1a
1240624;Regular;2024;Resumen;https://post.anid.cl/frontend.php/es/postulacion/descargar/hash/8a801cc24cde0b8f9df3bcfc42dc1d42
1240627;Regular;2024;Resumen;https://post.anid.cl/frontend.php/es/postulacion/descargar/hash/3230d6845316112c31fa0f29872ff28a
1240628;Regular;2024;Resumen;https://post.anid.cl/frontend.php/es/postulacion/descargar/hash/062b8c2fb6c61e17016e61762bdd3f19
1240631;Regular;2024;Resumen;https://post.anid.cl/frontend.php/es/postulacion/descargar/hash/e0cff1b5650318be498c111ab4d20c7e
1240632;Regular;2024;Resumen;https://post.anid.cl/frontend.php/es/postulacion/descargar/hash/25da4c9ab7da458d4bbafa1376dff790
1240633;Regular;2024;Resumen;https://post.anid.cl/frontend.php/es/postulacion/descargar/hash/0587cb93b603a4b183902174cfd82173
1240635;Regular;2024;Resumen;https://post.anid.cl/frontend.php/es/postulacion/descargar/hash/8fbba49a443b6070143aec008f275a75
1240636;Regular;2024;Resumen;https://post.anid.cl/frontend.php/es/postulacion/descargar/hash/4b0d8b7b120f8258736d6166033f3c1c
1240637;Regular;2024;Resumen;https://post.anid.cl/frontend.php/es/postulacion/descargar/hash/8bc146947e1af99541bd6ecfd59b014e
1240641;Regular;2024;Resumen;https://post.anid.cl/frontend.php/es/postulacion/descargar/hash/8df58967e5d3968c876a83f11794c892
1240643;Regular;2024;Resumen;https://post.anid.cl/frontend.php/es/postulacion/descargar/hash/73c86cdab956f82d3fc782a9ba811e2f
1240648;Regular;2024;Resumen;https://post.anid.cl/frontend.php/es/postulacion/descargar/hash/bb49276101d8c5df0136f1c8ed6f3394
1240650;Regular;2024;Resumen;https://post.anid.cl/frontend.php/es/postulacion/descargar/hash/491861b22f863fab5976ce0c0dde3475
1240655;Regular;2024;Resumen;https://post.anid.cl/frontend.php/es/postulacion/descargar/hash/1d481ec70823c5c0848841ce4848937b
1240657;Regular;2024;Resumen;https://post.anid.cl/frontend.php/es/postulacion/descargar/hash/ba57bc2d424a658cfdd6a620f17d0169
1240658;Regular;2024;Resumen;https://post.anid.cl/frontend.php/es/postulacion/descargar/hash/04ea27fdf83db8dc1f466c8f74803964
1240662;Regular;2024;Resumen;https://post.anid.cl/frontend.php/es/postulacion/descargar/hash/e076f69b7c1357f19797d12e92f9466d
1240663;Regular;2024;Resumen;https://post.anid.cl/frontend.php/es/postulacion/descargar/hash/9dc799af858389c769a3475e5b04525f
1240664;Regular;2024;Resumen;https://post.anid.cl/frontend.php/es/postulacion/descargar/hash/208cdc9d788c4697b66c3d2286841083
1240667;Regular;2024;Resumen;https://post.anid.cl/frontend.php/es/postulacion/descargar/hash/1b9ac68b7cefcda9d6d6981bf718dd86
1240669;Regular;2024;Resumen;https://post.anid.cl/frontend.php/es/postulacion/descargar/hash/81ad0afa6b4df7644486d23210fc2e26
1240674;Regular;2024;Resumen;https://post.anid.cl/frontend.php/es/postulacion/descargar/hash/f6a15406e5315ea5675d1890e0bcd5e7
1240675;Regular;2024;Resumen;https://post.anid.cl/frontend.php/es/postulacion/descargar/hash/8ac5506c6d1d8415d225750cf68a34d8
1240676;Regular;2024;Resumen;https://post.anid.cl/frontend.php/es/postulacion/descargar/hash/91db37bacf66b4943fb770aa081bac90
1240678;Regular;2024;Resumen;https://post.anid.cl/frontend.php/es/postulacion/descargar/hash/0c5dc251b9acda3ffcdc5dfc3239ec1a
1240681;Regular;2024;Resumen;https://post.anid.cl/frontend.php/es/postulacion/descargar/hash/6f940055c0e159e9f644bd99a9dab40f
1240683;Regular;2024;Resumen;https://post.anid.cl/frontend.php/es/postulacion/descargar/hash/408e35ad97d0072968c432c4444c758a
1240684;Regular;2024;Resumen;https://post.anid.cl/frontend.php/es/postulacion/descargar/hash/8416437b1c08bc3806eadf368d37fffb
1240686;Regular;2024;Resumen;https://post.anid.cl/frontend.php/es/postulacion/descargar/hash/702c76b94a1b5a929dc66d60a19a522b
1240688;Regular;2024;Resumen;https://post.anid.cl/frontend.php/es/postulacion/descargar/hash/50df7d1e6d10519cf1fc84ceae3aa05d
1240695;Regular;2024;Resumen;https://post.anid.cl/frontend.php/es/postulacion/descargar/hash/8f64a1bf2d7fff171b7ff34fa9b1e201
1240697;Regular;2024;Resumen;https://post.anid.cl/frontend.php/es/postulacion/descargar/hash/ab7999b1e3dabd8b99f88006a05e0912
1240701;Regular;2024;Resumen;https://post.anid.cl/frontend.php/es/postulacion/descargar/hash/d7b121e8a70ce4bb68aa791057061879
1240705;Regular;2024;Resumen;https://post.anid.cl/frontend.php/es/postulacion/descargar/hash/62fc61361ae127c38a67d5adbb12c81c
1240707;Regular;2024;Resumen;https://post.anid.cl/frontend.php/es/postulacion/descargar/hash/23fbfb205a6889aab10dd2dd908d1073
1240712;Regular;2024;Resumen;https://post.anid.cl/frontend.php/es/postulacion/descargar/hash/ef58e7d21651b4511361b80d60e9508b
1240720;Regular;2024;Resumen;https://post.anid.cl/frontend.php/es/postulacion/descargar/hash/9915777ab62851305d7054e467b3d922
1240721;Regular;2024;Resumen;https://post.anid.cl/frontend.php/es/postulacion/descargar/hash/8cef040dfdf4f3b8d24ecffef1bd43b3
1240723;Regular;2024;Resumen;https://post.anid.cl/frontend.php/es/postulacion/descargar/hash/06ed2308f1b1c221ba8feed0fd65ead4
1240730;Regular;2024;Resumen;https://post.anid.cl/frontend.php/es/postulacion/descargar/hash/a5bf5981d95d684a47a23d3fe7006ea5
1240734;Regular;2024;Resumen;https://post.anid.cl/frontend.php/es/postulacion/descargar/hash/63102ca77d9c717800d8672a845c20a3
1240735;Regular;2024;Resumen;https://post.anid.cl/frontend.php/es/postulacion/descargar/hash/0ec204e47ce96984617ed9c1b782bd28
1240738;Regular;2024;Resumen;https://post.anid.cl/frontend.php/es/postulacion/descargar/hash/3655c919bde10672b441745ce1bfdfa4
1240739;Regular;2024;Resumen;https://post.anid.cl/frontend.php/es/postulacion/descargar/hash/b7264aa9e62fb922fcf00fe6a7d6f653
1240741;Regular;2024;Resumen;https://post.anid.cl/frontend.php/es/postulacion/descargar/hash/34748829f33aa6d4aeba26a81997aef0
1240742;Regular;2024;Resumen;https://post.anid.cl/frontend.php/es/postulacion/descargar/hash/e845785852e6f568cf428722fa43a4fa
1240743;Regular;2024;Resumen;https://post.anid.cl/frontend.php/es/postulacion/descargar/hash/5ad369115eb15aa186a648dd50643395
1240744;Regular;2024;Resumen;https://post.anid.cl/frontend.php/es/postulacion/descargar/hash/884e66a22a37e01f99df09ae798b4c63
1240745;Regular;2024;Resumen;https://post.anid.cl/frontend.php/es/postulacion/descargar/hash/d2ba3eda797136d35929bd768dc52d3c
1240746;Regular;2024;Resumen;https://post.anid.cl/frontend.php/es/postulacion/descargar/hash/038f69ee723e7c79d327ebab342b2630
1240752;Regular;2024;Resumen;https://post.anid.cl/frontend.php/es/postulacion/descargar/hash/db173b99152f3829ac2f9facc237b46b
1240753;Regular;2024;Resumen;https://post.anid.cl/frontend.php/es/postulacion/descargar/hash/59d6d845e264c18bd235f0034e0d6e79
1240755;Regular;2024;Resumen;https://post.anid.cl/frontend.php/es/postulacion/descargar/hash/2670c2598c69727cc575b2fab6ae9dd3
1240757;Regular;2024;Resumen;https://post.anid.cl/frontend.php/es/postulacion/descargar/hash/b7133e7550ad7622ab717f144be6e28d
1240759;Regular;2024;Resumen;https://post.anid.cl/frontend.php/es/postulacion/descargar/hash/d385f874ce770cbca83ed0cdf2d92368
1240764;Regular;2024;Resumen;https://post.anid.cl/frontend.php/es/postulacion/descargar/hash/51185da385fa67b1ffd213b34f27b03b
1240765;Regular;2024;Resumen;https://post.anid.cl/frontend.php/es/postulacion/descargar/hash/e602688d61415b911df33a118ad8a51b
1240768;Regular;2024;Resumen;https://post.anid.cl/frontend.php/es/postulacion/descargar/hash/26efa67d9a65cf4d4a3ec11bc470ce49
1240770;Regular;2024;Resumen;https://post.anid.cl/frontend.php/es/postulacion/descargar/hash/fc4bfb106c32c22f958905b08a784d16
1240771;Regular;2024;Resumen;https://post.anid.cl/frontend.php/es/postulacion/descargar/hash/123d90ebde7dbf66978ce0cebac9c5e0
1240772;Regular;2024;Resumen;https://post.anid.cl/frontend.php/es/postulacion/descargar/hash/262981974a1027f843fc7751010726e8
1240777;Regular;2024;Resumen;https://post.anid.cl/frontend.php/es/postulacion/descargar/hash/cb15f4838cda613fa602ecc293fc18ba
1240781;Regular;2024;Resumen;https://post.anid.cl/frontend.php/es/postulacion/descargar/hash/ec1ae553b07103a3210222ee62f44fc9
1240785;Regular;2024;Resumen;https://post.anid.cl/frontend.php/es/postulacion/descargar/hash/ae182eeb2573f85587a379f18467ebb7
1240803;Regular;2024;Resumen;https://post.anid.cl/frontend.php/es/postulacion/descargar/hash/f7371b940f80e2559c5d0c75f5a05590
1240804;Regular;2024;Resumen;https://post.anid.cl/frontend.php/es/postulacion/descargar/hash/347c7fafe03c056df3256600c4d96af1
1240805;Regular;2024;Resumen;https://post.anid.cl/frontend.php/es/postulacion/descargar/hash/a613e80ae824379aeabde61ee0f70edf
1240807;Regular;2024;Resumen;https://post.anid.cl/frontend.php/es/postulacion/descargar/hash/c1acea454ceeb1dd5fceafa75fd05159
1240809;Regular;2024;Resumen;https://post.anid.cl/frontend.php/es/postulacion/descargar/hash/f418f77cf082cc21505d1ac318d2ff49
1240810;Regular;2024;Resumen;https://post.anid.cl/frontend.php/es/postulacion/descargar/hash/4b99a7c24249e3f1115b3e2ace0b25b3
1240811;Regular;2024;Resumen;https://post.anid.cl/frontend.php/es/postulacion/descargar/hash/22a125f169c182ca835d0e1454973195
1240812;Regular;2024;Resumen;https://post.anid.cl/frontend.php/es/postulacion/descargar/hash/1db6ac8c50df8b34bf5915bd65534183
1240814;Regular;2024;Resumen;https://post.anid.cl/frontend.php/es/postulacion/descargar/hash/a10dd82a7f9688eaf7c043ae3a5fcc99
1240819;Regular;2024;Resumen;https://post.anid.cl/frontend.php/es/postulacion/descargar/hash/f08d8e14721be17745f3f2ba62906116
1240822;Regular;2024;Resumen;https://post.anid.cl/frontend.php/es/postulacion/descargar/hash/811fa39e6f8f0efd2cf4117cdb035dea
1240824;Regular;2024;Resumen;https://post.anid.cl/frontend.php/es/postulacion/descargar/hash/ea55fb2fb2ec5ab6d80766f97ed6330c
1240829;Regular;2024;Resumen;https://post.anid.cl/frontend.php/es/postulacion/descargar/hash/549fa80c11482a2c6de0fb3b84f83ed1
1240833;Regular;2024;Resumen;https://post.anid.cl/frontend.php/es/postulacion/descargar/hash/de6f2c3ada49c2b9ecb40699e7af9139
1240835;Regular;2024;Resumen;https://post.anid.cl/frontend.php/es/postulacion/descargar/hash/d9caa04f1cfc0a03593b4971760e8f0a
1240840;Regular;2024;Resumen;https://post.anid.cl/frontend.php/es/postulacion/descargar/hash/cb8835731dc0a1834c2129653e9a89bd
1240843;Regular;2024;Resumen;https://post.anid.cl/frontend.php/es/postulacion/descargar/hash/aa14cb6ff6dba052ad7b98cea6e8ddbb
1240844;Regular;2024;Resumen;https://post.anid.cl/frontend.php/es/postulacion/descargar/hash/39a1b43d10b91fffe5b34a1869da39bf
1240848;Regular;2024;Resumen;https://post.anid.cl/frontend.php/es/postulacion/descargar/hash/7a7b828e7bb0657d26e758ecbbcc0cdf
1240849;Regular;2024;Resumen;https://post.anid.cl/frontend.php/es/postulacion/descargar/hash/70b2a63917e50e66b2e8360c99069fdb
1240851;Regular;2024;Resumen;https://post.anid.cl/frontend.php/es/postulacion/descargar/hash/d05b599bd11054acf318b891ab953f59
1240852;Regular;2024;Resumen;https://post.anid.cl/frontend.php/es/postulacion/descargar/hash/16db060569c53bf9a479052eb6b8de25
1240853;Regular;2024;Resumen;https://post.anid.cl/frontend.php/es/postulacion/descargar/hash/78991dcdc9d2cdcac32e20dabefbc5a3
1240859;Regular;2024;Resumen;https://post.anid.cl/frontend.php/es/postulacion/descargar/hash/3c4c1d1007466397da21d1799d8ea06a
1240862;Regular;2024;Resumen;https://post.anid.cl/frontend.php/es/postulacion/descargar/hash/03d89a1da4acfcaf37cd69676cd32385
1240863;Regular;2024;Resumen;https://post.anid.cl/frontend.php/es/postulacion/descargar/hash/5fddf4a0bdba02ecbdac51563cedd911
1240864;Regular;2024;Resumen;https://post.anid.cl/frontend.php/es/postulacion/descargar/hash/3f2c36f2b241ead45c6c637c262800e7
1240866;Regular;2024;Resumen;https://post.anid.cl/frontend.php/es/postulacion/descargar/hash/7311a4b3a7ff093c0207940cb481b994
1240869;Regular;2024;Resumen;https://post.anid.cl/frontend.php/es/postulacion/descargar/hash/0054baecf63be228ab6b2411dc1ba617
1240871;Regular;2024;Resumen;https://post.anid.cl/frontend.php/es/postulacion/descargar/hash/87a60d05af1848e745fe7cfe78f421ca
1240874;Regular;2024;Resumen;https://post.anid.cl/frontend.php/es/postulacion/descargar/hash/233253e8dee909b2f220671bf1728849
1240877;Regular;2024;Resumen;https://post.anid.cl/frontend.php/es/postulacion/descargar/hash/df99b33710482b18320dd22f149e37dc
1240879;Regular;2024;Resumen;https://post.anid.cl/frontend.php/es/postulacion/descargar/hash/b8056201130ae996ac9e67f39b178cf5
1240883;Regular;2024;Resumen;https://post.anid.cl/frontend.php/es/postulacion/descargar/hash/54d8e7968e8ae6a52d1de5419bea10ab
1240884;Regular;2024;Resumen;https://post.anid.cl/frontend.php/es/postulacion/descargar/hash/c627d18a04c1c3847fc77b0761725c00
1240886;Regular;2024;Resumen;https://post.anid.cl/frontend.php/es/postulacion/descargar/hash/e67c9459b08cc72e9f03432af6b2e72e
1240888;Regular;2024;Resumen;https://post.anid.cl/frontend.php/es/postulacion/descargar/hash/6a18d6bb443001b61e279380e301b05f
1240892;Regular;2024;Resumen;https://post.anid.cl/frontend.php/es/postulacion/descargar/hash/869e141b14614440079baeaf8bc8816b
1240893;Regular;2024;Resumen;https://post.anid.cl/frontend.php/es/postulacion/descargar/hash/527fcefc205f8946d50d0e36ff0873a1
1240895;Regular;2024;Resumen;https://post.anid.cl/frontend.php/es/postulacion/descargar/hash/ff6422551b17e0671fdfee48a119aed4
1240897;Regular;2024;Resumen;https://post.anid.cl/frontend.php/es/postulacion/descargar/hash/8ac961092274205dd32a76bc07f62956
1240899;Regular;2024;Resumen;https://post.anid.cl/frontend.php/es/postulacion/descargar/hash/4befad2e245c1db570dfae12162b83cb
1240900;Regular;2024;Resumen;https://post.anid.cl/frontend.php/es/postulacion/descargar/hash/f17b0c892704c138c875ddcf3c0de282
1240904;Regular;2024;Resumen;https://post.anid.cl/frontend.php/es/postulacion/descargar/hash/6fe1a32e19df43def4bf215a257c3d12
1240912;Regular;2024;Resumen;https://post.anid.cl/frontend.php/es/postulacion/descargar/hash/06778e0603108f23b6e7a7aa463dc6b3
1240916;Regular;2024;Resumen;https://post.anid.cl/frontend.php/es/postulacion/descargar/hash/cff3e6b0f97fa2b9eee95452dd163a2e
1240918;Regular;2024;Resumen;https://post.anid.cl/frontend.php/es/postulacion/descargar/hash/731f7380dba2bf0aa9cc955ac0f557dc
1240922;Regular;2024;Resumen;https://post.anid.cl/frontend.php/es/postulacion/descargar/hash/336f623173392a366873dcd64a8c7f98
1240924;Regular;2024;Resumen;https://post.anid.cl/frontend.php/es/postulacion/descargar/hash/a6f4ea83cdaa879a43d9009b40e1ffaa
1240925;Regular;2024;Resumen;https://post.anid.cl/frontend.php/es/postulacion/descargar/hash/126cf06cf525d06f7c2a9406df587e8f
1240929;Regular;2024;Resumen;https://post.anid.cl/frontend.php/es/postulacion/descargar/hash/0297f84497d956cb3f40daab090aea3e
1240931;Regular;2024;Resumen;https://post.anid.cl/frontend.php/es/postulacion/descargar/hash/faa1dc93a295f857858a6fbabc175bfa
1240933;Regular;2024;Resumen;https://post.anid.cl/frontend.php/es/postulacion/descargar/hash/d23464de59c14388bc6a43381c679e54
1240944;Regular;2024;Resumen;https://post.anid.cl/frontend.php/es/postulacion/descargar/hash/239389992c823d4106da159bd258e49a
1240946;Regular;2024;Resumen;https://post.anid.cl/frontend.php/es/postulacion/descargar/hash/15182694be850547d8d6c46d672a4a52
1240947;Regular;2024;Resumen;https://post.anid.cl/frontend.php/es/postulacion/descargar/hash/96a1338da3a24a93528d00a0ec9179bb
1240951;Regular;2024;Resumen;https://post.anid.cl/frontend.php/es/postulacion/descargar/hash/d5ce7c133dee5cad640ab496d1e2c22e
1240954;Regular;2024;Resumen;https://post.anid.cl/frontend.php/es/postulacion/descargar/hash/dc23fe4a97e6c2ea92bed45585c03188
1240955;Regular;2024;Resumen;https://post.anid.cl/frontend.php/es/postulacion/descargar/hash/d234c71d17368a398f3b01ddc520d5a6
1240960;Regular;2024;Resumen;https://post.anid.cl/frontend.php/es/postulacion/descargar/hash/0e58d37efb202f18856ba8e949ac1f6b
1240962;Regular;2024;Resumen;https://post.anid.cl/frontend.php/es/postulacion/descargar/hash/9ec49451e727a59af5f3c1aef481a0f9
1240968;Regular;2024;Resumen;https://post.anid.cl/frontend.php/es/postulacion/descargar/hash/28069c0f4fccc0e5f77ae6997636299e
1240971;Regular;2024;Resumen;https://post.anid.cl/frontend.php/es/postulacion/descargar/hash/0df220b0ae98b423b1ec0c961e4af127
1240982;Regular;2024;Resumen;https://post.anid.cl/frontend.php/es/postulacion/descargar/hash/24e15680420ee06d901f7007401a112e
1240983;Regular;2024;Resumen;https://post.anid.cl/frontend.php/es/postulacion/descargar/hash/f8222ab6e72ccad4576073c8f63f325f
1240984;Regular;2024;Resumen;https://post.anid.cl/frontend.php/es/postulacion/descargar/hash/69f1ab56b6359f26686e037239efdc28
1240985;Regular;2024;Resumen;https://post.anid.cl/frontend.php/es/postulacion/descargar/hash/f59aa9f74096fca3a734addce310cd71
1240989;Regular;2024;Resumen;https://post.anid.cl/frontend.php/es/postulacion/descargar/hash/490b2bd2c96bcd84091149a002d0e81e
1240990;Regular;2024;Resumen;https://post.anid.cl/frontend.php/es/postulacion/descargar/hash/a38a7e5cbb35b8d7721bf9cfef61e887
1240992;Regular;2024;Resumen;https://post.anid.cl/frontend.php/es/postulacion/descargar/hash/eebb105bf2e8fbe72125fde754fa45a3
1240993;Regular;2024;Resumen;https://post.anid.cl/frontend.php/es/postulacion/descargar/hash/4cf0240df506a7684d19371ab616f6b6
1240995;Regular;2024;Resumen;https://post.anid.cl/frontend.php/es/postulacion/descargar/hash/7b9ae197b6a0818dc7082eb79b4438c4
1240996;Regular;2024;Resumen;https://post.anid.cl/frontend.php/es/postulacion/descargar/hash/7671d3a0988c56db3288aae970b1f241
1240998;Regular;2024;Resumen;https://post.anid.cl/frontend.php/es/postulacion/descargar/hash/b36c60b84f8cf281c30aa1cc0aada605
1241005;Regular;2024;Resumen;https://post.anid.cl/frontend.php/es/postulacion/descargar/hash/1c4a7fe7d704f54f3707b753f1d716f4
1241011;Regular;2024;Resumen;https://post.anid.cl/frontend.php/es/postulacion/descargar/hash/7e818704abb800536aaa01aa734a3ce0
1241012;Regular;2024;Resumen;https://post.anid.cl/frontend.php/es/postulacion/descargar/hash/aa506881923122ea24b9863136240092
1241016;Regular;2024;Resumen;https://post.anid.cl/frontend.php/es/postulacion/descargar/hash/f399e2e8cb7b17a32aa3c8f0b2f72713
1241017;Regular;2024;Resumen;https://post.anid.cl/frontend.php/es/postulacion/descargar/hash/f79166b7b61a4cdbb9b0b986c3998be1
1241021;Regular;2024;Resumen;https://post.anid.cl/frontend.php/es/postulacion/descargar/hash/ec3ddee8dfd0d7cc2d75338aa13fd208
1241022;Regular;2024;Resumen;https://post.anid.cl/frontend.php/es/postulacion/descargar/hash/750f5764e24d96c9c5941d7ca7949f39
1241028;Regular;2024;Resumen;https://post.anid.cl/frontend.php/es/postulacion/descargar/hash/0f52d1dbb74066f5ed3b4eecba294202
1241030;Regular;2024;Resumen;https://post.anid.cl/frontend.php/es/postulacion/descargar/hash/345a3fc452a78e9fbf035b06c74d829c
1241031;Regular;2024;Resumen;https://post.anid.cl/frontend.php/es/postulacion/descargar/hash/d724cecd8780d77e0969e2cfac9ae6cd
1241033;Regular;2024;Resumen;https://post.anid.cl/frontend.php/es/postulacion/descargar/hash/4cb447d3aca12265dd5e5ca2b787bc13
1241040;Regular;2024;Resumen;https://post.anid.cl/frontend.php/es/postulacion/descargar/hash/2b1067a2fe0ac434aca9073342642859
1241043;Regular;2024;Resumen;https://post.anid.cl/frontend.php/es/postulacion/descargar/hash/f4a6353d176079db18456fdf4982fd83
1241046;Regular;2024;Resumen;https://post.anid.cl/frontend.php/es/postulacion/descargar/hash/c82f7c34853ef199ef3543777c72c649
1241048;Regular;2024;Resumen;https://post.anid.cl/frontend.php/es/postulacion/descargar/hash/b5550ba3b23a00b347af322c38f11444
1241055;Regular;2024;Resumen;https://post.anid.cl/frontend.php/es/postulacion/descargar/hash/f73760e0ed81e7b73176d81c47359196
1241056;Regular;2024;Resumen;https://post.anid.cl/frontend.php/es/postulacion/descargar/hash/9b275f55f7ab831961c18e66a88de7ab
1241060;Regular;2024;Resumen;https://post.anid.cl/frontend.php/es/postulacion/descargar/hash/73d7134da58046cc50640a0f057e4b21
1241063;Regular;2024;Resumen;https://post.anid.cl/frontend.php/es/postulacion/descargar/hash/f2501d9ae46bf697a2a430f8ad1d2a33
1241066;Regular;2024;Resumen;https://post.anid.cl/frontend.php/es/postulacion/descargar/hash/3f15b569902e86475c7c75cedbb0417c
1241067;Regular;2024;Resumen;https://post.anid.cl/frontend.php/es/postulacion/descargar/hash/88fc48803aefc0e34ab71fd18fe46b57
1241069;Regular;2024;Resumen;https://post.anid.cl/frontend.php/es/postulacion/descargar/hash/c0c7b486ca4d3b9f660b97ece23b4dd3
1241071;Regular;2024;Resumen;https://post.anid.cl/frontend.php/es/postulacion/descargar/hash/6a743bf6de86755aba634cb4b678ed38
1241072;Regular;2024;Resumen;https://post.anid.cl/frontend.php/es/postulacion/descargar/hash/bff7c740c4a4420d19d2b1f52e51099a
1241073;Regular;2024;Resumen;https://post.anid.cl/frontend.php/es/postulacion/descargar/hash/d3ffc592649ed9633cbf4e80aa80bbc6
1241074;Regular;2024;Resumen;https://post.anid.cl/frontend.php/es/postulacion/descargar/hash/29507ef957214d36f6cee9b452e5ee69
1241082;Regular;2024;Resumen;https://post.anid.cl/frontend.php/es/postulacion/descargar/hash/f4cddb4bf1d5f9bda6ebd1fa10ec6e7a
1241083;Regular;2024;Resumen;https://post.anid.cl/frontend.php/es/postulacion/descargar/hash/6052df95265d8c97b13e447964aed238
1241084;Regular;2024;Resumen;https://post.anid.cl/frontend.php/es/postulacion/descargar/hash/df3ab03a158b68ca03faa823d1c672ab
1241085;Regular;2024;Resumen;https://post.anid.cl/frontend.php/es/postulacion/descargar/hash/38dea52d230ee12b0e10539558e55ae8
1241087;Regular;2024;Resumen;https://post.anid.cl/frontend.php/es/postulacion/descargar/hash/d186fb192b278bbf3d19953d7943501e
1241088;Regular;2024;Resumen;https://post.anid.cl/frontend.php/es/postulacion/descargar/hash/1daf66dae51ac63cc889e6a02581bbe7
1241091;Regular;2024;Resumen;https://post.anid.cl/frontend.php/es/postulacion/descargar/hash/0cb5a032b2a820ec9befca4cc5379eac
1241095;Regular;2024;Resumen;https://post.anid.cl/frontend.php/es/postulacion/descargar/hash/99cd69156e9b3f398ede070f58e3fe39
1241096;Regular;2024;Resumen;https://post.anid.cl/frontend.php/es/postulacion/descargar/hash/4a987b018de4b9eac6469814c0efd987
1241099;Regular;2024;Resumen;https://post.anid.cl/frontend.php/es/postulacion/descargar/hash/a52dd72f7bb6752a54fbf2309f5c4613
1241102;Regular;2024;Resumen;https://post.anid.cl/frontend.php/es/postulacion/descargar/hash/e4c6f1ab57b0de434308a9980bdaa1eb
1241103;Regular;2024;Resumen;https://post.anid.cl/frontend.php/es/postulacion/descargar/hash/ab8dd8f3bb87c16534621137dd6c08ea
1241104;Regular;2024;Resumen;https://post.anid.cl/frontend.php/es/postulacion/descargar/hash/06c0eebf8298fdbd533bcf3b4565e0c8
1241105;Regular;2024;Resumen;https://post.anid.cl/frontend.php/es/postulacion/descargar/hash/c753722de37a2bae70dac3867bf404e1
1241112;Regular;2024;Resumen;https://post.anid.cl/frontend.php/es/postulacion/descargar/hash/3670d4e9a5864ca9a14d9dc66bbc4783
1241113;Regular;2024;Resumen;https://post.anid.cl/frontend.php/es/postulacion/descargar/hash/60f90ec5f1719512278847b416ac1a80
1241117;Regular;2024;Resumen;https://post.anid.cl/frontend.php/es/postulacion/descargar/hash/13788113abce2bd91e4e49c7f6d3e193
1241123;Regular;2024;Resumen;https://post.anid.cl/frontend.php/es/postulacion/descargar/hash/13a0a2c83cbbcd048538a68b6afa0b57
1241128;Regular;2024;Resumen;https://post.anid.cl/frontend.php/es/postulacion/descargar/hash/58587bc9c78b4b7101ea27b191829e58
1241130;Regular;2024;Resumen;https://post.anid.cl/frontend.php/es/postulacion/descargar/hash/07dd51e52883ad4b5d170c7f8d96594b
1241135;Regular;2024;Resumen;https://post.anid.cl/frontend.php/es/postulacion/descargar/hash/ac8a1f36d39eddb56e75d34a1722240e
1241142;Regular;2024;Resumen;https://post.anid.cl/frontend.php/es/postulacion/descargar/hash/0122bf198e6d69ed76dedd5e52c4ac48
1241145;Regular;2024;Resumen;https://post.anid.cl/frontend.php/es/postulacion/descargar/hash/97c7325296fe1bf8940f6aec9a7334ac
1241146;Regular;2024;Resumen;https://post.anid.cl/frontend.php/es/postulacion/descargar/hash/750c207dfbd379881002a2846ac9255c
1241149;Regular;2024;Resumen;https://post.anid.cl/frontend.php/es/postulacion/descargar/hash/035b1c9699edd9a5028cd122628cd24e
1241150;Regular;2024;Resumen;https://post.anid.cl/frontend.php/es/postulacion/descargar/hash/b1e33fc016cbaa4b3058d6800383cc5c
1241151;Regular;2024;Resumen;https://post.anid.cl/frontend.php/es/postulacion/descargar/hash/1174b3b7ec919dd1b73c41bcfb4548e1
1241155;Regular;2024;Resumen;https://post.anid.cl/frontend.php/es/postulacion/descargar/hash/1f17f69e265b9cc81c0d03e3e766fea7
1241161;Regular;2024;Resumen;https://post.anid.cl/frontend.php/es/postulacion/descargar/hash/a609259fddf63b391a013eb4f0f59d51
1241163;Regular;2024;Resumen;https://post.anid.cl/frontend.php/es/postulacion/descargar/hash/40ce59ac262774f6424cf12516c548b9
1241167;Regular;2024;Resumen;https://post.anid.cl/frontend.php/es/postulacion/descargar/hash/9ddb215c4ed2021aca195eaebc6b7e10
1241173;Regular;2024;Resumen;https://post.anid.cl/frontend.php/es/postulacion/descargar/hash/d624a02c8133619181c7302efe888c5e
1241176;Regular;2024;Resumen;https://post.anid.cl/frontend.php/es/postulacion/descargar/hash/d3d54b99f0574afbca77431af28b745f
1241178;Regular;2024;Resumen;https://post.anid.cl/frontend.php/es/postulacion/descargar/hash/bd66f86c55e9643aa8d5893ad44e63d3
1241182;Regular;2024;Resumen;https://post.anid.cl/frontend.php/es/postulacion/descargar/hash/1bbbb64049cfe7ef9487ed591dffef26
1241188;Regular;2024;Resumen;https://post.anid.cl/frontend.php/es/postulacion/descargar/hash/46dde3769675fd9f3d37dd5feef9a074
1241190;Regular;2024;Resumen;https://post.anid.cl/frontend.php/es/postulacion/descargar/hash/00faf67bf032a342562e2f5a7128d164
1241192;Regular;2024;Resumen;https://post.anid.cl/frontend.php/es/postulacion/descargar/hash/827530f645685c92102374fd5f78e48c
1241193;Regular;2024;Resumen;https://post.anid.cl/frontend.php/es/postulacion/descargar/hash/017d61643dfd963f86375f6749d939cf
1241194;Regular;2024;Resumen;https://post.anid.cl/frontend.php/es/postulacion/descargar/hash/3a005507ec9787bd2599e6040bc07809
1241195;Regular;2024;Resumen;https://post.anid.cl/frontend.php/es/postulacion/descargar/hash/91f498a6e754cfad876fb9baf842a3c3
1241199;Regular;2024;Resumen;https://post.anid.cl/frontend.php/es/postulacion/descargar/hash/012de83d13df7c540b251e0bb654e09a
1241201;Regular;2024;Resumen;https://post.anid.cl/frontend.php/es/postulacion/descargar/hash/a56e09b30cc8e9bfbc895cfee7546444
1241202;Regular;2024;Resumen;https://post.anid.cl/frontend.php/es/postulacion/descargar/hash/627601a8533bb3c5f90a4c9b4c2d1113
1241203;Regular;2024;Resumen;https://post.anid.cl/frontend.php/es/postulacion/descargar/hash/c292b9dd330de41183e365b737715303
1241206;Regular;2024;Resumen;https://post.anid.cl/frontend.php/es/postulacion/descargar/hash/e582bb94414a9c339f7264df6d74730a
1241212;Regular;2024;Resumen;https://post.anid.cl/frontend.php/es/postulacion/descargar/hash/0a1a2ba2a852ccf60807ec66b5fcada9
1241214;Regular;2024;Resumen;https://post.anid.cl/frontend.php/es/postulacion/descargar/hash/84f470b63b6c8a42263a9f216dadfd42
1241221;Regular;2024;Resumen;https://post.anid.cl/frontend.php/es/postulacion/descargar/hash/816880812ce7d0e8e5f6d10512597b7e
1241224;Regular;2024;Resumen;https://post.anid.cl/frontend.php/es/postulacion/descargar/hash/7ce93bd407fdc6e9a4e1c3702d3793d5
1241229;Regular;2024;Resumen;https://post.anid.cl/frontend.php/es/postulacion/descargar/hash/53675267b53e4fcf5ffab9d9a9cd75d2
1241234;Regular;2024;Resumen;https://post.anid.cl/frontend.php/es/postulacion/descargar/hash/fea747e7e7c22f9a6d8fc625b817a6ad
1241240;Regular;2024;Resumen;https://post.anid.cl/frontend.php/es/postulacion/descargar/hash/9efd2b3aecd0796c2a59114b9ad77a17
1241246;Regular;2024;Resumen;https://post.anid.cl/frontend.php/es/postulacion/descargar/hash/48119fc7690be02e3c96df8eec7e6282
1241249;Regular;2024;Resumen;https://post.anid.cl/frontend.php/es/postulacion/descargar/hash/b99c5e5d92512076ff9ae35b9ec489fc
1241250;Regular;2024;Resumen;https://post.anid.cl/frontend.php/es/postulacion/descargar/hash/1804b701d477dbe68b36f788df17c54c
1241257;Regular;2024;Resumen;https://post.anid.cl/frontend.php/es/postulacion/descargar/hash/09b268c3774e411122afd1a8d520bd1f
1241258;Regular;2024;Resumen;https://post.anid.cl/frontend.php/es/postulacion/descargar/hash/b407bcfcb81ad2c02d82a50c23e89254
1241269;Regular;2024;Resumen;https://post.anid.cl/frontend.php/es/postulacion/descargar/hash/442767c23e23ec968220c5c0e9dbb971
1241275;Regular;2024;Resumen;https://post.anid.cl/frontend.php/es/postulacion/descargar/hash/5fbbd8c6177186ee3ec7d5a1ef9faa4f
1241284;Regular;2024;Resumen;https://post.anid.cl/frontend.php/es/postulacion/descargar/hash/e5796fb4099045ec14895826f8953e15
1241290;Regular;2024;Resumen;https://post.anid.cl/frontend.php/es/postulacion/descargar/hash/f120db459e0e794d52f864faf7fad305
1241293;Regular;2024;Resumen;https://post.anid.cl/frontend.php/es/postulacion/descargar/hash/f380914b35fdc731a6bd1bed5691211f
1241295;Regular;2024;Resumen;https://post.anid.cl/frontend.php/es/postulacion/descargar/hash/25f4685738c052dc8180e92a85209c5b
1241296;Regular;2024;Resumen;https://post.anid.cl/frontend.php/es/postulacion/descargar/hash/b2c651397740521c1aaccfe9bb6d4d2e
1241297;Regular;2024;Resumen;https://post.anid.cl/frontend.php/es/postulacion/descargar/hash/7a4be12dae964d0b3fd3d98c450667cf
1241302;Regular;2024;Resumen;https://post.anid.cl/frontend.php/es/postulacion/descargar/hash/3beaa8cf117b7b7d1eeedb7dcc285834
1241305;Regular;2024;Resumen;https://post.anid.cl/frontend.php/es/postulacion/descargar/hash/a7f1837580a7be65ad1e949e05f1982f
1241317;Regular;2024;Resumen;https://post.anid.cl/frontend.php/es/postulacion/descargar/hash/e82276d6bdc017b2524fa72c5f081b9c
1241318;Regular;2024;Resumen;https://post.anid.cl/frontend.php/es/postulacion/descargar/hash/67045073164356dca7c21613c2fb1f66
1241321;Regular;2024;Resumen;https://post.anid.cl/frontend.php/es/postulacion/descargar/hash/64467cac6585b2a8acf8633d79c3db0b
1241325;Regular;2024;Resumen;https://post.anid.cl/frontend.php/es/postulacion/descargar/hash/7a8b29040a205a8852626dc27ba3cb6a
1241333;Regular;2024;Resumen;https://post.anid.cl/frontend.php/es/postulacion/descargar/hash/32b7c3705fba92807345e49ed3f66244
1241335;Regular;2024;Resumen;https://post.anid.cl/frontend.php/es/postulacion/descargar/hash/4175979fab05c41636d631b638b94ed5
1241337;Regular;2024;Resumen;https://post.anid.cl/frontend.php/es/postulacion/descargar/hash/654ee8181c7469c2fc3ad89a39ed65c7
1241340;Regular;2024;Resumen;https://post.anid.cl/frontend.php/es/postulacion/descargar/hash/c5382ca8969a01ed54dbc5f64796c3b4
1241346;Regular;2024;Resumen;https://post.anid.cl/frontend.php/es/postulacion/descargar/hash/c24af8ed4f9ded7c19bf9086cf5783e0
1241355;Regular;2024;Resumen;https://post.anid.cl/frontend.php/es/postulacion/descargar/hash/a2e011cb6bfc257ee5ab238a8971b684
1241362;Regular;2024;Resumen;https://post.anid.cl/frontend.php/es/postulacion/descargar/hash/ac4c32cdbd56004c0df7358efd99f047
1241365;Regular;2024;Resumen;https://post.anid.cl/frontend.php/es/postulacion/descargar/hash/87cb07d750269a6af456caa1a0b2f025
1241369;Regular;2024;Resumen;https://post.anid.cl/frontend.php/es/postulacion/descargar/hash/bffe193c9335af8398bcd3425e3152ed
1241370;Regular;2024;Resumen;https://post.anid.cl/frontend.php/es/postulacion/descargar/hash/934f2e38b65aa88a24467b35f7f2b828
1241371;Regular;2024;Resumen;https://post.anid.cl/frontend.php/es/postulacion/descargar/hash/0f633c5d594faa1f5892bb87d9ae7e8d
1241373;Regular;2024;Resumen;https://post.anid.cl/frontend.php/es/postulacion/descargar/hash/44598df490284a4094e2a21ccb3fee55
1241386;Regular;2024;Resumen;https://post.anid.cl/frontend.php/es/postulacion/descargar/hash/123ff27734d41a4252629ff6a4c8ea6c
1241391;Regular;2024;Resumen;https://post.anid.cl/frontend.php/es/postulacion/descargar/hash/f05f8be82d52c59043f560e464d65343
1241392;Regular;2024;Resumen;https://post.anid.cl/frontend.php/es/postulacion/descargar/hash/a4ee87a13ff3ea2b10903ad5e8c45d0b
1241397;Regular;2024;Resumen;https://post.anid.cl/frontend.php/es/postulacion/descargar/hash/bd5c192b5a70ad64a2328f7da4c48e73
1241398;Regular;2024;Resumen;https://post.anid.cl/frontend.php/es/postulacion/descargar/hash/fb0f447c80187d564fb5114f932cf7ad
1241400;Regular;2024;Resumen;https://post.anid.cl/frontend.php/es/postulacion/descargar/hash/0347a0e69e146ef3615ebd1ebb10b4f1
1241401;Regular;2024;Resumen;https://post.anid.cl/frontend.php/es/postulacion/descargar/hash/f8ab6208544e0f966f5ffe1c126fcae6
1241406;Regular;2024;Resumen;https://post.anid.cl/frontend.php/es/postulacion/descargar/hash/0189051b536f913cfed026b6bf5c66dd
1241410;Regular;2024;Resumen;https://post.anid.cl/frontend.php/es/postulacion/descargar/hash/1bb398357a179068be00916ecf17a0e0
1241413;Regular;2024;Resumen;https://post.anid.cl/frontend.php/es/postulacion/descargar/hash/7a30cb4bbcdb37af224a173dda091fdf
1241417;Regular;2024;Resumen;https://post.anid.cl/frontend.php/es/postulacion/descargar/hash/872ae654ea3b7befa6caf2643768ad66
1241419;Regular;2024;Resumen;https://post.anid.cl/frontend.php/es/postulacion/descargar/hash/51d719d0ee2015fc76802f206a01740d
1241421;Regular;2024;Resumen;https://post.anid.cl/frontend.php/es/postulacion/descargar/hash/6c9318478b284708d8992b0655ebf01c
1241422;Regular;2024;Resumen;https://post.anid.cl/frontend.php/es/postulacion/descargar/hash/a04d82bcf9a735e986fa2333b14a6d6b
1241424;Regular;2024;Resumen;https://post.anid.cl/frontend.php/es/postulacion/descargar/hash/85df9fc77c94f6b7e339c2118aa35726
1241426;Regular;2024;Resumen;https://post.anid.cl/frontend.php/es/postulacion/descargar/hash/8643108f906a3e1e1b5ef58187b88348
1241433;Regular;2024;Resumen;https://post.anid.cl/frontend.php/es/postulacion/descargar/hash/32e7355c53d1ea3a06e6d334e2e366b6
1241436;Regular;2024;Resumen;https://post.anid.cl/frontend.php/es/postulacion/descargar/hash/d82903899a24f1dc7f6e8218cb15ff92
1241438;Regular;2024;Resumen;https://post.anid.cl/frontend.php/es/postulacion/descargar/hash/52a4350e3e9d7bbb2316c5b179e33e52
1241439;Regular;2024;Resumen;https://post.anid.cl/frontend.php/es/postulacion/descargar/hash/fd951d17c620152f789d931b75e2098f
1241446;Regular;2024;Resumen;https://post.anid.cl/frontend.php/es/postulacion/descargar/hash/c1895b6329f9475eb32609c1370652dc
1241450;Regular;2024;Resumen;https://post.anid.cl/frontend.php/es/postulacion/descargar/hash/76b3ba7a85887b8e5b7a55a20fc969cc
1241452;Regular;2024;Resumen;https://post.anid.cl/frontend.php/es/postulacion/descargar/hash/5377928442ef8c1922b3939f6eb31dd3
1241453;Regular;2024;Resumen;https://post.anid.cl/frontend.php/es/postulacion/descargar/hash/9af454163e20922c9adf0d3a3f293b0b
1241458;Regular;2024;Resumen;https://post.anid.cl/frontend.php/es/postulacion/descargar/hash/2c8c12316ed49645db4dc04d299a612b
1241459;Regular;2024;Resumen;https://post.anid.cl/frontend.php/es/postulacion/descargar/hash/173643b811b5e9d47142020f3c7bd319
1241462;Regular;2024;Resumen;https://post.anid.cl/frontend.php/es/postulacion/descargar/hash/a8fe5c53fa53c5f7ddec9de78881ec55
1241463;Regular;2024;Resumen;https://post.anid.cl/frontend.php/es/postulacion/descargar/hash/a798c8df6ed1b8ae7456ac0b1c8c4928
1241469;Regular;2024;Resumen;https://post.anid.cl/frontend.php/es/postulacion/descargar/hash/9893bc46cf89e420440a3f778badd676
1241471;Regular;2024;Resumen;https://post.anid.cl/frontend.php/es/postulacion/descargar/hash/65aab7fb3e216f402c58e15a5d23221e
1241477;Regular;2024;Resumen;https://post.anid.cl/frontend.php/es/postulacion/descargar/hash/8000791f5b5b43f0ef97ac63b01fa1ba
1241478;Regular;2024;Resumen;https://post.anid.cl/frontend.php/es/postulacion/descargar/hash/4b32f76bbb190678e947f4cc4e101622
1241484;Regular;2024;Resumen;https://post.anid.cl/frontend.php/es/postulacion/descargar/hash/02d2dbfc7c0f78b06a4a01029410a1e0
1241485;Regular;2024;Resumen;https://post.anid.cl/frontend.php/es/postulacion/descargar/hash/00e36dcf621d21522bcb64925a971d0c
1241486;Regular;2024;Resumen;https://post.anid.cl/frontend.php/es/postulacion/descargar/hash/ab52a814217629eadc20d1ea2dde842e
1241492;Regular;2024;Resumen;https://post.anid.cl/frontend.php/es/postulacion/descargar/hash/4873908d1039d428f33204c427f2c84a
1241495;Regular;2024;Resumen;https://post.anid.cl/frontend.php/es/postulacion/descargar/hash/1837066632a72ff9e6796ca4ed651c8e
1241497;Regular;2024;Resumen;https://post.anid.cl/frontend.php/es/postulacion/descargar/hash/c95b682844985fa8604257afea1e3378
1241498;Regular;2024;Resumen;https://post.anid.cl/frontend.php/es/postulacion/descargar/hash/e676d0901740aee0b685fa73b25c37b4
1241500;Regular;2024;Resumen;https://post.anid.cl/frontend.php/es/postulacion/descargar/hash/44c89cb73c68d75048b4e89e9325bda2
1241502;Regular;2024;Resumen;https://post.anid.cl/frontend.php/es/postulacion/descargar/hash/d60949d91802632118a355cb3019d085
1241503;Regular;2024;Resumen;https://post.anid.cl/frontend.php/es/postulacion/descargar/hash/9b6e705c37b5292fd86973565477255e
1241513;Regular;2024;Resumen;https://post.anid.cl/frontend.php/es/postulacion/descargar/hash/187ed9b8c8940a5812fae8796a5fd1b5
1241517;Regular;2024;Resumen;https://post.anid.cl/frontend.php/es/postulacion/descargar/hash/bdbf5efd306f5f5abf77beb921b20845
1241518;Regular;2024;Resumen;https://post.anid.cl/frontend.php/es/postulacion/descargar/hash/579e26c159e485297224f869ff6e1d3d
1241521;Regular;2024;Resumen;https://post.anid.cl/frontend.php/es/postulacion/descargar/hash/2b14fb617d57097ac60b70b98a296f61
1241526;Regular;2024;Resumen;https://post.anid.cl/frontend.php/es/postulacion/descargar/hash/c5e15bf027c99d650af4f6996656a22f
1241529;Regular;2024;Resumen;https://post.anid.cl/frontend.php/es/postulacion/descargar/hash/b81f0d27bf478b858340abfe83d88489
1241530;Regular;2024;Resumen;https://post.anid.cl/frontend.php/es/postulacion/descargar/hash/5b14a0b9541d5a6b69081c9da445806f
1241537;Regular;2024;Resumen;https://post.anid.cl/frontend.php/es/postulacion/descargar/hash/e9960933f18b13ad7ff0a640c54b18bd
1241539;Regular;2024;Resumen;https://post.anid.cl/frontend.php/es/postulacion/descargar/hash/1f309a6728e6acfbc0df6b2e75fbf63d
1241540;Regular;2024;Resumen;https://post.anid.cl/frontend.php/es/postulacion/descargar/hash/38112a6206d9cf4912fe707c1f9d19ef
1241542;Regular;2024;Resumen;https://post.anid.cl/frontend.php/es/postulacion/descargar/hash/e1d56840e45fbd19442609c411e60e66
1241547;Regular;2024;Resumen;https://post.anid.cl/frontend.php/es/postulacion/descargar/hash/adc49d481f55a0a93a996e8bab1acd24
1241548;Regular;2024;Resumen;https://post.anid.cl/frontend.php/es/postulacion/descargar/hash/530d8e20561dd1044af492ea689e88c1
1241554;Regular;2024;Resumen;https://post.anid.cl/frontend.php/es/postulacion/descargar/hash/7bab8b4dc72783508cbf22dcc3cb75bf
1241555;Regular;2024;Resumen;https://post.anid.cl/frontend.php/es/postulacion/descargar/hash/c92b5481265ba8d846a514d74d90f3f5
1241558;Regular;2024;Resumen;https://post.anid.cl/frontend.php/es/postulacion/descargar/hash/eb080ad0cc44a1fee2f9f0a117bf61ad
1241565;Regular;2024;Resumen;https://post.anid.cl/frontend.php/es/postulacion/descargar/hash/2c56b45aef28f41f7191c5d05d7002e2
1241567;Regular;2024;Resumen;https://post.anid.cl/frontend.php/es/postulacion/descargar/hash/6c87a2feb60bc208dbed6134dafefd00
1241568;Regular;2024;Resumen;https://post.anid.cl/frontend.php/es/postulacion/descargar/hash/e41c920f827ea11de4d157663dcb3b27
1241569;Regular;2024;Resumen;https://post.anid.cl/frontend.php/es/postulacion/descargar/hash/33558b4e58e6ef2c786b0b2b9fd32345
1241571;Regular;2024;Resumen;https://post.anid.cl/frontend.php/es/postulacion/descargar/hash/3c3837695bbce0434776d9914735fa2f
1241574;Regular;2024;Resumen;https://post.anid.cl/frontend.php/es/postulacion/descargar/hash/18a84bf90983a1eaa7e5dd4075ba215d
1241579;Regular;2024;Resumen;https://post.anid.cl/frontend.php/es/postulacion/descargar/hash/46a3fa0cf6543821dd2d719e4686e62c
1241581;Regular;2024;Resumen;https://post.anid.cl/frontend.php/es/postulacion/descargar/hash/b13cd5e711e36096e69779ebd4583bb3
1241587;Regular;2024;Resumen;https://post.anid.cl/frontend.php/es/postulacion/descargar/hash/27f4d82a83a880f795c070b7fabf0e04
1241588;Regular;2024;Resumen;https://post.anid.cl/frontend.php/es/postulacion/descargar/hash/a29059b5de0cfe003f356fcb45e855c2
1241589;Regular;2024;Resumen;https://post.anid.cl/frontend.php/es/postulacion/descargar/hash/be18ebd4d1883b04b2119077e5aa7cb9
1241591;Regular;2024;Resumen;https://post.anid.cl/frontend.php/es/postulacion/descargar/hash/16a10dfe40f9bec08d66ea931a2af7f4
1241596;Regular;2024;Resumen;https://post.anid.cl/frontend.php/es/postulacion/descargar/hash/390e95d4ad69b97956faaae5b6bdcb49
1241609;Regular;2024;Resumen;https://post.anid.cl/frontend.php/es/postulacion/descargar/hash/fbd8494d35e099b092d1cd1c62b6024e
1241610;Regular;2024;Resumen;https://post.anid.cl/frontend.php/es/postulacion/descargar/hash/f614acdfeb3b30d6b4b18d57ff7b99e9
1241611;Regular;2024;Resumen;https://post.anid.cl/frontend.php/es/postulacion/descargar/hash/5b3716831204da9e6a3b12e98af9c18f
1241616;Regular;2024;Resumen;https://post.anid.cl/frontend.php/es/postulacion/descargar/hash/8f7d8b2fb142a4b3dd1b8e01567bf139
1241618;Regular;2024;Resumen;https://post.anid.cl/frontend.php/es/postulacion/descargar/hash/b2c74cda8109a775470a381bdd83c2f3
1241621;Regular;2024;Resumen;https://post.anid.cl/frontend.php/es/postulacion/descargar/hash/da863c7c347303eab526b5a1f0b75e29
1241624;Regular;2024;Resumen;https://post.anid.cl/frontend.php/es/postulacion/descargar/hash/4be086944d362d5887c8fc4bfa3a442e
1241625;Regular;2024;Resumen;https://post.anid.cl/frontend.php/es/postulacion/descargar/hash/a00411b241a3ea4ce4d886ceedadb8a1
1241626;Regular;2024;Resumen;https://post.anid.cl/frontend.php/es/postulacion/descargar/hash/1eb66e4a755c1b2f1e5197dfc5f64ae7
1241627;Regular;2024;Resumen;https://post.anid.cl/frontend.php/es/postulacion/descargar/hash/d3b080e288b410b873ddc678cd03075d
1241630;Regular;2024;Resumen;https://post.anid.cl/frontend.php/es/postulacion/descargar/hash/18aca813df88a7b5844f6a55d64a7da3
1241631;Regular;2024;Resumen;https://post.anid.cl/frontend.php/es/postulacion/descargar/hash/504d5e00afaeec54257df989698ac2c3
1241633;Regular;2024;Resumen;https://post.anid.cl/frontend.php/es/postulacion/descargar/hash/381a6525efd74d9f0a6779b139aa202e
1241635;Regular;2024;Resumen;https://post.anid.cl/frontend.php/es/postulacion/descargar/hash/727fc0cc1524fe7d3c6cc1397708df73
1241637;Regular;2024;Resumen;https://post.anid.cl/frontend.php/es/postulacion/descargar/hash/290aa06d4240ca79ff9dff0cdea8bdb3
1241644;Regular;2024;Resumen;https://post.anid.cl/frontend.php/es/postulacion/descargar/hash/793674a386b0ecd55639eb680f5235ad
1241647;Regular;2024;Resumen;https://post.anid.cl/frontend.php/es/postulacion/descargar/hash/4f50ab577fc43104ad180c4481dcaadc
1241648;Regular;2024;Resumen;https://post.anid.cl/frontend.php/es/postulacion/descargar/hash/a395f32a27865e3b4135027f7503be14
1241649;Regular;2024;Resumen;https://post.anid.cl/frontend.php/es/postulacion/descargar/hash/b365358b872bf1b482abc2be5c465ae6
1241661;Regular;2024;Resumen;https://post.anid.cl/frontend.php/es/postulacion/descargar/hash/e7ab891cb9823f249a71d2d306eb7450
1241662;Regular;2024;Resumen;https://post.anid.cl/frontend.php/es/postulacion/descargar/hash/f20f9257b357bda7077d2effa9932a00
1241663;Regular;2024;Resumen;https://post.anid.cl/frontend.php/es/postulacion/descargar/hash/e4dc1aec515f197ee22d1f38fb0eb6f1
1241670;Regular;2024;Resumen;https://post.anid.cl/frontend.php/es/postulacion/descargar/hash/cb74b095002e94762eb77ac3244c80c8
1241671;Regular;2024;Resumen;https://post.anid.cl/frontend.php/es/postulacion/descargar/hash/a8b0e08b6a45709d816c199adad9f5e5
1241683;Regular;2024;Resumen;https://post.anid.cl/frontend.php/es/postulacion/descargar/hash/38894db6145faa8f593d88aa55af4c57
1241684;Regular;2024;Resumen;https://post.anid.cl/frontend.php/es/postulacion/descargar/hash/5df210264527a6c40e37e5f936b32945
1241685;Regular;2024;Resumen;https://post.anid.cl/frontend.php/es/postulacion/descargar/hash/5b1c33a8edea6a02f1b4524da85041ec
1241686;Regular;2024;Resumen;https://post.anid.cl/frontend.php/es/postulacion/descargar/hash/1a14293851861a4030354d1bbfe3ec84
1241690;Regular;2024;Resumen;https://post.anid.cl/frontend.php/es/postulacion/descargar/hash/bc8c1a9df513e835b94d45ac642ee88a
1241694;Regular;2024;Resumen;https://post.anid.cl/frontend.php/es/postulacion/descargar/hash/2ab892dd93141627a184cf1b9118a97d
1241695;Regular;2024;Resumen;https://post.anid.cl/frontend.php/es/postulacion/descargar/hash/1c8ac9f0cb73a06e932ccfb732bb23ec
1241697;Regular;2024;Resumen;https://post.anid.cl/frontend.php/es/postulacion/descargar/hash/b91aa1fa5411eca811a7406d5c5d5631
1241699;Regular;2024;Resumen;https://post.anid.cl/frontend.php/es/postulacion/descargar/hash/15511829d97547658e334eb7ea96a693
1241700;Regular;2024;Resumen;https://post.anid.cl/frontend.php/es/postulacion/descargar/hash/d2082cb79c0ec057c4e23c1529c8ddf8
1241702;Regular;2024;Resumen;https://post.anid.cl/frontend.php/es/postulacion/descargar/hash/5f9e873a52471ef422c59721ca5b01cc
1241705;Regular;2024;Resumen;https://post.anid.cl/frontend.php/es/postulacion/descargar/hash/28548f6941f353f8372ec49f42b8f950
1241710;Regular;2024;Resumen;https://post.anid.cl/frontend.php/es/postulacion/descargar/hash/d6279df6fd777227bfc50a3bc262fb8e
1241713;Regular;2024;Resumen;https://post.anid.cl/frontend.php/es/postulacion/descargar/hash/44dbf13a074229ce59b4d3af75f91620
1241718;Regular;2024;Resumen;https://post.anid.cl/frontend.php/es/postulacion/descargar/hash/db1e0b57d9a79b74e7232b7eff2f5a38
1241719;Regular;2024;Resumen;https://post.anid.cl/frontend.php/es/postulacion/descargar/hash/86ef07d19b06d748c953c31f65dc525d
1241720;Regular;2024;Resumen;https://post.anid.cl/frontend.php/es/postulacion/descargar/hash/936e63fc354d44e9735e4c8e645af010
1241722;Regular;2024;Resumen;https://post.anid.cl/frontend.php/es/postulacion/descargar/hash/8d660f63f54b807253d6aafcd0382faf
1241723;Regular;2024;Resumen;https://post.anid.cl/frontend.php/es/postulacion/descargar/hash/421bae34b5a8eafde7ddb0bba1738633
1241725;Regular;2024;Resumen;https://post.anid.cl/frontend.php/es/postulacion/descargar/hash/ff2686e6feb8640326f48a6d5eea6c8b
1241726;Regular;2024;Resumen;https://post.anid.cl/frontend.php/es/postulacion/descargar/hash/61d7c64ea742575609b27cb6bce82d5a
1241729;Regular;2024;Resumen;https://post.anid.cl/frontend.php/es/postulacion/descargar/hash/aa6070db27c6baef00d5c0e757463b3a
1241734;Regular;2024;Resumen;https://post.anid.cl/frontend.php/es/postulacion/descargar/hash/3ef8a988aec13cdc4964d3f01f67d166
1241736;Regular;2024;Resumen;https://post.anid.cl/frontend.php/es/postulacion/descargar/hash/e70b3ebb2d79c729e14ea6a34e447fb4
1241742;Regular;2024;Resumen;https://post.anid.cl/frontend.php/es/postulacion/descargar/hash/347af91b9cec708b6dee56040933eb0d
1241746;Regular;2024;Resumen;https://post.anid.cl/frontend.php/es/postulacion/descargar/hash/b787fd9775129c55a0605b1c1f75f321
1241747;Regular;2024;Resumen;https://post.anid.cl/frontend.php/es/postulacion/descargar/hash/d2a93dd6911e518c6db550315bd921a9
1241748;Regular;2024;Resumen;https://post.anid.cl/frontend.php/es/postulacion/descargar/hash/a8a478ad0f8ebfab6d8cad78953c8e76
1241753;Regular;2024;Resumen;https://post.anid.cl/frontend.php/es/postulacion/descargar/hash/20c8079d50f3e3d7489505401406950f
1241756;Regular;2024;Resumen;https://post.anid.cl/frontend.php/es/postulacion/descargar/hash/053c319852f9e60bdcc5bacdb577fc09
1241762;Regular;2024;Resumen;https://post.anid.cl/frontend.php/es/postulacion/descargar/hash/8b644ec8af02a9153a31d98624adab7f
1241769;Regular;2024;Resumen;https://post.anid.cl/frontend.php/es/postulacion/descargar/hash/cae610dca0f07785d6099069a4c5d4d3
1241770;Regular;2024;Resumen;https://post.anid.cl/frontend.php/es/postulacion/descargar/hash/983d965c77497d584c0d74d7c0e349f1
1241771;Regular;2024;Resumen;https://post.anid.cl/frontend.php/es/postulacion/descargar/hash/5785553749fcee42c5b6269e93e75c8b
1241772;Regular;2024;Resumen;https://post.anid.cl/frontend.php/es/postulacion/descargar/hash/6c6c2428ee812a38364bc01d299230cf
1241777;Regular;2024;Resumen;https://post.anid.cl/frontend.php/es/postulacion/descargar/hash/84f2b491f8a02267b5a35feced475513
1241782;Regular;2024;Resumen;https://post.anid.cl/frontend.php/es/postulacion/descargar/hash/09f77fb4be46ba19d6165cdf66645633
1241787;Regular;2024;Resumen;https://post.anid.cl/frontend.php/es/postulacion/descargar/hash/db2ebc3378e6040a6e910f0a0364d8fe
1241788;Regular;2024;Resumen;https://post.anid.cl/frontend.php/es/postulacion/descargar/hash/7c3993be3845cacaee4605901e0a9247
1241795;Regular;2024;Resumen;https://post.anid.cl/frontend.php/es/postulacion/descargar/hash/39b8663100fd63f9f9be18e08c395cba
1241799;Regular;2024;Resumen;https://post.anid.cl/frontend.php/es/postulacion/descargar/hash/ea5dff837d2851aa8ef85660eac3b66b
1241803;Regular;2024;Resumen;https://post.anid.cl/frontend.php/es/postulacion/descargar/hash/1b2ba50b18abfcfe61a9bb9885a120ce
1241805;Regular;2024;Resumen;https://post.anid.cl/frontend.php/es/postulacion/descargar/hash/982ae4e15bfbde719d11ee557d12fec0
1241806;Regular;2024;Resumen;https://post.anid.cl/frontend.php/es/postulacion/descargar/hash/ed92a35d6a3cccea79057cc75b4fc8a0
1241812;Regular;2024;Resumen;https://post.anid.cl/frontend.php/es/postulacion/descargar/hash/30b00c80490070d1d6daa9d4c4b92f0e
1241813;Regular;2024;Resumen;https://post.anid.cl/frontend.php/es/postulacion/descargar/hash/23f146dab02bf81b7133040ec1c14dd3
1241818;Regular;2024;Resumen;https://post.anid.cl/frontend.php/es/postulacion/descargar/hash/e3a1b1f5c3b06169765dc647d8393fa8
1241825;Regular;2024;Resumen;https://post.anid.cl/frontend.php/es/postulacion/descargar/hash/6980a4d6ad67ff11f9e4473780edeedb
1241829;Regular;2024;Resumen;https://post.anid.cl/frontend.php/es/postulacion/descargar/hash/5a37fdc7578c769106793b2b9078e73b
1241830;Regular;2024;Resumen;https://post.anid.cl/frontend.php/es/postulacion/descargar/hash/7c5b7ae2adf1a9ff2a9aadc4b4a717be
1241833;Regular;2024;Resumen;https://post.anid.cl/frontend.php/es/postulacion/descargar/hash/9309a7f9dc5878387416d9975a544e9c
1241835;Regular;2024;Resumen;https://post.anid.cl/frontend.php/es/postulacion/descargar/hash/65161ccc3e3abe64c08e97c55257dd28
1241836;Regular;2024;Resumen;https://post.anid.cl/frontend.php/es/postulacion/descargar/hash/ecbf98b6ae4ec9ce3cec32a3072a2c2f
1241837;Regular;2024;Resumen;https://post.anid.cl/frontend.php/es/postulacion/descargar/hash/1abf451a47da297f6554653c548d79d3
1241840;Regular;2024;Resumen;https://post.anid.cl/frontend.php/es/postulacion/descargar/hash/576dc7c6230877d7cd17a372168407e4
1241841;Regular;2024;Resumen;https://post.anid.cl/frontend.php/es/postulacion/descargar/hash/880e4cc5cc8c90bdd9a7f2d08155d890
1241843;Regular;2024;Resumen;https://post.anid.cl/frontend.php/es/postulacion/descargar/hash/986acf82e21ff5f2f22be898bdfae02a
1241846;Regular;2024;Resumen;https://post.anid.cl/frontend.php/es/postulacion/descargar/hash/7766290d7fc4aeaf0b29e2319920d6e7
1241847;Regular;2024;Resumen;https://post.anid.cl/frontend.php/es/postulacion/descargar/hash/3c9cd7b6662ca59b2110c4bed7ff249e
1241852;Regular;2024;Resumen;https://post.anid.cl/frontend.php/es/postulacion/descargar/hash/f95afd9085e25225f65c7ddfc031e3ef
1241855;Regular;2024;Resumen;https://post.anid.cl/frontend.php/es/postulacion/descargar/hash/6f0bea2cfe851601d30e035a9742f067
1241859;Regular;2024;Resumen;https://post.anid.cl/frontend.php/es/postulacion/descargar/hash/ee41b5b33b7d495d00e0f67954fa593f
1241862;Regular;2024;Resumen;https://post.anid.cl/frontend.php/es/postulacion/descargar/hash/5d2ca3c601877f3e590a66acb675af9e
1241863;Regular;2024;Resumen;https://post.anid.cl/frontend.php/es/postulacion/descargar/hash/4dc23a1aa76c26bcaed363d60c2a5aa9
1241864;Regular;2024;Resumen;https://post.anid.cl/frontend.php/es/postulacion/descargar/hash/0a9507592c90f526d788fb38546fc23f
1241868;Regular;2024;Resumen;https://post.anid.cl/frontend.php/es/postulacion/descargar/hash/00210d2b129378e45a1149ffebbfb6ff
1241869;Regular;2024;Resumen;https://post.anid.cl/frontend.php/es/postulacion/descargar/hash/9bc8678c050ad2b688bbccc3b168af65
1241873;Regular;2024;Resumen;https://post.anid.cl/frontend.php/es/postulacion/descargar/hash/7e53a18a8fcfbeadf132bf40a9180347
1241879;Regular;2024;Resumen;https://post.anid.cl/frontend.php/es/postulacion/descargar/hash/3945a78cddf5e05cbfe23e3f2043b108
1241880;Regular;2024;Resumen;https://post.anid.cl/frontend.php/es/postulacion/descargar/hash/1d1f0d614ad9472a57833194528e3ed0
1241881;Regular;2024;Resumen;https://post.anid.cl/frontend.php/es/postulacion/descargar/hash/ea82feb747063800306b3654f584c50a
1241882;Regular;2024;Resumen;https://post.anid.cl/frontend.php/es/postulacion/descargar/hash/bf2798a20fdbd6dbe7b5554a8a7cec10
1241883;Regular;2024;Resumen;https://post.anid.cl/frontend.php/es/postulacion/descargar/hash/18022040f0ebecca95122d1e2f7f43a8
1241884;Regular;2024;Resumen;https://post.anid.cl/frontend.php/es/postulacion/descargar/hash/4f67efd7f36cfac83dfd3b1d18a88502
1241886;Regular;2024;Resumen;https://post.anid.cl/frontend.php/es/postulacion/descargar/hash/d34b1196bfa233ed547c8d4ee304ea2c
1241887;Regular;2024;Resumen;https://post.anid.cl/frontend.php/es/postulacion/descargar/hash/756ac121687dd293bc85fd84c3011c6f
1241888;Regular;2024;Resumen;https://post.anid.cl/frontend.php/es/postulacion/descargar/hash/05da5aaae535b3754b36490e411dfb61
1241894;Regular;2024;Resumen;https://post.anid.cl/frontend.php/es/postulacion/descargar/hash/99e5488fc547108c15cf26c5c144bcd6
1241897;Regular;2024;Resumen;https://post.anid.cl/frontend.php/es/postulacion/descargar/hash/fc362b69a2e79dfd6b2f5e41d5e17444
1241898;Regular;2024;Resumen;https://post.anid.cl/frontend.php/es/postulacion/descargar/hash/fac626e66e8dcd5d6c9f052693a14220
1241901;Regular;2024;Resumen;https://post.anid.cl/frontend.php/es/postulacion/descargar/hash/66970e4569d5745c52f1d8e88a62bbb5
1241902;Regular;2024;Resumen;https://post.anid.cl/frontend.php/es/postulacion/descargar/hash/c881846c629183819fc90ab987b1ff00
1241905;Regular;2024;Resumen;https://post.anid.cl/frontend.php/es/postulacion/descargar/hash/9e75143f00f3ab94ecbcfcfd2233cbb5
1241908;Regular;2024;Resumen;https://post.anid.cl/frontend.php/es/postulacion/descargar/hash/a8a44f20b05a0899d7665f17e8dfe338
1241911;Regular;2024;Resumen;https://post.anid.cl/frontend.php/es/postulacion/descargar/hash/6e8acbc6e254b2e0ba07f133bf2fff0d
1241913;Regular;2024;Resumen;https://post.anid.cl/frontend.php/es/postulacion/descargar/hash/0391ce73ea4a612659bfe19536b50b9e
1241915;Regular;2024;Resumen;https://post.anid.cl/frontend.php/es/postulacion/descargar/hash/a775a16a35236d4f81cf8665fd3b475e
1241917;Regular;2024;Resumen;https://post.anid.cl/frontend.php/es/postulacion/descargar/hash/f235d7da204604cda3e6dd78bf54ba94
1241918;Regular;2024;Resumen;https://post.anid.cl/frontend.php/es/postulacion/descargar/hash/2d64de45b73da1e84a89b9cefdfba411
1241922;Regular;2024;Resumen;https://post.anid.cl/frontend.php/es/postulacion/descargar/hash/90496b795ad87c3e5bc388c2da45383c
1241925;Regular;2024;Resumen;https://post.anid.cl/frontend.php/es/postulacion/descargar/hash/a5cb89d1e7e98714f5b91025330c3396
1241928;Regular;2024;Resumen;https://post.anid.cl/frontend.php/es/postulacion/descargar/hash/3a0f09e132ceb4779f3aaa34f4ee5b0a
1241930;Regular;2024;Resumen;https://post.anid.cl/frontend.php/es/postulacion/descargar/hash/35857dcc575c9e9179cae9f9aec318ef
1241933;Regular;2024;Resumen;https://post.anid.cl/frontend.php/es/postulacion/descargar/hash/a7d29298705a6a7ee877d075cdfad49e
1241935;Regular;2024;Resumen;https://post.anid.cl/frontend.php/es/postulacion/descargar/hash/d4573c588117edec13f8a0f5002241a3
1241938;Regular;2024;Resumen;https://post.anid.cl/frontend.php/es/postulacion/descargar/hash/8ac1f7f18e8d591cccbe9a584a51df3f
1241941;Regular;2024;Resumen;https://post.anid.cl/frontend.php/es/postulacion/descargar/hash/70c16028661767872231b393dcef6771
1241946;Regular;2024;Resumen;https://post.anid.cl/frontend.php/es/postulacion/descargar/hash/0cb6fb17ee45afc0dcf9e9ad525a6205
1241947;Regular;2024;Resumen;https://post.anid.cl/frontend.php/es/postulacion/descargar/hash/027d186af0637b5ac3580bd0f47f1c2e
1241951;Regular;2024;Resumen;https://post.anid.cl/frontend.php/es/postulacion/descargar/hash/061b72deb400c65fef5449f467b92edc
1241957;Regular;2024;Resumen;https://post.anid.cl/frontend.php/es/postulacion/descargar/hash/43c0740cf92fa0a49f41701283aeb7cc
1241959;Regular;2024;Resumen;https://post.anid.cl/frontend.php/es/postulacion/descargar/hash/8fb854b32d5234e21863b5e3e58f6543
1241962;Regular;2024;Resumen;https://post.anid.cl/frontend.php/es/postulacion/descargar/hash/2440f923d85cddc1ddb2e1d6180b6c11
1241963;Regular;2024;Resumen;https://post.anid.cl/frontend.php/es/postulacion/descargar/hash/dcd768c511a615e1c851330e32114955
1241967;Regular;2024;Resumen;https://post.anid.cl/frontend.php/es/postulacion/descargar/hash/ca91ea9048d256d4ab214f3546253d96
1241969;Regular;2024;Resumen;https://post.anid.cl/frontend.php/es/postulacion/descargar/hash/05c45f40b34856a32a725dacc75d50bb
1241970;Regular;2024;Resumen;https://post.anid.cl/frontend.php/es/postulacion/descargar/hash/199cad739d49d1c629c3d8bec374695d
1241971;Regular;2024;Resumen;https://post.anid.cl/frontend.php/es/postulacion/descargar/hash/4d920c8f7f9ebc7dca91777d40754be5
1241974;Regular;2024;Resumen;https://post.anid.cl/frontend.php/es/postulacion/descargar/hash/d79ff752dc4b40ffac4d2adb19eb7ec0
1241976;Regular;2024;Resumen;https://post.anid.cl/frontend.php/es/postulacion/descargar/hash/74464d7420b184246e2457f9d2367beb
1241977;Regular;2024;Resumen;https://post.anid.cl/frontend.php/es/postulacion/descargar/hash/94b0c2271603f5886e1aed2dd78c3434
1241983;Regular;2024;Resumen;https://post.anid.cl/frontend.php/es/postulacion/descargar/hash/f125a4656baf130f40cc5fdb8b9262f3
1241988;Regular;2024;Resumen;https://post.anid.cl/frontend.php/es/postulacion/descargar/hash/946e7a12ee1050bef3545918d9d89060
1241994;Regular;2024;Resumen;https://post.anid.cl/frontend.php/es/postulacion/descargar/hash/2e43811538fa0c9baeae429ce93fe6ba
1241996;Regular;2024;Resumen;https://post.anid.cl/frontend.php/es/postulacion/descargar/hash/90477d7a6882d7d36786ed487564d6be
1241997;Regular;2024;Resumen;https://post.anid.cl/frontend.php/es/postulacion/descargar/hash/b10a64eef22a60b72a6b8404464c9a17
1242001;Regular;2024;Resumen;https://post.anid.cl/frontend.php/es/postulacion/descargar/hash/e6b64da036436ad92576a59a99630f29
1242006;Regular;2024;Resumen;https://post.anid.cl/frontend.php/es/postulacion/descargar/hash/8ae50b263c199da6a8a74c016a5870ba
1242009;Regular;2024;Resumen;https://post.anid.cl/frontend.php/es/postulacion/descargar/hash/99e1689721803356b63c8f0cea0c4723
1242013;Regular;2024;Resumen;https://post.anid.cl/frontend.php/es/postulacion/descargar/hash/b2166f025a789352bbd7b995dd8e94ca
1242022;Regular;2024;Resumen;https://post.anid.cl/frontend.php/es/postulacion/descargar/hash/d12baf5cb0370c4516bcf0fcfbcc0cc1
1242024;Regular;2024;Resumen;https://post.anid.cl/frontend.php/es/postulacion/descargar/hash/60b24a47619a3316fd3696f529671d99
1242028;Regular;2024;Resumen;https://post.anid.cl/frontend.php/es/postulacion/descargar/hash/82039721f374630b272ac99dc40fb1c5
1242029;Regular;2024;Resumen;https://post.anid.cl/frontend.php/es/postulacion/descargar/hash/0c013a4913df47386290c9b1e2e4117c
1242037;Regular;2024;Resumen;https://post.anid.cl/frontend.php/es/postulacion/descargar/hash/10fa83ac427c9a0ee774b9b92aec2742
1242040;Regular;2024;Resumen;https://post.anid.cl/frontend.php/es/postulacion/descargar/hash/f2052f2aeda46b231148b1860efbe942
1242043;Regular;2024;Resumen;https://post.anid.cl/frontend.php/es/postulacion/descargar/hash/84b1f22770bbb4d31695979049b3d1c3
1242045;Regular;2024;Resumen;https://post.anid.cl/frontend.php/es/postulacion/descargar/hash/affb6b86508504bd728230b19109bad3
1242046;Regular;2024;Resumen;https://post.anid.cl/frontend.php/es/postulacion/descargar/hash/ae3ce6a61f557a0a55812e15fae8418f
1250002;Regular;2025;Resumen;https://post.anid.cl/frontend.php/es/postulacion/descargar/hash/c124ef67b63741ba0c478abac9c97295
1250006;Regular;2025;Resumen;https://post.anid.cl/frontend.php/es/postulacion/descargar/hash/18108a23bdeb9abf651724adcede3151
1250007;Regular;2025;Resumen;https://post.anid.cl/frontend.php/es/postulacion/descargar/hash/3d2862fbddc04b5c7635de28229b9fd5
1250008;Regular;2025;Resumen;https://post.anid.cl/frontend.php/es/postulacion/descargar/hash/23f0d4374bfa60508345fd94062719ca
1250011;Regular;2025;Resumen;https://post.anid.cl/frontend.php/es/postulacion/descargar/hash/5e66be2b618f2a248b75690a54a92753
1250016;Regular;2025;Resumen;https://post.anid.cl/frontend.php/es/postulacion/descargar/hash/12d9777d862408b3f7fdb7555b78efcc
1250020;Regular;2025;Resumen;https://post.anid.cl/frontend.php/es/postulacion/descargar/hash/f3fbb6df972c25115596fbdf84203332
1250021;Regular;2025;Resumen;https://post.anid.cl/frontend.php/es/postulacion/descargar/hash/f4720edd11422efda95c946be2a7724f
1250022;Regular;2025;Resumen;https://post.anid.cl/frontend.php/es/postulacion/descargar/hash/d124cea33eb2096f9b52033fad91f6ed
1250027;Regular;2025;Resumen;https://post.anid.cl/frontend.php/es/postulacion/descargar/hash/4cf65a9a72e0d9a627161ad7593f5814
1250028;Regular;2025;Resumen;https://post.anid.cl/frontend.php/es/postulacion/descargar/hash/2076d5ff01938b186bc35d95d66e5869
1250036;Regular;2025;Resumen;https://post.anid.cl/frontend.php/es/postulacion/descargar/hash/db32254fdca0cae9aa33a89a733bbe72
1250038;Regular;2025;Resumen;https://post.anid.cl/frontend.php/es/postulacion/descargar/hash/353a375ea614c95b9244f40399ab7210
1250039;Regular;2025;Resumen;https://post.anid.cl/frontend.php/es/postulacion/descargar/hash/b6e8c70e3e631618f25fdaac6847c174
1250042;Regular;2025;Resumen;https://post.anid.cl/frontend.php/es/postulacion/descargar/hash/cc7376b723c9afb2f47be7d26a0b0ddb
1250043;Regular;2025;Resumen;https://post.anid.cl/frontend.php/es/postulacion/descargar/hash/c27423ba1dfe7b005d53f0ac2933cc30
1250045;Regular;2025;Resumen;https://post.anid.cl/frontend.php/es/postulacion/descargar/hash/2e7159ba3efdc5569eb20516b54958b9
1250047;Regular;2025;Resumen;https://post.anid.cl/frontend.php/es/postulacion/descargar/hash/3169a57e6b990733a821210d6ad5b63f
1250048;Regular;2025;Resumen;https://post.anid.cl/frontend.php/es/postulacion/descargar/hash/0ce25fc2a4a7c4dfe8fcd8097048598a
1250059;Regular;2025;Resumen;https://post.anid.cl/frontend.php/es/postulacion/descargar/hash/151cc8590dcf94fae393ab578aaf0abb
1250060;Regular;2025;Resumen;https://post.anid.cl/frontend.php/es/postulacion/descargar/hash/262c49f2f5a6b14572c602813bd712c7
1250064;Regular;2025;Resumen;https://post.anid.cl/frontend.php/es/postulacion/descargar/hash/4440f8a8c9c2c2382addc7b10d83fa33
1250066;Regular;2025;Resumen;https://post.anid.cl/frontend.php/es/postulacion/descargar/hash/00054945c3a0fc9850462bd84a8b8688
1250070;Regular;2025;Resumen;https://post.anid.cl/frontend.php/es/postulacion/descargar/hash/de18eed69eac59448cba9a421d16493e
1250073;Regular;2025;Resumen;https://post.anid.cl/frontend.php/es/postulacion/descargar/hash/cd2cdde4f661021f6f283fc7cb675754
1250074;Regular;2025;Resumen;https://post.anid.cl/frontend.php/es/postulacion/descargar/hash/cc68bdf2f70124ab8a25b44a99ceeb13
1250078;Regular;2025;Resumen;https://post.anid.cl/frontend.php/es/postulacion/descargar/hash/c7cd9de308b4cff2990bbc5dbb215143
1250080;Regular;2025;Resumen;https://post.anid.cl/frontend.php/es/postulacion/descargar/hash/f14a631ed9672b585922cf4eefa26433
1250081;Regular;2025;Resumen;https://post.anid.cl/frontend.php/es/postulacion/descargar/hash/9bda1cbef3dda614792023e39817e667
1250086;Regular;2025;Resumen;https://post.anid.cl/frontend.php/es/postulacion/descargar/hash/cee79863e012826815fbc8cc6401e860
1250091;Regular;2025;Resumen;https://post.anid.cl/frontend.php/es/postulacion/descargar/hash/2eb5ba2f71302df78fadcb10592c290c
1250092;Regular;2025;Resumen;https://post.anid.cl/frontend.php/es/postulacion/descargar/hash/9f36777cf1fdbe1a7ca2852491ac6999
1250096;Regular;2025;Resumen;https://post.anid.cl/frontend.php/es/postulacion/descargar/hash/063b181397f62d2790a4a0d9383beea2
1250098;Regular;2025;Resumen;https://post.anid.cl/frontend.php/es/postulacion/descargar/hash/08b6519c4e75d7444458043624f96276
1250099;Regular;2025;Resumen;https://post.anid.cl/frontend.php/es/postulacion/descargar/hash/f682566cb7840f8add9311be168d67c3
1250100;Regular;2025;Resumen;https://post.anid.cl/frontend.php/es/postulacion/descargar/hash/998edf8b2bc16f6ace971c59f3fe60a7
1250102;Regular;2025;Resumen;https://post.anid.cl/frontend.php/es/postulacion/descargar/hash/ee396ced6ad26ca70ca4f7c58807c751
1250103;Regular;2025;Resumen;https://post.anid.cl/frontend.php/es/postulacion/descargar/hash/97138b7a8711486e379e33b5a4e8e4b5
1250108;Regular;2025;Resumen;https://post.anid.cl/frontend.php/es/postulacion/descargar/hash/025a71f5a2a81bb077cb3f9dbbc514b9
1250110;Regular;2025;Resumen;https://post.anid.cl/frontend.php/es/postulacion/descargar/hash/d0f56e4742f9dfadad2bd46625cf914f
1250113;Regular;2025;Resumen;https://post.anid.cl/frontend.php/es/postulacion/descargar/hash/632fe30e035d34b0869769451b158d2a
1250114;Regular;2025;Resumen;https://post.anid.cl/frontend.php/es/postulacion/descargar/hash/4e812a4c6fc14bc232835442110e3d1f
1250122;Regular;2025;Resumen;https://post.anid.cl/frontend.php/es/postulacion/descargar/hash/f9ff1ce33a308aaf15d14458d360fc2e
1250123;Regular;2025;Resumen;https://post.anid.cl/frontend.php/es/postulacion/descargar/hash/c554e20d18479829563664b4c0104d26
1250125;Regular;2025;Resumen;https://post.anid.cl/frontend.php/es/postulacion/descargar/hash/285d1e66887258c743c8b59a57f47654
1250126;Regular;2025;Resumen;https://post.anid.cl/frontend.php/es/postulacion/descargar/hash/09fd8944046522f39b1960eeb061c738
1250128;Regular;2025;Resumen;https://post.anid.cl/frontend.php/es/postulacion/descargar/hash/3e82bfea71080d848162dea7f18de520
1250130;Regular;2025;Resumen;https://post.anid.cl/frontend.php/es/postulacion/descargar/hash/97ecf781b2d8d41fa1988c91a3784625
1250132;Regular;2025;Resumen;https://post.anid.cl/frontend.php/es/postulacion/descargar/hash/fe4a4ba7ee312ac368eec1369647e80c
1250133;Regular;2025;Resumen;https://post.anid.cl/frontend.php/es/postulacion/descargar/hash/5ff420a0fe02cc785ca3e2e892f4a6cb
1250134;Regular;2025;Resumen;https://post.anid.cl/frontend.php/es/postulacion/descargar/hash/64440db9ed123dfb24d98a98fae45767
1250135;Regular;2025;Resumen;https://post.anid.cl/frontend.php/es/postulacion/descargar/hash/bd68c30962f4ffc9a0211cc29203d271
1250136;Regular;2025;Resumen;https://post.anid.cl/frontend.php/es/postulacion/descargar/hash/82d8f6a523a63430c58265d9b399b6fa
1250142;Regular;2025;Resumen;https://post.anid.cl/frontend.php/es/postulacion/descargar/hash/8f6be0bdfbcc1a2ab6c82dcccffa6fe6
1250145;Regular;2025;Resumen;https://post.anid.cl/frontend.php/es/postulacion/descargar/hash/38713b2a37bb823c2ea67f3a1f94d6a4
1250150;Regular;2025;Resumen;https://post.anid.cl/frontend.php/es/postulacion/descargar/hash/5fa5afb8e57404b37241bb67fa81b432
1250153;Regular;2025;Resumen;https://post.anid.cl/frontend.php/es/postulacion/descargar/hash/5a09a29c163d6283f4e2ec7c139d753f
1250155;Regular;2025;Resumen;https://post.anid.cl/frontend.php/es/postulacion/descargar/hash/c6501c83d984944aa5355d2c1f7ec021
1250156;Regular;2025;Resumen;https://post.anid.cl/frontend.php/es/postulacion/descargar/hash/7e6a6446f316b44dd5b8c3c5007f0d2d
1250162;Regular;2025;Resumen;https://post.anid.cl/frontend.php/es/postulacion/descargar/hash/e4cc4b3fdcc69625f99bc391467255b7
1250166;Regular;2025;Resumen;https://post.anid.cl/frontend.php/es/postulacion/descargar/hash/affdfe83192f95392e21269167b2d22e
1250167;Regular;2025;Resumen;https://post.anid.cl/frontend.php/es/postulacion/descargar/hash/bdc7b9e5db8a2c4a5a113fb0f7c1fb35
1250170;Regular;2025;Resumen;https://post.anid.cl/frontend.php/es/postulacion/descargar/hash/620eb1da2d7cf9aeafc2bde9300f4f2e
1250173;Regular;2025;Resumen;https://post.anid.cl/frontend.php/es/postulacion/descargar/hash/bd65b1c1609fa1c365a95a583f210028
1250178;Regular;2025;Resumen;https://post.anid.cl/frontend.php/es/postulacion/descargar/hash/dba04b0950f654b2eaac5ff59c85ba4a
1250179;Regular;2025;Resumen;https://post.anid.cl/frontend.php/es/postulacion/descargar/hash/4554735e201a9e7c76b166fe25de8668
1250180;Regular;2025;Resumen;https://post.anid.cl/frontend.php/es/postulacion/descargar/hash/bf74b54865c087e140bd0f95b00767a8
1250183;Regular;2025;Resumen;https://post.anid.cl/frontend.php/es/postulacion/descargar/hash/37dda5e3c567f9326a127556eea859e5
1250185;Regular;2025;Resumen;https://post.anid.cl/frontend.php/es/postulacion/descargar/hash/75976e8da715f4ed4da821b6806ed0e2
1250192;Regular;2025;Resumen;https://post.anid.cl/frontend.php/es/postulacion/descargar/hash/63526134d789910064e304e913bd65cb
1250200;Regular;2025;Resumen;https://post.anid.cl/frontend.php/es/postulacion/descargar/hash/ccda3c4aff792b01f80d5bcdb36676ca
1250201;Regular;2025;Resumen;https://post.anid.cl/frontend.php/es/postulacion/descargar/hash/ae6076c4e9428fae6da1bd9cc7fbb37c
1250202;Regular;2025;Resumen;https://post.anid.cl/frontend.php/es/postulacion/descargar/hash/cedeb2c3acc6826a10fce444efd97a79
1250204;Regular;2025;Resumen;https://post.anid.cl/frontend.php/es/postulacion/descargar/hash/acc4abba96ca571aa2d7d9094cdd6b38
1250205;Regular;2025;Resumen;https://post.anid.cl/frontend.php/es/postulacion/descargar/hash/9f260364dddbad0a578f5ee8663cdff2
1250206;Regular;2025;Resumen;https://post.anid.cl/frontend.php/es/postulacion/descargar/hash/84c5e951b96cedbe500681ced45da59b
1250207;Regular;2025;Resumen;https://post.anid.cl/frontend.php/es/postulacion/descargar/hash/34624c0090d1fa26e3817ee0fdb4e32f
1250210;Regular;2025;Resumen;https://post.anid.cl/frontend.php/es/postulacion/descargar/hash/f9acabc15dbd6f58dcc958c063d69f7c
1250213;Regular;2025;Resumen;https://post.anid.cl/frontend.php/es/postulacion/descargar/hash/1d28a77111b359f6539a8b2a31f8eb2b
1250215;Regular;2025;Resumen;https://post.anid.cl/frontend.php/es/postulacion/descargar/hash/7816614a3fa613071848d739195d6bab
1250218;Regular;2025;Resumen;https://post.anid.cl/frontend.php/es/postulacion/descargar/hash/293e298aca9f153b3b4778fb48a3ab0b
1250224;Regular;2025;Resumen;https://post.anid.cl/frontend.php/es/postulacion/descargar/hash/3ed29f4ba8c28eebe6b3918af20eae14
1250227;Regular;2025;Resumen;https://post.anid.cl/frontend.php/es/postulacion/descargar/hash/f200ae86f06cefcb6988c118aa2cdb0e
1250231;Regular;2025;Resumen;https://post.anid.cl/frontend.php/es/postulacion/descargar/hash/8bf1ce015dee18f1b1ed1533ba8fe219
1250233;Regular;2025;Resumen;https://post.anid.cl/frontend.php/es/postulacion/descargar/hash/14bb8490855e6f79f49a177afd58d6ec
1250240;Regular;2025;Resumen;https://post.anid.cl/frontend.php/es/postulacion/descargar/hash/08466419ebc1ce4853600ce005c56b5f
1250247;Regular;2025;Resumen;https://post.anid.cl/frontend.php/es/postulacion/descargar/hash/aeaa194775d807e86786b455e3af1b6c
1250248;Regular;2025;Resumen;https://post.anid.cl/frontend.php/es/postulacion/descargar/hash/552e1f43d9e5568901c89a1dc16282a7
1250249;Regular;2025;Resumen;https://post.anid.cl/frontend.php/es/postulacion/descargar/hash/4dd133a8df796ae1403361f81fef25a9
1250252;Regular;2025;Resumen;https://post.anid.cl/frontend.php/es/postulacion/descargar/hash/e9b7ae5bd16c20a849737afb138a0dc1
1250258;Regular;2025;Resumen;https://post.anid.cl/frontend.php/es/postulacion/descargar/hash/6263b47217ab1bacc34f2b6bf063c8f9
1250261;Regular;2025;Resumen;https://post.anid.cl/frontend.php/es/postulacion/descargar/hash/eb57930780783d4cac47080d133c7cf7
1250266;Regular;2025;Resumen;https://post.anid.cl/frontend.php/es/postulacion/descargar/hash/c69cb216e5e402ef9cd939c3e96671f3
1250272;Regular;2025;Resumen;https://post.anid.cl/frontend.php/es/postulacion/descargar/hash/8723293d33198da32880502e58a19e87
1250274;Regular;2025;Resumen;https://post.anid.cl/frontend.php/es/postulacion/descargar/hash/57fbebf27a244284a6c8aefca3c63e57
1250275;Regular;2025;Resumen;https://post.anid.cl/frontend.php/es/postulacion/descargar/hash/1f9a07e2b1241c74e4f70c2aad22b69c
1250287;Regular;2025;Resumen;https://post.anid.cl/frontend.php/es/postulacion/descargar/hash/c3e41b9a904b6f90946ed55013ded3ff
1250288;Regular;2025;Resumen;https://post.anid.cl/frontend.php/es/postulacion/descargar/hash/729681c82376a3149c89bec01a3b78a4
1250291;Regular;2025;Resumen;https://post.anid.cl/frontend.php/es/postulacion/descargar/hash/57ee87a1753177037edbba15150b3b4c
1250296;Regular;2025;Resumen;https://post.anid.cl/frontend.php/es/postulacion/descargar/hash/89c6dbb1b66367d56c2602dd28abf96d
1250300;Regular;2025;Resumen;https://post.anid.cl/frontend.php/es/postulacion/descargar/hash/a9189e9aef909ab69a965efa6d0e661c
1250304;Regular;2025;Resumen;https://post.anid.cl/frontend.php/es/postulacion/descargar/hash/1df3f28ab466c94629ef4b2117f257a8
1250315;Regular;2025;Resumen;https://post.anid.cl/frontend.php/es/postulacion/descargar/hash/239a8e1c8187b46825ae22d313dfe306
1250316;Regular;2025;Resumen;https://post.anid.cl/frontend.php/es/postulacion/descargar/hash/1b49f2428d8689ccf092e226cbea156f
1250317;Regular;2025;Resumen;https://post.anid.cl/frontend.php/es/postulacion/descargar/hash/d4635064a11b305200408d2333ac18d4
1250318;Regular;2025;Resumen;https://post.anid.cl/frontend.php/es/postulacion/descargar/hash/54ab0223c5796799a6aa2a60894debfb
1250325;Regular;2025;Resumen;https://post.anid.cl/frontend.php/es/postulacion/descargar/hash/65fa6e66135f5d00c7f08b1d8b54d3a1
1250341;Regular;2025;Resumen;https://post.anid.cl/frontend.php/es/postulacion/descargar/hash/dda26d1002cade342582502c55b917a0
1250342;Regular;2025;Resumen;https://post.anid.cl/frontend.php/es/postulacion/descargar/hash/b14d0b6acb509743cbb721966d581507
1250343;Regular;2025;Resumen;https://post.anid.cl/frontend.php/es/postulacion/descargar/hash/ddf9638ed807e4f63f73095245751654
1250344;Regular;2025;Resumen;https://post.anid.cl/frontend.php/es/postulacion/descargar/hash/80296f0956cc1b992fa09272bb61a3a3
1250345;Regular;2025;Resumen;https://post.anid.cl/frontend.php/es/postulacion/descargar/hash/a2e937a51da5a4de3c99fa03629e3474
1250346;Regular;2025;Resumen;https://post.anid.cl/frontend.php/es/postulacion/descargar/hash/aaf5886ba538fab59dff9b1ed7fc90cd
1250347;Regular;2025;Resumen;https://post.anid.cl/frontend.php/es/postulacion/descargar/hash/cbd6420841a1c1bbc26075aa631a1a14
1250349;Regular;2025;Resumen;https://post.anid.cl/frontend.php/es/postulacion/descargar/hash/69093887f543d6a945f4d7858374a47e
1250350;Regular;2025;Resumen;https://post.anid.cl/frontend.php/es/postulacion/descargar/hash/7b3abb02a63ef2747226ec8308b95cce
1250354;Regular;2025;Resumen;https://post.anid.cl/frontend.php/es/postulacion/descargar/hash/44f33af7ed7b3bf58ff8b30b69ba7822
1250361;Regular;2025;Resumen;https://post.anid.cl/frontend.php/es/postulacion/descargar/hash/168b356c7d9116e12a8682653df14128
1250364;Regular;2025;Resumen;https://post.anid.cl/frontend.php/es/postulacion/descargar/hash/bdf90a32218fc1f3e3248eb131339f6d
1250366;Regular;2025;Resumen;https://post.anid.cl/frontend.php/es/postulacion/descargar/hash/133f64bd6c9d91685dc6f23d91386b7e
1250367;Regular;2025;Resumen;https://post.anid.cl/frontend.php/es/postulacion/descargar/hash/6a8a60dcc3e8ac9af7935714244e7b6d
1250376;Regular;2025;Resumen;https://post.anid.cl/frontend.php/es/postulacion/descargar/hash/0e5ef6d38226b252c385084f24a1cd9a
1250379;Regular;2025;Resumen;https://post.anid.cl/frontend.php/es/postulacion/descargar/hash/444d51c97afbfb37858c5ddc3d218b6d
1250381;Regular;2025;Resumen;https://post.anid.cl/frontend.php/es/postulacion/descargar/hash/8512afc57fd3856354141e557a7632b3
1250386;Regular;2025;Resumen;https://post.anid.cl/frontend.php/es/postulacion/descargar/hash/7003fad0a35c843e5b58d66c5cac214f
1250388;Regular;2025;Resumen;https://post.anid.cl/frontend.php/es/postulacion/descargar/hash/ef8b22d29d63bfd06eaebd3e8c7a6b69
1250389;Regular;2025;Resumen;https://post.anid.cl/frontend.php/es/postulacion/descargar/hash/f73398da69a7f4e41de7aa46c0c2cf75
1250390;Regular;2025;Resumen;https://post.anid.cl/frontend.php/es/postulacion/descargar/hash/ffb5a2eec57e44d5a23806db10bf38f4
1250392;Regular;2025;Resumen;https://post.anid.cl/frontend.php/es/postulacion/descargar/hash/cd94c88c2efad0d37b4b4096083776e7
1250393;Regular;2025;Resumen;https://post.anid.cl/frontend.php/es/postulacion/descargar/hash/c5d4219de52dc695c5838c5ad9a9bdba
1250394;Regular;2025;Resumen;https://post.anid.cl/frontend.php/es/postulacion/descargar/hash/982c2d2c073ef1d2d2205eff4d807654
1250395;Regular;2025;Resumen;https://post.anid.cl/frontend.php/es/postulacion/descargar/hash/b069e7875394afe27e214adcd99c473d
1250401;Regular;2025;Resumen;https://post.anid.cl/frontend.php/es/postulacion/descargar/hash/e255575a1a4a89bb7af4887e2f5a8f9f
1250403;Regular;2025;Resumen;https://post.anid.cl/frontend.php/es/postulacion/descargar/hash/b465b228601aecf7a172fea6942ff73c
1250404;Regular;2025;Resumen;https://post.anid.cl/frontend.php/es/postulacion/descargar/hash/7e676fae8510c653569942037732c292
1250405;Regular;2025;Resumen;https://post.anid.cl/frontend.php/es/postulacion/descargar/hash/da3cd9f681daae0a373aed3e0d88337d
1250406;Regular;2025;Resumen;https://post.anid.cl/frontend.php/es/postulacion/descargar/hash/686e17e813ca6f0db23f81a004bf0559
1250416;Regular;2025;Resumen;https://post.anid.cl/frontend.php/es/postulacion/descargar/hash/23649274ca47cf4472b9bad59a9bac17
1250417;Regular;2025;Resumen;https://post.anid.cl/frontend.php/es/postulacion/descargar/hash/750bcbeb437fb3a78e21216d2234f04c
1250419;Regular;2025;Resumen;https://post.anid.cl/frontend.php/es/postulacion/descargar/hash/1766442aaa8729c7410919b1884d6db5
1250427;Regular;2025;Resumen;https://post.anid.cl/frontend.php/es/postulacion/descargar/hash/e18f71d2ae675dcfbb42d79f1b1744a2
1250428;Regular;2025;Resumen;https://post.anid.cl/frontend.php/es/postulacion/descargar/hash/7f85af309b4de9c75983216a349075c3
1250429;Regular;2025;Resumen;https://post.anid.cl/frontend.php/es/postulacion/descargar/hash/4bac3a53938e9fb77911be95d00a1f0f
1250432;Regular;2025;Resumen;https://post.anid.cl/frontend.php/es/postulacion/descargar/hash/e23d656f88a6d7ac09f55801d6dfc500
1250434;Regular;2025;Resumen;https://post.anid.cl/frontend.php/es/postulacion/descargar/hash/4ad93f870d199ff5766aa917619dde62
1250438;Regular;2025;Resumen;https://post.anid.cl/frontend.php/es/postulacion/descargar/hash/d66c3b090b74249fd4a88ccdda270757
1250440;Regular;2025;Resumen;https://post.anid.cl/frontend.php/es/postulacion/descargar/hash/4258cce1ac58770e4dea9531939ada55
1250444;Regular;2025;Resumen;https://post.anid.cl/frontend.php/es/postulacion/descargar/hash/cb2c34c12d4d11d1ca1feaa4f968ebbc
1250447;Regular;2025;Resumen;https://post.anid.cl/frontend.php/es/postulacion/descargar/hash/8257802c9bbee4c97baa624e0ca3d4e5
1250452;Regular;2025;Resumen;https://post.anid.cl/frontend.php/es/postulacion/descargar/hash/4e338062b0095ad601180ced206c828d
1250458;Regular;2025;Resumen;https://post.anid.cl/frontend.php/es/postulacion/descargar/hash/c3e64ba935288fe34ceaf41aefb3e0e2
1250463;Regular;2025;Resumen;https://post.anid.cl/frontend.php/es/postulacion/descargar/hash/ae9f08b2fda48922213b8c2b3492c658
1250466;Regular;2025;Resumen;https://post.anid.cl/frontend.php/es/postulacion/descargar/hash/c00bfc42514e5b99897e28c728a48fc6
1250469;Regular;2025;Resumen;https://post.anid.cl/frontend.php/es/postulacion/descargar/hash/1363e569d7d989c0fb2a528f394f8419
1250470;Regular;2025;Resumen;https://post.anid.cl/frontend.php/es/postulacion/descargar/hash/33d27788bca7f9e9aa85c556ee51429a
1250474;Regular;2025;Resumen;https://post.anid.cl/frontend.php/es/postulacion/descargar/hash/acd69a46fb6f1836fe3b2703429d1df8
1250475;Regular;2025;Resumen;https://post.anid.cl/frontend.php/es/postulacion/descargar/hash/fa59eba5e504003f2825b4785cb18785
1250477;Regular;2025;Resumen;https://post.anid.cl/frontend.php/es/postulacion/descargar/hash/d5d876f821ee72bea2ec581afaf6518f
1250479;Regular;2025;Resumen;https://post.anid.cl/frontend.php/es/postulacion/descargar/hash/e7e5725b12ab88ebdba34b197cd60414
1250482;Regular;2025;Resumen;https://post.anid.cl/frontend.php/es/postulacion/descargar/hash/092d0c5b162f3fb8975caadab8e3789b
1250484;Regular;2025;Resumen;https://post.anid.cl/frontend.php/es/postulacion/descargar/hash/f45972e06cec4c3eca3fb96534a8c232
1250485;Regular;2025;Resumen;https://post.anid.cl/frontend.php/es/postulacion/descargar/hash/ad16baebcf3407fc848a24009bdfaa25
1250487;Regular;2025;Resumen;https://post.anid.cl/frontend.php/es/postulacion/descargar/hash/9bf347cff288ba8ef8fe73d9e3e2d838
1250492;Regular;2025;Resumen;https://post.anid.cl/frontend.php/es/postulacion/descargar/hash/2288de6ba6124859f3e6166e2b34820f
1250496;Regular;2025;Resumen;https://post.anid.cl/frontend.php/es/postulacion/descargar/hash/79b5c7da1a92c2a0c3e6c270bc740feb
1250505;Regular;2025;Resumen;https://post.anid.cl/frontend.php/es/postulacion/descargar/hash/5bf2bc5e225424dbc4b22e89f92024d9
1250511;Regular;2025;Resumen;https://post.anid.cl/frontend.php/es/postulacion/descargar/hash/ab187fc4be01f9eb2c24088c19514635
1250517;Regular;2025;Resumen;https://post.anid.cl/frontend.php/es/postulacion/descargar/hash/7016bf5fc847ba3725ffeedd36b72f74
1250518;Regular;2025;Resumen;https://post.anid.cl/frontend.php/es/postulacion/descargar/hash/be7b8cd328a6283acbb07986d0bd9be0
1250522;Regular;2025;Resumen;https://post.anid.cl/frontend.php/es/postulacion/descargar/hash/33f211654a65037800760dfd36f9c5af
1250525;Regular;2025;Resumen;https://post.anid.cl/frontend.php/es/postulacion/descargar/hash/c1b6963683d61724db5eed24bb421ef1
1250534;Regular;2025;Resumen;https://post.anid.cl/frontend.php/es/postulacion/descargar/hash/371efac38470b384511ba754ffb79f31
1250538;Regular;2025;Resumen;https://post.anid.cl/frontend.php/es/postulacion/descargar/hash/9fafec910c2e14b569523b5985d6433d
1250553;Regular;2025;Resumen;https://post.anid.cl/frontend.php/es/postulacion/descargar/hash/4a30e5ea4868eb71204a119ed28b5aa5
1250555;Regular;2025;Resumen;https://post.anid.cl/frontend.php/es/postulacion/descargar/hash/9c8f754ef9757805c8a77a081e621e8f
1250559;Regular;2025;Resumen;https://post.anid.cl/frontend.php/es/postulacion/descargar/hash/c8a8869832ca7432603026d78b627fa7
1250560;Regular;2025;Resumen;https://post.anid.cl/frontend.php/es/postulacion/descargar/hash/6af51286e8cef2f75be4644e7ab8de50
1250562;Regular;2025;Resumen;https://post.anid.cl/frontend.php/es/postulacion/descargar/hash/a4639da81b42fba8c9ce1a3f37fe28ec
1250569;Regular;2025;Resumen;https://post.anid.cl/frontend.php/es/postulacion/descargar/hash/59553c31bc736b9f8bb4ec9b7e6d4832
1250570;Regular;2025;Resumen;https://post.anid.cl/frontend.php/es/postulacion/descargar/hash/1c1f51dfc42d5c3aabc6a33e24d9fa77
1250579;Regular;2025;Resumen;https://post.anid.cl/frontend.php/es/postulacion/descargar/hash/4899aba90235c0b0152e5c419cf60a14
1250580;Regular;2025;Resumen;https://post.anid.cl/frontend.php/es/postulacion/descargar/hash/514e0286cd0d62d0ffaeea0e739be27e
1250587;Regular;2025;Resumen;https://post.anid.cl/frontend.php/es/postulacion/descargar/hash/23b49ad8d35815d81afc08ff9831ac7f
1250588;Regular;2025;Resumen;https://post.anid.cl/frontend.php/es/postulacion/descargar/hash/16f5c0326cfff5ea97cd0487eb939e95
1250589;Regular;2025;Resumen;https://post.anid.cl/frontend.php/es/postulacion/descargar/hash/b81ff02ff65856a391f6739abbfb2975
1250593;Regular;2025;Resumen;https://post.anid.cl/frontend.php/es/postulacion/descargar/hash/ed5d290c77d266affb88b20d32e82960
1250594;Regular;2025;Resumen;https://post.anid.cl/frontend.php/es/postulacion/descargar/hash/0453decd99b43260591649bda2ae10c3
1250596;Regular;2025;Resumen;https://post.anid.cl/frontend.php/es/postulacion/descargar/hash/94a6458f9333e5fd6d8cfa72a67ae45e
1250601;Regular;2025;Resumen;https://post.anid.cl/frontend.php/es/postulacion/descargar/hash/48b1085c9413f7fbbd5ae8f99634c523
1250602;Regular;2025;Resumen;https://post.anid.cl/frontend.php/es/postulacion/descargar/hash/6bce02d74199bdc2505d5c73f3486cfe
1250603;Regular;2025;Resumen;https://post.anid.cl/frontend.php/es/postulacion/descargar/hash/f3e3af14bddc08f6f100a3889891a862
1250610;Regular;2025;Resumen;https://post.anid.cl/frontend.php/es/postulacion/descargar/hash/1a40fb68fadb3511a1cb725af5964438
1250613;Regular;2025;Resumen;https://post.anid.cl/frontend.php/es/postulacion/descargar/hash/667ee2edb54d896767e13281ad65981a
1250616;Regular;2025;Resumen;https://post.anid.cl/frontend.php/es/postulacion/descargar/hash/9c7a4888753d4bb278fb20826605cfa1
1250619;Regular;2025;Resumen;https://post.anid.cl/frontend.php/es/postulacion/descargar/hash/5492e92138f44a43dda710c72f5a4722
1250620;Regular;2025;Resumen;https://post.anid.cl/frontend.php/es/postulacion/descargar/hash/a662bfe8d85848f39b4fee569d7c8e74
1250621;Regular;2025;Resumen;https://post.anid.cl/frontend.php/es/postulacion/descargar/hash/97b4919d8cffbf797c48f5513b84c7a0
1250622;Regular;2025;Resumen;https://post.anid.cl/frontend.php/es/postulacion/descargar/hash/2ccac9d339ccf9d42a0518079b0debf9
1250631;Regular;2025;Resumen;https://post.anid.cl/frontend.php/es/postulacion/descargar/hash/556d565456623058e2a5e4070194e3b3
1250633;Regular;2025;Resumen;https://post.anid.cl/frontend.php/es/postulacion/descargar/hash/344f565d065629450be5d639ec8a591a
1250634;Regular;2025;Resumen;https://post.anid.cl/frontend.php/es/postulacion/descargar/hash/8a7fc09335afb97d56f59e455ba13e62
1250635;Regular;2025;Resumen;https://post.anid.cl/frontend.php/es/postulacion/descargar/hash/066ca3d9e582aee6c87bc86a51d49a42
1250638;Regular;2025;Resumen;https://post.anid.cl/frontend.php/es/postulacion/descargar/hash/1041ac5a6c7e4c25b98b04943d4caea8
1250639;Regular;2025;Resumen;https://post.anid.cl/frontend.php/es/postulacion/descargar/hash/0cad6e43db842d3953dacc2f7cf32aef
1250640;Regular;2025;Resumen;https://post.anid.cl/frontend.php/es/postulacion/descargar/hash/4b76446a77565619048e6c4016a3b6c8
1250642;Regular;2025;Resumen;https://post.anid.cl/frontend.php/es/postulacion/descargar/hash/253698f6da51116a7f8f31781956f8f8
1250644;Regular;2025;Resumen;https://post.anid.cl/frontend.php/es/postulacion/descargar/hash/205ea6f868f6040cb86308984def42ca
1250646;Regular;2025;Resumen;https://post.anid.cl/frontend.php/es/postulacion/descargar/hash/d3dde8ac1ec36e4da2ae376c226c5aff
1250648;Regular;2025;Resumen;https://post.anid.cl/frontend.php/es/postulacion/descargar/hash/929544d12c9b90083efaa0a82d5a13af
1250656;Regular;2025;Resumen;https://post.anid.cl/frontend.php/es/postulacion/descargar/hash/8cd58292edd067e8510c5c4270d3df52
1250661;Regular;2025;Resumen;https://post.anid.cl/frontend.php/es/postulacion/descargar/hash/69a996c3bc85e0b855e13ca60d49d5bf
1250664;Regular;2025;Resumen;https://post.anid.cl/frontend.php/es/postulacion/descargar/hash/a3f9c34c1a418a7e1b1e0516ff65cb30
1250667;Regular;2025;Resumen;https://post.anid.cl/frontend.php/es/postulacion/descargar/hash/64a1382cf055eae04dd9680d0c24fd48
1250678;Regular;2025;Resumen;https://post.anid.cl/frontend.php/es/postulacion/descargar/hash/3dd116755c2c9ad8b14b477a5b7c68d8
1250681;Regular;2025;Resumen;https://post.anid.cl/frontend.php/es/postulacion/descargar/hash/8177c08d9c35126f25cff04bb3103567
1250683;Regular;2025;Resumen;https://post.anid.cl/frontend.php/es/postulacion/descargar/hash/ba5d3f89a1d134acf33e6ac21cc713a2
1250684;Regular;2025;Resumen;https://post.anid.cl/frontend.php/es/postulacion/descargar/hash/df1045682659d8212df69196fe4a9773
1250685;Regular;2025;Resumen;https://post.anid.cl/frontend.php/es/postulacion/descargar/hash/6230dc156162d7cf30dcbbc706ec37e8
1250688;Regular;2025;Resumen;https://post.anid.cl/frontend.php/es/postulacion/descargar/hash/6ed26d5302a281cf6cc36811e4b3d000
1250690;Regular;2025;Resumen;https://post.anid.cl/frontend.php/es/postulacion/descargar/hash/753718d17dc89bdb799f923c800d589c
1250691;Regular;2025;Resumen;https://post.anid.cl/frontend.php/es/postulacion/descargar/hash/6de8b86c3b1173071267eaf10c7c386c
1250693;Regular;2025;Resumen;https://post.anid.cl/frontend.php/es/postulacion/descargar/hash/100dfeccc71dd1fa295707467da985e1
1250695;Regular;2025;Resumen;https://post.anid.cl/frontend.php/es/postulacion/descargar/hash/42916719b3c6a6e931eeb5a28e34d9c9
1250697;Regular;2025;Resumen;https://post.anid.cl/frontend.php/es/postulacion/descargar/hash/d748f848b759593980d4e50923b3bc85
1250707;Regular;2025;Resumen;https://post.anid.cl/frontend.php/es/postulacion/descargar/hash/10c60caadeb93aaffc929af0778fc26f
1250709;Regular;2025;Resumen;https://post.anid.cl/frontend.php/es/postulacion/descargar/hash/6c66552a2a0ae2452cd71a7307f29fbf
1250712;Regular;2025;Resumen;https://post.anid.cl/frontend.php/es/postulacion/descargar/hash/54c1470b3366ab9b09170115d65b967f
1250716;Regular;2025;Resumen;https://post.anid.cl/frontend.php/es/postulacion/descargar/hash/437f95a4b9a53e52c3cfd5eca937469d
1250718;Regular;2025;Resumen;https://post.anid.cl/frontend.php/es/postulacion/descargar/hash/927372d3255723f300f689836c0aad4f
1250720;Regular;2025;Resumen;https://post.anid.cl/frontend.php/es/postulacion/descargar/hash/d377d656f16d6c6993666456f6df9059
1250721;Regular;2025;Resumen;https://post.anid.cl/frontend.php/es/postulacion/descargar/hash/91cb28bae5e2106aaa0b3753f7aacb23
1250727;Regular;2025;Resumen;https://post.anid.cl/frontend.php/es/postulacion/descargar/hash/ef2af4a08d5634261b08a9067234d1fb
1250734;Regular;2025;Resumen;https://post.anid.cl/frontend.php/es/postulacion/descargar/hash/2090cff938e0e4a3e4d795b01ac58738
1250741;Regular;2025;Resumen;https://post.anid.cl/frontend.php/es/postulacion/descargar/hash/870c1948f2d3de7e5cc38ee625dba1a7
1250751;Regular;2025;Resumen;https://post.anid.cl/frontend.php/es/postulacion/descargar/hash/64a9776c6fa16088d86998e4cfdc8774
1250752;Regular;2025;Resumen;https://post.anid.cl/frontend.php/es/postulacion/descargar/hash/d316a45612953621937621aa4e69ba73
1250757;Regular;2025;Resumen;https://post.anid.cl/frontend.php/es/postulacion/descargar/hash/39f11800c9d32914c77dd6bbe48d6ccc
1250761;Regular;2025;Resumen;https://post.anid.cl/frontend.php/es/postulacion/descargar/hash/ef5d93702c880676434b5d8d18ca4821
1250762;Regular;2025;Resumen;https://post.anid.cl/frontend.php/es/postulacion/descargar/hash/5b8a1cde6216b7377e47df7a0687ff31
1250770;Regular;2025;Resumen;https://post.anid.cl/frontend.php/es/postulacion/descargar/hash/05ab853e8345b2c58af39de3d16dacc1
1250775;Regular;2025;Resumen;https://post.anid.cl/frontend.php/es/postulacion/descargar/hash/aefffd89b24803d520e525e4e9e392fc
1250776;Regular;2025;Resumen;https://post.anid.cl/frontend.php/es/postulacion/descargar/hash/9cf0507ac5bcea5082b0ff69fd7c605b
1250780;Regular;2025;Resumen;https://post.anid.cl/frontend.php/es/postulacion/descargar/hash/1fbb2c9481c3a1d90ac908c1b789c9de
1250784;Regular;2025;Resumen;https://post.anid.cl/frontend.php/es/postulacion/descargar/hash/b726301df4ea886a162dbbb3071a60ec
1250785;Regular;2025;Resumen;https://post.anid.cl/frontend.php/es/postulacion/descargar/hash/2d5dd9a548d2394ee4c0164a3b4c13f8
1250790;Regular;2025;Resumen;https://post.anid.cl/frontend.php/es/postulacion/descargar/hash/cde03a0164dda23fc4179771f4c66229
1250792;Regular;2025;Resumen;https://post.anid.cl/frontend.php/es/postulacion/descargar/hash/6d612a3ce4bb39124146576580a254a6
1250796;Regular;2025;Resumen;https://post.anid.cl/frontend.php/es/postulacion/descargar/hash/16f70b648bb40ecd881cc33695873d8a
1250798;Regular;2025;Resumen;https://post.anid.cl/frontend.php/es/postulacion/descargar/hash/bdc6a38b7d50cbadd76ba3fcef526536
1250803;Regular;2025;Resumen;https://post.anid.cl/frontend.php/es/postulacion/descargar/hash/0b10b73c386b77387ba02a1393f82ed0
1250804;Regular;2025;Resumen;https://post.anid.cl/frontend.php/es/postulacion/descargar/hash/3fcaa2f4db9b060a1778fc924a5d832f
1250809;Regular;2025;Resumen;https://post.anid.cl/frontend.php/es/postulacion/descargar/hash/2536233dcd8a037ad44245c8c0fb9c5d
1250815;Regular;2025;Resumen;https://post.anid.cl/frontend.php/es/postulacion/descargar/hash/63dc5e8773d02ffa5fb66acd327c0f42
1250821;Regular;2025;Resumen;https://post.anid.cl/frontend.php/es/postulacion/descargar/hash/f1d72f8ce66e656c37fbcb8aacd1c361
1250823;Regular;2025;Resumen;https://post.anid.cl/frontend.php/es/postulacion/descargar/hash/893ad07c5f5c40f479014aa4611ed063
1250827;Regular;2025;Resumen;https://post.anid.cl/frontend.php/es/postulacion/descargar/hash/9ab4363d1999116b557ff5a6cec21fbf
1250830;Regular;2025;Resumen;https://post.anid.cl/frontend.php/es/postulacion/descargar/hash/e186f19ae7e43a19db7ea7a1b4a365c0
1250831;Regular;2025;Resumen;https://post.anid.cl/frontend.php/es/postulacion/descargar/hash/620227b0d6cc881ba2e53ff09d4e876d
1250835;Regular;2025;Resumen;https://post.anid.cl/frontend.php/es/postulacion/descargar/hash/86fecc8b3383b3a27b387a2362105a5e
1250838;Regular;2025;Resumen;https://post.anid.cl/frontend.php/es/postulacion/descargar/hash/61fda65bea6ae3eca0c5e7bbbda1c481
1250842;Regular;2025;Resumen;https://post.anid.cl/frontend.php/es/postulacion/descargar/hash/eebd6eddc639540304cbdb1717adfc61
1250847;Regular;2025;Resumen;https://post.anid.cl/frontend.php/es/postulacion/descargar/hash/ebc0bf1f380f5568002173474ed65659
1250848;Regular;2025;Resumen;https://post.anid.cl/frontend.php/es/postulacion/descargar/hash/23510cd4db2fb296018b52c76bdf1a76
1250853;Regular;2025;Resumen;https://post.anid.cl/frontend.php/es/postulacion/descargar/hash/a429df4e1e30a7cb69f3d799ecc96a9f
1250854;Regular;2025;Resumen;https://post.anid.cl/frontend.php/es/postulacion/descargar/hash/8415467102fcbb48d73a66ad9db47899
1250856;Regular;2025;Resumen;https://post.anid.cl/frontend.php/es/postulacion/descargar/hash/d41787be588c00c17ef996a8f6092169
1250862;Regular;2025;Resumen;https://post.anid.cl/frontend.php/es/postulacion/descargar/hash/76897d5bd57601849a340a44fddfaeb7
1250872;Regular;2025;Resumen;https://post.anid.cl/frontend.php/es/postulacion/descargar/hash/9c78cc492d287f78f2d28d05f24e0691
1250880;Regular;2025;Resumen;https://post.anid.cl/frontend.php/es/postulacion/descargar/hash/f31a354317b3fbc1ff8ff6c2790865d4
1250901;Regular;2025;Resumen;https://post.anid.cl/frontend.php/es/postulacion/descargar/hash/3f3c1b25e2f67ea2b6bd333e1e9bccec
1250906;Regular;2025;Resumen;https://post.anid.cl/frontend.php/es/postulacion/descargar/hash/5e020d5b945097d1ef09dcd9e98d39c5
1250908;Regular;2025;Resumen;https://post.anid.cl/frontend.php/es/postulacion/descargar/hash/45172f1d8ccf81befa9c9de4db679d6f
1250911;Regular;2025;Resumen;https://post.anid.cl/frontend.php/es/postulacion/descargar/hash/8e83f03015668307a549299cba3791fd
1250913;Regular;2025;Resumen;https://post.anid.cl/frontend.php/es/postulacion/descargar/hash/664411ec13f978e02679646a2c1b0a76
1250920;Regular;2025;Resumen;https://post.anid.cl/frontend.php/es/postulacion/descargar/hash/45fd5296f16810e970a52b87fe8a4d30
1250921;Regular;2025;Resumen;https://post.anid.cl/frontend.php/es/postulacion/descargar/hash/f56964e69968bfdd2a7c855ac5b4dd73
1250928;Regular;2025;Resumen;https://post.anid.cl/frontend.php/es/postulacion/descargar/hash/6f7d63a0621eafc94a37a079f598ccad
1250929;Regular;2025;Resumen;https://post.anid.cl/frontend.php/es/postulacion/descargar/hash/2db53e42a2756079913d68b92358cd89
1250930;Regular;2025;Resumen;https://post.anid.cl/frontend.php/es/postulacion/descargar/hash/479a92d3524f25a16b29e3240d5e6803
1250931;Regular;2025;Resumen;https://post.anid.cl/frontend.php/es/postulacion/descargar/hash/093fcb7ec2b25724f53f2b72775e92d2
1250932;Regular;2025;Resumen;https://post.anid.cl/frontend.php/es/postulacion/descargar/hash/0054a941944ca574cd3d846766504b34
1250933;Regular;2025;Resumen;https://post.anid.cl/frontend.php/es/postulacion/descargar/hash/0bae7965a60bcfc57c426a658cf29014
1250935;Regular;2025;Resumen;https://post.anid.cl/frontend.php/es/postulacion/descargar/hash/fa96f8739fe4b69594d44447a7b61e3a
1250936;Regular;2025;Resumen;https://post.anid.cl/frontend.php/es/postulacion/descargar/hash/bd842f4a3c375ef45cae71d5cc5c21d7
1250937;Regular;2025;Resumen;https://post.anid.cl/frontend.php/es/postulacion/descargar/hash/ca094ceeac8075ff134c70b787d2f5f1
1250951;Regular;2025;Resumen;https://post.anid.cl/frontend.php/es/postulacion/descargar/hash/c7aa037cd8fe2c33c84a1ce6cce59ff9
1250957;Regular;2025;Resumen;https://post.anid.cl/frontend.php/es/postulacion/descargar/hash/e1835db82c93f2c9d652047fe404fe97
1250960;Regular;2025;Resumen;https://post.anid.cl/frontend.php/es/postulacion/descargar/hash/d6458003fb11c5a6a8e8cd3833b443b4
1250963;Regular;2025;Resumen;https://post.anid.cl/frontend.php/es/postulacion/descargar/hash/5b0200600374c004dd1db231bbd43249
1250968;Regular;2025;Resumen;https://post.anid.cl/frontend.php/es/postulacion/descargar/hash/8c920db078d40abdd1dbc9e200199ce0
1250970;Regular;2025;Resumen;https://post.anid.cl/frontend.php/es/postulacion/descargar/hash/cda21e053fcbc6a9122157f2ba7b8506
1250979;Regular;2025;Resumen;https://post.anid.cl/frontend.php/es/postulacion/descargar/hash/81ff13efcaaea3ebb83cab87a16fc5b3
1250984;Regular;2025;Resumen;https://post.anid.cl/frontend.php/es/postulacion/descargar/hash/ba22c7b05d45195b6dce3b102f0e0074
1250987;Regular;2025;Resumen;https://post.anid.cl/frontend.php/es/postulacion/descargar/hash/1f610206c4a9a72d08a23d074b588143
1250992;Regular;2025;Resumen;https://post.anid.cl/frontend.php/es/postulacion/descargar/hash/ccc931984af389f50e8639b9cd3b2b10
1250993;Regular;2025;Resumen;https://post.anid.cl/frontend.php/es/postulacion/descargar/hash/b224182a87ec552534cca63eb0aee030
1250994;Regular;2025;Resumen;https://post.anid.cl/frontend.php/es/postulacion/descargar/hash/8f2a2c4ac3e5dec788f032fd511d0a8f
1250995;Regular;2025;Resumen;https://post.anid.cl/frontend.php/es/postulacion/descargar/hash/09de0c899f1398274b8370a7dfab870c
1251000;Regular;2025;Resumen;https://post.anid.cl/frontend.php/es/postulacion/descargar/hash/3c58be3109b30594475c6dba9976e5bf
1251002;Regular;2025;Resumen;https://post.anid.cl/frontend.php/es/postulacion/descargar/hash/722694457643a910474af15db2b116e0
1251004;Regular;2025;Resumen;https://post.anid.cl/frontend.php/es/postulacion/descargar/hash/5acc0c5222dd9dc25e78eddb4a83cf9e
1251005;Regular;2025;Resumen;https://post.anid.cl/frontend.php/es/postulacion/descargar/hash/45fe52e2c7aac08d16d0de7769b4ab72
1251006;Regular;2025;Resumen;https://post.anid.cl/frontend.php/es/postulacion/descargar/hash/dbd0d4cd3d04916b2bfbfd3e77267b99
1251009;Regular;2025;Resumen;https://post.anid.cl/frontend.php/es/postulacion/descargar/hash/10eff25416dac8ca8b5bf6e55ac44c12
1251012;Regular;2025;Resumen;https://post.anid.cl/frontend.php/es/postulacion/descargar/hash/2b2eb5ad9660bd99491c34ddd3e8a62e
1251017;Regular;2025;Resumen;https://post.anid.cl/frontend.php/es/postulacion/descargar/hash/445a91b681a7f3f6826999f17295acd1
1251026;Regular;2025;Resumen;https://post.anid.cl/frontend.php/es/postulacion/descargar/hash/69dc31648e2e8ecc19691170b27c551a
1251027;Regular;2025;Resumen;https://post.anid.cl/frontend.php/es/postulacion/descargar/hash/ad507f1b6fa21cc815d4e360207219d7
1251029;Regular;2025;Resumen;https://post.anid.cl/frontend.php/es/postulacion/descargar/hash/4793395e8ff67588ad14210a377476a4
1251031;Regular;2025;Resumen;https://post.anid.cl/frontend.php/es/postulacion/descargar/hash/17ef685668181d0e5442ef3d86ba2a17
1251038;Regular;2025;Resumen;https://post.anid.cl/frontend.php/es/postulacion/descargar/hash/ca4409f0e4e718f168b4606b074556d9
1251041;Regular;2025;Resumen;https://post.anid.cl/frontend.php/es/postulacion/descargar/hash/d2d881f4c0ef934a05edff51dd743d24
1251042;Regular;2025;Resumen;https://post.anid.cl/frontend.php/es/postulacion/descargar/hash/dac0512c96abd0d92e03581bbd239352
1251046;Regular;2025;Resumen;https://post.anid.cl/frontend.php/es/postulacion/descargar/hash/5f563557dbb005e6452689a8334fa73c
1251048;Regular;2025;Resumen;https://post.anid.cl/frontend.php/es/postulacion/descargar/hash/2b23eaa472fc1cc89a9324cfc9b03cf6
1251052;Regular;2025;Resumen;https://post.anid.cl/frontend.php/es/postulacion/descargar/hash/2a000aecbaff828395e30a5e01985097
1251053;Regular;2025;Resumen;https://post.anid.cl/frontend.php/es/postulacion/descargar/hash/cd07e6ad296d40bf98246427e535418e
1251057;Regular;2025;Resumen;https://post.anid.cl/frontend.php/es/postulacion/descargar/hash/556e4d46be19635256c1b1a03fd70ae4
1251060;Regular;2025;Resumen;https://post.anid.cl/frontend.php/es/postulacion/descargar/hash/84784482ec2b023c664157480d00993f
1251063;Regular;2025;Resumen;https://post.anid.cl/frontend.php/es/postulacion/descargar/hash/46e8d9671e45f3f91d57accc27afa63d
1251064;Regular;2025;Resumen;https://post.anid.cl/frontend.php/es/postulacion/descargar/hash/a4daecba679a37be9f8940e6e5c81745
1251067;Regular;2025;Resumen;https://post.anid.cl/frontend.php/es/postulacion/descargar/hash/5adfd4df8381510027eb32323fd30ba5
1251070;Regular;2025;Resumen;https://post.anid.cl/frontend.php/es/postulacion/descargar/hash/dabcf4a051206fb84513911bf9122636
1251072;Regular;2025;Resumen;https://post.anid.cl/frontend.php/es/postulacion/descargar/hash/b6d58395af829f09d0ade66a6344e3b7
1251073;Regular;2025;Resumen;https://post.anid.cl/frontend.php/es/postulacion/descargar/hash/1f56d16fece75749146053f156f12ed3
1251077;Regular;2025;Resumen;https://post.anid.cl/frontend.php/es/postulacion/descargar/hash/3198af531b51d79dccc2987ea595c406
1251080;Regular;2025;Resumen;https://post.anid.cl/frontend.php/es/postulacion/descargar/hash/cd3e0763a90eb259b065890d4fc2b43c
1251081;Regular;2025;Resumen;https://post.anid.cl/frontend.php/es/postulacion/descargar/hash/9a2f265617fb06c82aa4c6fe02861ace
1251095;Regular;2025;Resumen;https://post.anid.cl/frontend.php/es/postulacion/descargar/hash/3e54b4beff618f33d8d182b2da97da6c
1251102;Regular;2025;Resumen;https://post.anid.cl/frontend.php/es/postulacion/descargar/hash/64f92e06403fe3f278df4b0846f10ad6
1251106;Regular;2025;Resumen;https://post.anid.cl/frontend.php/es/postulacion/descargar/hash/c06776aa1058abcd623b615cf7ca7a61
1251107;Regular;2025;Resumen;https://post.anid.cl/frontend.php/es/postulacion/descargar/hash/e2b22676e4499a3f69c60223a83dc07c
1251110;Regular;2025;Resumen;https://post.anid.cl/frontend.php/es/postulacion/descargar/hash/cd16ec668ee40d289bf46ab81a4d6d12
1251111;Regular;2025;Resumen;https://post.anid.cl/frontend.php/es/postulacion/descargar/hash/fb21fcb6cc7694771666ae993610a30a
1251112;Regular;2025;Resumen;https://post.anid.cl/frontend.php/es/postulacion/descargar/hash/b0a2a471d698adab03f4f1c9f67f2d7a
1251118;Regular;2025;Resumen;https://post.anid.cl/frontend.php/es/postulacion/descargar/hash/2c8d3a8f96ee4cb8e39c9d9619c0132c
1251121;Regular;2025;Resumen;https://post.anid.cl/frontend.php/es/postulacion/descargar/hash/8d02aaf394bff08ea61300fa3c286f35
1251125;Regular;2025;Resumen;https://post.anid.cl/frontend.php/es/postulacion/descargar/hash/f79fed2271c13d231de499d192999e73
1251126;Regular;2025;Resumen;https://post.anid.cl/frontend.php/es/postulacion/descargar/hash/796192957bc97019a39bd7f463275b78
1251132;Regular;2025;Resumen;https://post.anid.cl/frontend.php/es/postulacion/descargar/hash/9c578ca7462e2c4717b0a364ce929158
1251133;Regular;2025;Resumen;https://post.anid.cl/frontend.php/es/postulacion/descargar/hash/fdd81f4977f004803152c94e084cea83
1251136;Regular;2025;Resumen;https://post.anid.cl/frontend.php/es/postulacion/descargar/hash/6886513ec5116f757abd8c97335e5162
1251138;Regular;2025;Resumen;https://post.anid.cl/frontend.php/es/postulacion/descargar/hash/afa241d62cddeaacbd3d5f39c59392ce
1251140;Regular;2025;Resumen;https://post.anid.cl/frontend.php/es/postulacion/descargar/hash/3a90e093db34c7ac50301659929804e5
1251141;Regular;2025;Resumen;https://post.anid.cl/frontend.php/es/postulacion/descargar/hash/1cd6735e305fe359af71acede19c1f22
1251142;Regular;2025;Resumen;https://post.anid.cl/frontend.php/es/postulacion/descargar/hash/162386118fb7f8721a6d50e8a65901ad
1251143;Regular;2025;Resumen;https://post.anid.cl/frontend.php/es/postulacion/descargar/hash/e4235804373d7fd4475cf63ce4065000
1251144;Regular;2025;Resumen;https://post.anid.cl/frontend.php/es/postulacion/descargar/hash/1717b7da167d11868e86965df94ec85c
1251151;Regular;2025;Resumen;https://post.anid.cl/frontend.php/es/postulacion/descargar/hash/41aad6c8dfa74636d94c28b2ff2d5980
1251154;Regular;2025;Resumen;https://post.anid.cl/frontend.php/es/postulacion/descargar/hash/605f47439703b26e34025c3fb0bd366c
1251156;Regular;2025;Resumen;https://post.anid.cl/frontend.php/es/postulacion/descargar/hash/be7fe6ab51d874f221272263f4c3ea21
1251157;Regular;2025;Resumen;https://post.anid.cl/frontend.php/es/postulacion/descargar/hash/919bf9eb076756642255da0708e53bb3
1251159;Regular;2025;Resumen;https://post.anid.cl/frontend.php/es/postulacion/descargar/hash/1fb68b18e2e23ec5fc3a422f82dcdf61
1251164;Regular;2025;Resumen;https://post.anid.cl/frontend.php/es/postulacion/descargar/hash/87c8a85bc9e2887c23afcdb23fab0f04
1251171;Regular;2025;Resumen;https://post.anid.cl/frontend.php/es/postulacion/descargar/hash/bfef2bae8073afe46d445cea4d15b9a6
1251173;Regular;2025;Resumen;https://post.anid.cl/frontend.php/es/postulacion/descargar/hash/8f5cbc8eef1513b75781cc819bae5afb
1251176;Regular;2025;Resumen;https://post.anid.cl/frontend.php/es/postulacion/descargar/hash/ef225b3e35069ada485482dfc106a3de
1251178;Regular;2025;Resumen;https://post.anid.cl/frontend.php/es/postulacion/descargar/hash/3a54f96979b3eccc63a267db7975fd43
1251184;Regular;2025;Resumen;https://post.anid.cl/frontend.php/es/postulacion/descargar/hash/762b5e8e3eff41eee85c541ac446134e
1251188;Regular;2025;Resumen;https://post.anid.cl/frontend.php/es/postulacion/descargar/hash/e15e590ad332f589ad5526b0ae6fd495
1251193;Regular;2025;Resumen;https://post.anid.cl/frontend.php/es/postulacion/descargar/hash/9834fea84c173006337320986f167a53
1251195;Regular;2025;Resumen;https://post.anid.cl/frontend.php/es/postulacion/descargar/hash/6ca73f4554dd4951da3e4ee045bfca85
1251197;Regular;2025;Resumen;https://post.anid.cl/frontend.php/es/postulacion/descargar/hash/04a8d82d48c65f84698bdd87050fd5b2
1251199;Regular;2025;Resumen;https://post.anid.cl/frontend.php/es/postulacion/descargar/hash/dbeae6052f5fe5383943e532e3b4dce0
1251200;Regular;2025;Resumen;https://post.anid.cl/frontend.php/es/postulacion/descargar/hash/1a0900eadd500820109d71de0c3ab2ea
1251201;Regular;2025;Resumen;https://post.anid.cl/frontend.php/es/postulacion/descargar/hash/2dd01cc659e212769516662a7b19c6ff
1251202;Regular;2025;Resumen;https://post.anid.cl/frontend.php/es/postulacion/descargar/hash/f0713cb8d34e478ddae5fa8462d9dc18
1251207;Regular;2025;Resumen;https://post.anid.cl/frontend.php/es/postulacion/descargar/hash/519699db556a165eaff4852b80aa3005
1251215;Regular;2025;Resumen;https://post.anid.cl/frontend.php/es/postulacion/descargar/hash/8a1ffa96a56269420a8e4595dce6af30
1251218;Regular;2025;Resumen;https://post.anid.cl/frontend.php/es/postulacion/descargar/hash/b7d9c69ad0722ad521134e0e3fb523fd
1251222;Regular;2025;Resumen;https://post.anid.cl/frontend.php/es/postulacion/descargar/hash/61d6534c80f02702a31d2c156c84b7fc
1251223;Regular;2025;Resumen;https://post.anid.cl/frontend.php/es/postulacion/descargar/hash/847ee9033b1ba607e537e91fc44025db
1251230;Regular;2025;Resumen;https://post.anid.cl/frontend.php/es/postulacion/descargar/hash/8afb7c4fb89b451af7520bf84ae04432
1251233;Regular;2025;Resumen;https://post.anid.cl/frontend.php/es/postulacion/descargar/hash/4babf16fa84e459ecd9d6c31fc5f2a0b
1251234;Regular;2025;Resumen;https://post.anid.cl/frontend.php/es/postulacion/descargar/hash/6d508d36dc4823fa9b79ddc329b1ed18
1251236;Regular;2025;Resumen;https://post.anid.cl/frontend.php/es/postulacion/descargar/hash/0c02d9203d27728aa756a769921c0c50
1251238;Regular;2025;Resumen;https://post.anid.cl/frontend.php/es/postulacion/descargar/hash/30000c630b6752d22e6baac9f1de3405
1251245;Regular;2025;Resumen;https://post.anid.cl/frontend.php/es/postulacion/descargar/hash/98f3e5ff8116954a88843a484e206111
1251250;Regular;2025;Resumen;https://post.anid.cl/frontend.php/es/postulacion/descargar/hash/b878acf126880b004f79effcffa59f62
1251260;Regular;2025;Resumen;https://post.anid.cl/frontend.php/es/postulacion/descargar/hash/7559aea2fad585f838df061a61718059
1251262;Regular;2025;Resumen;https://post.anid.cl/frontend.php/es/postulacion/descargar/hash/3ee1437c3ad6669ca4963ee236b0ef53
1251263;Regular;2025;Resumen;https://post.anid.cl/frontend.php/es/postulacion/descargar/hash/1d056ce9e51a1c31f5151178fb9e89b0
1251264;Regular;2025;Resumen;https://post.anid.cl/frontend.php/es/postulacion/descargar/hash/8dff1c87c6b6ebcc5fdafd13d986e27e
1251271;Regular;2025;Resumen;https://post.anid.cl/frontend.php/es/postulacion/descargar/hash/98c5ab64d16409dcb2a1d04a26e4a09d
1251272;Regular;2025;Resumen;https://post.anid.cl/frontend.php/es/postulacion/descargar/hash/ecc6f46aa2deb3bfa8980161207e845a
1251273;Regular;2025;Resumen;https://post.anid.cl/frontend.php/es/postulacion/descargar/hash/94a7838c538ffad8a43089bee30e4734
1251281;Regular;2025;Resumen;https://post.anid.cl/frontend.php/es/postulacion/descargar/hash/73646fc16c5b56dc6bf391f10a97c62c
1251283;Regular;2025;Resumen;https://post.anid.cl/frontend.php/es/postulacion/descargar/hash/e27b5f38d1a099c079bd8e9d65704abe
1251285;Regular;2025;Resumen;https://post.anid.cl/frontend.php/es/postulacion/descargar/hash/ec52e7e0b7eab9423d9a93213235e775
1251286;Regular;2025;Resumen;https://post.anid.cl/frontend.php/es/postulacion/descargar/hash/1d10c703bfa37fbe55215cba051050c9
1251288;Regular;2025;Resumen;https://post.anid.cl/frontend.php/es/postulacion/descargar/hash/d740442be2df9d524378605c91a97003
1251292;Regular;2025;Resumen;https://post.anid.cl/frontend.php/es/postulacion/descargar/hash/722f2a3361a30424da0faf2c631714da
1251293;Regular;2025;Resumen;https://post.anid.cl/frontend.php/es/postulacion/descargar/hash/980a9ab8e281cc6fe66e2858e13985be
1251294;Regular;2025;Resumen;https://post.anid.cl/frontend.php/es/postulacion/descargar/hash/56bc5d7b61d10224c6286e2c8e765c20
1251297;Regular;2025;Resumen;https://post.anid.cl/frontend.php/es/postulacion/descargar/hash/d4d4e8e0920a44bd54bf2421ce46ae82
1251299;Regular;2025;Resumen;https://post.anid.cl/frontend.php/es/postulacion/descargar/hash/e4537585ce89b4100f258f2f289b068e
1251306;Regular;2025;Resumen;https://post.anid.cl/frontend.php/es/postulacion/descargar/hash/87571a03e9745d79a9d177a3cf14d33a
1251308;Regular;2025;Resumen;https://post.anid.cl/frontend.php/es/postulacion/descargar/hash/1595f25e38c71a25488428f9888ffd80
1251309;Regular;2025;Resumen;https://post.anid.cl/frontend.php/es/postulacion/descargar/hash/a8e0ed554ce7f6431d06f9887ee80bd5
1251312;Regular;2025;Resumen;https://post.anid.cl/frontend.php/es/postulacion/descargar/hash/19e765f9a226af85df59ea6b42446994
1251313;Regular;2025;Resumen;https://post.anid.cl/frontend.php/es/postulacion/descargar/hash/4b62296088585859c7e374cea43a1c7b
1251317;Regular;2025;Resumen;https://post.anid.cl/frontend.php/es/postulacion/descargar/hash/63518df7bc82d5a1a76a6369e6f3ecbb
1251322;Regular;2025;Resumen;https://post.anid.cl/frontend.php/es/postulacion/descargar/hash/365afb29f9de33640f746151a43fbdef
1251323;Regular;2025;Resumen;https://post.anid.cl/frontend.php/es/postulacion/descargar/hash/def0c064a443578885783286c7d73fd1
1251330;Regular;2025;Resumen;https://post.anid.cl/frontend.php/es/postulacion/descargar/hash/c6c8c292afa1a8cbbca40c95be82c799
1251338;Regular;2025;Resumen;https://post.anid.cl/frontend.php/es/postulacion/descargar/hash/73229eccdf875c436f90bca8f39b5d56
1251339;Regular;2025;Resumen;https://post.anid.cl/frontend.php/es/postulacion/descargar/hash/d5ef9a621a7a86ef2a07ad7e19bec9d9
1251344;Regular;2025;Resumen;https://post.anid.cl/frontend.php/es/postulacion/descargar/hash/5911020e31b7441688e215b99dafadbd
1251345;Regular;2025;Resumen;https://post.anid.cl/frontend.php/es/postulacion/descargar/hash/0dda2d4dc2a2695f055837769debc844
1251354;Regular;2025;Resumen;https://post.anid.cl/frontend.php/es/postulacion/descargar/hash/f96d9e3e3a328c6f1f394ce8db8f2b15
1251356;Regular;2025;Resumen;https://post.anid.cl/frontend.php/es/postulacion/descargar/hash/efcf3480e775f930523b2da43c52d525
1251357;Regular;2025;Resumen;https://post.anid.cl/frontend.php/es/postulacion/descargar/hash/c1e3b19c2f723429fe81549fc7448496
1251360;Regular;2025;Resumen;https://post.anid.cl/frontend.php/es/postulacion/descargar/hash/549e25fdf448c459f5dc63bb984c9eb6
1251362;Regular;2025;Resumen;https://post.anid.cl/frontend.php/es/postulacion/descargar/hash/d82fbf9c8e82b2e410db01d6e6fccff0
1251364;Regular;2025;Resumen;https://post.anid.cl/frontend.php/es/postulacion/descargar/hash/78f3b6c8fcc45da711977488bbcc5824
1251373;Regular;2025;Resumen;https://post.anid.cl/frontend.php/es/postulacion/descargar/hash/f47d1e67125fc8a8189860f14b703103
1251388;Regular;2025;Resumen;https://post.anid.cl/frontend.php/es/postulacion/descargar/hash/4ecbfac6affe0598fcc08098a1d00920
1251389;Regular;2025;Resumen;https://post.anid.cl/frontend.php/es/postulacion/descargar/hash/aeaeb69be93147d134af62cee9d0e442
1251392;Regular;2025;Resumen;https://post.anid.cl/frontend.php/es/postulacion/descargar/hash/2466e0050a95c0460e4d5adae34a7a8c
1251394;Regular;2025;Resumen;https://post.anid.cl/frontend.php/es/postulacion/descargar/hash/d8d5824b829fac7cf6855687a8f46904
1251397;Regular;2025;Resumen;https://post.anid.cl/frontend.php/es/postulacion/descargar/hash/e05fb11b7bcdb744c0ef887ae9fa762a
1251398;Regular;2025;Resumen;https://post.anid.cl/frontend.php/es/postulacion/descargar/hash/02257a801ce8428785a47df071527ec0
1251400;Regular;2025;Resumen;https://post.anid.cl/frontend.php/es/postulacion/descargar/hash/a4dfe84e927496fbc3dc490181102870
1251401;Regular;2025;Resumen;https://post.anid.cl/frontend.php/es/postulacion/descargar/hash/17570701b548d7fd9f03563a71819e58
1251405;Regular;2025;Resumen;https://post.anid.cl/frontend.php/es/postulacion/descargar/hash/95fe802345366235dbe83523c86589e8
1251406;Regular;2025;Resumen;https://post.anid.cl/frontend.php/es/postulacion/descargar/hash/280d86a005f151c76d187c4d5090d740
1251409;Regular;2025;Resumen;https://post.anid.cl/frontend.php/es/postulacion/descargar/hash/35ba238570eaeca904f8aa0b736ddce2
1251411;Regular;2025;Resumen;https://post.anid.cl/frontend.php/es/postulacion/descargar/hash/e43e7c54478cf5cedf1b5875ba64903d
1251412;Regular;2025;Resumen;https://post.anid.cl/frontend.php/es/postulacion/descargar/hash/8bb021b07cfbe2ee2b9b6e079bd0fd10
1251427;Regular;2025;Resumen;https://post.anid.cl/frontend.php/es/postulacion/descargar/hash/659b26796ef5db4d247eaf2187ea7ee9
1251429;Regular;2025;Resumen;https://post.anid.cl/frontend.php/es/postulacion/descargar/hash/d0da85bba9f367332892706fa39ccc5f
1251432;Regular;2025;Resumen;https://post.anid.cl/frontend.php/es/postulacion/descargar/hash/628e7540b7e4cf32c06b3f23d74c005a
1251433;Regular;2025;Resumen;https://post.anid.cl/frontend.php/es/postulacion/descargar/hash/65cd39b9ec26a2e7ffc511914ffbcc28
1251435;Regular;2025;Resumen;https://post.anid.cl/frontend.php/es/postulacion/descargar/hash/c95c43a3589e79792c32a5b1e5819d0e
1251439;Regular;2025;Resumen;https://post.anid.cl/frontend.php/es/postulacion/descargar/hash/f11179f71f8ef9aad71b61f6ce256979
1251441;Regular;2025;Resumen;https://post.anid.cl/frontend.php/es/postulacion/descargar/hash/372ad89e685a6fa291caed434ee584a1
1251443;Regular;2025;Resumen;https://post.anid.cl/frontend.php/es/postulacion/descargar/hash/800841f4b0a97df8019c77ee33cbdee2
1251444;Regular;2025;Resumen;https://post.anid.cl/frontend.php/es/postulacion/descargar/hash/327a50e0e213d767a105f3ab01051eb7
1251448;Regular;2025;Resumen;https://post.anid.cl/frontend.php/es/postulacion/descargar/hash/67dc0daae18f54222d51181c42cf1fa9
1251450;Regular;2025;Resumen;https://post.anid.cl/frontend.php/es/postulacion/descargar/hash/59f26730c93e2210361f1d6606d2a49f
1251451;Regular;2025;Resumen;https://post.anid.cl/frontend.php/es/postulacion/descargar/hash/8f8e26cb5a081b788dae1f383d9f90d7
1251454;Regular;2025;Resumen;https://post.anid.cl/frontend.php/es/postulacion/descargar/hash/007077661af4b53dccb4b656a032f0bf
1251455;Regular;2025;Resumen;https://post.anid.cl/frontend.php/es/postulacion/descargar/hash/22254a8fe15ca80ae88e366399de8ab8
1251456;Regular;2025;Resumen;https://post.anid.cl/frontend.php/es/postulacion/descargar/hash/aa94782344c2fbd3c11528c25ea35fef
1251461;Regular;2025;Resumen;https://post.anid.cl/frontend.php/es/postulacion/descargar/hash/7304f30773ef5e6d14bcde2d7087972c
1251470;Regular;2025;Resumen;https://post.anid.cl/frontend.php/es/postulacion/descargar/hash/04a62d2b7d21aba51200d6efcac7f031
1251474;Regular;2025;Resumen;https://post.anid.cl/frontend.php/es/postulacion/descargar/hash/ae1cd530b2a92f16a826b06070cb93c0
1251475;Regular;2025;Resumen;https://post.anid.cl/frontend.php/es/postulacion/descargar/hash/c571002296af09bac2812ccdee1de208
1251476;Regular;2025;Resumen;https://post.anid.cl/frontend.php/es/postulacion/descargar/hash/00ab5ef747575762962c863ef5c1e2fe
1251480;Regular;2025;Resumen;https://post.anid.cl/frontend.php/es/postulacion/descargar/hash/b7bb29d1d1dff8beef66af00d53d920f
1251483;Regular;2025;Resumen;https://post.anid.cl/frontend.php/es/postulacion/descargar/hash/ac3987c3c5275e566f02339dd19d2c1d
1251487;Regular;2025;Resumen;https://post.anid.cl/frontend.php/es/postulacion/descargar/hash/ea900ef5dd63453c45502f4849b1fb91
1251488;Regular;2025;Resumen;https://post.anid.cl/frontend.php/es/postulacion/descargar/hash/03caee1bcc8542b36ad07d94b9efa8fe
1251490;Regular;2025;Resumen;https://post.anid.cl/frontend.php/es/postulacion/descargar/hash/98a81bd79ee0377548735f367fe9893b
1251493;Regular;2025;Resumen;https://post.anid.cl/frontend.php/es/postulacion/descargar/hash/646997acd424e935bcbb461123ca674f
1251502;Regular;2025;Resumen;https://post.anid.cl/frontend.php/es/postulacion/descargar/hash/7e7e07ad93850b1fc6bd8b908564296a
1251505;Regular;2025;Resumen;https://post.anid.cl/frontend.php/es/postulacion/descargar/hash/3e8905dcb61c1cac0ff4e4f67ef8e035
1251511;Regular;2025;Resumen;https://post.anid.cl/frontend.php/es/postulacion/descargar/hash/0e622afb67c91fb2ef444c272c754fbc
1251517;Regular;2025;Resumen;https://post.anid.cl/frontend.php/es/postulacion/descargar/hash/bcc08f96cd7aaefa8fa9b73e9b76750f
1251518;Regular;2025;Resumen;https://post.anid.cl/frontend.php/es/postulacion/descargar/hash/f78cbf0002e79e2a340f0d75e92b2c31
1251519;Regular;2025;Resumen;https://post.anid.cl/frontend.php/es/postulacion/descargar/hash/de298302e6b7f6031d17ce27be3173f9
1251523;Regular;2025;Resumen;https://post.anid.cl/frontend.php/es/postulacion/descargar/hash/6fd02a4204015f822ddc8b6ed9ea817c
1251531;Regular;2025;Resumen;https://post.anid.cl/frontend.php/es/postulacion/descargar/hash/f9798180da95d5317d19a19c322e9791
1251532;Regular;2025;Resumen;https://post.anid.cl/frontend.php/es/postulacion/descargar/hash/e1413df175637a4d9eb37a6aa0b21f8b
1251538;Regular;2025;Resumen;https://post.anid.cl/frontend.php/es/postulacion/descargar/hash/729690bcee96c0ce4a06bc170c7c0dfc
1251541;Regular;2025;Resumen;https://post.anid.cl/frontend.php/es/postulacion/descargar/hash/95d46b62c9cdd3683e94d44fd4d6e1cb
1251543;Regular;2025;Resumen;https://post.anid.cl/frontend.php/es/postulacion/descargar/hash/4b3c0fe8a23313523d29e36d0fd95e9c
1251544;Regular;2025;Resumen;https://post.anid.cl/frontend.php/es/postulacion/descargar/hash/a60879f6c09c3df443a41332b988ba8b
1251553;Regular;2025;Resumen;https://post.anid.cl/frontend.php/es/postulacion/descargar/hash/24d802f0cb3e12d09e023c5d45dceae7
1251554;Regular;2025;Resumen;https://post.anid.cl/frontend.php/es/postulacion/descargar/hash/e80dc072a337ee4fd59ffd46a6b7ed7a
1251561;Regular;2025;Resumen;https://post.anid.cl/frontend.php/es/postulacion/descargar/hash/8241c6e0b8fe15030927c0f73fd37cc8
1251563;Regular;2025;Resumen;https://post.anid.cl/frontend.php/es/postulacion/descargar/hash/4696e67c5f3073844a27ef91cbeaa438
1251564;Regular;2025;Resumen;https://post.anid.cl/frontend.php/es/postulacion/descargar/hash/ac4b3c55c3d2bdd53f505439f05ab64f
1251565;Regular;2025;Resumen;https://post.anid.cl/frontend.php/es/postulacion/descargar/hash/7e1a87577dd991c9683bf7353815b6ba
1251574;Regular;2025;Resumen;https://post.anid.cl/frontend.php/es/postulacion/descargar/hash/2468111d90a9b50371e7f9f806613b8e
1251578;Regular;2025;Resumen;https://post.anid.cl/frontend.php/es/postulacion/descargar/hash/86c452292e80ea7cd01d75fc53373e26
1251582;Regular;2025;Resumen;https://post.anid.cl/frontend.php/es/postulacion/descargar/hash/9f2fbf731c393ce7881052350d3c88c3
1251583;Regular;2025;Resumen;https://post.anid.cl/frontend.php/es/postulacion/descargar/hash/8018c12b4aa6ed48cc7f8b0ed31d9c5a
1251584;Regular;2025;Resumen;https://post.anid.cl/frontend.php/es/postulacion/descargar/hash/d5249c9ca8f701e67129d016e68e2af0
1251588;Regular;2025;Resumen;https://post.anid.cl/frontend.php/es/postulacion/descargar/hash/1d0c526cd3215856efab324ed7a6dc87
1251598;Regular;2025;Resumen;https://post.anid.cl/frontend.php/es/postulacion/descargar/hash/7abb5427b3a3f7b640fbfe6af5f2282f
1251602;Regular;2025;Resumen;https://post.anid.cl/frontend.php/es/postulacion/descargar/hash/7d75f9d512765cd1748b543bdf36927e
1251604;Regular;2025;Resumen;https://post.anid.cl/frontend.php/es/postulacion/descargar/hash/fa08f8c067e99b5dc03b384a3ff7b370
1251609;Regular;2025;Resumen;https://post.anid.cl/frontend.php/es/postulacion/descargar/hash/5449b7e67278d32d8b7a52bbf332ff63
1251611;Regular;2025;Resumen;https://post.anid.cl/frontend.php/es/postulacion/descargar/hash/c63717b4e9586d6236da3a67b6ded844
1251613;Regular;2025;Resumen;https://post.anid.cl/frontend.php/es/postulacion/descargar/hash/fb82aa038d074036454fa279738a9f8a
1251621;Regular;2025;Resumen;https://post.anid.cl/frontend.php/es/postulacion/descargar/hash/00c2ad11afb6c1594d3a3929705ee4b1
1251636;Regular;2025;Resumen;https://post.anid.cl/frontend.php/es/postulacion/descargar/hash/a01e5ae2d06811069aab93a6b59b49a1
1251639;Regular;2025;Resumen;https://post.anid.cl/frontend.php/es/postulacion/descargar/hash/3e9d8e0a24a4cc37b7a95bd0612c6c77
1251643;Regular;2025;Resumen;https://post.anid.cl/frontend.php/es/postulacion/descargar/hash/60798f4b85c3110e430e48cf3a3e6d9b
1251645;Regular;2025;Resumen;https://post.anid.cl/frontend.php/es/postulacion/descargar/hash/b405e17550f6834914f889a2c2331457
1251652;Regular;2025;Resumen;https://post.anid.cl/frontend.php/es/postulacion/descargar/hash/51b030623d4755552c0a5171a78967ea
1251655;Regular;2025;Resumen;https://post.anid.cl/frontend.php/es/postulacion/descargar/hash/ed9d052b9914e63c61862dd99acd31c7
1251661;Regular;2025;Resumen;https://post.anid.cl/frontend.php/es/postulacion/descargar/hash/5c58d06193a21dd0c2b0da1b2361124e
1251662;Regular;2025;Resumen;https://post.anid.cl/frontend.php/es/postulacion/descargar/hash/edcc956789f5055dc8d1c651c6626e48
1251663;Regular;2025;Resumen;https://post.anid.cl/frontend.php/es/postulacion/descargar/hash/88d2e162d1dccc4e1d5a5117992460ca
1251668;Regular;2025;Resumen;https://post.anid.cl/frontend.php/es/postulacion/descargar/hash/abeb1078a2f00d670dacf0058188b6cf
1251670;Regular;2025;Resumen;https://post.anid.cl/frontend.php/es/postulacion/descargar/hash/7f14a3b6dc054ce31c3ebd1599e2287f
1251689;Regular;2025;Resumen;https://post.anid.cl/frontend.php/es/postulacion/descargar/hash/40fa8e73b972c26f9257098a5dec963a
1251692;Regular;2025;Resumen;https://post.anid.cl/frontend.php/es/postulacion/descargar/hash/f178d866eebbbe3af14eab5c7dd828ad
1251693;Regular;2025;Resumen;https://post.anid.cl/frontend.php/es/postulacion/descargar/hash/468a9a3b24a02f21e6822802b7fce360
1251697;Regular;2025;Resumen;https://post.anid.cl/frontend.php/es/postulacion/descargar/hash/1c97f796198ffc416ad095f08a24477e
1251698;Regular;2025;Resumen;https://post.anid.cl/frontend.php/es/postulacion/descargar/hash/24d9550a5f454ec84b0f6cd5ea940c7a
1251702;Regular;2025;Resumen;https://post.anid.cl/frontend.php/es/postulacion/descargar/hash/e03d5181a9f8ff346ca8ef21bf96e94d
1251703;Regular;2025;Resumen;https://post.anid.cl/frontend.php/es/postulacion/descargar/hash/98c7a66ebf77e1a8286a790f145434cc
1251704;Regular;2025;Resumen;https://post.anid.cl/frontend.php/es/postulacion/descargar/hash/175da5038668aafd42359029a40879b7
1251708;Regular;2025;Resumen;https://post.anid.cl/frontend.php/es/postulacion/descargar/hash/05a9ea50464057b8f0aceae088e27e6e
1251712;Regular;2025;Resumen;https://post.anid.cl/frontend.php/es/postulacion/descargar/hash/6abcacef9c9bfdeb3ccd7e3c4ae79d07
1251716;Regular;2025;Resumen;https://post.anid.cl/frontend.php/es/postulacion/descargar/hash/55c6c836695c6322e747c0729414b132
1251720;Regular;2025;Resumen;https://post.anid.cl/frontend.php/es/postulacion/descargar/hash/c080ef0083d51f6c69c85d974d114121
1251724;Regular;2025;Resumen;https://post.anid.cl/frontend.php/es/postulacion/descargar/hash/028cf0c620e3a9a416a1533749090e75
1251729;Regular;2025;Resumen;https://post.anid.cl/frontend.php/es/postulacion/descargar/hash/440ab90cb678f5dca0cb464074926b92
1251739;Regular;2025;Resumen;https://post.anid.cl/frontend.php/es/postulacion/descargar/hash/949a0c7a205b2a548295cf3cd59fd17a
1251742;Regular;2025;Resumen;https://post.anid.cl/frontend.php/es/postulacion/descargar/hash/eaff741c412450ac2a99dbf5b322d75b
1251743;Regular;2025;Resumen;https://post.anid.cl/frontend.php/es/postulacion/descargar/hash/142467ff17833c60135e40e0714b39b3
1251753;Regular;2025;Resumen;https://post.anid.cl/frontend.php/es/postulacion/descargar/hash/bee4bda1008ba6dad9ab1a1ff71a3f38
1251758;Regular;2025;Resumen;https://post.anid.cl/frontend.php/es/postulacion/descargar/hash/2260c17a906ae29b6bf077d48ad0c9c3
1251765;Regular;2025;Resumen;https://post.anid.cl/frontend.php/es/postulacion/descargar/hash/1b9856c194f1e905a72e97caf945bead
1251766;Regular;2025;Resumen;https://post.anid.cl/frontend.php/es/postulacion/descargar/hash/7ce0224f13348b53f1468d55c0ed65a9
1251778;Regular;2025;Resumen;https://post.anid.cl/frontend.php/es/postulacion/descargar/hash/48dc729d330c83e2688f4be7219f40da
1251786;Regular;2025;Resumen;https://post.anid.cl/frontend.php/es/postulacion/descargar/hash/97506a550c2a4cd76cf10b43c06ea946
1251789;Regular;2025;Resumen;https://post.anid.cl/frontend.php/es/postulacion/descargar/hash/1a70688b7859f5e9f85fdda7761d369e
1251791;Regular;2025;Resumen;https://post.anid.cl/frontend.php/es/postulacion/descargar/hash/c1fe2cec2c5e9c6bfd60a4d12ec6251e
1251793;Regular;2025;Resumen;https://post.anid.cl/frontend.php/es/postulacion/descargar/hash/76057855e94b5b74a23a1f4b7fbe16f3
1251794;Regular;2025;Resumen;https://post.anid.cl/frontend.php/es/postulacion/descargar/hash/e9ebd3b19a95fa372e36f5082f8d0e85
1251796;Regular;2025;Resumen;https://post.anid.cl/frontend.php/es/postulacion/descargar/hash/8ce570129f661dbf8554fc6632a7c42c
1251797;Regular;2025;Resumen;https://post.anid.cl/frontend.php/es/postulacion/descargar/hash/477b23e4a8f5bd9a553dcd0f46c83386
1251799;Regular;2025;Resumen;https://post.anid.cl/frontend.php/es/postulacion/descargar/hash/5a6c98f6ecfdb2d3e957e60a5e0bbb52
1251801;Regular;2025;Resumen;https://post.anid.cl/frontend.php/es/postulacion/descargar/hash/3d50b54971245d1ac5c369b367cf01d9
1251803;Regular;2025;Resumen;https://post.anid.cl/frontend.php/es/postulacion/descargar/hash/41f74c0a2326326d4e676d6305b6959f
1251804;Regular;2025;Resumen;https://post.anid.cl/frontend.php/es/postulacion/descargar/hash/e972e007da42ef0a5848fc930fd8dc17
1251809;Regular;2025;Resumen;https://post.anid.cl/frontend.php/es/postulacion/descargar/hash/ab0b0002a674996ffdc8f5d3dbc90e0f
1251811;Regular;2025;Resumen;https://post.anid.cl/frontend.php/es/postulacion/descargar/hash/f83b4b2753bf944601b14b784019c7a6
1251812;Regular;2025;Resumen;https://post.anid.cl/frontend.php/es/postulacion/descargar/hash/91c3a6a301fbd7d8ca915c5b1d9db6a6
1251814;Regular;2025;Resumen;https://post.anid.cl/frontend.php/es/postulacion/descargar/hash/52e389b03bf39e86873734d1659db4aa
1251819;Regular;2025;Resumen;https://post.anid.cl/frontend.php/es/postulacion/descargar/hash/9bbe78eae85ed352fcae2314f83299b8
1251823;Regular;2025;Resumen;https://post.anid.cl/frontend.php/es/postulacion/descargar/hash/260fe3292e1f9d7a67df0517c82eaa3a
1251828;Regular;2025;Resumen;https://post.anid.cl/frontend.php/es/postulacion/descargar/hash/f635ba406e9735c666a089aab4a836c5
1251835;Regular;2025;Resumen;https://post.anid.cl/frontend.php/es/postulacion/descargar/hash/2dd9ce1ddc7a6c419800a2c5fd72daff
1251842;Regular;2025;Resumen;https://post.anid.cl/frontend.php/es/postulacion/descargar/hash/6ae1aef39aa3fb56aa4b86ca6115db8a
1251843;Regular;2025;Resumen;https://post.anid.cl/frontend.php/es/postulacion/descargar/hash/5d8bb174544ce7cdf54ce6b2366ffd03
1251844;Regular;2025;Resumen;https://post.anid.cl/frontend.php/es/postulacion/descargar/hash/4be3706ad983551d346017e908a28e78
1251851;Regular;2025;Resumen;https://post.anid.cl/frontend.php/es/postulacion/descargar/hash/02bd453496dc65847ea0ff4ef0bde165
1251858;Regular;2025;Resumen;https://post.anid.cl/frontend.php/es/postulacion/descargar/hash/b18820bf8fa5dbb6c8a35204897734b0
1251859;Regular;2025;Resumen;https://post.anid.cl/frontend.php/es/postulacion/descargar/hash/85dbc3c25043386380241ed6c740fad4
1251860;Regular;2025;Resumen;https://post.anid.cl/frontend.php/es/postulacion/descargar/hash/a170d10277ffbeae1c34d0a4d0be6bdc
1251864;Regular;2025;Resumen;https://post.anid.cl/frontend.php/es/postulacion/descargar/hash/84d4b5f0f6d1bb7215d5146eb06920d7
1251866;Regular;2025;Resumen;https://post.anid.cl/frontend.php/es/postulacion/descargar/hash/3cf000d5e5c9b142f2c2c1d19fe491a5
1251871;Regular;2025;Resumen;https://post.anid.cl/frontend.php/es/postulacion/descargar/hash/d5190d7d6c63007f36dbd79395f0fd7d
1251872;Regular;2025;Resumen;https://post.anid.cl/frontend.php/es/postulacion/descargar/hash/871cc086fac8f93bb2a16a978a1577f4
1251873;Regular;2025;Resumen;https://post.anid.cl/frontend.php/es/postulacion/descargar/hash/b383c20380fdaf8b782a0399635be323
1251875;Regular;2025;Resumen;https://post.anid.cl/frontend.php/es/postulacion/descargar/hash/b88278b7efec4e8e20167745b68583a9
1251879;Regular;2025;Resumen;https://post.anid.cl/frontend.php/es/postulacion/descargar/hash/f953a19d16946650753d0d6e261043ea
1251880;Regular;2025;Resumen;https://post.anid.cl/frontend.php/es/postulacion/descargar/hash/9c862bf95f362660461e4811ea34a197
1251882;Regular;2025;Resumen;https://post.anid.cl/frontend.php/es/postulacion/descargar/hash/b23d3b8b408c3e0f427d94c9e3c3a7e0
1251883;Regular;2025;Resumen;https://post.anid.cl/frontend.php/es/postulacion/descargar/hash/830066eee6491b6fe3794222dad5ad65
1251885;Regular;2025;Resumen;https://post.anid.cl/frontend.php/es/postulacion/descargar/hash/41143bc8d73065cdc4b30d5c07cea192
1251889;Regular;2025;Resumen;https://post.anid.cl/frontend.php/es/postulacion/descargar/hash/1dfd9dfc80b139453b18f826c42bec88
1251890;Regular;2025;Resumen;https://post.anid.cl/frontend.php/es/postulacion/descargar/hash/06d2a49542e87320c771dde11b5a4b46
1251891;Regular;2025;Resumen;https://post.anid.cl/frontend.php/es/postulacion/descargar/hash/55367aa0b163719116f96fb55c5f9c2c
1251893;Regular;2025;Resumen;https://post.anid.cl/frontend.php/es/postulacion/descargar/hash/3e4206371028bec9675add3ebce4ac4d
1251907;Regular;2025;Resumen;https://post.anid.cl/frontend.php/es/postulacion/descargar/hash/985a4b8b6100b1666249e48fa302e234
1251908;Regular;2025;Resumen;https://post.anid.cl/frontend.php/es/postulacion/descargar/hash/27e634fb1d4178ef9f14db7583a7304a
1251909;Regular;2025;Resumen;https://post.anid.cl/frontend.php/es/postulacion/descargar/hash/f01bbbae0c454386df41765d500d01ef
1251912;Regular;2025;Resumen;https://post.anid.cl/frontend.php/es/postulacion/descargar/hash/ff275c1bea14ccd7389c5d1f34f09ab6
1251913;Regular;2025;Resumen;https://post.anid.cl/frontend.php/es/postulacion/descargar/hash/c4ec3e3b17e42adcf0f5c0853d60be7e
1251915;Regular;2025;Resumen;https://post.anid.cl/frontend.php/es/postulacion/descargar/hash/495c30701d3716a954c5ae063395bdb7
1251916;Regular;2025;Resumen;https://post.anid.cl/frontend.php/es/postulacion/descargar/hash/23b90350f508a6aa99de29da3a1ba6a1
1251918;Regular;2025;Resumen;https://post.anid.cl/frontend.php/es/postulacion/descargar/hash/9af984d929a9f95c99051b420185a72f
1251928;Regular;2025;Resumen;https://post.anid.cl/frontend.php/es/postulacion/descargar/hash/c48adb8346888758cffd053613a68d5b
1251945;Regular;2025;Resumen;https://post.anid.cl/frontend.php/es/postulacion/descargar/hash/58e1603c6a94c95b23885f400cbb9990
1251952;Regular;2025;Resumen;https://post.anid.cl/frontend.php/es/postulacion/descargar/hash/7ff409e44dddbfee1958e284f9eed12f
1251955;Regular;2025;Resumen;https://post.anid.cl/frontend.php/es/postulacion/descargar/hash/8cc77fa37f178728dfbb7b101a8113d0
1251959;Regular;2025;Resumen;https://post.anid.cl/frontend.php/es/postulacion/descargar/hash/ba5b6cae926fed9442a377f50c2916d1
1251969;Regular;2025;Resumen;https://post.anid.cl/frontend.php/es/postulacion/descargar/hash/1349c4c7121d26f52bdd3c30b99fa73a
1251975;Regular;2025;Resumen;https://post.anid.cl/frontend.php/es/postulacion/descargar/hash/b8ada854125eb2bdf3f815c7aa0c941c
1251977;Regular;2025;Resumen;https://post.anid.cl/frontend.php/es/postulacion/descargar/hash/4272b1f33783d984618a943362a86b87
1251980;Regular;2025;Resumen;https://post.anid.cl/frontend.php/es/postulacion/descargar/hash/370545c6c640e57759721571703e17de
1251982;Regular;2025;Resumen;https://post.anid.cl/frontend.php/es/postulacion/descargar/hash/36bc7af58e63b8cd725de500f244c058
1251990;Regular;2025;Resumen;https://post.anid.cl/frontend.php/es/postulacion/descargar/hash/e294f4dfcab52e4e35cb12241c75a239
1251992;Regular;2025;Resumen;https://post.anid.cl/frontend.php/es/postulacion/descargar/hash/f783eebea3c8f9064c2eee6bb639bcec
1251995;Regular;2025;Resumen;https://post.anid.cl/frontend.php/es/postulacion/descargar/hash/a4f4de9277facb42f42cf35ffeb222ba
1251996;Regular;2025;Resumen;https://post.anid.cl/frontend.php/es/postulacion/descargar/hash/ed2009a35a2c3961185db1e2e849ce25
1252002;Regular;2025;Resumen;https://post.anid.cl/frontend.php/es/postulacion/descargar/hash/57954ba389a176cf8c463fb5d5fdd16c
1252012;Regular;2025;Resumen;https://post.anid.cl/frontend.php/es/postulacion/descargar/hash/f48b5eb19ff654510b7db1a72576cd19
1252013;Regular;2025;Resumen;https://post.anid.cl/frontend.php/es/postulacion/descargar/hash/90115dcbcb4681b704d631459a91fac1
1252024;Regular;2025;Resumen;https://post.anid.cl/frontend.php/es/postulacion/descargar/hash/66cd51bb6fe56c4a1ee19ce30df3ff9e
1252036;Regular;2025;Resumen;https://post.anid.cl/frontend.php/es/postulacion/descargar/hash/8659d0772975db77efea749cb8416384
1252043;Regular;2025;Resumen;https://post.anid.cl/frontend.php/es/postulacion/descargar/hash/16b9c514e5887e13ecc0ac80aa4ca687
1252045;Regular;2025;Resumen;https://post.anid.cl/frontend.php/es/postulacion/descargar/hash/820acaabe81b7758cbfe0e99c54bdb06
1252053;Regular;2025;Resumen;https://post.anid.cl/frontend.php/es/postulacion/descargar/hash/d011060a5904ac6d89107ceb37f0609f
1252054;Regular;2025;Resumen;https://post.anid.cl/frontend.php/es/postulacion/descargar/hash/2623265305146bc5467d7ad8a03f69e1
1252060;Regular;2025;Resumen;https://post.anid.cl/frontend.php/es/postulacion/descargar/hash/1d7ecfff3ba5d385d13bdb2364f832b0
1252062;Regular;2025;Resumen;https://post.anid.cl/frontend.php/es/postulacion/descargar/hash/53c830cbd865e48fca292b7c79b03377
1252067;Regular;2025;Resumen;https://post.anid.cl/frontend.php/es/postulacion/descargar/hash/d43164353a805c5dc1adbee4706c9538
1252076;Regular;2025;Resumen;https://post.anid.cl/frontend.php/es/postulacion/descargar/hash/0a78f6fe53a77be3912516fac5138279
1252078;Regular;2025;Resumen;https://post.anid.cl/frontend.php/es/postulacion/descargar/hash/2755b4113a3d7178c9dc66043388c6a2
1252085;Regular;2025;Resumen;https://post.anid.cl/frontend.php/es/postulacion/descargar/hash/8e02ca67f909070dd7a1db7ac9608ce2
1252091;Regular;2025;Resumen;https://post.anid.cl/frontend.php/es/postulacion/descargar/hash/4f0c6c8ba8a20b27fae4c741940c902c
1252096;Regular;2025;Resumen;https://post.anid.cl/frontend.php/es/postulacion/descargar/hash/2c9f65c3aadca1c5262f9cd1455feb9b
1252097;Regular;2025;Resumen;https://post.anid.cl/frontend.php/es/postulacion/descargar/hash/2606264410588bc1356f1801b0f0d073
1252104;Regular;2025;Resumen;https://post.anid.cl/frontend.php/es/postulacion/descargar/hash/78c23f0217bbfd106157b287afa4c78e
1252105;Regular;2025;Resumen;https://post.anid.cl/frontend.php/es/postulacion/descargar/hash/aa930ed5d99d2158bc317fe447ac9388
1252119;Regular;2025;Resumen;https://post.anid.cl/frontend.php/es/postulacion/descargar/hash/32f158db785edcb3a2a7b638a2c521e4
1252126;Regular;2025;Resumen;https://post.anid.cl/frontend.php/es/postulacion/descargar/hash/aef52aa4da8f751c37d45ab17cfb387d
1252128;Regular;2025;Resumen;https://post.anid.cl/frontend.php/es/postulacion/descargar/hash/7726f99a5c226d47883072b80c1fc11e
1252129;Regular;2025;Resumen;https://post.anid.cl/frontend.php/es/postulacion/descargar/hash/924989d6488ad2840ad3ba3dcfb08ac6
1252131;Regular;2025;Resumen;https://post.anid.cl/frontend.php/es/postulacion/descargar/hash/83ea7eb7f737cc8e66cea7c14ea3b80c
1252134;Regular;2025;Resumen;https://post.anid.cl/frontend.php/es/postulacion/descargar/hash/06ecb2eead53f23f83b9b5b57eb95854
1252136;Regular;2025;Resumen;https://post.anid.cl/frontend.php/es/postulacion/descargar/hash/9da5df864421282693b294a3d833445c
1252137;Regular;2025;Resumen;https://post.anid.cl/frontend.php/es/postulacion/descargar/hash/e40f92f6e27ff25c7f2aa24ce75ff634
1252141;Regular;2025;Resumen;https://post.anid.cl/frontend.php/es/postulacion/descargar/hash/134849092eb925d6ec2b27eaf697d281
1252146;Regular;2025;Resumen;https://post.anid.cl/frontend.php/es/postulacion/descargar/hash/fdb5e90ce65b0efb07e523938c7c7f7b
1252149;Regular;2025;Resumen;https://post.anid.cl/frontend.php/es/postulacion/descargar/hash/709d73b146df503934590699a1a431c8
1252154;Regular;2025;Resumen;https://post.anid.cl/frontend.php/es/postulacion/descargar/hash/26be436303dfe2cf7b23970ab7c7acd8
1252155;Regular;2025;Resumen;https://post.anid.cl/frontend.php/es/postulacion/descargar/hash/d9193f469515a1c0c3505894a4752e13
1252157;Regular;2025;Resumen;https://post.anid.cl/frontend.php/es/postulacion/descargar/hash/1f686166ba37b1fdf45ea206ecf4366f
1252163;Regular;2025;Resumen;https://post.anid.cl/frontend.php/es/postulacion/descargar/hash/0d799f65f592c200cae4e79c61835a79
1252165;Regular;2025;Resumen;https://post.anid.cl/frontend.php/es/postulacion/descargar/hash/5e411279c4ea070c101ca90438fa7726
1252166;Regular;2025;Resumen;https://post.anid.cl/frontend.php/es/postulacion/descargar/hash/1ee77da66883abff7aabf1a25223d9f9
1252183;Regular;2025;Resumen;https://post.anid.cl/frontend.php/es/postulacion/descargar/hash/6ec5e8e307e5f38f37c7a2804a7cf8c7
1252192;Regular;2025;Resumen;https://post.anid.cl/frontend.php/es/postulacion/descargar/hash/8f905d467798a798b5b96e5e42a60981
1252197;Regular;2025;Resumen;https://post.anid.cl/frontend.php/es/postulacion/descargar/hash/f227ddf74ea94ecc1f29e31c312cbc64
1252205;Regular;2025;Resumen;https://post.anid.cl/frontend.php/es/postulacion/descargar/hash/b37802af1841e4b5ce469dbe6ded4224
1252211;Regular;2025;Resumen;https://post.anid.cl/frontend.php/es/postulacion/descargar/hash/7d9a02b7d6ff9906f545687bd10ab6d6
1252212;Regular;2025;Resumen;https://post.anid.cl/frontend.php/es/postulacion/descargar/hash/beed0a7e469e723d7fc15a168dd7a8b9
1252216;Regular;2025;Resumen;https://post.anid.cl/frontend.php/es/postulacion/descargar/hash/7d255d1a75088413b50c7ce1c0f775fd
1252219;Regular;2025;Resumen;https://post.anid.cl/frontend.php/es/postulacion/descargar/hash/931adb65bd2109e3c422fb5fb8182cf6
1252227;Regular;2025;Resumen;https://post.anid.cl/frontend.php/es/postulacion/descargar/hash/5a82f2e08070a69a12d1de36875bb9f1
1252229;Regular;2025;Resumen;https://post.anid.cl/frontend.php/es/postulacion/descargar/hash/460f8b4a4f4acda136d9df595d4fae8a
1252231;Regular;2025;Resumen;https://post.anid.cl/frontend.php/es/postulacion/descargar/hash/d4d8e7789fbeebdc174c5835ffcd37a1
1252233;Regular;2025;Resumen;https://post.anid.cl/frontend.php/es/postulacion/descargar/hash/f9b788097933fbe28c17ac825be8887f
1252247;Regular;2025;Resumen;https://post.anid.cl/frontend.php/es/postulacion/descargar/hash/75695ad0f667e8993d2848b9b5edea3c
1252254;Regular;2025;Resumen;https://post.anid.cl/frontend.php/es/postulacion/descargar/hash/2f8d1c7f322b2a9f55677eb87a793733
1252256;Regular;2025;Resumen;https://post.anid.cl/frontend.php/es/postulacion/descargar/hash/e3f8778cbf62913453df4147b37b7ff9
1252260;Regular;2025;Resumen;https://post.anid.cl/frontend.php/es/postulacion/descargar/hash/652df0c7fa8d7646f38a0efefdeaa44e
1252268;Regular;2025;Resumen;https://post.anid.cl/frontend.php/es/postulacion/descargar/hash/7e2949d18521361191cd9fb221868911
