codigo_proyecto;nombre_concurso;agno_fallo;nombre_archivo;url (acceso)
11160005;FONDECYT de Iniciación 2016;2016;RESUMEN;https://post.anid.cl/frontend.php/es/postulacion/descargar/hash/9891617f29c2c232b4fb30e1fe283313
11160009;FONDECYT de Iniciación 2016;2016;RESUMEN;https://post.anid.cl/frontend.php/es/postulacion/descargar/hash/b3e16b7bed90ddd6fea5fea5c4433427
11160010;FONDECYT de Iniciación 2016;2016;RESUMEN;https://post.anid.cl/frontend.php/es/postulacion/descargar/hash/e332afc3f1adf4388fdcb84b49abb35b
11160011;FONDECYT de Iniciación 2016;2016;RESUMEN;https://post.anid.cl/frontend.php/es/postulacion/descargar/hash/cc050670f3776e57d1729ec0719aee24
11160012;FONDECYT de Iniciación 2016;2016;RESUMEN;https://post.anid.cl/frontend.php/es/postulacion/descargar/hash/ff72008d6470f79a70f7d50ae2a5bb2a
11160019;FONDECYT de Iniciación 2016;2016;RESUMEN;https://post.anid.cl/frontend.php/es/postulacion/descargar/hash/12d2c613fce06e03b7d6130322e35b28
11160021;FONDECYT de Iniciación 2016;2016;RESUMEN;https://post.anid.cl/frontend.php/es/postulacion/descargar/hash/570b873c9bb23c051d5a26cd2948dc22
11160026;FONDECYT de Iniciación 2016;2016;RESUMEN;https://post.anid.cl/frontend.php/es/postulacion/descargar/hash/b8b4cce415a46e2c3aab8ac8b844bdd2
11160031;FONDECYT de Iniciación 2016;2016;RESUMEN;https://post.anid.cl/frontend.php/es/postulacion/descargar/hash/25c7b5119523239d39c113488a5ac2e9
11160032;FONDECYT de Iniciación 2016;2016;RESUMEN;https://post.anid.cl/frontend.php/es/postulacion/descargar/hash/d94da91f5cf5f6440872074cd77cbc24
11160037;FONDECYT de Iniciación 2016;2016;RESUMEN;https://post.anid.cl/frontend.php/es/postulacion/descargar/hash/f86295752b3c07c4299219025f7d66e4
11160038;FONDECYT de Iniciación 2016;2016;RESUMEN;https://post.anid.cl/frontend.php/es/postulacion/descargar/hash/7433c472db9c7e33141a13ecb75be8c7
11160039;FONDECYT de Iniciación 2016;2016;RESUMEN;https://post.anid.cl/frontend.php/es/postulacion/descargar/hash/424b743c2c7d023085a6cd22e879f982
11160040;FONDECYT de Iniciación 2016;2016;RESUMEN;https://post.anid.cl/frontend.php/es/postulacion/descargar/hash/56bc6645f96c06884f3422d8a48d87df
11160045;FONDECYT de Iniciación 2016;2016;RESUMEN;https://post.anid.cl/frontend.php/es/postulacion/descargar/hash/aade2de150907bb3a94526f5579f73ed
11160046;FONDECYT de Iniciación 2016;2016;RESUMEN;https://post.anid.cl/frontend.php/es/postulacion/descargar/hash/aaff0c3265323bd6ddb7794e7965e8ca
11160059;FONDECYT de Iniciación 2016;2016;RESUMEN;https://post.anid.cl/frontend.php/es/postulacion/descargar/hash/c3d922677b03f1fca8f5e885ca915b15
11160061;FONDECYT de Iniciación 2016;2016;RESUMEN;https://post.anid.cl/frontend.php/es/postulacion/descargar/hash/deb5a7259f5faa643f79c2763d9816dd
11160064;FONDECYT de Iniciación 2016;2016;RESUMEN;https://post.anid.cl/frontend.php/es/postulacion/descargar/hash/ad9b579ff07668f42296f9491547e7c9
11160067;FONDECYT de Iniciación 2016;2016;RESUMEN;https://post.anid.cl/frontend.php/es/postulacion/descargar/hash/a474c2126884544bdbe9da3e05c96cc5
11160072;FONDECYT de Iniciación 2016;2016;RESUMEN;https://post.anid.cl/frontend.php/es/postulacion/descargar/hash/25077981a55dd68b6f261217cb1d6810
11160073;FONDECYT de Iniciación 2016;2016;RESUMEN;https://post.anid.cl/frontend.php/es/postulacion/descargar/hash/0024f4beab1f019e7e7d32bf5ae98aa0
11160078;FONDECYT de Iniciación 2016;2016;RESUMEN;https://post.anid.cl/frontend.php/es/postulacion/descargar/hash/357d267c86e64d71408bedd1f2ae31dd
11160080;FONDECYT de Iniciación 2016;2016;RESUMEN;https://post.anid.cl/frontend.php/es/postulacion/descargar/hash/a2153f80ba64a9fb6d2c34283c0e251e
11160082;FONDECYT de Iniciación 2016;2016;RESUMEN;https://post.anid.cl/frontend.php/es/postulacion/descargar/hash/5079b3ceae4fa01804b931e3ec54bf5d
11160084;FONDECYT de Iniciación 2016;2016;RESUMEN;https://post.anid.cl/frontend.php/es/postulacion/descargar/hash/fd08210da54b59ff40e7ea7a2f3aa1c7
11160086;FONDECYT de Iniciación 2016;2016;RESUMEN;https://post.anid.cl/frontend.php/es/postulacion/descargar/hash/4166c9a24dae275fa7300e7f50111f0f
11160088;FONDECYT de Iniciación 2016;2016;RESUMEN;https://post.anid.cl/frontend.php/es/postulacion/descargar/hash/6dd4d938bb00fd9c93836bb3c2513596
11160096;FONDECYT de Iniciación 2016;2016;RESUMEN;https://post.anid.cl/frontend.php/es/postulacion/descargar/hash/216170dc47eb10e68b4350aae61ba60c
11160104;FONDECYT de Iniciación 2016;2016;RESUMEN;https://post.anid.cl/frontend.php/es/postulacion/descargar/hash/029a838a9d9643f48c40df3f8091c20a
11160106;FONDECYT de Iniciación 2016;2016;RESUMEN;https://post.anid.cl/frontend.php/es/postulacion/descargar/hash/dc5262c9ec100a99bd17f9a63e049a03
11160108;FONDECYT de Iniciación 2016;2016;RESUMEN;https://post.anid.cl/frontend.php/es/postulacion/descargar/hash/d87118ca6cb649997ae8641d0e494a75
11160112;FONDECYT de Iniciación 2016;2016;RESUMEN;https://post.anid.cl/frontend.php/es/postulacion/descargar/hash/3055c40d0d41e617d52e6014686632de
11160113;FONDECYT de Iniciación 2016;2016;RESUMEN;https://post.anid.cl/frontend.php/es/postulacion/descargar/hash/adba1f00f2c3b5e24b676ebd50a8e7df
11160115;FONDECYT de Iniciación 2016;2016;RESUMEN;https://post.anid.cl/frontend.php/es/postulacion/descargar/hash/21615a51f4a78c6abfe3afb33fc31096
11160116;FONDECYT de Iniciación 2016;2016;RESUMEN;https://post.anid.cl/frontend.php/es/postulacion/descargar/hash/6b0da1350a6a8385e94590704274d022
11160120;FONDECYT de Iniciación 2016;2016;RESUMEN;https://post.anid.cl/frontend.php/es/postulacion/descargar/hash/868485934fc2a53dc67448814e9e72e0
11160125;FONDECYT de Iniciación 2016;2016;RESUMEN;https://post.anid.cl/frontend.php/es/postulacion/descargar/hash/2b761149a3f132621dc4060733908a7c
11160130;FONDECYT de Iniciación 2016;2016;RESUMEN;https://post.anid.cl/frontend.php/es/postulacion/descargar/hash/e45a78c273a99d8fe45118b8dbd91659
11160131;FONDECYT de Iniciación 2016;2016;RESUMEN;https://post.anid.cl/frontend.php/es/postulacion/descargar/hash/0c93717f1333ccfaa09ebdebd58d96d7
11160133;FONDECYT de Iniciación 2016;2016;RESUMEN;https://post.anid.cl/frontend.php/es/postulacion/descargar/hash/08bb99cd6aff4bd920f11f008b901455
11160136;FONDECYT de Iniciación 2016;2016;RESUMEN;https://post.anid.cl/frontend.php/es/postulacion/descargar/hash/dd1c4d72777f4f6979c36bc0c0784e28
11160139;FONDECYT de Iniciación 2016;2016;RESUMEN;https://post.anid.cl/frontend.php/es/postulacion/descargar/hash/b79250bbfb413ce81c4bc6071b992b50
11160141;FONDECYT de Iniciación 2016;2016;RESUMEN;https://post.anid.cl/frontend.php/es/postulacion/descargar/hash/3b8ca6a2ed350d7cc395cdadb5e40281
11160146;FONDECYT de Iniciación 2016;2016;RESUMEN;https://post.anid.cl/frontend.php/es/postulacion/descargar/hash/1fb060ba7747dc629e4f0ea4a1aa1879
11160148;FONDECYT de Iniciación 2016;2016;RESUMEN;https://post.anid.cl/frontend.php/es/postulacion/descargar/hash/14625af1dd485eee45c80cb7c9bb9289
11160149;FONDECYT de Iniciación 2016;2016;RESUMEN;https://post.anid.cl/frontend.php/es/postulacion/descargar/hash/6850fd7e7af3443188b72509c0705089
11160150;FONDECYT de Iniciación 2016;2016;RESUMEN;https://post.anid.cl/frontend.php/es/postulacion/descargar/hash/d5d8ce3d6a9b074d093975eaf4395474
11160152;FONDECYT de Iniciación 2016;2016;RESUMEN;https://post.anid.cl/frontend.php/es/postulacion/descargar/hash/686777e1b6e1eb0e486b9954badb880a
11160154;FONDECYT de Iniciación 2016;2016;RESUMEN;https://post.anid.cl/frontend.php/es/postulacion/descargar/hash/de840b9f28d558f0c8b68d598007301a
11160157;FONDECYT de Iniciación 2016;2016;RESUMEN;https://post.anid.cl/frontend.php/es/postulacion/descargar/hash/a8a1a636e6f3995cd3cb3ac0dd905c27
11160160;FONDECYT de Iniciación 2016;2016;RESUMEN;https://post.anid.cl/frontend.php/es/postulacion/descargar/hash/8cf26460d8bbfc1f6ed54ec4042251a0
11160161;FONDECYT de Iniciación 2016;2016;RESUMEN;https://post.anid.cl/frontend.php/es/postulacion/descargar/hash/53020d91808e937cda3b54ac4e4b0b18
11160169;FONDECYT de Iniciación 2016;2016;RESUMEN;https://post.anid.cl/frontend.php/es/postulacion/descargar/hash/0eabbb5116c60e6df20f2521e2b629ad
11160170;FONDECYT de Iniciación 2016;2016;RESUMEN;https://post.anid.cl/frontend.php/es/postulacion/descargar/hash/7af203661d4669d56f5c0e2e67674612
11160172;FONDECYT de Iniciación 2016;2016;RESUMEN;https://post.anid.cl/frontend.php/es/postulacion/descargar/hash/081eca447aa64937b18d5b0490f00028
11160177;FONDECYT de Iniciación 2016;2016;RESUMEN;https://post.anid.cl/frontend.php/es/postulacion/descargar/hash/b008b19d02d85c20a9ecbaf5834204f8
11160186;FONDECYT de Iniciación 2016;2016;RESUMEN;https://post.anid.cl/frontend.php/es/postulacion/descargar/hash/f1afb1edfb65f19e94c5691f68da040a
11160191;FONDECYT de Iniciación 2016;2016;RESUMEN;https://post.anid.cl/frontend.php/es/postulacion/descargar/hash/04463378950bf0d5aa62adc7e3119502
11160195;FONDECYT de Iniciación 2016;2016;RESUMEN;https://post.anid.cl/frontend.php/es/postulacion/descargar/hash/f8c75a962bff00314f457aaf5c56a7d8
11160200;FONDECYT de Iniciación 2016;2016;RESUMEN;https://post.anid.cl/frontend.php/es/postulacion/descargar/hash/4262710ce11ea96df10d56596f0a9085
11160202;FONDECYT de Iniciación 2016;2016;RESUMEN;https://post.anid.cl/frontend.php/es/postulacion/descargar/hash/564c3e1fc9140d28016fdf38c19290c0
11160203;FONDECYT de Iniciación 2016;2016;RESUMEN;https://post.anid.cl/frontend.php/es/postulacion/descargar/hash/0161327204e2d51ae7162d57679d506c
11160211;FONDECYT de Iniciación 2016;2016;RESUMEN;https://post.anid.cl/frontend.php/es/postulacion/descargar/hash/3b6692ffe7dcd902dd2ea6bf8c1a2a18
11160212;FONDECYT de Iniciación 2016;2016;RESUMEN;https://post.anid.cl/frontend.php/es/postulacion/descargar/hash/6aa1dcdabd6288b8355c676e084f8c43
11160222;FONDECYT de Iniciación 2016;2016;RESUMEN;https://post.anid.cl/frontend.php/es/postulacion/descargar/hash/5828ad0683556fc9fb01e98c448a4d95
11160224;FONDECYT de Iniciación 2016;2016;RESUMEN;https://post.anid.cl/frontend.php/es/postulacion/descargar/hash/c6ff5533104dedd3d1afea7fc45c7aba
11160227;FONDECYT de Iniciación 2016;2016;RESUMEN;https://post.anid.cl/frontend.php/es/postulacion/descargar/hash/4ba33411d661da109552a8f220815ab7
11160228;FONDECYT de Iniciación 2016;2016;RESUMEN;https://post.anid.cl/frontend.php/es/postulacion/descargar/hash/26affab7aad7fae0333fc4f443b8c5eb
11160230;FONDECYT de Iniciación 2016;2016;RESUMEN;https://post.anid.cl/frontend.php/es/postulacion/descargar/hash/01e10ce4fe2ec510f123d03c4442130b
11160234;FONDECYT de Iniciación 2016;2016;RESUMEN;https://post.anid.cl/frontend.php/es/postulacion/descargar/hash/bd05351644803d167bc4554228827b4e
11160235;FONDECYT de Iniciación 2016;2016;RESUMEN;https://post.anid.cl/frontend.php/es/postulacion/descargar/hash/f5a6f912ff97632becb5cbc601d97cff
11160239;FONDECYT de Iniciación 2016;2016;RESUMEN;https://post.anid.cl/frontend.php/es/postulacion/descargar/hash/aae452a32959b8359f04c4b3c4851e75
11160240;FONDECYT de Iniciación 2016;2016;RESUMEN;https://post.anid.cl/frontend.php/es/postulacion/descargar/hash/e6dbdb31b2b139c6d696b425c0e2cdc5
11160249;FONDECYT de Iniciación 2016;2016;RESUMEN;https://post.anid.cl/frontend.php/es/postulacion/descargar/hash/ed26edb04ecc4635664cc76691e54a25
11160251;FONDECYT de Iniciación 2016;2016;RESUMEN;https://post.anid.cl/frontend.php/es/postulacion/descargar/hash/0a04049aa1911f74b3c6a201c70a91e9
11160256;FONDECYT de Iniciación 2016;2016;RESUMEN;https://post.anid.cl/frontend.php/es/postulacion/descargar/hash/0f9a7ab31cdd787d92b79a3a3d7461f2
11160257;FONDECYT de Iniciación 2016;2016;RESUMEN;https://post.anid.cl/frontend.php/es/postulacion/descargar/hash/e0671d60287bffa58ef74449d277ec5e
11160268;FONDECYT de Iniciación 2016;2016;RESUMEN;https://post.anid.cl/frontend.php/es/postulacion/descargar/hash/62a84c8ec4c2e722584edb17a5f240ad
11160271;FONDECYT de Iniciación 2016;2016;RESUMEN;https://post.anid.cl/frontend.php/es/postulacion/descargar/hash/3c6be83c0abea29056e80303829e8460
11160275;FONDECYT de Iniciación 2016;2016;RESUMEN;https://post.anid.cl/frontend.php/es/postulacion/descargar/hash/8deb58f65a893eaa5ba07d2dd93302c1
11160281;FONDECYT de Iniciación 2016;2016;RESUMEN;https://post.anid.cl/frontend.php/es/postulacion/descargar/hash/86950a4d2c9659fd206e40e69ba9fe0a
11160283;FONDECYT de Iniciación 2016;2016;RESUMEN;https://post.anid.cl/frontend.php/es/postulacion/descargar/hash/3784ff1c8bbe016de9973003a9718557
11160285;FONDECYT de Iniciación 2016;2016;RESUMEN;https://post.anid.cl/frontend.php/es/postulacion/descargar/hash/ac83fe462cae1f8359ea2f4de991d3d1
11160288;FONDECYT de Iniciación 2016;2016;RESUMEN;https://post.anid.cl/frontend.php/es/postulacion/descargar/hash/04bce07b7216aac33e8857f9f27b52ef
11160290;FONDECYT de Iniciación 2016;2016;RESUMEN;https://post.anid.cl/frontend.php/es/postulacion/descargar/hash/71424b4a04139b3198e86128c384e66d
11160294;FONDECYT de Iniciación 2016;2016;RESUMEN;https://post.anid.cl/frontend.php/es/postulacion/descargar/hash/085bfc41209c8054a4badea8151fb03c
11160295;FONDECYT de Iniciación 2016;2016;RESUMEN;https://post.anid.cl/frontend.php/es/postulacion/descargar/hash/084cc2f0aebc7664f66da6c5d69465b2
11160298;FONDECYT de Iniciación 2016;2016;RESUMEN;https://post.anid.cl/frontend.php/es/postulacion/descargar/hash/3e107a8c2e817a4bf7de43c3503e869f
11160309;FONDECYT de Iniciación 2016;2016;RESUMEN;https://post.anid.cl/frontend.php/es/postulacion/descargar/hash/6652045b5205d38305b563b03b5511ec
11160319;FONDECYT de Iniciación 2016;2016;RESUMEN;https://post.anid.cl/frontend.php/es/postulacion/descargar/hash/ea2fd4f59c67c54adea8343cc7a2b4b2
11160320;FONDECYT de Iniciación 2016;2016;RESUMEN;https://post.anid.cl/frontend.php/es/postulacion/descargar/hash/7aff7227829676f638c10c8413cc0459
11160322;FONDECYT de Iniciación 2016;2016;RESUMEN;https://post.anid.cl/frontend.php/es/postulacion/descargar/hash/4fb793b8abf5232e4233c3ef073be57a
11160324;FONDECYT de Iniciación 2016;2016;RESUMEN;https://post.anid.cl/frontend.php/es/postulacion/descargar/hash/740e5c0344cd05f2b78be6c7738cb57a
11160325;FONDECYT de Iniciación 2016;2016;RESUMEN;https://post.anid.cl/frontend.php/es/postulacion/descargar/hash/5512a324ccbaf9028c89750b75941fcb
11160327;FONDECYT de Iniciación 2016;2016;RESUMEN;https://post.anid.cl/frontend.php/es/postulacion/descargar/hash/901bd0e788b01ff5ef1d3ff37f383cbe
11160329;FONDECYT de Iniciación 2016;2016;RESUMEN;https://post.anid.cl/frontend.php/es/postulacion/descargar/hash/d2778bb3e9869d6c85bc75037ed9b4c4
11160330;FONDECYT de Iniciación 2016;2016;RESUMEN;https://post.anid.cl/frontend.php/es/postulacion/descargar/hash/7938af8897a79a02b838b48349b61b47
11160332;FONDECYT de Iniciación 2016;2016;RESUMEN;https://post.anid.cl/frontend.php/es/postulacion/descargar/hash/e31ea30956019fc2149c89ae2398c344
11160337;FONDECYT de Iniciación 2016;2016;RESUMEN;https://post.anid.cl/frontend.php/es/postulacion/descargar/hash/0bb1c9ba5c7823eb82d71cbefb35c941
11160345;FONDECYT de Iniciación 2016;2016;RESUMEN;https://post.anid.cl/frontend.php/es/postulacion/descargar/hash/8ceffdbe23b072c1e398b5158109bc29
11160346;FONDECYT de Iniciación 2016;2016;RESUMEN;https://post.anid.cl/frontend.php/es/postulacion/descargar/hash/66481150104c47703b90041313ac2783
11160355;FONDECYT de Iniciación 2016;2016;RESUMEN;https://post.anid.cl/frontend.php/es/postulacion/descargar/hash/9f4f962e370eabd30e0353989f50df72
11160359;FONDECYT de Iniciación 2016;2016;RESUMEN;https://post.anid.cl/frontend.php/es/postulacion/descargar/hash/c4863422775ad2a8b4f3aeb703bae229
11160361;FONDECYT de Iniciación 2016;2016;RESUMEN;https://post.anid.cl/frontend.php/es/postulacion/descargar/hash/996046adcf8a58f36bf4ec5aaa8dd39a
11160363;FONDECYT de Iniciación 2016;2016;RESUMEN;https://post.anid.cl/frontend.php/es/postulacion/descargar/hash/e836de4b33c2cd07691437487974a90d
11160364;FONDECYT de Iniciación 2016;2016;RESUMEN;https://post.anid.cl/frontend.php/es/postulacion/descargar/hash/a3306d79d408a75bbbd022e22770ad0e
11160368;FONDECYT de Iniciación 2016;2016;RESUMEN;https://post.anid.cl/frontend.php/es/postulacion/descargar/hash/7077fad8ed1676874ce655386051cf20
11160369;FONDECYT de Iniciación 2016;2016;RESUMEN;https://post.anid.cl/frontend.php/es/postulacion/descargar/hash/df63574edf26c1cef33c0e6393fc972b
11160371;FONDECYT de Iniciación 2016;2016;RESUMEN;https://post.anid.cl/frontend.php/es/postulacion/descargar/hash/23af21a2f4457e599a588935cec0c36b
11160372;FONDECYT de Iniciación 2016;2016;RESUMEN;https://post.anid.cl/frontend.php/es/postulacion/descargar/hash/daade5ffae336b0db37ec491303e35bf
11160374;FONDECYT de Iniciación 2016;2016;RESUMEN;https://post.anid.cl/frontend.php/es/postulacion/descargar/hash/69b5d0f85b6cf2e207f335bc29ba7358
11160375;FONDECYT de Iniciación 2016;2016;RESUMEN;https://post.anid.cl/frontend.php/es/postulacion/descargar/hash/8e63381b60f288847dafd9ab128dfcbc
11160380;FONDECYT de Iniciación 2016;2016;RESUMEN;https://post.anid.cl/frontend.php/es/postulacion/descargar/hash/2ebd54ee81c46ba361121805d405f627
11160382;FONDECYT de Iniciación 2016;2016;RESUMEN;https://post.anid.cl/frontend.php/es/postulacion/descargar/hash/12c754f32bec68e1c7ed3f9ec047ded6
11160383;FONDECYT de Iniciación 2016;2016;RESUMEN;https://post.anid.cl/frontend.php/es/postulacion/descargar/hash/3f6a8aae3eca7680d853b4c7ed40ad5c
11160385;FONDECYT de Iniciación 2016;2016;RESUMEN;https://post.anid.cl/frontend.php/es/postulacion/descargar/hash/298d93915ef78f756dcc5432e8e0c3f4
11160386;FONDECYT de Iniciación 2016;2016;RESUMEN;https://post.anid.cl/frontend.php/es/postulacion/descargar/hash/15678ce0dc1c7f0cc1230769edc9fd43
11160389;FONDECYT de Iniciación 2016;2016;RESUMEN;https://post.anid.cl/frontend.php/es/postulacion/descargar/hash/687bbe937fe63045546acd9fdd698719
11160391;FONDECYT de Iniciación 2016;2016;RESUMEN;https://post.anid.cl/frontend.php/es/postulacion/descargar/hash/225b02b4e3ebf50e6673c08099bd7545
11160392;FONDECYT de Iniciación 2016;2016;RESUMEN;https://post.anid.cl/frontend.php/es/postulacion/descargar/hash/ef06df86b9735bd71b53c5fd0112e975
11160395;FONDECYT de Iniciación 2016;2016;RESUMEN;https://post.anid.cl/frontend.php/es/postulacion/descargar/hash/fcdd0b83945f9c699deb29e91954acb4
11160397;FONDECYT de Iniciación 2016;2016;RESUMEN;https://post.anid.cl/frontend.php/es/postulacion/descargar/hash/b09fce742fcb4865bf9a8a622a2f6e0b
11160402;FONDECYT de Iniciación 2016;2016;RESUMEN;https://post.anid.cl/frontend.php/es/postulacion/descargar/hash/57196bb04ff45b53be0bd8b1a24abf14
11160405;FONDECYT de Iniciación 2016;2016;RESUMEN;https://post.anid.cl/frontend.php/es/postulacion/descargar/hash/248510539c529066235f06d1a9c73e0c
11160413;FONDECYT de Iniciación 2016;2016;RESUMEN;https://post.anid.cl/frontend.php/es/postulacion/descargar/hash/639892a7cfab08e0cd9c4e2992dce6f2
11160418;FONDECYT de Iniciación 2016;2016;RESUMEN;https://post.anid.cl/frontend.php/es/postulacion/descargar/hash/7fd27e128f1f3479e0ff7ac6db288a9a
11160419;FONDECYT de Iniciación 2016;2016;RESUMEN;https://post.anid.cl/frontend.php/es/postulacion/descargar/hash/e6dfee4320bee9f575c7b1e991c9c7c2
11160422;FONDECYT de Iniciación 2016;2016;RESUMEN;https://post.anid.cl/frontend.php/es/postulacion/descargar/hash/617c475292b4fb9890c3ada4a643c220
11160438;FONDECYT de Iniciación 2016;2016;RESUMEN;https://post.anid.cl/frontend.php/es/postulacion/descargar/hash/8f75bd08252610f1c37fcf0ff926cf00
11160445;FONDECYT de Iniciación 2016;2016;RESUMEN;https://post.anid.cl/frontend.php/es/postulacion/descargar/hash/5283f65febf31e4ea649e9ba6875c910
11160452;FONDECYT de Iniciación 2016;2016;RESUMEN;https://post.anid.cl/frontend.php/es/postulacion/descargar/hash/99fb15849b2a827a1f5408955cc5305a
11160454;FONDECYT de Iniciación 2016;2016;RESUMEN;https://post.anid.cl/frontend.php/es/postulacion/descargar/hash/d781193e481bc7ecff8bf3e250b3d7db
11160456;FONDECYT de Iniciación 2016;2016;RESUMEN;https://post.anid.cl/frontend.php/es/postulacion/descargar/hash/922d614cdc09c18e111c7c34cf31412e
11160462;FONDECYT de Iniciación 2016;2016;RESUMEN;https://post.anid.cl/frontend.php/es/postulacion/descargar/hash/568c478b75f0067dc28c550571976bea
11160463;FONDECYT de Iniciación 2016;2016;RESUMEN;https://post.anid.cl/frontend.php/es/postulacion/descargar/hash/530b6125b66176f1fda6d30098ad8e02
11160465;FONDECYT de Iniciación 2016;2016;RESUMEN;https://post.anid.cl/frontend.php/es/postulacion/descargar/hash/23edf3f11d06e778859f61dba2f5bb3c
11160468;FONDECYT de Iniciación 2016;2016;RESUMEN;https://post.anid.cl/frontend.php/es/postulacion/descargar/hash/8805cf82592f3797e6cab044dc6ee5f3
11160487;FONDECYT de Iniciación 2016;2016;RESUMEN;https://post.anid.cl/frontend.php/es/postulacion/descargar/hash/66ed763c999cd11d4fe0ba954284c551
11160494;FONDECYT de Iniciación 2016;2016;RESUMEN;https://post.anid.cl/frontend.php/es/postulacion/descargar/hash/b86e9313cad7c7bffdf4d9f928d1fbb1
11160497;FONDECYT de Iniciación 2016;2016;RESUMEN;https://post.anid.cl/frontend.php/es/postulacion/descargar/hash/c66cfc6b87d853fc9fd22f08b3096714
11160500;FONDECYT de Iniciación 2016;2016;RESUMEN;https://post.anid.cl/frontend.php/es/postulacion/descargar/hash/2c9cd6ea2f21e388f77c42ebcb1f1848
11160506;FONDECYT de Iniciación 2016;2016;RESUMEN;https://post.anid.cl/frontend.php/es/postulacion/descargar/hash/5c1da80109e4886e8e7742fa4752449c
11160509;FONDECYT de Iniciación 2016;2016;RESUMEN;https://post.anid.cl/frontend.php/es/postulacion/descargar/hash/dbb9fdacd4d08a536210fb9b5afbcfab
11160510;FONDECYT de Iniciación 2016;2016;RESUMEN;https://post.anid.cl/frontend.php/es/postulacion/descargar/hash/f669e3911d8f90a95ba4eddffec4af9b
11160513;FONDECYT de Iniciación 2016;2016;RESUMEN;https://post.anid.cl/frontend.php/es/postulacion/descargar/hash/e8f5e78d69ca92ad6385dea3e90270eb
11160517;FONDECYT de Iniciación 2016;2016;RESUMEN;https://post.anid.cl/frontend.php/es/postulacion/descargar/hash/2559a299d9d3b5ff1f17457a26dcebfb
11160520;FONDECYT de Iniciación 2016;2016;RESUMEN;https://post.anid.cl/frontend.php/es/postulacion/descargar/hash/3f0ec26dc975007d07e3e03acd80a5e3
11160521;FONDECYT de Iniciación 2016;2016;RESUMEN;https://post.anid.cl/frontend.php/es/postulacion/descargar/hash/3640d464291d17210204f7f15efeb993
11160524;FONDECYT de Iniciación 2016;2016;RESUMEN;https://post.anid.cl/frontend.php/es/postulacion/descargar/hash/c46d3d61228c655ff2d66f2a132c0b20
11160531;FONDECYT de Iniciación 2016;2016;RESUMEN;https://post.anid.cl/frontend.php/es/postulacion/descargar/hash/b5abae466a02e7044c06c4b5a3dac8f5
11160536;FONDECYT de Iniciación 2016;2016;RESUMEN;https://post.anid.cl/frontend.php/es/postulacion/descargar/hash/e1a794ca3c6fa3ac7e0177000fc22a2b
11160538;FONDECYT de Iniciación 2016;2016;RESUMEN;https://post.anid.cl/frontend.php/es/postulacion/descargar/hash/72f56e9ab5f1edf0235fd2d1793d4f4f
11160541;FONDECYT de Iniciación 2016;2016;RESUMEN;https://post.anid.cl/frontend.php/es/postulacion/descargar/hash/3c376a9f09bb34f34d49f613d08d0df6
11160542;FONDECYT de Iniciación 2016;2016;RESUMEN;https://post.anid.cl/frontend.php/es/postulacion/descargar/hash/917136ea19d603d7d304369f96e9db64
11160544;FONDECYT de Iniciación 2016;2016;RESUMEN;https://post.anid.cl/frontend.php/es/postulacion/descargar/hash/0e757a469b83273a4d1368a33d290a7e
11160554;FONDECYT de Iniciación 2016;2016;RESUMEN;https://post.anid.cl/frontend.php/es/postulacion/descargar/hash/c7d1cf0f1f65246e1a4caa14fa74db92
11160555;FONDECYT de Iniciación 2016;2016;RESUMEN;https://post.anid.cl/frontend.php/es/postulacion/descargar/hash/46d8b1fe7103c31f118be613f5f4eb18
11160562;FONDECYT de Iniciación 2016;2016;RESUMEN;https://post.anid.cl/frontend.php/es/postulacion/descargar/hash/1aaa3ebdeda1e170aa5239b1e3d2c99c
11160566;FONDECYT de Iniciación 2016;2016;RESUMEN;https://post.anid.cl/frontend.php/es/postulacion/descargar/hash/50481ed1b3f140c219535877ba68b7c1
11160581;FONDECYT de Iniciación 2016;2016;RESUMEN;https://post.anid.cl/frontend.php/es/postulacion/descargar/hash/3ec31c04331017098bfe3c278e2dd138
11160583;FONDECYT de Iniciación 2016;2016;RESUMEN;https://post.anid.cl/frontend.php/es/postulacion/descargar/hash/176138484d3d282771cb8c8b756699b0
11160588;FONDECYT de Iniciación 2016;2016;RESUMEN;https://post.anid.cl/frontend.php/es/postulacion/descargar/hash/3fe891ccb1bb872a9ae1c94f3604c1c5
11160591;FONDECYT de Iniciación 2016;2016;RESUMEN;https://post.anid.cl/frontend.php/es/postulacion/descargar/hash/ff206440a5adee09c8d6571d853ed407
11160592;FONDECYT de Iniciación 2016;2016;RESUMEN;https://post.anid.cl/frontend.php/es/postulacion/descargar/hash/b730932a18f9cf4bf5eb94edd9cafbb5
11160601;FONDECYT de Iniciación 2016;2016;RESUMEN;https://post.anid.cl/frontend.php/es/postulacion/descargar/hash/aa29f24e5c8cc76580810858245826f5
11160615;FONDECYT de Iniciación 2016;2016;RESUMEN;https://post.anid.cl/frontend.php/es/postulacion/descargar/hash/940fa3650c19c663cc66c635bc05e051
11160616;FONDECYT de Iniciación 2016;2016;RESUMEN;https://post.anid.cl/frontend.php/es/postulacion/descargar/hash/a9a5cd70f86f758a6841ad26f7b457d1
11160633;FONDECYT de Iniciación 2016;2016;RESUMEN;https://post.anid.cl/frontend.php/es/postulacion/descargar/hash/7de3206353b6c900638c4594a829448f
11160636;FONDECYT de Iniciación 2016;2016;RESUMEN;https://post.anid.cl/frontend.php/es/postulacion/descargar/hash/69c1a7f4fac9c624dd8fd9f1efa26f59
11160639;FONDECYT de Iniciación 2016;2016;RESUMEN;https://post.anid.cl/frontend.php/es/postulacion/descargar/hash/51796b3fc21c6adbaacec9c854b5a39a
11160642;FONDECYT de Iniciación 2016;2016;RESUMEN;https://post.anid.cl/frontend.php/es/postulacion/descargar/hash/102704968b31419aa0ecb0dfdf7c26ab
11160643;FONDECYT de Iniciación 2016;2016;RESUMEN;https://post.anid.cl/frontend.php/es/postulacion/descargar/hash/a470014df11362595dcabdee667ec5d2
11160644;FONDECYT de Iniciación 2016;2016;RESUMEN;https://post.anid.cl/frontend.php/es/postulacion/descargar/hash/fb163d6c31fdba626d0cec7c126dc426
11160648;FONDECYT de Iniciación 2016;2016;RESUMEN;https://post.anid.cl/frontend.php/es/postulacion/descargar/hash/14b9caec8d8af25a524e80e3294b7ade
11160650;FONDECYT de Iniciación 2016;2016;RESUMEN;https://post.anid.cl/frontend.php/es/postulacion/descargar/hash/42b66b65f2fa9582ef40007b6f73ddf0
11160651;FONDECYT de Iniciación 2016;2016;RESUMEN;https://post.anid.cl/frontend.php/es/postulacion/descargar/hash/8e8c944126fefb6cdf2451a93b0e11a8
11160656;FONDECYT de Iniciación 2016;2016;RESUMEN;https://post.anid.cl/frontend.php/es/postulacion/descargar/hash/c6cd294a0a5c9157a44467f597603e05
11160657;FONDECYT de Iniciación 2016;2016;RESUMEN;https://post.anid.cl/frontend.php/es/postulacion/descargar/hash/3732c09b01b17312923d3ac9509973bf
11160658;FONDECYT de Iniciación 2016;2016;RESUMEN;https://post.anid.cl/frontend.php/es/postulacion/descargar/hash/cad9da1513fc6ba3d093f24fe8404f87
11160661;FONDECYT de Iniciación 2016;2016;RESUMEN;https://post.anid.cl/frontend.php/es/postulacion/descargar/hash/cd5ab7e7bdf97fe307c73117e69c281e
11160664;FONDECYT de Iniciación 2016;2016;RESUMEN;https://post.anid.cl/frontend.php/es/postulacion/descargar/hash/167934dc701a647d8ee85e2c408a4972
11160670;FONDECYT de Iniciación 2016;2016;RESUMEN;https://post.anid.cl/frontend.php/es/postulacion/descargar/hash/3cf0a21452c1a2d40de4109cc0b7a3a3
11160671;FONDECYT de Iniciación 2016;2016;RESUMEN;https://post.anid.cl/frontend.php/es/postulacion/descargar/hash/ade636e7efc14e4a67a6cae9a09dc5cc
11160672;FONDECYT de Iniciación 2016;2016;RESUMEN;https://post.anid.cl/frontend.php/es/postulacion/descargar/hash/bef4db2469212695b9ef1bc0a8fa2db0
11160676;FONDECYT de Iniciación 2016;2016;RESUMEN;https://post.anid.cl/frontend.php/es/postulacion/descargar/hash/a16a89b110db7973359c9990a046abc2
11160680;FONDECYT de Iniciación 2016;2016;RESUMEN;https://post.anid.cl/frontend.php/es/postulacion/descargar/hash/dbcf0c89d96c6bb7e06db77360de6cef
11160687;FONDECYT de Iniciación 2016;2016;RESUMEN;https://post.anid.cl/frontend.php/es/postulacion/descargar/hash/90c7f7d86c06f8450ee5eab94e2336c6
11160688;FONDECYT de Iniciación 2016;2016;RESUMEN;https://post.anid.cl/frontend.php/es/postulacion/descargar/hash/b3b3d55d19d71a743843728a854de822
11160690;FONDECYT de Iniciación 2016;2016;RESUMEN;https://post.anid.cl/frontend.php/es/postulacion/descargar/hash/a643591d23de416868ed50a47afceac6
11160697;FONDECYT de Iniciación 2016;2016;RESUMEN;https://post.anid.cl/frontend.php/es/postulacion/descargar/hash/b33f7b58c81a7a1da1f2d0df0668fd68
11160703;FONDECYT de Iniciación 2016;2016;RESUMEN;https://post.anid.cl/frontend.php/es/postulacion/descargar/hash/c62e3602eea967d7c415c03637ae047d
11160706;FONDECYT de Iniciación 2016;2016;RESUMEN;https://post.anid.cl/frontend.php/es/postulacion/descargar/hash/bf55b98243a1c578920f6e52825cc46a
11160707;FONDECYT de Iniciación 2016;2016;RESUMEN;https://post.anid.cl/frontend.php/es/postulacion/descargar/hash/fb064c6761cf354c6867acd2e2cb0f13
11160713;FONDECYT de Iniciación 2016;2016;RESUMEN;https://post.anid.cl/frontend.php/es/postulacion/descargar/hash/792c570c40cdaab020208d800907e508
11160715;FONDECYT de Iniciación 2016;2016;RESUMEN;https://post.anid.cl/frontend.php/es/postulacion/descargar/hash/09733c8c270346fd6d20dede1778f055
11160719;FONDECYT de Iniciación 2016;2016;RESUMEN;https://post.anid.cl/frontend.php/es/postulacion/descargar/hash/a514254d700b9d8cff51e7a46508d36f
11160720;FONDECYT de Iniciación 2016;2016;RESUMEN;https://post.anid.cl/frontend.php/es/postulacion/descargar/hash/9fcbce0d792749980493599706fcd12d
11160724;FONDECYT de Iniciación 2016;2016;RESUMEN;https://post.anid.cl/frontend.php/es/postulacion/descargar/hash/2ce30582de25c1035b0dd59923311a06
11160728;FONDECYT de Iniciación 2016;2016;RESUMEN;https://post.anid.cl/frontend.php/es/postulacion/descargar/hash/3344dc6735911e392f9a58ed47a2cf0a
11160735;FONDECYT de Iniciación 2016;2016;RESUMEN;https://post.anid.cl/frontend.php/es/postulacion/descargar/hash/ccdac3e7a05b1537b32b70454941fc4e
11160737;FONDECYT de Iniciación 2016;2016;RESUMEN;https://post.anid.cl/frontend.php/es/postulacion/descargar/hash/c1728041653a851b1cc207aef4bcb304
11160739;FONDECYT de Iniciación 2016;2016;RESUMEN;https://post.anid.cl/frontend.php/es/postulacion/descargar/hash/f76ec01c2cd10d48402dccc8b5e132e9
11160741;FONDECYT de Iniciación 2016;2016;RESUMEN;https://post.anid.cl/frontend.php/es/postulacion/descargar/hash/bc15aa98ecd69575de730f5980e66a4c
11160744;FONDECYT de Iniciación 2016;2016;RESUMEN;https://post.anid.cl/frontend.php/es/postulacion/descargar/hash/b37d65bdc517d7a8a94dbc353b1718a1
11160746;FONDECYT de Iniciación 2016;2016;RESUMEN;https://post.anid.cl/frontend.php/es/postulacion/descargar/hash/b214aa6752f0f934459ad2560fdf9e0b
11160747;FONDECYT de Iniciación 2016;2016;RESUMEN;https://post.anid.cl/frontend.php/es/postulacion/descargar/hash/b8b9f2559e7f1086652ef21ff5b45e8e
11160749;FONDECYT de Iniciación 2016;2016;RESUMEN;https://post.anid.cl/frontend.php/es/postulacion/descargar/hash/c5ffdb02cc39bf9441efb030c321aabc
11160760;FONDECYT de Iniciación 2016;2016;RESUMEN;https://post.anid.cl/frontend.php/es/postulacion/descargar/hash/8c3a2f27795535190d50b74ba6dfd5c4
11160762;FONDECYT de Iniciación 2016;2016;RESUMEN;https://post.anid.cl/frontend.php/es/postulacion/descargar/hash/d96cf145af5b7e0b94aeb313a9070a49
11160768;FONDECYT de Iniciación 2016;2016;RESUMEN;https://post.anid.cl/frontend.php/es/postulacion/descargar/hash/e4330f593e8f990ac966895803073b0c
11160770;FONDECYT de Iniciación 2016;2016;RESUMEN;https://post.anid.cl/frontend.php/es/postulacion/descargar/hash/9df6585850fb27febae6e974231981e8
11160777;FONDECYT de Iniciación 2016;2016;RESUMEN;https://post.anid.cl/frontend.php/es/postulacion/descargar/hash/997755e525ef268774f9660815fc0fe4
11160778;FONDECYT de Iniciación 2016;2016;RESUMEN;https://post.anid.cl/frontend.php/es/postulacion/descargar/hash/e785f5418efb40bfced8f3034554abb1
11160780;FONDECYT de Iniciación 2016;2016;RESUMEN;https://post.anid.cl/frontend.php/es/postulacion/descargar/hash/790f5e2c670e049c18dd6be22360cbb3
11160785;FONDECYT de Iniciación 2016;2016;RESUMEN;https://post.anid.cl/frontend.php/es/postulacion/descargar/hash/f7806daced81b3303815119a86d0ce92
11160787;FONDECYT de Iniciación 2016;2016;RESUMEN;https://post.anid.cl/frontend.php/es/postulacion/descargar/hash/64f8ba5cf7a176b600a1f3272cd88e52
11160795;FONDECYT de Iniciación 2016;2016;RESUMEN;https://post.anid.cl/frontend.php/es/postulacion/descargar/hash/898d96e1b74e76740a20ebbedf53cd4a
11160797;FONDECYT de Iniciación 2016;2016;RESUMEN;https://post.anid.cl/frontend.php/es/postulacion/descargar/hash/7f25152ed728920d12036b798535b63e
11160801;FONDECYT de Iniciación 2016;2016;RESUMEN;https://post.anid.cl/frontend.php/es/postulacion/descargar/hash/91504b9c7f4693aff3b8af8300cc2b03
11160806;FONDECYT de Iniciación 2016;2016;RESUMEN;https://post.anid.cl/frontend.php/es/postulacion/descargar/hash/c2ea79c4c61046875305076a2ed21f5e
11160817;FONDECYT de Iniciación 2016;2016;RESUMEN;https://post.anid.cl/frontend.php/es/postulacion/descargar/hash/8e8701db546e8c09af1fa0f2ae209b21
11160830;FONDECYT de Iniciación 2016;2016;RESUMEN;https://post.anid.cl/frontend.php/es/postulacion/descargar/hash/b701cebb6b08a5427c44f9ede8a2f843
11160832;FONDECYT de Iniciación 2016;2016;RESUMEN;https://post.anid.cl/frontend.php/es/postulacion/descargar/hash/4945c4f9826bdafcbf91583eb0947494
11160835;FONDECYT de Iniciación 2016;2016;RESUMEN;https://post.anid.cl/frontend.php/es/postulacion/descargar/hash/e7e6dc9ac3ddb7a5b5fa4c9ded8b017b
11160839;FONDECYT de Iniciación 2016;2016;RESUMEN;https://post.anid.cl/frontend.php/es/postulacion/descargar/hash/c532229f6c49941dc0bb4f8f9b13cad4
11160842;FONDECYT de Iniciación 2016;2016;RESUMEN;https://post.anid.cl/frontend.php/es/postulacion/descargar/hash/9e8b68eb29727871b4ddbb54b62f299c
11160849;FONDECYT de Iniciación 2016;2016;RESUMEN;https://post.anid.cl/frontend.php/es/postulacion/descargar/hash/991ef8f22b9474f6f5e0cfaa593819f4
11160851;FONDECYT de Iniciación 2016;2016;RESUMEN;https://post.anid.cl/frontend.php/es/postulacion/descargar/hash/f49f4c9015f269f4e77b35e1037db5a1
11160852;FONDECYT de Iniciación 2016;2016;RESUMEN;https://post.anid.cl/frontend.php/es/postulacion/descargar/hash/3ff88558ec95603df89f0e2d24a926cf
11160854;FONDECYT de Iniciación 2016;2016;RESUMEN;https://post.anid.cl/frontend.php/es/postulacion/descargar/hash/a01d1522a6457e210438558102b8e24c
11160856;FONDECYT de Iniciación 2016;2016;RESUMEN;https://post.anid.cl/frontend.php/es/postulacion/descargar/hash/70c2883f7cae46711cfc4a932d0d539d
11160857;FONDECYT de Iniciación 2016;2016;RESUMEN;https://post.anid.cl/frontend.php/es/postulacion/descargar/hash/52d86e5d1f89b23e36cddb76e8043a76
11160859;FONDECYT de Iniciación 2016;2016;RESUMEN;https://post.anid.cl/frontend.php/es/postulacion/descargar/hash/de10ae3e5fac09fd62e7c0544845ee55
11160863;FONDECYT de Iniciación 2016;2016;RESUMEN;https://post.anid.cl/frontend.php/es/postulacion/descargar/hash/286c4e3ea73029ea70dc4537da7459ab
11160865;FONDECYT de Iniciación 2016;2016;RESUMEN;https://post.anid.cl/frontend.php/es/postulacion/descargar/hash/5c9c6a2cc893396546caf19b8c645e8a
11160868;FONDECYT de Iniciación 2016;2016;RESUMEN;https://post.anid.cl/frontend.php/es/postulacion/descargar/hash/5803a8b3becbd62f63426aaec65c488f
11160874;FONDECYT de Iniciación 2016;2016;RESUMEN;https://post.anid.cl/frontend.php/es/postulacion/descargar/hash/24010fbcfc948f84a7227d1c2ffc1b4d
11160876;FONDECYT de Iniciación 2016;2016;RESUMEN;https://post.anid.cl/frontend.php/es/postulacion/descargar/hash/db9d01ec4bd85c2bf52d5946765e06f3
11160877;FONDECYT de Iniciación 2016;2016;RESUMEN;https://post.anid.cl/frontend.php/es/postulacion/descargar/hash/96b0821ba16f1feb3921ce8f9328081b
11160879;FONDECYT de Iniciación 2016;2016;RESUMEN;https://post.anid.cl/frontend.php/es/postulacion/descargar/hash/d8864c7385b109e4bf4064883abf139c
11160882;FONDECYT de Iniciación 2016;2016;RESUMEN;https://post.anid.cl/frontend.php/es/postulacion/descargar/hash/57ff62ba4ac5057dc1ccdacae9f4bf76
11160894;FONDECYT de Iniciación 2016;2016;RESUMEN;https://post.anid.cl/frontend.php/es/postulacion/descargar/hash/04c433c40c327626e54c8d7ec547cab1
11160899;FONDECYT de Iniciación 2016;2016;RESUMEN;https://post.anid.cl/frontend.php/es/postulacion/descargar/hash/246681d5f26579c1beba6d71055be0a7
11160901;FONDECYT de Iniciación 2016;2016;RESUMEN;https://post.anid.cl/frontend.php/es/postulacion/descargar/hash/72e9e180b74e8562099dd26f2c0cabb3
11160905;FONDECYT de Iniciación 2016;2016;RESUMEN;https://post.anid.cl/frontend.php/es/postulacion/descargar/hash/6605a7af0034073f1343db96d29c2373
11160914;FONDECYT de Iniciación 2016;2016;RESUMEN;https://post.anid.cl/frontend.php/es/postulacion/descargar/hash/6dbc8489dadf6f301f89dcda53ab5db2
11160927;FONDECYT de Iniciación 2016;2016;RESUMEN;https://post.anid.cl/frontend.php/es/postulacion/descargar/hash/c7c97dd9e625d268a19ba6e44ed29ed5
11160928;FONDECYT de Iniciación 2016;2016;RESUMEN;https://post.anid.cl/frontend.php/es/postulacion/descargar/hash/dcf4b9f07f6a8556ebd52403326422f7
11160929;FONDECYT de Iniciación 2016;2016;RESUMEN;https://post.anid.cl/frontend.php/es/postulacion/descargar/hash/6019c60ebfc120f647e0bd9e891139ce
11160932;FONDECYT de Iniciación 2016;2016;RESUMEN;https://post.anid.cl/frontend.php/es/postulacion/descargar/hash/b6d58f87faf90ab33947bf98c75c6836
11160937;FONDECYT de Iniciación 2016;2016;RESUMEN;https://post.anid.cl/frontend.php/es/postulacion/descargar/hash/cca8737016a522d83ea20d3252cad651
11160939;FONDECYT de Iniciación 2016;2016;RESUMEN;https://post.anid.cl/frontend.php/es/postulacion/descargar/hash/fafe55029ac05853a29d0c5d093cfe0e
11160945;FONDECYT de Iniciación 2016;2016;RESUMEN;https://post.anid.cl/frontend.php/es/postulacion/descargar/hash/ed3ada11913a090e0c0db8a21358a83b
11160948;FONDECYT de Iniciación 2016;2016;RESUMEN;https://post.anid.cl/frontend.php/es/postulacion/descargar/hash/14959465d7fc522998de7b79c8b058bf
11160949;FONDECYT de Iniciación 2016;2016;RESUMEN;https://post.anid.cl/frontend.php/es/postulacion/descargar/hash/09cf6b914159f8db7bc3f7c266e2b6d4
11160951;FONDECYT de Iniciación 2016;2016;RESUMEN;https://post.anid.cl/frontend.php/es/postulacion/descargar/hash/9be17111a2cdf97922aff429e3af2ae3
11160958;FONDECYT de Iniciación 2016;2016;RESUMEN;https://post.anid.cl/frontend.php/es/postulacion/descargar/hash/4e9f84e131e578c88e714856ebc09411
11160960;FONDECYT de Iniciación 2016;2016;RESUMEN;https://post.anid.cl/frontend.php/es/postulacion/descargar/hash/3d5804335fa6fe2b2db0bb06004e3213
11160965;FONDECYT de Iniciación 2016;2016;RESUMEN;https://post.anid.cl/frontend.php/es/postulacion/descargar/hash/ce6f04a22246c84ed8e6eb695a699bc5
11160978;FONDECYT de Iniciación 2016;2016;RESUMEN;https://post.anid.cl/frontend.php/es/postulacion/descargar/hash/dbd331b2f23e56267ab43a2c9625cd2c
11160981;FONDECYT de Iniciación 2016;2016;RESUMEN;https://post.anid.cl/frontend.php/es/postulacion/descargar/hash/0d7132ba2ec72b28b8e72c2ca196f4d7
11160985;FONDECYT de Iniciación 2016;2016;RESUMEN;https://post.anid.cl/frontend.php/es/postulacion/descargar/hash/66b3856792c86d8e3bc3894562d059a9
11160991;FONDECYT de Iniciación 2016;2016;RESUMEN;https://post.anid.cl/frontend.php/es/postulacion/descargar/hash/447423a343943e4664e39c96e3ce3c23
11161019;FONDECYT de Iniciación 2016;2016;RESUMEN;https://post.anid.cl/frontend.php/es/postulacion/descargar/hash/86ed73a9370b1e62115328b922695947
11161020;FONDECYT de Iniciación 2016;2016;RESUMEN;https://post.anid.cl/frontend.php/es/postulacion/descargar/hash/d969d6a0fa00b557d9c0add25147f97c
11161026;FONDECYT de Iniciación 2016;2016;RESUMEN;https://post.anid.cl/frontend.php/es/postulacion/descargar/hash/13523cfb3a4b2e47184145a700a714f1
11161029;FONDECYT de Iniciación 2016;2016;RESUMEN;https://post.anid.cl/frontend.php/es/postulacion/descargar/hash/981d5809bc6f04bcbcd6f78dc3f49c96
11161033;FONDECYT de Iniciación 2016;2016;RESUMEN;https://post.anid.cl/frontend.php/es/postulacion/descargar/hash/1d3cf15279a9cf60c6c9b6dfe6b2339a
11161044;FONDECYT de Iniciación 2016;2016;RESUMEN;https://post.anid.cl/frontend.php/es/postulacion/descargar/hash/748cd91cd919cac8efc38388238f7c8d
11161045;FONDECYT de Iniciación 2016;2016;RESUMEN;https://post.anid.cl/frontend.php/es/postulacion/descargar/hash/88e8a44df4f26db055f0de3504ae9731
11161046;FONDECYT de Iniciación 2016;2016;RESUMEN;https://post.anid.cl/frontend.php/es/postulacion/descargar/hash/140e713da85ae76dfb5e23e8b7be703f
11161056;FONDECYT de Iniciación 2016;2016;RESUMEN;https://post.anid.cl/frontend.php/es/postulacion/descargar/hash/f096b47aeaa5d6bb4d210bb9d333fbf9
11161061;FONDECYT de Iniciación 2016;2016;RESUMEN;https://post.anid.cl/frontend.php/es/postulacion/descargar/hash/e7495492a06dcd0c67274365b1b032d6
11161074;FONDECYT de Iniciación 2016;2016;RESUMEN;https://post.anid.cl/frontend.php/es/postulacion/descargar/hash/fd853bba6b29fa765e486edb87eff2a2
11161079;FONDECYT de Iniciación 2016;2016;RESUMEN;https://post.anid.cl/frontend.php/es/postulacion/descargar/hash/608cf8ea91b70ff7a30f4cd4f6ae7df4
11161083;FONDECYT de Iniciación 2016;2016;RESUMEN;https://post.anid.cl/frontend.php/es/postulacion/descargar/hash/58ad56d2cdd62073856404a952772e2c
11161085;FONDECYT de Iniciación 2016;2016;RESUMEN;https://post.anid.cl/frontend.php/es/postulacion/descargar/hash/94d58adbe28a5a49cd2a129c906320a5
11161091;FONDECYT de Iniciación 2016;2016;RESUMEN;https://post.anid.cl/frontend.php/es/postulacion/descargar/hash/d561d9895fbe434455bb79ff94d978a9
11161093;FONDECYT de Iniciación 2016;2016;RESUMEN;https://post.anid.cl/frontend.php/es/postulacion/descargar/hash/dab25c38d0a7b8e876bcdf1b499b09b9
11161094;FONDECYT de Iniciación 2016;2016;RESUMEN;https://post.anid.cl/frontend.php/es/postulacion/descargar/hash/14997161ffb285586909ac3b46ab935c
11161095;FONDECYT de Iniciación 2016;2016;RESUMEN;https://post.anid.cl/frontend.php/es/postulacion/descargar/hash/5619ac1a2d01dc7e5f8e6409e5093e9d
11161097;FONDECYT de Iniciación 2016;2016;RESUMEN;https://post.anid.cl/frontend.php/es/postulacion/descargar/hash/fb55c2c16117f711d2dd7fbebdcab8d2
11161102;FONDECYT de Iniciación 2016;2016;RESUMEN;https://post.anid.cl/frontend.php/es/postulacion/descargar/hash/81dd7ad2a20417fa2f99700982ad5b9b
11161103;FONDECYT de Iniciación 2016;2016;RESUMEN;https://post.anid.cl/frontend.php/es/postulacion/descargar/hash/103928dc443a24aa5e10b76cc8cc45fc
11170002;FONDECYT de Iniciación 2017;2017;RESUMEN;https://post.anid.cl/frontend.php/es/postulacion/descargar/hash/b01e90c5f3d5fc6ecb9c82d2f0629add
11170005;FONDECYT de Iniciación 2017;2017;RESUMEN;https://post.anid.cl/frontend.php/es/postulacion/descargar/hash/51543dd0e110823fb2497b2c789df61c
11170008;FONDECYT de Iniciación 2017;2017;RESUMEN;https://post.anid.cl/frontend.php/es/postulacion/descargar/hash/b3240230b90b7d57a2d5c259efa41883
11170009;FONDECYT de Iniciación 2017;2017;RESUMEN;https://post.anid.cl/frontend.php/es/postulacion/descargar/hash/27389bfeb750eaed5c11547a96940c38
11170010;FONDECYT de Iniciación 2017;2017;RESUMEN;https://post.anid.cl/frontend.php/es/postulacion/descargar/hash/d1fef32888739e54eff62f51423a91a3
11170011;FONDECYT de Iniciación 2017;2017;RESUMEN;https://post.anid.cl/frontend.php/es/postulacion/descargar/hash/90eceed740d0d47231382a59b71f64c4
11170012;FONDECYT de Iniciación 2017;2017;RESUMEN;https://post.anid.cl/frontend.php/es/postulacion/descargar/hash/94acc9b44019e551aea382821adb9d56
11170014;FONDECYT de Iniciación 2017;2017;RESUMEN;https://post.anid.cl/frontend.php/es/postulacion/descargar/hash/656e45a654a7178276f5cb0af9c2f181
11170016;FONDECYT de Iniciación 2017;2017;RESUMEN;https://post.anid.cl/frontend.php/es/postulacion/descargar/hash/6d1b8ce50106baaa83f177c9ee37693e
11170017;FONDECYT de Iniciación 2017;2017;RESUMEN;https://post.anid.cl/frontend.php/es/postulacion/descargar/hash/2ec05c27763865f2fb3efa68c4be9be7
11170018;FONDECYT de Iniciación 2017;2017;RESUMEN;https://post.anid.cl/frontend.php/es/postulacion/descargar/hash/43d2d354868f5a9c4588e8232d087ddf
11170019;FONDECYT de Iniciación 2017;2017;RESUMEN;https://post.anid.cl/frontend.php/es/postulacion/descargar/hash/5b7c9e873df5eb8acac644f5b2636345
11170024;FONDECYT de Iniciación 2017;2017;RESUMEN;https://post.anid.cl/frontend.php/es/postulacion/descargar/hash/e2fde55e9ace8551a16cb649beb05d7d
11170031;FONDECYT de Iniciación 2017;2017;RESUMEN;https://post.anid.cl/frontend.php/es/postulacion/descargar/hash/48579e4ffe79bc0139e37b41fa45caf4
11170033;FONDECYT de Iniciación 2017;2017;RESUMEN;https://post.anid.cl/frontend.php/es/postulacion/descargar/hash/31518d5f68e047f5a9fff21cf05676f9
11170037;FONDECYT de Iniciación 2017;2017;RESUMEN;https://post.anid.cl/frontend.php/es/postulacion/descargar/hash/c26fe10a3f05faa9a353bf295614cbf8
11170042;FONDECYT de Iniciación 2017;2017;RESUMEN;https://post.anid.cl/frontend.php/es/postulacion/descargar/hash/9e2ce11aa2fee7edffbf2e93b9863fc4
11170045;FONDECYT de Iniciación 2017;2017;RESUMEN;https://post.anid.cl/frontend.php/es/postulacion/descargar/hash/800565810d6d132cd4549409ef757f3a
11170047;FONDECYT de Iniciación 2017;2017;RESUMEN;https://post.anid.cl/frontend.php/es/postulacion/descargar/hash/089e94c0a9b199ead24ee628aa46a763
11170049;FONDECYT de Iniciación 2017;2017;RESUMEN;https://post.anid.cl/frontend.php/es/postulacion/descargar/hash/5db5995647369c3ced6fb3ec7cccf08c
11170050;FONDECYT de Iniciación 2017;2017;RESUMEN;https://post.anid.cl/frontend.php/es/postulacion/descargar/hash/2fa4e92bd074a6940b0aff0f9f087481
11170052;FONDECYT de Iniciación 2017;2017;RESUMEN;https://post.anid.cl/frontend.php/es/postulacion/descargar/hash/be80f4f195ec3c651d2bdc211bb3feca
11170056;FONDECYT de Iniciación 2017;2017;RESUMEN;https://post.anid.cl/frontend.php/es/postulacion/descargar/hash/99b61b6caff5b782c5d9c48afc69067c
11170058;FONDECYT de Iniciación 2017;2017;RESUMEN;https://post.anid.cl/frontend.php/es/postulacion/descargar/hash/d41fef17634d6bb8041cae89a0705cf1
11170065;FONDECYT de Iniciación 2017;2017;RESUMEN;https://post.anid.cl/frontend.php/es/postulacion/descargar/hash/1fc16ddd85d4de6219f3651b3dac5c8e
11170068;FONDECYT de Iniciación 2017;2017;RESUMEN;https://post.anid.cl/frontend.php/es/postulacion/descargar/hash/da96ae1468def6e40e4e4296e1e4e0e9
11170069;FONDECYT de Iniciación 2017;2017;RESUMEN;https://post.anid.cl/frontend.php/es/postulacion/descargar/hash/d472890dc5bdd5e209013089f3d1d09c
11170075;FONDECYT de Iniciación 2017;2017;RESUMEN;https://post.anid.cl/frontend.php/es/postulacion/descargar/hash/5b4fc8666abbebdd16464e6ef5462569
11170077;FONDECYT de Iniciación 2017;2017;RESUMEN;https://post.anid.cl/frontend.php/es/postulacion/descargar/hash/604d37130f08be69a79f806574176852
11170081;FONDECYT de Iniciación 2017;2017;RESUMEN;https://post.anid.cl/frontend.php/es/postulacion/descargar/hash/0166cfad795bd43b9672ced5d9e52707
11170083;FONDECYT de Iniciación 2017;2017;RESUMEN;https://post.anid.cl/frontend.php/es/postulacion/descargar/hash/5b2ba6bf0ff9111a8f720493e0fe563c
11170088;FONDECYT de Iniciación 2017;2017;RESUMEN;https://post.anid.cl/frontend.php/es/postulacion/descargar/hash/b56a6acd8e1d1e9c22fbfadb6f7cf881
11170090;FONDECYT de Iniciación 2017;2017;RESUMEN;https://post.anid.cl/frontend.php/es/postulacion/descargar/hash/133920c75dd1b328a6d7b3ee73260794
11170092;FONDECYT de Iniciación 2017;2017;RESUMEN;https://post.anid.cl/frontend.php/es/postulacion/descargar/hash/3d6e437b985bc842da25efba9278f9c7
11170095;FONDECYT de Iniciación 2017;2017;RESUMEN;https://post.anid.cl/frontend.php/es/postulacion/descargar/hash/dbdcc5ce5b87dfb8bf57b796f5720975
11170096;FONDECYT de Iniciación 2017;2017;RESUMEN;https://post.anid.cl/frontend.php/es/postulacion/descargar/hash/1020d5f4681e015b7e0377f5c86ba3e6
11170098;FONDECYT de Iniciación 2017;2017;RESUMEN;https://post.anid.cl/frontend.php/es/postulacion/descargar/hash/93333a2f059b7c40d233bca3d1c1ae9b
11170100;FONDECYT de Iniciación 2017;2017;RESUMEN;https://post.anid.cl/frontend.php/es/postulacion/descargar/hash/7ecbf97c5b475dcbe4d1aacbdab3b8dc
11170102;FONDECYT de Iniciación 2017;2017;RESUMEN;https://post.anid.cl/frontend.php/es/postulacion/descargar/hash/a41cd5729195faadeb5d30f9a5795c9f
11170104;FONDECYT de Iniciación 2017;2017;RESUMEN;https://post.anid.cl/frontend.php/es/postulacion/descargar/hash/c7a00badef92a7ff98b0c339f4cf5ba3
11170108;FONDECYT de Iniciación 2017;2017;RESUMEN;https://post.anid.cl/frontend.php/es/postulacion/descargar/hash/5e709c5d51c8e9df28c37c9c449e24c9
11170109;FONDECYT de Iniciación 2017;2017;RESUMEN;https://post.anid.cl/frontend.php/es/postulacion/descargar/hash/7021eb03c76bf6da545aa35f8aabe3a5
11170111;FONDECYT de Iniciación 2017;2017;RESUMEN;https://post.anid.cl/frontend.php/es/postulacion/descargar/hash/cadda095a8aa3a7c30a06cb7e3b6541b
11170116;FONDECYT de Iniciación 2017;2017;RESUMEN;https://post.anid.cl/frontend.php/es/postulacion/descargar/hash/d26b55dc51894584f377ea6943f188cc
11170122;FONDECYT de Iniciación 2017;2017;RESUMEN;https://post.anid.cl/frontend.php/es/postulacion/descargar/hash/99a90719e646255c1855c5fac65d3280
11170126;FONDECYT de Iniciación 2017;2017;RESUMEN;https://post.anid.cl/frontend.php/es/postulacion/descargar/hash/8a46de76ef6cfd2484fd6d87505959ce
11170127;FONDECYT de Iniciación 2017;2017;RESUMEN;https://post.anid.cl/frontend.php/es/postulacion/descargar/hash/dbf6c2ba4a2a33cb6f8da1fc50863b25
11170128;FONDECYT de Iniciación 2017;2017;RESUMEN;https://post.anid.cl/frontend.php/es/postulacion/descargar/hash/acdd67aa148fc3675c559bc8b3bc7d7a
11170129;FONDECYT de Iniciación 2017;2017;RESUMEN;https://post.anid.cl/frontend.php/es/postulacion/descargar/hash/8e9cfc91a2c2a30c6f733a87e45a0ffb
11170131;FONDECYT de Iniciación 2017;2017;RESUMEN;https://post.anid.cl/frontend.php/es/postulacion/descargar/hash/6f55e4f441aefbaf352f56a4c8734a12
11170134;FONDECYT de Iniciación 2017;2017;RESUMEN;https://post.anid.cl/frontend.php/es/postulacion/descargar/hash/52b284f50556959fb633751ed962c85b
11170140;FONDECYT de Iniciación 2017;2017;RESUMEN;https://post.anid.cl/frontend.php/es/postulacion/descargar/hash/42f9a3e05d65c328124b478810ab62d1
11170142;FONDECYT de Iniciación 2017;2017;RESUMEN;https://post.anid.cl/frontend.php/es/postulacion/descargar/hash/1ddd7d5c543d56b6a61b3031ccc87728
11170143;FONDECYT de Iniciación 2017;2017;RESUMEN;https://post.anid.cl/frontend.php/es/postulacion/descargar/hash/04021f2597a2af16d14356840af8f91e
11170154;FONDECYT de Iniciación 2017;2017;RESUMEN;https://post.anid.cl/frontend.php/es/postulacion/descargar/hash/e9f6c502854895b8e6dfedda8c0d515b
11170155;FONDECYT de Iniciación 2017;2017;RESUMEN;https://post.anid.cl/frontend.php/es/postulacion/descargar/hash/9f99c928f6246b5e71e4b87b5b2dde80
11170157;FONDECYT de Iniciación 2017;2017;RESUMEN;https://post.anid.cl/frontend.php/es/postulacion/descargar/hash/b352253d75d648b99f0183341f076156
11170158;FONDECYT de Iniciación 2017;2017;RESUMEN;https://post.anid.cl/frontend.php/es/postulacion/descargar/hash/d5d5ee22db30e1ee98fdb269991bc80a
11170162;FONDECYT de Iniciación 2017;2017;RESUMEN;https://post.anid.cl/frontend.php/es/postulacion/descargar/hash/57ab4444956af74275ea4200a25a8fb8
11170171;FONDECYT de Iniciación 2017;2017;RESUMEN;https://post.anid.cl/frontend.php/es/postulacion/descargar/hash/61f0b378cde32074249e1d4a140ae8db
11170174;FONDECYT de Iniciación 2017;2017;RESUMEN;https://post.anid.cl/frontend.php/es/postulacion/descargar/hash/7ff800362c3bc26fe6680c4bc9aeccb5
11170177;FONDECYT de Iniciación 2017;2017;RESUMEN;https://post.anid.cl/frontend.php/es/postulacion/descargar/hash/58bfebf9461fc9879a03438d42791eea
11170179;FONDECYT de Iniciación 2017;2017;RESUMEN;https://post.anid.cl/frontend.php/es/postulacion/descargar/hash/d09e45fbef6a5983a73582ced555c1f1
11170182;FONDECYT de Iniciación 2017;2017;RESUMEN;https://post.anid.cl/frontend.php/es/postulacion/descargar/hash/647e99bbf258847797304fd55e53436e
11170184;FONDECYT de Iniciación 2017;2017;RESUMEN;https://post.anid.cl/frontend.php/es/postulacion/descargar/hash/9045e044c5204effc9684950d0237223
11170185;FONDECYT de Iniciación 2017;2017;RESUMEN;https://post.anid.cl/frontend.php/es/postulacion/descargar/hash/29502949afe3d02272064e9ced02dd8b
11170189;FONDECYT de Iniciación 2017;2017;RESUMEN;https://post.anid.cl/frontend.php/es/postulacion/descargar/hash/62e6027f2ae78a635a357e227fef6c18
11170192;FONDECYT de Iniciación 2017;2017;RESUMEN;https://post.anid.cl/frontend.php/es/postulacion/descargar/hash/3b5065419603f3a14d4056dc46a5a4e8
11170193;FONDECYT de Iniciación 2017;2017;RESUMEN;https://post.anid.cl/frontend.php/es/postulacion/descargar/hash/3c27a73273ab9a0cdc0b581c33571d9c
11170199;FONDECYT de Iniciación 2017;2017;RESUMEN;https://post.anid.cl/frontend.php/es/postulacion/descargar/hash/a589a334d9c8e7afdea656491572670e
11170200;FONDECYT de Iniciación 2017;2017;RESUMEN;https://post.anid.cl/frontend.php/es/postulacion/descargar/hash/d0a14dd62c39905de78571936f7e8a3a
11170205;FONDECYT de Iniciación 2017;2017;RESUMEN;https://post.anid.cl/frontend.php/es/postulacion/descargar/hash/c7de3e5967145655cdb79197ca15a3b1
11170210;FONDECYT de Iniciación 2017;2017;RESUMEN;https://post.anid.cl/frontend.php/es/postulacion/descargar/hash/0e1a2db6e085cb9f634cad3f99518c46
11170212;FONDECYT de Iniciación 2017;2017;RESUMEN;https://post.anid.cl/frontend.php/es/postulacion/descargar/hash/fa491c7072e9babf52df9e32c7de0abd
11170216;FONDECYT de Iniciación 2017;2017;RESUMEN;https://post.anid.cl/frontend.php/es/postulacion/descargar/hash/3cc88f30096e50076cce1d3d7580cfe5
11170220;FONDECYT de Iniciación 2017;2017;RESUMEN;https://post.anid.cl/frontend.php/es/postulacion/descargar/hash/a11d71e4b7a428b38269c116b1bf3649
11170222;FONDECYT de Iniciación 2017;2017;RESUMEN;https://post.anid.cl/frontend.php/es/postulacion/descargar/hash/cc5ef05c2e3e61e1dd541f0519accbd9
11170223;FONDECYT de Iniciación 2017;2017;RESUMEN;https://post.anid.cl/frontend.php/es/postulacion/descargar/hash/5a37f9406db4495437f5c94f656cdf83
11170225;FONDECYT de Iniciación 2017;2017;RESUMEN;https://post.anid.cl/frontend.php/es/postulacion/descargar/hash/0670962cfe85337972c0943fb75546a9
11170226;FONDECYT de Iniciación 2017;2017;RESUMEN;https://post.anid.cl/frontend.php/es/postulacion/descargar/hash/73af4ca56fb4bd6e3950eabc87cbdaa8
11170227;FONDECYT de Iniciación 2017;2017;RESUMEN;https://post.anid.cl/frontend.php/es/postulacion/descargar/hash/0aa389bd40c53cc23fa17db03adf7143
11170229;FONDECYT de Iniciación 2017;2017;RESUMEN;https://post.anid.cl/frontend.php/es/postulacion/descargar/hash/e90b2e18a85f07ba43cd3a2ebafa3d5d
11170230;FONDECYT de Iniciación 2017;2017;RESUMEN;https://post.anid.cl/frontend.php/es/postulacion/descargar/hash/474e31f1fdcce71de5eb87bea9a71437
11170232;FONDECYT de Iniciación 2017;2017;RESUMEN;https://post.anid.cl/frontend.php/es/postulacion/descargar/hash/8e5a356e121b875731653550d7279229
11170237;FONDECYT de Iniciación 2017;2017;RESUMEN;https://post.anid.cl/frontend.php/es/postulacion/descargar/hash/cd725355eddbef1d8be8d60156b2ece9
11170241;FONDECYT de Iniciación 2017;2017;RESUMEN;https://post.anid.cl/frontend.php/es/postulacion/descargar/hash/6b78a5957216d4479c75ba2f94074446
11170244;FONDECYT de Iniciación 2017;2017;RESUMEN;https://post.anid.cl/frontend.php/es/postulacion/descargar/hash/2cad576372f7a22a5e92a489b679bf53
11170245;FONDECYT de Iniciación 2017;2017;RESUMEN;https://post.anid.cl/frontend.php/es/postulacion/descargar/hash/aa906f8c35362885b98d992e1856900c
11170254;FONDECYT de Iniciación 2017;2017;RESUMEN;https://post.anid.cl/frontend.php/es/postulacion/descargar/hash/066295d3971604f56b71f0b53480cdea
11170258;FONDECYT de Iniciación 2017;2017;RESUMEN;https://post.anid.cl/frontend.php/es/postulacion/descargar/hash/66bd65deeeca63dbb45f55e2ecb45068
11170264;FONDECYT de Iniciación 2017;2017;RESUMEN;https://post.anid.cl/frontend.php/es/postulacion/descargar/hash/3ecd99dddda2bad6c380006c6f6a8a0b
11170265;FONDECYT de Iniciación 2017;2017;RESUMEN;https://post.anid.cl/frontend.php/es/postulacion/descargar/hash/012f415d4f466250e899766b4e2e101c
11170268;FONDECYT de Iniciación 2017;2017;RESUMEN;https://post.anid.cl/frontend.php/es/postulacion/descargar/hash/238ae2ce5355d81b04f8447ae3125126
11170274;FONDECYT de Iniciación 2017;2017;RESUMEN;https://post.anid.cl/frontend.php/es/postulacion/descargar/hash/cbddd318ace07e50e443689b3d9a73bc
11170276;FONDECYT de Iniciación 2017;2017;RESUMEN;https://post.anid.cl/frontend.php/es/postulacion/descargar/hash/4087949fe53569ae40bb13c7275e5706
11170285;FONDECYT de Iniciación 2017;2017;RESUMEN;https://post.anid.cl/frontend.php/es/postulacion/descargar/hash/aec79488daa7b0d962797a71cd79bbf6
11170287;FONDECYT de Iniciación 2017;2017;RESUMEN;https://post.anid.cl/frontend.php/es/postulacion/descargar/hash/959c2d4531af258c0cb64659768c624a
11170289;FONDECYT de Iniciación 2017;2017;RESUMEN;https://post.anid.cl/frontend.php/es/postulacion/descargar/hash/d22e9b926c4ab0ed30710923e8f5c1e3
11170291;FONDECYT de Iniciación 2017;2017;RESUMEN;https://post.anid.cl/frontend.php/es/postulacion/descargar/hash/9854c91a9a4ba2029bcd0d209b7bb8a8
11170292;FONDECYT de Iniciación 2017;2017;RESUMEN;https://post.anid.cl/frontend.php/es/postulacion/descargar/hash/72d2e93f71e4e8640810473424480517
11170294;FONDECYT de Iniciación 2017;2017;RESUMEN;https://post.anid.cl/frontend.php/es/postulacion/descargar/hash/f298f3baaf47c50adf60854dc9a6fa37
11170300;FONDECYT de Iniciación 2017;2017;RESUMEN;https://post.anid.cl/frontend.php/es/postulacion/descargar/hash/9731187a966c697447f2af3a800d9751
11170302;FONDECYT de Iniciación 2017;2017;RESUMEN;https://post.anid.cl/frontend.php/es/postulacion/descargar/hash/919343b6207762763ae90a28c0bb6564
11170305;FONDECYT de Iniciación 2017;2017;RESUMEN;https://post.anid.cl/frontend.php/es/postulacion/descargar/hash/b61dc96349ad721b8ecccfa95ab80397
11170307;FONDECYT de Iniciación 2017;2017;RESUMEN;https://post.anid.cl/frontend.php/es/postulacion/descargar/hash/6ea090cdafea3c0ba3e17c54b80a921d
11170308;FONDECYT de Iniciación 2017;2017;RESUMEN;https://post.anid.cl/frontend.php/es/postulacion/descargar/hash/d4d09998582ba07cc7496e1fbfaac6f3
11170309;FONDECYT de Iniciación 2017;2017;RESUMEN;https://post.anid.cl/frontend.php/es/postulacion/descargar/hash/ebcd734761b85bbb319b6429ec4d2836
11170311;FONDECYT de Iniciación 2017;2017;RESUMEN;https://post.anid.cl/frontend.php/es/postulacion/descargar/hash/931bdf2991a9375a2f97d4bfae1b85e5
11170314;FONDECYT de Iniciación 2017;2017;RESUMEN;https://post.anid.cl/frontend.php/es/postulacion/descargar/hash/aa13a9c94f8447279da79b7ce4e0f950
11170316;FONDECYT de Iniciación 2017;2017;RESUMEN;https://post.anid.cl/frontend.php/es/postulacion/descargar/hash/33e07c604b06ca2e4cb8e606455e1b74
11170317;FONDECYT de Iniciación 2017;2017;RESUMEN;https://post.anid.cl/frontend.php/es/postulacion/descargar/hash/ccf4a3dd81c6968431ca35fd53c632f2
11170319;FONDECYT de Iniciación 2017;2017;RESUMEN;https://post.anid.cl/frontend.php/es/postulacion/descargar/hash/58b320fc4d083b29439a811a1ad68b02
11170323;FONDECYT de Iniciación 2017;2017;RESUMEN;https://post.anid.cl/frontend.php/es/postulacion/descargar/hash/3ec8466b480033cd1c45a75161225229
11170327;FONDECYT de Iniciación 2017;2017;RESUMEN;https://post.anid.cl/frontend.php/es/postulacion/descargar/hash/21e32c40d48ac7e7f2c30ffc2e070639
11170331;FONDECYT de Iniciación 2017;2017;RESUMEN;https://post.anid.cl/frontend.php/es/postulacion/descargar/hash/e9b69d40dd3453b98bae35d436c0eacc
11170333;FONDECYT de Iniciación 2017;2017;RESUMEN;https://post.anid.cl/frontend.php/es/postulacion/descargar/hash/1145e4f245b576eb1c842e443ad5ae1b
11170336;FONDECYT de Iniciación 2017;2017;RESUMEN;https://post.anid.cl/frontend.php/es/postulacion/descargar/hash/8711527b0e97edb1f9059bb96a5f1d67
11170338;FONDECYT de Iniciación 2017;2017;RESUMEN;https://post.anid.cl/frontend.php/es/postulacion/descargar/hash/a8ec134f0673fe78cb9ccf7daa88f948
11170339;FONDECYT de Iniciación 2017;2017;RESUMEN;https://post.anid.cl/frontend.php/es/postulacion/descargar/hash/2bd4ff1228e078a9956497149ac18a5c
11170340;FONDECYT de Iniciación 2017;2017;RESUMEN;https://post.anid.cl/frontend.php/es/postulacion/descargar/hash/c32754c7dd6336dddf3f057a671d7ca3
11170342;FONDECYT de Iniciación 2017;2017;RESUMEN;https://post.anid.cl/frontend.php/es/postulacion/descargar/hash/8344018af1cd9e899a41997555affaaa
11170348;FONDECYT de Iniciación 2017;2017;RESUMEN;https://post.anid.cl/frontend.php/es/postulacion/descargar/hash/050e0e1b7b75ffb8eac550257176a04c
11170353;FONDECYT de Iniciación 2017;2017;RESUMEN;https://post.anid.cl/frontend.php/es/postulacion/descargar/hash/c0ac5cdbfc077acd157de5bbcfa030b6
11170360;FONDECYT de Iniciación 2017;2017;RESUMEN;https://post.anid.cl/frontend.php/es/postulacion/descargar/hash/cef60b1ab0461a0323a70ee210a1a171
11170363;FONDECYT de Iniciación 2017;2017;RESUMEN;https://post.anid.cl/frontend.php/es/postulacion/descargar/hash/100024c8369aa5f02f91a9e555cf5408
11170364;FONDECYT de Iniciación 2017;2017;RESUMEN;https://post.anid.cl/frontend.php/es/postulacion/descargar/hash/cba6ab9c2682be9b5c4e082f5871676c
11170368;FONDECYT de Iniciación 2017;2017;RESUMEN;https://post.anid.cl/frontend.php/es/postulacion/descargar/hash/ca7f2b4b2ac6158b3565a23f7a0090c7
11170377;FONDECYT de Iniciación 2017;2017;RESUMEN;https://post.anid.cl/frontend.php/es/postulacion/descargar/hash/476ec504c551df4687dea8add73e3971
11170380;FONDECYT de Iniciación 2017;2017;RESUMEN;https://post.anid.cl/frontend.php/es/postulacion/descargar/hash/eb341efbe36d448bf44da1820f4c9cfb
11170387;FONDECYT de Iniciación 2017;2017;RESUMEN;https://post.anid.cl/frontend.php/es/postulacion/descargar/hash/9abe55530b08c044cfd1bbe52d2f2b6a
11170388;FONDECYT de Iniciación 2017;2017;RESUMEN;https://post.anid.cl/frontend.php/es/postulacion/descargar/hash/60e5eff7caf0e145c0b9d35c2319b853
11170389;FONDECYT de Iniciación 2017;2017;RESUMEN;https://post.anid.cl/frontend.php/es/postulacion/descargar/hash/6e79507313dbed7e4d04063d6b5aa383
11170390;FONDECYT de Iniciación 2017;2017;RESUMEN;https://post.anid.cl/frontend.php/es/postulacion/descargar/hash/e4c35f116b5535d07baab8fd4a018dab
11170394;FONDECYT de Iniciación 2017;2017;RESUMEN;https://post.anid.cl/frontend.php/es/postulacion/descargar/hash/8e3e53709ae21e690651fdb837f66d76
11170395;FONDECYT de Iniciación 2017;2017;RESUMEN;https://post.anid.cl/frontend.php/es/postulacion/descargar/hash/b623a930a637dd4e9c73710f0c7f782e
11170398;FONDECYT de Iniciación 2017;2017;RESUMEN;https://post.anid.cl/frontend.php/es/postulacion/descargar/hash/72add9812105cf82e03113771b5f0f26
11170407;FONDECYT de Iniciación 2017;2017;RESUMEN;https://post.anid.cl/frontend.php/es/postulacion/descargar/hash/d6bc65325e34a64eaf6071735c609c0d
11170414;FONDECYT de Iniciación 2017;2017;RESUMEN;https://post.anid.cl/frontend.php/es/postulacion/descargar/hash/8ad1c58cb195d4756dd1a7104f740538
11170419;FONDECYT de Iniciación 2017;2017;RESUMEN;https://post.anid.cl/frontend.php/es/postulacion/descargar/hash/da1d0d885d308e90bbc66f44a6581487
11170423;FONDECYT de Iniciación 2017;2017;RESUMEN;https://post.anid.cl/frontend.php/es/postulacion/descargar/hash/ce91bec49853e1d35ad9754df3864c12
11170424;FONDECYT de Iniciación 2017;2017;RESUMEN;https://post.anid.cl/frontend.php/es/postulacion/descargar/hash/06a3525c20875c5b3b96fc87f0923c0e
11170431;FONDECYT de Iniciación 2017;2017;RESUMEN;https://post.anid.cl/frontend.php/es/postulacion/descargar/hash/220c089329044ea177428769171cf919
11170432;FONDECYT de Iniciación 2017;2017;RESUMEN;https://post.anid.cl/frontend.php/es/postulacion/descargar/hash/0d52fb7b5b8391cc00bd4cd591649f4d
11170435;FONDECYT de Iniciación 2017;2017;RESUMEN;https://post.anid.cl/frontend.php/es/postulacion/descargar/hash/bbaf54bea36f899980596ceb4bb40ad5
11170456;FONDECYT de Iniciación 2017;2017;RESUMEN;https://post.anid.cl/frontend.php/es/postulacion/descargar/hash/6c8af3b583841e1246993760a3a68771
11170457;FONDECYT de Iniciación 2017;2017;RESUMEN;https://post.anid.cl/frontend.php/es/postulacion/descargar/hash/d462bccccbbabd8c71e77768f601d45a
11170460;FONDECYT de Iniciación 2017;2017;RESUMEN;https://post.anid.cl/frontend.php/es/postulacion/descargar/hash/8870346077bef5887a6f5d221898ae25
11170461;FONDECYT de Iniciación 2017;2017;RESUMEN;https://post.anid.cl/frontend.php/es/postulacion/descargar/hash/9eda1efc4233080b72e43cec37fa7264
11170475;FONDECYT de Iniciación 2017;2017;RESUMEN;https://post.anid.cl/frontend.php/es/postulacion/descargar/hash/3c8007264a81cf5253a845d86a86135f
11170478;FONDECYT de Iniciación 2017;2017;RESUMEN;https://post.anid.cl/frontend.php/es/postulacion/descargar/hash/4dd363a7a7715a2bce7b0fa0fe6f3095
11170479;FONDECYT de Iniciación 2017;2017;RESUMEN;https://post.anid.cl/frontend.php/es/postulacion/descargar/hash/1d2272547979ad9726862a7df1fce0b8
11170484;FONDECYT de Iniciación 2017;2017;RESUMEN;https://post.anid.cl/frontend.php/es/postulacion/descargar/hash/6c1c70e8ea211f6f95e61711031d2175
11170486;FONDECYT de Iniciación 2017;2017;RESUMEN;https://post.anid.cl/frontend.php/es/postulacion/descargar/hash/8326fdf0791d9da132657c61fc01f06d
11170489;FONDECYT de Iniciación 2017;2017;RESUMEN;https://post.anid.cl/frontend.php/es/postulacion/descargar/hash/30024599df5a20c375c75751ebd2d0a7
11170491;FONDECYT de Iniciación 2017;2017;RESUMEN;https://post.anid.cl/frontend.php/es/postulacion/descargar/hash/1c0dc6a0c2205c0f1e3e5e0bda50654b
11170494;FONDECYT de Iniciación 2017;2017;RESUMEN;https://post.anid.cl/frontend.php/es/postulacion/descargar/hash/8ebc976d24d725d0534f61c43b43c9a8
11170495;FONDECYT de Iniciación 2017;2017;RESUMEN;https://post.anid.cl/frontend.php/es/postulacion/descargar/hash/ebffe9ffab9f8197c028c97372b02ff5
11170498;FONDECYT de Iniciación 2017;2017;RESUMEN;https://post.anid.cl/frontend.php/es/postulacion/descargar/hash/81a81b5ca53238b280c23210ca48fe74
11170501;FONDECYT de Iniciación 2017;2017;RESUMEN;https://post.anid.cl/frontend.php/es/postulacion/descargar/hash/caceafb7f720a4639967e334329c87d6
11170502;FONDECYT de Iniciación 2017;2017;RESUMEN;https://post.anid.cl/frontend.php/es/postulacion/descargar/hash/1173516a3b40dc4d7df0862f1c5a0d3b
11170506;FONDECYT de Iniciación 2017;2017;RESUMEN;https://post.anid.cl/frontend.php/es/postulacion/descargar/hash/0412818a8bb3c929580381f564ab2b88
11170508;FONDECYT de Iniciación 2017;2017;RESUMEN;https://post.anid.cl/frontend.php/es/postulacion/descargar/hash/8d7b1ad2d6e6603acc0612a4d2d49d77
11170514;FONDECYT de Iniciación 2017;2017;RESUMEN;https://post.anid.cl/frontend.php/es/postulacion/descargar/hash/40007138ce4af43fedc43f7c203b89a8
11170516;FONDECYT de Iniciación 2017;2017;RESUMEN;https://post.anid.cl/frontend.php/es/postulacion/descargar/hash/538737191c2723a282b21a75bacbceb0
11170522;FONDECYT de Iniciación 2017;2017;RESUMEN;https://post.anid.cl/frontend.php/es/postulacion/descargar/hash/74f686d893af0093015c2b385b6f0e7a
11170525;FONDECYT de Iniciación 2017;2017;RESUMEN;https://post.anid.cl/frontend.php/es/postulacion/descargar/hash/d745029aafe26ffd22c44e0d5cf91fa3
11170529;FONDECYT de Iniciación 2017;2017;RESUMEN;https://post.anid.cl/frontend.php/es/postulacion/descargar/hash/f776a3e7a08cfee2ec42434ae73e8097
11170534;FONDECYT de Iniciación 2017;2017;RESUMEN;https://post.anid.cl/frontend.php/es/postulacion/descargar/hash/e5444380d89fb7280953ecbdb28e9cfa
11170537;FONDECYT de Iniciación 2017;2017;RESUMEN;https://post.anid.cl/frontend.php/es/postulacion/descargar/hash/635bd1fa071c56bb880d486df5ea8011
11170539;FONDECYT de Iniciación 2017;2017;RESUMEN;https://post.anid.cl/frontend.php/es/postulacion/descargar/hash/e6fa6d19b749cb96645494972f970c1d
11170543;FONDECYT de Iniciación 2017;2017;RESUMEN;https://post.anid.cl/frontend.php/es/postulacion/descargar/hash/73e160009ad500ac76f10aa9366f5263
11170544;FONDECYT de Iniciación 2017;2017;RESUMEN;https://post.anid.cl/frontend.php/es/postulacion/descargar/hash/31682fa34f978a21c90640c84311d48c
11170546;FONDECYT de Iniciación 2017;2017;RESUMEN;https://post.anid.cl/frontend.php/es/postulacion/descargar/hash/418d6728d3a22c88c306398bacd167cb
11170547;FONDECYT de Iniciación 2017;2017;RESUMEN;https://post.anid.cl/frontend.php/es/postulacion/descargar/hash/1a1abe067be4377d8fb0ed4b85f8d7ac
11170549;FONDECYT de Iniciación 2017;2017;RESUMEN;https://post.anid.cl/frontend.php/es/postulacion/descargar/hash/2b6a631aa6d1412c5f851495257e8dcf
11170551;FONDECYT de Iniciación 2017;2017;RESUMEN;https://post.anid.cl/frontend.php/es/postulacion/descargar/hash/5abd02bfd1459185314619145532033e
11170554;FONDECYT de Iniciación 2017;2017;RESUMEN;https://post.anid.cl/frontend.php/es/postulacion/descargar/hash/6f520913ee8c5bceb9e3dc610ac4d2a7
11170556;FONDECYT de Iniciación 2017;2017;RESUMEN;https://post.anid.cl/frontend.php/es/postulacion/descargar/hash/b6b8d8075a3cf487957c724c0ddde40d
11170559;FONDECYT de Iniciación 2017;2017;RESUMEN;https://post.anid.cl/frontend.php/es/postulacion/descargar/hash/fc4adfc0131cfa971faa786fced353b4
11170561;FONDECYT de Iniciación 2017;2017;RESUMEN;https://post.anid.cl/frontend.php/es/postulacion/descargar/hash/8be0cbd2ebe6dde13dc00d4217b20323
11170565;FONDECYT de Iniciación 2017;2017;RESUMEN;https://post.anid.cl/frontend.php/es/postulacion/descargar/hash/35e9cfc306ca49bdbd071c734ed7395a
11170566;FONDECYT de Iniciación 2017;2017;RESUMEN;https://post.anid.cl/frontend.php/es/postulacion/descargar/hash/6f805a0c06b1576c8bec7ab96d33c133
11170567;FONDECYT de Iniciación 2017;2017;RESUMEN;https://post.anid.cl/frontend.php/es/postulacion/descargar/hash/57570bd8f01d1537231c570b63836e2e
11170568;FONDECYT de Iniciación 2017;2017;RESUMEN;https://post.anid.cl/frontend.php/es/postulacion/descargar/hash/099cbb8ca64a187628f2e83858c2dbba
11170569;FONDECYT de Iniciación 2017;2017;RESUMEN;https://post.anid.cl/frontend.php/es/postulacion/descargar/hash/cd70a92a02dbbab6e228b590486b6798
11170571;FONDECYT de Iniciación 2017;2017;RESUMEN;https://post.anid.cl/frontend.php/es/postulacion/descargar/hash/66501064870adc59fda404c4ecb324a8
11170575;FONDECYT de Iniciación 2017;2017;RESUMEN;https://post.anid.cl/frontend.php/es/postulacion/descargar/hash/500c2c40eecd99b0bd2683209395c10d
11170578;FONDECYT de Iniciación 2017;2017;RESUMEN;https://post.anid.cl/frontend.php/es/postulacion/descargar/hash/c6ca978ab25142164cfaa48f7077c307
11170580;FONDECYT de Iniciación 2017;2017;RESUMEN;https://post.anid.cl/frontend.php/es/postulacion/descargar/hash/88eb22fa09e4e3fd4df3687c3d5e5c5c
11170583;FONDECYT de Iniciación 2017;2017;RESUMEN;https://post.anid.cl/frontend.php/es/postulacion/descargar/hash/779c0c52e0cec5d9d0998b5d39ae31db
11170585;FONDECYT de Iniciación 2017;2017;RESUMEN;https://post.anid.cl/frontend.php/es/postulacion/descargar/hash/b98540dd0d4421539f0686e41b4ea8a3
11170598;FONDECYT de Iniciación 2017;2017;RESUMEN;https://post.anid.cl/frontend.php/es/postulacion/descargar/hash/ff130fc44e1d89604bc99abd92ac20b8
11170603;FONDECYT de Iniciación 2017;2017;RESUMEN;https://post.anid.cl/frontend.php/es/postulacion/descargar/hash/74d9e6476b3eb73438e575695fb83607
11170608;FONDECYT de Iniciación 2017;2017;RESUMEN;https://post.anid.cl/frontend.php/es/postulacion/descargar/hash/7f17e5bfd5d9f34db4f432380e9189fc
11170609;FONDECYT de Iniciación 2017;2017;RESUMEN;https://post.anid.cl/frontend.php/es/postulacion/descargar/hash/44818d2db2b075f23a9d1ae76567bce6
11170610;FONDECYT de Iniciación 2017;2017;RESUMEN;https://post.anid.cl/frontend.php/es/postulacion/descargar/hash/4ae60e86760b20fb79fbf7b069d94427
11170616;FONDECYT de Iniciación 2017;2017;RESUMEN;https://post.anid.cl/frontend.php/es/postulacion/descargar/hash/19ce1e2d9ac24d166bc0ebc98ce1317f
11170617;FONDECYT de Iniciación 2017;2017;RESUMEN;https://post.anid.cl/frontend.php/es/postulacion/descargar/hash/88ad6933ee37070bc87e476138ee0a82
11170623;FONDECYT de Iniciación 2017;2017;RESUMEN;https://post.anid.cl/frontend.php/es/postulacion/descargar/hash/754dcdcd35695bf28b193d2118ab13e4
11170628;FONDECYT de Iniciación 2017;2017;RESUMEN;https://post.anid.cl/frontend.php/es/postulacion/descargar/hash/bfe28a30288676855e5d5ab99cf3366c
11170630;FONDECYT de Iniciación 2017;2017;RESUMEN;https://post.anid.cl/frontend.php/es/postulacion/descargar/hash/1baf7bbec1f94fcafe222a37be6534aa
11170633;FONDECYT de Iniciación 2017;2017;RESUMEN;https://post.anid.cl/frontend.php/es/postulacion/descargar/hash/d619ea3da8f41166b81cc75cda7dd1ed
11170637;FONDECYT de Iniciación 2017;2017;RESUMEN;https://post.anid.cl/frontend.php/es/postulacion/descargar/hash/b28be33676a7e42011700979985cbc25
11170638;FONDECYT de Iniciación 2017;2017;RESUMEN;https://post.anid.cl/frontend.php/es/postulacion/descargar/hash/541fc55fdfe8c2ae589e47c78f3e06a4
11170641;FONDECYT de Iniciación 2017;2017;RESUMEN;https://post.anid.cl/frontend.php/es/postulacion/descargar/hash/630ad3136849fa39f9cedf004c66a353
11170643;FONDECYT de Iniciación 2017;2017;RESUMEN;https://post.anid.cl/frontend.php/es/postulacion/descargar/hash/0eb15833e139ca84ed81691b872c9024
11170650;FONDECYT de Iniciación 2017;2017;RESUMEN;https://post.anid.cl/frontend.php/es/postulacion/descargar/hash/29adca9207ce5c914dcec3a65ecfd828
11170654;FONDECYT de Iniciación 2017;2017;RESUMEN;https://post.anid.cl/frontend.php/es/postulacion/descargar/hash/d8bb06d72d8aa5610fc8d90695920ac6
11170655;FONDECYT de Iniciación 2017;2017;RESUMEN;https://post.anid.cl/frontend.php/es/postulacion/descargar/hash/ffee501f1f8dbec80c1ab51b2b1d11a1
11170657;FONDECYT de Iniciación 2017;2017;RESUMEN;https://post.anid.cl/frontend.php/es/postulacion/descargar/hash/f5a6989774bbcf2802a1b646459d51d8
11170662;FONDECYT de Iniciación 2017;2017;RESUMEN;https://post.anid.cl/frontend.php/es/postulacion/descargar/hash/05720af68e167df04fb62f4d5e086f79
11170663;FONDECYT de Iniciación 2017;2017;RESUMEN;https://post.anid.cl/frontend.php/es/postulacion/descargar/hash/0046d007e4e87c7b3c1b53f1a1b1dfff
11170670;FONDECYT de Iniciación 2017;2017;RESUMEN;https://post.anid.cl/frontend.php/es/postulacion/descargar/hash/9e7efb85d5e30a8eae9c0bb6c637eb72
11170674;FONDECYT de Iniciación 2017;2017;RESUMEN;https://post.anid.cl/frontend.php/es/postulacion/descargar/hash/974c02e45471f4d8dff0d2298f5ba97e
11170682;FONDECYT de Iniciación 2017;2017;RESUMEN;https://post.anid.cl/frontend.php/es/postulacion/descargar/hash/077a520410daf5cdae044ce182107ec4
11170689;FONDECYT de Iniciación 2017;2017;RESUMEN;https://post.anid.cl/frontend.php/es/postulacion/descargar/hash/ca75a442c2a2cd4ab539707b4352f591
11170699;FONDECYT de Iniciación 2017;2017;RESUMEN;https://post.anid.cl/frontend.php/es/postulacion/descargar/hash/33df14e184b852097c3c3a1cb53dc65b
11170700;FONDECYT de Iniciación 2017;2017;RESUMEN;https://post.anid.cl/frontend.php/es/postulacion/descargar/hash/bc399eca49733221cf95be6791e48686
11170701;FONDECYT de Iniciación 2017;2017;RESUMEN;https://post.anid.cl/frontend.php/es/postulacion/descargar/hash/bf826e44ed2d9db5c078544ad04b4136
11170706;FONDECYT de Iniciación 2017;2017;RESUMEN;https://post.anid.cl/frontend.php/es/postulacion/descargar/hash/da0be522a3a334c74b29729d91b48a56
11170710;FONDECYT de Iniciación 2017;2017;RESUMEN;https://post.anid.cl/frontend.php/es/postulacion/descargar/hash/fe7289e8d2cfcb78e6947a8e43392dd1
11170714;FONDECYT de Iniciación 2017;2017;RESUMEN;https://post.anid.cl/frontend.php/es/postulacion/descargar/hash/d5b5f39c4664a6c6f2704c6ae0c9eb90
11170716;FONDECYT de Iniciación 2017;2017;RESUMEN;https://post.anid.cl/frontend.php/es/postulacion/descargar/hash/57ceb6f1d0e4fdb80c1f0ca70dea87de
11170723;FONDECYT de Iniciación 2017;2017;RESUMEN;https://post.anid.cl/frontend.php/es/postulacion/descargar/hash/1e8e22059f35be34bdf5432dc55d66d1
11170736;FONDECYT de Iniciación 2017;2017;RESUMEN;https://post.anid.cl/frontend.php/es/postulacion/descargar/hash/6be687b943ab016566535f302eb9dfb1
11170746;FONDECYT de Iniciación 2017;2017;RESUMEN;https://post.anid.cl/frontend.php/es/postulacion/descargar/hash/20f4b6163a6b2ae25307a33906de1b2d
11170748;FONDECYT de Iniciación 2017;2017;RESUMEN;https://post.anid.cl/frontend.php/es/postulacion/descargar/hash/5a469dc3bb85f45b507a36f85c63e369
11170753;FONDECYT de Iniciación 2017;2017;RESUMEN;https://post.anid.cl/frontend.php/es/postulacion/descargar/hash/a95fac619ab9947611f9ec706f920fa3
11170758;FONDECYT de Iniciación 2017;2017;RESUMEN;https://post.anid.cl/frontend.php/es/postulacion/descargar/hash/67c14bface2da8c77ba0a433dd433dcb
11170759;FONDECYT de Iniciación 2017;2017;RESUMEN;https://post.anid.cl/frontend.php/es/postulacion/descargar/hash/52675cc83be8ecde8c4339496af701cf
11170761;FONDECYT de Iniciación 2017;2017;RESUMEN;https://post.anid.cl/frontend.php/es/postulacion/descargar/hash/43a4c1cabc2f11601f0f0e432f9b91f0
11170768;FONDECYT de Iniciación 2017;2017;RESUMEN;https://post.anid.cl/frontend.php/es/postulacion/descargar/hash/4b35f872bc70b895f408ed0dc34e7496
11170774;FONDECYT de Iniciación 2017;2017;RESUMEN;https://post.anid.cl/frontend.php/es/postulacion/descargar/hash/bb324c4e1cd4d4ac0f3dfc7894fde880
11170775;FONDECYT de Iniciación 2017;2017;RESUMEN;https://post.anid.cl/frontend.php/es/postulacion/descargar/hash/df10dea4513bf117482bf022632852b7
11170785;FONDECYT de Iniciación 2017;2017;RESUMEN;https://post.anid.cl/frontend.php/es/postulacion/descargar/hash/64591b30a2d0c4fe46f051aab2c30740
11170788;FONDECYT de Iniciación 2017;2017;RESUMEN;https://post.anid.cl/frontend.php/es/postulacion/descargar/hash/d9a96dc0640ec55f6c28fc708c1fd19f
11170793;FONDECYT de Iniciación 2017;2017;RESUMEN;https://post.anid.cl/frontend.php/es/postulacion/descargar/hash/e25067bd20dca8e94639bff0a8b6289e
11170798;FONDECYT de Iniciación 2017;2017;RESUMEN;https://post.anid.cl/frontend.php/es/postulacion/descargar/hash/315479999c3ed8250191a511e30a3533
11170800;FONDECYT de Iniciación 2017;2017;RESUMEN;https://post.anid.cl/frontend.php/es/postulacion/descargar/hash/1b64b0a25bae8ec9bb5f18743ee84f73
11170804;FONDECYT de Iniciación 2017;2017;RESUMEN;https://post.anid.cl/frontend.php/es/postulacion/descargar/hash/1f0ff12eba3be2a559cd753c5d479f4e
11170810;FONDECYT de Iniciación 2017;2017;RESUMEN;https://post.anid.cl/frontend.php/es/postulacion/descargar/hash/3216a637dd6ad1c784979bbc5352205d
11170812;FONDECYT de Iniciación 2017;2017;RESUMEN;https://post.anid.cl/frontend.php/es/postulacion/descargar/hash/4a3eabba40c40d1333fef01965d60db8
11170816;FONDECYT de Iniciación 2017;2017;RESUMEN;https://post.anid.cl/frontend.php/es/postulacion/descargar/hash/913a4d44c13a38b23840419d7e6c6816
11170820;FONDECYT de Iniciación 2017;2017;RESUMEN;https://post.anid.cl/frontend.php/es/postulacion/descargar/hash/502ddc2ecc8c67cb7081ff13648faf3e
11170822;FONDECYT de Iniciación 2017;2017;RESUMEN;https://post.anid.cl/frontend.php/es/postulacion/descargar/hash/0266eaf7fc6e0b0fa8070a480f4f33ae
11170828;FONDECYT de Iniciación 2017;2017;RESUMEN;https://post.anid.cl/frontend.php/es/postulacion/descargar/hash/e099fc671b16255d6dbbc97c81c033e8
11170834;FONDECYT de Iniciación 2017;2017;RESUMEN;https://post.anid.cl/frontend.php/es/postulacion/descargar/hash/719a2575db429499a3b967fba55e4b8b
11170837;FONDECYT de Iniciación 2017;2017;RESUMEN;https://post.anid.cl/frontend.php/es/postulacion/descargar/hash/fd8db25a0b82d4f7a879fb00094ee2c8
11170840;FONDECYT de Iniciación 2017;2017;RESUMEN;https://post.anid.cl/frontend.php/es/postulacion/descargar/hash/64441e5d8e5afd2adb83ed7a31b8da93
11170842;FONDECYT de Iniciación 2017;2017;RESUMEN;https://post.anid.cl/frontend.php/es/postulacion/descargar/hash/2749904e187d6ae24a15f0119677c112
11170844;FONDECYT de Iniciación 2017;2017;RESUMEN;https://post.anid.cl/frontend.php/es/postulacion/descargar/hash/9f5390b08ec8e57d87b8904ad4fda806
11170847;FONDECYT de Iniciación 2017;2017;RESUMEN;https://post.anid.cl/frontend.php/es/postulacion/descargar/hash/d75f292ab7fbcf3da7d20582e6b80cbe
11170849;FONDECYT de Iniciación 2017;2017;RESUMEN;https://post.anid.cl/frontend.php/es/postulacion/descargar/hash/0c9d6facc2f1855265f4ecb4b63dc05d
11170850;FONDECYT de Iniciación 2017;2017;RESUMEN;https://post.anid.cl/frontend.php/es/postulacion/descargar/hash/c0543035430fd8d9ad466b735a6c24ab
11170851;FONDECYT de Iniciación 2017;2017;RESUMEN;https://post.anid.cl/frontend.php/es/postulacion/descargar/hash/186d4be311dcd36674d2328ee0c4c719
11170858;FONDECYT de Iniciación 2017;2017;RESUMEN;https://post.anid.cl/frontend.php/es/postulacion/descargar/hash/581d99f5333b6f3ad8f0bfd738b64f49
11170863;FONDECYT de Iniciación 2017;2017;RESUMEN;https://post.anid.cl/frontend.php/es/postulacion/descargar/hash/7ac7e4739468707e9ca14bc5f5ad6ebe
11170872;FONDECYT de Iniciación 2017;2017;RESUMEN;https://post.anid.cl/frontend.php/es/postulacion/descargar/hash/7173c3479067bcf066cb0ce1262f60d3
11170877;FONDECYT de Iniciación 2017;2017;RESUMEN;https://post.anid.cl/frontend.php/es/postulacion/descargar/hash/9e355dfec227955c013cefad626b0442
11170879;FONDECYT de Iniciación 2017;2017;RESUMEN;https://post.anid.cl/frontend.php/es/postulacion/descargar/hash/de284288b31ec0162c775aa4193c4ebf
11170880;FONDECYT de Iniciación 2017;2017;RESUMEN;https://post.anid.cl/frontend.php/es/postulacion/descargar/hash/57e43728a188a41e220d7b7f17224cce
11170882;FONDECYT de Iniciación 2017;2017;RESUMEN;https://post.anid.cl/frontend.php/es/postulacion/descargar/hash/c679b0070fe038b38516783b8ae0135c
11170885;FONDECYT de Iniciación 2017;2017;RESUMEN;https://post.anid.cl/frontend.php/es/postulacion/descargar/hash/26cb89626608d94cb7a4e9b192ffcfcc
11170888;FONDECYT de Iniciación 2017;2017;RESUMEN;https://post.anid.cl/frontend.php/es/postulacion/descargar/hash/21344ed6991dc0b4b3d2f40a94de5c36
11170897;FONDECYT de Iniciación 2017;2017;RESUMEN;https://post.anid.cl/frontend.php/es/postulacion/descargar/hash/b68cbb1137bfe27aed8a1fe15f10853d
11170901;FONDECYT de Iniciación 2017;2017;RESUMEN;https://post.anid.cl/frontend.php/es/postulacion/descargar/hash/12eb66bc91a097173dc2607296771b6f
11170913;FONDECYT de Iniciación 2017;2017;RESUMEN;https://post.anid.cl/frontend.php/es/postulacion/descargar/hash/629d76c630768ab9955609fb8c41bd78
11170919;FONDECYT de Iniciación 2017;2017;RESUMEN;https://post.anid.cl/frontend.php/es/postulacion/descargar/hash/3d5ac379f2cc964f3c06bf67faf53500
11170920;FONDECYT de Iniciación 2017;2017;RESUMEN;https://post.anid.cl/frontend.php/es/postulacion/descargar/hash/d6dea3f715a4841af1d6db29b63e705a
11170923;FONDECYT de Iniciación 2017;2017;RESUMEN;https://post.anid.cl/frontend.php/es/postulacion/descargar/hash/3fd8a1a7f99dbc36acdcc28a8645cb2e
11170924;FONDECYT de Iniciación 2017;2017;RESUMEN;https://post.anid.cl/frontend.php/es/postulacion/descargar/hash/7948b485708e7a8da5d93a8d2e81e4d2
11170927;FONDECYT de Iniciación 2017;2017;RESUMEN;https://post.anid.cl/frontend.php/es/postulacion/descargar/hash/1fe9b55fe0cfd2bdd05c5edce3effa71
11170930;FONDECYT de Iniciación 2017;2017;RESUMEN;https://post.anid.cl/frontend.php/es/postulacion/descargar/hash/1a6eacb2bddcf582fc83e85c98740d81
11170931;FONDECYT de Iniciación 2017;2017;RESUMEN;https://post.anid.cl/frontend.php/es/postulacion/descargar/hash/66c9630ba1f6e94e535601f79343690b
11170933;FONDECYT de Iniciación 2017;2017;RESUMEN;https://post.anid.cl/frontend.php/es/postulacion/descargar/hash/d2ae9447eb8bd07a3eda69470bb0958b
11170934;FONDECYT de Iniciación 2017;2017;RESUMEN;https://post.anid.cl/frontend.php/es/postulacion/descargar/hash/85232957c6bcf4e432b3216e575121aa
11170937;FONDECYT de Iniciación 2017;2017;RESUMEN;https://post.anid.cl/frontend.php/es/postulacion/descargar/hash/78ed0b4d9811e2ef9ce98fded9f84960
11170939;FONDECYT de Iniciación 2017;2017;RESUMEN;https://post.anid.cl/frontend.php/es/postulacion/descargar/hash/0a5a595c1e101ad656a68814dcf15e91
11170949;FONDECYT de Iniciación 2017;2017;RESUMEN;https://post.anid.cl/frontend.php/es/postulacion/descargar/hash/4461debce704365d05ae1545e45bf410
11170953;FONDECYT de Iniciación 2017;2017;RESUMEN;https://post.anid.cl/frontend.php/es/postulacion/descargar/hash/8e750a8886e55989daced83ddcb3f678
11170956;FONDECYT de Iniciación 2017;2017;RESUMEN;https://post.anid.cl/frontend.php/es/postulacion/descargar/hash/2f68f47a95ca060139e1fc2e73586b2d
11170957;FONDECYT de Iniciación 2017;2017;RESUMEN;https://post.anid.cl/frontend.php/es/postulacion/descargar/hash/2a3f9ee6e6c2f0ce53a9133350211a9e
11170959;FONDECYT de Iniciación 2017;2017;RESUMEN;https://post.anid.cl/frontend.php/es/postulacion/descargar/hash/d36c498c91cd16c55eaf760ec6865ee8
11170962;FONDECYT de Iniciación 2017;2017;RESUMEN;https://post.anid.cl/frontend.php/es/postulacion/descargar/hash/16abc69276dcbe48a6fcc32f18d4dbdf
11170968;FONDECYT de Iniciación 2017;2017;RESUMEN;https://post.anid.cl/frontend.php/es/postulacion/descargar/hash/6859486f8945d14495c37fada22a3fbc
11170969;FONDECYT de Iniciación 2017;2017;RESUMEN;https://post.anid.cl/frontend.php/es/postulacion/descargar/hash/16cd27005f6b403c66ed98fd71890833
11170971;FONDECYT de Iniciación 2017;2017;RESUMEN;https://post.anid.cl/frontend.php/es/postulacion/descargar/hash/da3bb1d460943b1b41a7d3b9452d9b47
11170977;FONDECYT de Iniciación 2017;2017;RESUMEN;https://post.anid.cl/frontend.php/es/postulacion/descargar/hash/488c3b87078dc6fd22a0a92df0735d00
11170984;FONDECYT de Iniciación 2017;2017;RESUMEN;https://post.anid.cl/frontend.php/es/postulacion/descargar/hash/e62f8fd20f78ee6536fd62252f44c091
11170987;FONDECYT de Iniciación 2017;2017;RESUMEN;https://post.anid.cl/frontend.php/es/postulacion/descargar/hash/16e40816fd797763ec9300a5051d2f9b
11170992;FONDECYT de Iniciación 2017;2017;RESUMEN;https://post.anid.cl/frontend.php/es/postulacion/descargar/hash/649dbb8131e6eddc2f5002174158c546
11170994;FONDECYT de Iniciación 2017;2017;RESUMEN;https://post.anid.cl/frontend.php/es/postulacion/descargar/hash/4965d15c623c88a3116b70e85d6ed43b
11171001;FONDECYT de Iniciación 2017;2017;RESUMEN;https://post.anid.cl/frontend.php/es/postulacion/descargar/hash/0a6363524384b95c927c7fd56a865221
11171006;FONDECYT de Iniciación 2017;2017;RESUMEN;https://post.anid.cl/frontend.php/es/postulacion/descargar/hash/9e33b0c37557af418f90f555427e7824
11171015;FONDECYT de Iniciación 2017;2017;RESUMEN;https://post.anid.cl/frontend.php/es/postulacion/descargar/hash/127ec69822e2a4ace30caa5c62988165
11171020;FONDECYT de Iniciación 2017;2017;RESUMEN;https://post.anid.cl/frontend.php/es/postulacion/descargar/hash/d7b25a87636b919582bbc0f652e071de
11171024;FONDECYT de Iniciación 2017;2017;RESUMEN;https://post.anid.cl/frontend.php/es/postulacion/descargar/hash/86376a4b7630d7a26b8b36a2f922a683
11171025;FONDECYT de Iniciación 2017;2017;RESUMEN;https://post.anid.cl/frontend.php/es/postulacion/descargar/hash/5074b462b2dcc4162965026d836bb7ff
11171028;FONDECYT de Iniciación 2017;2017;RESUMEN;https://post.anid.cl/frontend.php/es/postulacion/descargar/hash/7248a2aae2c50d816ab5d125ab65b6a6
11171035;FONDECYT de Iniciación 2017;2017;RESUMEN;https://post.anid.cl/frontend.php/es/postulacion/descargar/hash/1d61d601527f75c2d8d2136cb9b520a7
11171036;FONDECYT de Iniciación 2017;2017;RESUMEN;https://post.anid.cl/frontend.php/es/postulacion/descargar/hash/8ac921d6bf50ecfb877343127ed58e3e
11171043;FONDECYT de Iniciación 2017;2017;RESUMEN;https://post.anid.cl/frontend.php/es/postulacion/descargar/hash/f669e0fb70aefe314c0bdedf6965a1d4
11171045;FONDECYT de Iniciación 2017;2017;RESUMEN;https://post.anid.cl/frontend.php/es/postulacion/descargar/hash/29062aadfc9c50f8dc0c604d4e5218a0
11171046;FONDECYT de Iniciación 2017;2017;RESUMEN;https://post.anid.cl/frontend.php/es/postulacion/descargar/hash/69d14acbb3c1789bab635c75b6bfd4d2
11171053;FONDECYT de Iniciación 2017;2017;RESUMEN;https://post.anid.cl/frontend.php/es/postulacion/descargar/hash/5d6fcb11094275c9fbb0b538fbb1a856
11171057;FONDECYT de Iniciación 2017;2017;RESUMEN;https://post.anid.cl/frontend.php/es/postulacion/descargar/hash/f4fe8733cfeac933d9d2934c01596c74
11171061;FONDECYT de Iniciación 2017;2017;RESUMEN;https://post.anid.cl/frontend.php/es/postulacion/descargar/hash/fc7c6e23f34805bd73c214f5601dac2b
11171063;FONDECYT de Iniciación 2017;2017;RESUMEN;https://post.anid.cl/frontend.php/es/postulacion/descargar/hash/632a23c5adda280414e30ff54f431fa6
11171068;FONDECYT de Iniciación 2017;2017;RESUMEN;https://post.anid.cl/frontend.php/es/postulacion/descargar/hash/a4377122f35757db27fb8f9b0c275baa
11171074;FONDECYT de Iniciación 2017;2017;RESUMEN;https://post.anid.cl/frontend.php/es/postulacion/descargar/hash/5978cb1cb117e01b610440a2927ea491
11171075;FONDECYT de Iniciación 2017;2017;RESUMEN;https://post.anid.cl/frontend.php/es/postulacion/descargar/hash/d1a4dfabc82d4fbdb2227578d08d8466
11171076;FONDECYT de Iniciación 2017;2017;RESUMEN;https://post.anid.cl/frontend.php/es/postulacion/descargar/hash/9bd4adb37f064a1cfad9c01f02687e11
11171079;FONDECYT de Iniciación 2017;2017;RESUMEN;https://post.anid.cl/frontend.php/es/postulacion/descargar/hash/aa04e128ef49f4dd88b7061e9dd4da36
11171090;FONDECYT de Iniciación 2017;2017;RESUMEN;https://post.anid.cl/frontend.php/es/postulacion/descargar/hash/91579efe2f699e4339b89ca073a04e7b
11171092;FONDECYT de Iniciación 2017;2017;RESUMEN;https://post.anid.cl/frontend.php/es/postulacion/descargar/hash/118f179823e86dec4eb5b39dedacd904
11171096;FONDECYT de Iniciación 2017;2017;RESUMEN;https://post.anid.cl/frontend.php/es/postulacion/descargar/hash/68c5da22d5f8d83164065020c6a26be6
11171115;FONDECYT de Iniciación 2017;2017;RESUMEN;https://post.anid.cl/frontend.php/es/postulacion/descargar/hash/369ebc6d7a028f9eb23d794ed13daaa6
11171121;FONDECYT de Iniciación 2017;2017;RESUMEN;https://post.anid.cl/frontend.php/es/postulacion/descargar/hash/2e69b68d48d1ed9accca2b2d43607485
11171122;FONDECYT de Iniciación 2017;2017;RESUMEN;https://post.anid.cl/frontend.php/es/postulacion/descargar/hash/d3d541a4cd737b6633c9b317eab04cd0
11171123;FONDECYT de Iniciación 2017;2017;RESUMEN;https://post.anid.cl/frontend.php/es/postulacion/descargar/hash/03c78a13216dbb51650a146c47284cd6
11171125;FONDECYT de Iniciación 2017;2017;RESUMEN;https://post.anid.cl/frontend.php/es/postulacion/descargar/hash/3130870525b9dca58a8fa85e212d3a86
11171141;FONDECYT de Iniciación 2017;2017;RESUMEN;https://post.anid.cl/frontend.php/es/postulacion/descargar/hash/b7f4908c2264fbdc0f69585c5e89a38a
11171146;FONDECYT de Iniciación 2017;2017;RESUMEN;https://post.anid.cl/frontend.php/es/postulacion/descargar/hash/15bd386f144ebe212ab09c08e0b5494d
11171148;FONDECYT de Iniciación 2017;2017;RESUMEN;https://post.anid.cl/frontend.php/es/postulacion/descargar/hash/d6bdd22df0ca1ec542b8a5c2258e8c24
11171155;FONDECYT de Iniciación 2017;2017;RESUMEN;https://post.anid.cl/frontend.php/es/postulacion/descargar/hash/f307d4fa4e6cb5a6f562785e4d26587d
11171158;FONDECYT de Iniciación 2017;2017;RESUMEN;https://post.anid.cl/frontend.php/es/postulacion/descargar/hash/50a5e382d54db4d7c5eea9809cb03188
11171159;FONDECYT de Iniciación 2017;2017;RESUMEN;https://post.anid.cl/frontend.php/es/postulacion/descargar/hash/a569ec3fc7296e34d44a13325fe7af28
11171163;FONDECYT de Iniciación 2017;2017;RESUMEN;https://post.anid.cl/frontend.php/es/postulacion/descargar/hash/cc9605a80668162fe94b412bf9ee79ac
11171164;FONDECYT de Iniciación 2017;2017;RESUMEN;https://post.anid.cl/frontend.php/es/postulacion/descargar/hash/050b7236ac77776b34d2090b638a84e8
11171165;FONDECYT de Iniciación 2017;2017;RESUMEN;https://post.anid.cl/frontend.php/es/postulacion/descargar/hash/e55a6214b84d3b5c5e04d0c8b6c7d1e6
11171169;FONDECYT de Iniciación 2017;2017;RESUMEN;https://post.anid.cl/frontend.php/es/postulacion/descargar/hash/94b0141db00caf82ab48d293bd1a36d6
11171175;FONDECYT de Iniciación 2017;2017;RESUMEN;https://post.anid.cl/frontend.php/es/postulacion/descargar/hash/273d7a8505bc63b0d7a2918a4bb10629
11171177;FONDECYT de Iniciación 2017;2017;RESUMEN;https://post.anid.cl/frontend.php/es/postulacion/descargar/hash/9242aa6ad3044a6795767fdf1cd51e06
11180005;FONDECYT de Iniciación 2018;2018;RESUMEN;https://post.anid.cl/frontend.php/es/postulacion/descargar/hash/c95215dec4bca6da90acb52f05d244ee
11180015;FONDECYT de Iniciación 2018;2018;RESUMEN;https://post.anid.cl/frontend.php/es/postulacion/descargar/hash/cc3f83697d569b9d85fda401fd90f486
11180020;FONDECYT de Iniciación 2018;2018;RESUMEN;https://post.anid.cl/frontend.php/es/postulacion/descargar/hash/305f3141fdeddd11476dea51a3c57105
11180021;FONDECYT de Iniciación 2018;2018;RESUMEN;https://post.anid.cl/frontend.php/es/postulacion/descargar/hash/371e9f1d08b7ca2cbcc6a2fd5ac4791b
11180024;FONDECYT de Iniciación 2018;2018;RESUMEN;https://post.anid.cl/frontend.php/es/postulacion/descargar/hash/45d2c1a808d707e895a437913d1415f9
11180028;FONDECYT de Iniciación 2018;2018;RESUMEN;https://post.anid.cl/frontend.php/es/postulacion/descargar/hash/54698b3479c9557f039ee2351f8c656c
11180030;FONDECYT de Iniciación 2018;2018;RESUMEN;https://post.anid.cl/frontend.php/es/postulacion/descargar/hash/db1274ca2230e60af6acbd3450c98f20
11180031;FONDECYT de Iniciación 2018;2018;RESUMEN;https://post.anid.cl/frontend.php/es/postulacion/descargar/hash/6473f6dd2ec4b7b449f97c17fa7c2677
11180038;FONDECYT de Iniciación 2018;2018;RESUMEN;https://post.anid.cl/frontend.php/es/postulacion/descargar/hash/06e845617cef215452e8520960852d21
11180042;FONDECYT de Iniciación 2018;2018;RESUMEN;https://post.anid.cl/frontend.php/es/postulacion/descargar/hash/667220f2ca8af0b05f2e30c1e36cd4a6
11180044;FONDECYT de Iniciación 2018;2018;RESUMEN;https://post.anid.cl/frontend.php/es/postulacion/descargar/hash/e2a0d69507e1ee161bcb241aa2d67515
11180045;FONDECYT de Iniciación 2018;2018;RESUMEN;https://post.anid.cl/frontend.php/es/postulacion/descargar/hash/d6d2035cbe2e363fb52c9fa4f37354eb
11180046;FONDECYT de Iniciación 2018;2018;RESUMEN;https://post.anid.cl/frontend.php/es/postulacion/descargar/hash/f1ff0767317c26a90add6e317c334850
11180047;FONDECYT de Iniciación 2018;2018;RESUMEN;https://post.anid.cl/frontend.php/es/postulacion/descargar/hash/105411680f44ac1d71723e973c0d9c3e
11180051;FONDECYT de Iniciación 2018;2018;RESUMEN;https://post.anid.cl/frontend.php/es/postulacion/descargar/hash/4bb7f3b1978e8411baf03df58d57b101
11180056;FONDECYT de Iniciación 2018;2018;RESUMEN;https://post.anid.cl/frontend.php/es/postulacion/descargar/hash/11abfa2b3e8c7aae7f866ee7b6229162
11180057;FONDECYT de Iniciación 2018;2018;RESUMEN;https://post.anid.cl/frontend.php/es/postulacion/descargar/hash/17e9bf8bd8823209c9c539073c25f103
11180058;FONDECYT de Iniciación 2018;2018;RESUMEN;https://post.anid.cl/frontend.php/es/postulacion/descargar/hash/394d34fd73e0ee5109f1041eda270b69
11180059;FONDECYT de Iniciación 2018;2018;RESUMEN;https://post.anid.cl/frontend.php/es/postulacion/descargar/hash/96f97c3bd8c04373fb4b457c0aafe2ee
11180060;FONDECYT de Iniciación 2018;2018;RESUMEN;https://post.anid.cl/frontend.php/es/postulacion/descargar/hash/1428491219620cfd24b3256aa9e6c36f
11180063;FONDECYT de Iniciación 2018;2018;RESUMEN;https://post.anid.cl/frontend.php/es/postulacion/descargar/hash/fdc01bc6344b08ee5c137e6a7e16e585
11180064;FONDECYT de Iniciación 2018;2018;RESUMEN;https://post.anid.cl/frontend.php/es/postulacion/descargar/hash/df9fa347d391dd0631ac915660b01bd2
11180066;FONDECYT de Iniciación 2018;2018;RESUMEN;https://post.anid.cl/frontend.php/es/postulacion/descargar/hash/6cbb4385ad0fda8d48b730cf9b384d66
11180070;FONDECYT de Iniciación 2018;2018;RESUMEN;https://post.anid.cl/frontend.php/es/postulacion/descargar/hash/ccf7bdd477c4b0f69be92bb3296bbd0e
11180078;FONDECYT de Iniciación 2018;2018;RESUMEN;https://post.anid.cl/frontend.php/es/postulacion/descargar/hash/5faf217c142dfc0064e19d1b1d4c7d40
11180079;FONDECYT de Iniciación 2018;2018;RESUMEN;https://post.anid.cl/frontend.php/es/postulacion/descargar/hash/b4c295e02b139f54887f244b0f50db23
11180081;FONDECYT de Iniciación 2018;2018;RESUMEN;https://post.anid.cl/frontend.php/es/postulacion/descargar/hash/ea32b7b3be3c667e946307de4ea0b53f
11180082;FONDECYT de Iniciación 2018;2018;RESUMEN;https://post.anid.cl/frontend.php/es/postulacion/descargar/hash/9b9f4a1460ac1807ae147a35758bc2d3
11180084;FONDECYT de Iniciación 2018;2018;RESUMEN;https://post.anid.cl/frontend.php/es/postulacion/descargar/hash/5faa495c483fdea00206ac19b06869c4
11180085;FONDECYT de Iniciación 2018;2018;RESUMEN;https://post.anid.cl/frontend.php/es/postulacion/descargar/hash/a7e782fe269b61b6819d87548e8a7b9d
11180088;FONDECYT de Iniciación 2018;2018;RESUMEN;https://post.anid.cl/frontend.php/es/postulacion/descargar/hash/7aa2a459cb6e9ce4109c15901bf1237b
11180090;FONDECYT de Iniciación 2018;2018;RESUMEN;https://post.anid.cl/frontend.php/es/postulacion/descargar/hash/dc243dec2103ce665a85093e4ae1b8ba
11180092;FONDECYT de Iniciación 2018;2018;RESUMEN;https://post.anid.cl/frontend.php/es/postulacion/descargar/hash/2307d23776d09949eb108ce7589a7d6b
11180098;FONDECYT de Iniciación 2018;2018;RESUMEN;https://post.anid.cl/frontend.php/es/postulacion/descargar/hash/ecf12d6619c1740ab1b8cc530e5bcf70
11180099;FONDECYT de Iniciación 2018;2018;RESUMEN;https://post.anid.cl/frontend.php/es/postulacion/descargar/hash/e2aaad90818a85b4e5e07f8041b4b503
11180101;FONDECYT de Iniciación 2018;2018;RESUMEN;https://post.anid.cl/frontend.php/es/postulacion/descargar/hash/70c82271f0e2eaf77586f84c321c5178
11180102;FONDECYT de Iniciación 2018;2018;RESUMEN;https://post.anid.cl/frontend.php/es/postulacion/descargar/hash/9649df153d7f4dc321dba7f5c033ba72
11180103;FONDECYT de Iniciación 2018;2018;RESUMEN;https://post.anid.cl/frontend.php/es/postulacion/descargar/hash/19a7d86add81fc5d12cdcee5a5b1e97a
11180105;FONDECYT de Iniciación 2018;2018;RESUMEN;https://post.anid.cl/frontend.php/es/postulacion/descargar/hash/46c2138b52f42cb6a7672c3c7ee7f386
11180107;FONDECYT de Iniciación 2018;2018;RESUMEN;https://post.anid.cl/frontend.php/es/postulacion/descargar/hash/57fafedd8e5b95fc86fd9549a5543b8c
11180108;FONDECYT de Iniciación 2018;2018;RESUMEN;https://post.anid.cl/frontend.php/es/postulacion/descargar/hash/fea7bd525391485544988466bfbb2036
11180110;FONDECYT de Iniciación 2018;2018;RESUMEN;https://post.anid.cl/frontend.php/es/postulacion/descargar/hash/70acc144e1463d34e3ded376472f4847
11180113;FONDECYT de Iniciación 2018;2018;RESUMEN;https://post.anid.cl/frontend.php/es/postulacion/descargar/hash/fde827681d1f46f0f8a7f6ba24b01f54
11180115;FONDECYT de Iniciación 2018;2018;RESUMEN;https://post.anid.cl/frontend.php/es/postulacion/descargar/hash/dde266ff6b21292d81153c7fa72f7c00
11180121;FONDECYT de Iniciación 2018;2018;RESUMEN;https://post.anid.cl/frontend.php/es/postulacion/descargar/hash/b447d63a5e1ff0d0982ade6468b3e087
11180122;FONDECYT de Iniciación 2018;2018;RESUMEN;https://post.anid.cl/frontend.php/es/postulacion/descargar/hash/e3d7902dcf423a52cef390449b846de2
11180126;FONDECYT de Iniciación 2018;2018;RESUMEN;https://post.anid.cl/frontend.php/es/postulacion/descargar/hash/52949e0affda11600c16380997d56c71
11180137;FONDECYT de Iniciación 2018;2018;RESUMEN;https://post.anid.cl/frontend.php/es/postulacion/descargar/hash/7d330c7d9445ac35ab5653a1cef03636
11180139;FONDECYT de Iniciación 2018;2018;RESUMEN;https://post.anid.cl/frontend.php/es/postulacion/descargar/hash/60c5c3efe8d469e0c4b7a646e15be84a
11180143;FONDECYT de Iniciación 2018;2018;RESUMEN;https://post.anid.cl/frontend.php/es/postulacion/descargar/hash/7e21be4f0779359fc54b7c48fdcd015e
11180144;FONDECYT de Iniciación 2018;2018;RESUMEN;https://post.anid.cl/frontend.php/es/postulacion/descargar/hash/8f06c3983f7e94dc1926ce18225e7fa3
11180151;FONDECYT de Iniciación 2018;2018;RESUMEN;https://post.anid.cl/frontend.php/es/postulacion/descargar/hash/6b5a5764e2864d63b0f9ad31194d9b92
11180155;FONDECYT de Iniciación 2018;2018;RESUMEN;https://post.anid.cl/frontend.php/es/postulacion/descargar/hash/21af69b38417ff8a6cfd0aee8db62518
11180156;FONDECYT de Iniciación 2018;2018;RESUMEN;https://post.anid.cl/frontend.php/es/postulacion/descargar/hash/0f0d585d041837d56dac181bb6841de9
11180158;FONDECYT de Iniciación 2018;2018;RESUMEN;https://post.anid.cl/frontend.php/es/postulacion/descargar/hash/3f2d8b540c3de079d095b9741f8153d3
11180167;FONDECYT de Iniciación 2018;2018;RESUMEN;https://post.anid.cl/frontend.php/es/postulacion/descargar/hash/31a4e4c16c4427c37019fd1ec3626862
11180170;FONDECYT de Iniciación 2018;2018;RESUMEN;https://post.anid.cl/frontend.php/es/postulacion/descargar/hash/8b769c5a7182088b029664fa6a0c355c
11180172;FONDECYT de Iniciación 2018;2018;RESUMEN;https://post.anid.cl/frontend.php/es/postulacion/descargar/hash/0b08719712e0b806c06cb7063f0e16be
11180175;FONDECYT de Iniciación 2018;2018;RESUMEN;https://post.anid.cl/frontend.php/es/postulacion/descargar/hash/ad79157be207989e57d77aac162c1321
11180178;FONDECYT de Iniciación 2018;2018;RESUMEN;https://post.anid.cl/frontend.php/es/postulacion/descargar/hash/d9989ee138538b0684ca2bcadbdc8fc0
11180179;FONDECYT de Iniciación 2018;2018;RESUMEN;https://post.anid.cl/frontend.php/es/postulacion/descargar/hash/f75d7f48e4364167ec9f690488ab82ba
11180180;FONDECYT de Iniciación 2018;2018;RESUMEN;https://post.anid.cl/frontend.php/es/postulacion/descargar/hash/9bed560b4fc77ca336e0e6af41661d2b
11180185;FONDECYT de Iniciación 2018;2018;RESUMEN;https://post.anid.cl/frontend.php/es/postulacion/descargar/hash/4838617001667be3e99abfc24ae7956d
11180189;FONDECYT de Iniciación 2018;2018;RESUMEN;https://post.anid.cl/frontend.php/es/postulacion/descargar/hash/0050705d6065d295b2d5b3bc8fc8009d
11180193;FONDECYT de Iniciación 2018;2018;RESUMEN;https://post.anid.cl/frontend.php/es/postulacion/descargar/hash/bf4651c007a9040ef3c3ce0bfac2c0be
11180197;FONDECYT de Iniciación 2018;2018;RESUMEN;https://post.anid.cl/frontend.php/es/postulacion/descargar/hash/50060133ab4ba45eebd15d8367a51e21
11180217;FONDECYT de Iniciación 2018;2018;RESUMEN;https://post.anid.cl/frontend.php/es/postulacion/descargar/hash/c285702de08a21dd03dd5c48c89a8557
11180218;FONDECYT de Iniciación 2018;2018;RESUMEN;https://post.anid.cl/frontend.php/es/postulacion/descargar/hash/db84a789240a4d1d7f3ee7db067811db
11180219;FONDECYT de Iniciación 2018;2018;RESUMEN;https://post.anid.cl/frontend.php/es/postulacion/descargar/hash/552410cc626a55742a37425c25fbdd3f
11180227;FONDECYT de Iniciación 2018;2018;RESUMEN;https://post.anid.cl/frontend.php/es/postulacion/descargar/hash/9a904893f4c6b0407a4125873d8871af
11180229;FONDECYT de Iniciación 2018;2018;RESUMEN;https://post.anid.cl/frontend.php/es/postulacion/descargar/hash/0f0b7a3c06060a2914d17167509a6cf2
11180233;FONDECYT de Iniciación 2018;2018;RESUMEN;https://post.anid.cl/frontend.php/es/postulacion/descargar/hash/4b0a3dc28b983afd406844cb4c803e0a
11180235;FONDECYT de Iniciación 2018;2018;RESUMEN;https://post.anid.cl/frontend.php/es/postulacion/descargar/hash/44cdd08aa44f4ebca2f9d42a0dc236ef
11180247;FONDECYT de Iniciación 2018;2018;RESUMEN;https://post.anid.cl/frontend.php/es/postulacion/descargar/hash/ca2b9fcee9af1a78703b0d6270e99acf
11180248;FONDECYT de Iniciación 2018;2018;RESUMEN;https://post.anid.cl/frontend.php/es/postulacion/descargar/hash/8069593df1471fbdf0dbb9382aabd4e3
11180255;FONDECYT de Iniciación 2018;2018;RESUMEN;https://post.anid.cl/frontend.php/es/postulacion/descargar/hash/a377cb20ff06e5ffc4a5912747a21136
11180256;FONDECYT de Iniciación 2018;2018;RESUMEN;https://post.anid.cl/frontend.php/es/postulacion/descargar/hash/718cfcbde894f6e299bab419e1f5d369
11180259;FONDECYT de Iniciación 2018;2018;RESUMEN;https://post.anid.cl/frontend.php/es/postulacion/descargar/hash/579b154773a7bd8c7951bae608b1b220
11180263;FONDECYT de Iniciación 2018;2018;RESUMEN;https://post.anid.cl/frontend.php/es/postulacion/descargar/hash/d4b3034caea9512401012690b9e06b15
11180265;FONDECYT de Iniciación 2018;2018;RESUMEN;https://post.anid.cl/frontend.php/es/postulacion/descargar/hash/58e35132d359a2078990ece424166867
11180266;FONDECYT de Iniciación 2018;2018;RESUMEN;https://post.anid.cl/frontend.php/es/postulacion/descargar/hash/0574cae74e7b89f0bfc26fca4a497a01
11180269;FONDECYT de Iniciación 2018;2018;RESUMEN;https://post.anid.cl/frontend.php/es/postulacion/descargar/hash/a37f3ca7943995ec5987c44d28deb38a
11180273;FONDECYT de Iniciación 2018;2018;RESUMEN;https://post.anid.cl/frontend.php/es/postulacion/descargar/hash/2ac0fe8cea6f3bd5e531b8d90c06b450
11180278;FONDECYT de Iniciación 2018;2018;RESUMEN;https://post.anid.cl/frontend.php/es/postulacion/descargar/hash/98c928a7c009b842ca50c986bf4deda2
11180281;FONDECYT de Iniciación 2018;2018;RESUMEN;https://post.anid.cl/frontend.php/es/postulacion/descargar/hash/0ed0b08ce8ac25fc05c9071cb79e1d35
11180282;FONDECYT de Iniciación 2018;2018;RESUMEN;https://post.anid.cl/frontend.php/es/postulacion/descargar/hash/c6550f315a3a550845b8f7e5b164d85c
11180284;FONDECYT de Iniciación 2018;2018;RESUMEN;https://post.anid.cl/frontend.php/es/postulacion/descargar/hash/e3e788dac79183b24a643a21ebc9249c
11180287;FONDECYT de Iniciación 2018;2018;RESUMEN;https://post.anid.cl/frontend.php/es/postulacion/descargar/hash/6b1c8b7251066576494b1e13937e2ca5
11180291;FONDECYT de Iniciación 2018;2018;RESUMEN;https://post.anid.cl/frontend.php/es/postulacion/descargar/hash/9be66e0735eff6d5e37c86afd3e79d16
11180292;FONDECYT de Iniciación 2018;2018;RESUMEN;https://post.anid.cl/frontend.php/es/postulacion/descargar/hash/abf21bf74fcc808c9d0090be53cf54c4
11180293;FONDECYT de Iniciación 2018;2018;RESUMEN;https://post.anid.cl/frontend.php/es/postulacion/descargar/hash/469fac1cd7818b122d1888821f071114
11180295;FONDECYT de Iniciación 2018;2018;RESUMEN;https://post.anid.cl/frontend.php/es/postulacion/descargar/hash/4bc101c95998668b92b1f4bb545a22fa
11180301;FONDECYT de Iniciación 2018;2018;RESUMEN;https://post.anid.cl/frontend.php/es/postulacion/descargar/hash/704b61a3330498a8ed8b77f02e121e10
11180310;FONDECYT de Iniciación 2018;2018;RESUMEN;https://post.anid.cl/frontend.php/es/postulacion/descargar/hash/682becfdb4983f776e7ab9b13ebfa560
11180314;FONDECYT de Iniciación 2018;2018;RESUMEN;https://post.anid.cl/frontend.php/es/postulacion/descargar/hash/d0e3a05abf582f3bd825f3210b60800e
11180315;FONDECYT de Iniciación 2018;2018;RESUMEN;https://post.anid.cl/frontend.php/es/postulacion/descargar/hash/e1533dbbe815537c98845a80c9cb206b
11180316;FONDECYT de Iniciación 2018;2018;RESUMEN;https://post.anid.cl/frontend.php/es/postulacion/descargar/hash/4b105afb94d7ad61576426ae343e4423
11180318;FONDECYT de Iniciación 2018;2018;RESUMEN;https://post.anid.cl/frontend.php/es/postulacion/descargar/hash/bc0c2539bcc06e2cbcace6cd3e4d9525
11180320;FONDECYT de Iniciación 2018;2018;RESUMEN;https://post.anid.cl/frontend.php/es/postulacion/descargar/hash/7e515e6cc787755da6f8ee781ebacb2e
11180328;FONDECYT de Iniciación 2018;2018;RESUMEN;https://post.anid.cl/frontend.php/es/postulacion/descargar/hash/48ac22a03824d5abf9e81930c6959551
11180329;FONDECYT de Iniciación 2018;2018;RESUMEN;https://post.anid.cl/frontend.php/es/postulacion/descargar/hash/2502be60bf8e2e0da8da565af2c52517
11180334;FONDECYT de Iniciación 2018;2018;RESUMEN;https://post.anid.cl/frontend.php/es/postulacion/descargar/hash/dd68610f624cd22423f4f3def16bf393
11180337;FONDECYT de Iniciación 2018;2018;RESUMEN;https://post.anid.cl/frontend.php/es/postulacion/descargar/hash/769d6e7135d56bb68fa05e97b51a6920
11180352;FONDECYT de Iniciación 2018;2018;RESUMEN;https://post.anid.cl/frontend.php/es/postulacion/descargar/hash/67bbe8580fc4f4d9de9f0013badc7cd1
11180356;FONDECYT de Iniciación 2018;2018;RESUMEN;https://post.anid.cl/frontend.php/es/postulacion/descargar/hash/799c02c2d14e8c4db61f436c96ae80b6
11180360;FONDECYT de Iniciación 2018;2018;RESUMEN;https://post.anid.cl/frontend.php/es/postulacion/descargar/hash/33ba0f5628fd61492d577be2e85d80b1
11180361;FONDECYT de Iniciación 2018;2018;RESUMEN;https://post.anid.cl/frontend.php/es/postulacion/descargar/hash/12da086f62f5361f8ff3b2432b64edf2
11180364;FONDECYT de Iniciación 2018;2018;RESUMEN;https://post.anid.cl/frontend.php/es/postulacion/descargar/hash/671dd450bbf96b8d3c066d63b0816b4a
11180366;FONDECYT de Iniciación 2018;2018;RESUMEN;https://post.anid.cl/frontend.php/es/postulacion/descargar/hash/eee07f664e4ccb3bf74c548269602810
11180370;FONDECYT de Iniciación 2018;2018;RESUMEN;https://post.anid.cl/frontend.php/es/postulacion/descargar/hash/5de26b5eda9c8bb063b006f85102b394
11180372;FONDECYT de Iniciación 2018;2018;RESUMEN;https://post.anid.cl/frontend.php/es/postulacion/descargar/hash/fde56f186c7467bf0ada93a7ecdf42a0
11180374;FONDECYT de Iniciación 2018;2018;RESUMEN;https://post.anid.cl/frontend.php/es/postulacion/descargar/hash/33fa11db2b745f8701b7f4910d7585c7
11180375;FONDECYT de Iniciación 2018;2018;RESUMEN;https://post.anid.cl/frontend.php/es/postulacion/descargar/hash/a755f2236a4f338a8ccf4fc7b6fad90a
11180388;FONDECYT de Iniciación 2018;2018;RESUMEN;https://post.anid.cl/frontend.php/es/postulacion/descargar/hash/072ec8af4d498a42ce0e4be8e7ad9d4a
11180389;FONDECYT de Iniciación 2018;2018;RESUMEN;https://post.anid.cl/frontend.php/es/postulacion/descargar/hash/6c81fcee268dd4fe275852ba1bf294b3
11180395;FONDECYT de Iniciación 2018;2018;RESUMEN;https://post.anid.cl/frontend.php/es/postulacion/descargar/hash/d2a0b710b86f990b72299febdf566a70
11180406;FONDECYT de Iniciación 2018;2018;RESUMEN;https://post.anid.cl/frontend.php/es/postulacion/descargar/hash/e03f43402705839e3754d430c4f3ad66
11180411;FONDECYT de Iniciación 2018;2018;RESUMEN;https://post.anid.cl/frontend.php/es/postulacion/descargar/hash/89d644e8fd4fc99c8d2d4274f9848883
11180416;FONDECYT de Iniciación 2018;2018;RESUMEN;https://post.anid.cl/frontend.php/es/postulacion/descargar/hash/d15b01142b2977355431e6c47884c586
11180421;FONDECYT de Iniciación 2018;2018;RESUMEN;https://post.anid.cl/frontend.php/es/postulacion/descargar/hash/145fc20e1e76ef6c5fb0d63988dd4b05
11180422;FONDECYT de Iniciación 2018;2018;RESUMEN;https://post.anid.cl/frontend.php/es/postulacion/descargar/hash/0383dd1197a4a57c4ba34ca525f81372
11180424;FONDECYT de Iniciación 2018;2018;RESUMEN;https://post.anid.cl/frontend.php/es/postulacion/descargar/hash/b3b9f864ec9efff666c2da49a4098d7b
11180429;FONDECYT de Iniciación 2018;2018;RESUMEN;https://post.anid.cl/frontend.php/es/postulacion/descargar/hash/ec4aaf6ca339180da097454e7192ad48
11180432;FONDECYT de Iniciación 2018;2018;RESUMEN;https://post.anid.cl/frontend.php/es/postulacion/descargar/hash/c9900ae1874f137bd72fb1b6f2282814
11180434;FONDECYT de Iniciación 2018;2018;RESUMEN;https://post.anid.cl/frontend.php/es/postulacion/descargar/hash/b11a542a46c504ba98453e671411ce42
11180437;FONDECYT de Iniciación 2018;2018;RESUMEN;https://post.anid.cl/frontend.php/es/postulacion/descargar/hash/afb4cd998702471fdc944ad54750b168
11180438;FONDECYT de Iniciación 2018;2018;RESUMEN;https://post.anid.cl/frontend.php/es/postulacion/descargar/hash/7308d12115a8ccce4d78109e503d3063
11180450;FONDECYT de Iniciación 2018;2018;RESUMEN;https://post.anid.cl/frontend.php/es/postulacion/descargar/hash/861487cd02ba1ca6fbaee074bf886e6e
11180451;FONDECYT de Iniciación 2018;2018;RESUMEN;https://post.anid.cl/frontend.php/es/postulacion/descargar/hash/b36fc77d365d28a465cb850550a872ea
11180458;FONDECYT de Iniciación 2018;2018;RESUMEN;https://post.anid.cl/frontend.php/es/postulacion/descargar/hash/9140b1c5cbe56080d637857619df7983
11180461;FONDECYT de Iniciación 2018;2018;RESUMEN;https://post.anid.cl/frontend.php/es/postulacion/descargar/hash/dff531d892189813ccbee4516769d1b0
11180462;FONDECYT de Iniciación 2018;2018;RESUMEN;https://post.anid.cl/frontend.php/es/postulacion/descargar/hash/c3b3e3d46b39b685d729d2e8ab68317f
11180466;FONDECYT de Iniciación 2018;2018;RESUMEN;https://post.anid.cl/frontend.php/es/postulacion/descargar/hash/aea2282ddb927d0af278bdf38f9ee1eb
11180470;FONDECYT de Iniciación 2018;2018;RESUMEN;https://post.anid.cl/frontend.php/es/postulacion/descargar/hash/6d8cd4373defea03b2eae64a626263d3
11180474;FONDECYT de Iniciación 2018;2018;RESUMEN;https://post.anid.cl/frontend.php/es/postulacion/descargar/hash/4a7f3e01b0521eab51de1ad844fb83a8
11180476;FONDECYT de Iniciación 2018;2018;RESUMEN;https://post.anid.cl/frontend.php/es/postulacion/descargar/hash/1f0859d172b1a0259cb7870363146d04
11180487;FONDECYT de Iniciación 2018;2018;RESUMEN;https://post.anid.cl/frontend.php/es/postulacion/descargar/hash/8be32b05718f2e593297b3b3784c2545
11180489;FONDECYT de Iniciación 2018;2018;RESUMEN;https://post.anid.cl/frontend.php/es/postulacion/descargar/hash/df54c5e3531f51cf23464d37ea41893a
11180495;FONDECYT de Iniciación 2018;2018;RESUMEN;https://post.anid.cl/frontend.php/es/postulacion/descargar/hash/a08cfa7b3fa29be157a95c22cbb33fc4
11180500;FONDECYT de Iniciación 2018;2018;RESUMEN;https://post.anid.cl/frontend.php/es/postulacion/descargar/hash/e2b9e90f93ab7431ea48de19c4f47c6f
11180502;FONDECYT de Iniciación 2018;2018;RESUMEN;https://post.anid.cl/frontend.php/es/postulacion/descargar/hash/3d72c768f34954c9c2970920e3604f4c
11180503;FONDECYT de Iniciación 2018;2018;RESUMEN;https://post.anid.cl/frontend.php/es/postulacion/descargar/hash/dacdda92a58715f196b06ce22a5426d9
11180505;FONDECYT de Iniciación 2018;2018;RESUMEN;https://post.anid.cl/frontend.php/es/postulacion/descargar/hash/d86224cfbf09a2191c80c7d0dc42fafc
11180509;FONDECYT de Iniciación 2018;2018;RESUMEN;https://post.anid.cl/frontend.php/es/postulacion/descargar/hash/fe68c8b347297d48c6e0b44dec5d315b
11180514;FONDECYT de Iniciación 2018;2018;RESUMEN;https://post.anid.cl/frontend.php/es/postulacion/descargar/hash/70a58531844fcf54f80fe02c30463683
11180517;FONDECYT de Iniciación 2018;2018;RESUMEN;https://post.anid.cl/frontend.php/es/postulacion/descargar/hash/c7f70de4cb3ed485499e3732508df6b7
11180518;FONDECYT de Iniciación 2018;2018;RESUMEN;https://post.anid.cl/frontend.php/es/postulacion/descargar/hash/0ea33282e7e44b74c8f2da16254e8af1
11180521;FONDECYT de Iniciación 2018;2018;RESUMEN;https://post.anid.cl/frontend.php/es/postulacion/descargar/hash/4e3b5206a956a7739f78132edd72dce3
11180524;FONDECYT de Iniciación 2018;2018;RESUMEN;https://post.anid.cl/frontend.php/es/postulacion/descargar/hash/68c542cdc6acceac93b5d89f073635ab
11180531;FONDECYT de Iniciación 2018;2018;RESUMEN;https://post.anid.cl/frontend.php/es/postulacion/descargar/hash/fa77bfcf8536d4ba5760ce479d23bd95
11180533;FONDECYT de Iniciación 2018;2018;RESUMEN;https://post.anid.cl/frontend.php/es/postulacion/descargar/hash/d903ad669f52fe10b33c0e11af4d58ca
11180536;FONDECYT de Iniciación 2018;2018;RESUMEN;https://post.anid.cl/frontend.php/es/postulacion/descargar/hash/828faea0e4ea8794824640d2893cc863
11180538;FONDECYT de Iniciación 2018;2018;RESUMEN;https://post.anid.cl/frontend.php/es/postulacion/descargar/hash/0bbcb1d647b8366b761807412a08334a
11180540;FONDECYT de Iniciación 2018;2018;RESUMEN;https://post.anid.cl/frontend.php/es/postulacion/descargar/hash/a2e4a626e8484b54dd0afd91dc870db8
11180545;FONDECYT de Iniciación 2018;2018;RESUMEN;https://post.anid.cl/frontend.php/es/postulacion/descargar/hash/a62101961ba3964cc54aebf1133f35e5
11180546;FONDECYT de Iniciación 2018;2018;RESUMEN;https://post.anid.cl/frontend.php/es/postulacion/descargar/hash/3c3cf24bfd9051374c3638d75aa35f4b
11180551;FONDECYT de Iniciación 2018;2018;RESUMEN;https://post.anid.cl/frontend.php/es/postulacion/descargar/hash/9a56d0dfbbebac97e96f6991fa84f4ac
11180553;FONDECYT de Iniciación 2018;2018;RESUMEN;https://post.anid.cl/frontend.php/es/postulacion/descargar/hash/fbe52eb89acc83b421d48234bdca5853
11180556;FONDECYT de Iniciación 2018;2018;RESUMEN;https://post.anid.cl/frontend.php/es/postulacion/descargar/hash/8e12d573a25b9126ef55556b179ea78f
11180557;FONDECYT de Iniciación 2018;2018;RESUMEN;https://post.anid.cl/frontend.php/es/postulacion/descargar/hash/860c6d29320add3486bc1bec9c7e445e
11180558;FONDECYT de Iniciación 2018;2018;RESUMEN;https://post.anid.cl/frontend.php/es/postulacion/descargar/hash/2af3ed5a6ae3441f0889faecd6547853
11180563;FONDECYT de Iniciación 2018;2018;RESUMEN;https://post.anid.cl/frontend.php/es/postulacion/descargar/hash/bf740d0fdc08080ce4b88e11a89dcb0e
11180567;FONDECYT de Iniciación 2018;2018;RESUMEN;https://post.anid.cl/frontend.php/es/postulacion/descargar/hash/b8be0e7fa100248636571807151979da
11180569;FONDECYT de Iniciación 2018;2018;RESUMEN;https://post.anid.cl/frontend.php/es/postulacion/descargar/hash/dd8d1ec2a3676fc7cae0f9beda5713cb
11180585;FONDECYT de Iniciación 2018;2018;RESUMEN;https://post.anid.cl/frontend.php/es/postulacion/descargar/hash/240715c753b4e62e5322d33770484e9a
11180588;FONDECYT de Iniciación 2018;2018;RESUMEN;https://post.anid.cl/frontend.php/es/postulacion/descargar/hash/d4b2c9e25e998d0eaf6cdf1f66c94906
11180590;FONDECYT de Iniciación 2018;2018;RESUMEN;https://post.anid.cl/frontend.php/es/postulacion/descargar/hash/230564fd5c7df794f2f1aa006d9b0938
11180600;FONDECYT de Iniciación 2018;2018;RESUMEN;https://post.anid.cl/frontend.php/es/postulacion/descargar/hash/f6326181a1a04ec5be13e0b7095faff5
11180601;FONDECYT de Iniciación 2018;2018;RESUMEN;https://post.anid.cl/frontend.php/es/postulacion/descargar/hash/dce233388ef1ed61dcdbe38ecd462d1b
11180604;FONDECYT de Iniciación 2018;2018;RESUMEN;https://post.anid.cl/frontend.php/es/postulacion/descargar/hash/d475f470b1413d9d46c547fde2b682df
11180611;FONDECYT de Iniciación 2018;2018;RESUMEN;https://post.anid.cl/frontend.php/es/postulacion/descargar/hash/cb544539be4d36d6fc49dc56eca3e1f9
11180616;FONDECYT de Iniciación 2018;2018;RESUMEN;https://post.anid.cl/frontend.php/es/postulacion/descargar/hash/e4977589da790df2e293efaff0365de3
11180620;FONDECYT de Iniciación 2018;2018;RESUMEN;https://post.anid.cl/frontend.php/es/postulacion/descargar/hash/f43cb69e5a557b506868f53dbe9b8735
11180621;FONDECYT de Iniciación 2018;2018;RESUMEN;https://post.anid.cl/frontend.php/es/postulacion/descargar/hash/571776927251787979d68c27231bb73e
11180624;FONDECYT de Iniciación 2018;2018;RESUMEN;https://post.anid.cl/frontend.php/es/postulacion/descargar/hash/31580e9adaad6ed15acd7132b72d9d35
11180631;FONDECYT de Iniciación 2018;2018;RESUMEN;https://post.anid.cl/frontend.php/es/postulacion/descargar/hash/729cadd9791bf47d9f9d6d8bc3ce42ba
11180634;FONDECYT de Iniciación 2018;2018;RESUMEN;https://post.anid.cl/frontend.php/es/postulacion/descargar/hash/36a8083a47aea6ec59fff273d73e5a73
11180638;FONDECYT de Iniciación 2018;2018;RESUMEN;https://post.anid.cl/frontend.php/es/postulacion/descargar/hash/b44946c4200d814fdc85b3298a247cbf
11180639;FONDECYT de Iniciación 2018;2018;RESUMEN;https://post.anid.cl/frontend.php/es/postulacion/descargar/hash/5e167a9aa1732b9a034f0f83dbe36e98
11180640;FONDECYT de Iniciación 2018;2018;RESUMEN;https://post.anid.cl/frontend.php/es/postulacion/descargar/hash/8da5ba2c30e3f9a954170b8ad6f0e27b
11180644;FONDECYT de Iniciación 2018;2018;RESUMEN;https://post.anid.cl/frontend.php/es/postulacion/descargar/hash/c8f7455c784dc6a108ea470e08007b44
11180650;FONDECYT de Iniciación 2018;2018;RESUMEN;https://post.anid.cl/frontend.php/es/postulacion/descargar/hash/c862796ccd77c829ad901671988cd9ae
11180652;FONDECYT de Iniciación 2018;2018;RESUMEN;https://post.anid.cl/frontend.php/es/postulacion/descargar/hash/a7702c3c3dc64363c16a5b4c618d2a8f
11180662;FONDECYT de Iniciación 2018;2018;RESUMEN;https://post.anid.cl/frontend.php/es/postulacion/descargar/hash/ab35a4c4d7c67cee9277e093ec0636b9
11180663;FONDECYT de Iniciación 2018;2018;RESUMEN;https://post.anid.cl/frontend.php/es/postulacion/descargar/hash/c3b7b66ebe8908454fa06451182692c4
11180664;FONDECYT de Iniciación 2018;2018;RESUMEN;https://post.anid.cl/frontend.php/es/postulacion/descargar/hash/4bb0fd0b3afc139f0858312bac7aeb51
11180665;FONDECYT de Iniciación 2018;2018;RESUMEN;https://post.anid.cl/frontend.php/es/postulacion/descargar/hash/2d1ee8b21ab413193f266309a8a2d586
11180667;FONDECYT de Iniciación 2018;2018;RESUMEN;https://post.anid.cl/frontend.php/es/postulacion/descargar/hash/5745ce1e7fe0b7b08b358befc4e04fdb
11180668;FONDECYT de Iniciación 2018;2018;RESUMEN;https://post.anid.cl/frontend.php/es/postulacion/descargar/hash/3917d3d2c4ab07d0d9db30ea6b869607
11180671;FONDECYT de Iniciación 2018;2018;RESUMEN;https://post.anid.cl/frontend.php/es/postulacion/descargar/hash/2ee0356ac40d629768a3e5515f9f7acc
11180672;FONDECYT de Iniciación 2018;2018;RESUMEN;https://post.anid.cl/frontend.php/es/postulacion/descargar/hash/23de0b23c07b7e0df2e72960373b73a3
11180673;FONDECYT de Iniciación 2018;2018;RESUMEN;https://post.anid.cl/frontend.php/es/postulacion/descargar/hash/228d295bf3be95d2c4902ec90c48a48d
11180674;FONDECYT de Iniciación 2018;2018;RESUMEN;https://post.anid.cl/frontend.php/es/postulacion/descargar/hash/e71fb5e0c72effa4daa9078ce9704a71
11180676;FONDECYT de Iniciación 2018;2018;RESUMEN;https://post.anid.cl/frontend.php/es/postulacion/descargar/hash/e7bc478674f21998f9dad6d2a77a1a34
11180678;FONDECYT de Iniciación 2018;2018;RESUMEN;https://post.anid.cl/frontend.php/es/postulacion/descargar/hash/81ed4493cd4db1b94a41c9797be09cc1
11180681;FONDECYT de Iniciación 2018;2018;RESUMEN;https://post.anid.cl/frontend.php/es/postulacion/descargar/hash/0617953795f979e89fc632efddf49ae0
11180688;FONDECYT de Iniciación 2018;2018;RESUMEN;https://post.anid.cl/frontend.php/es/postulacion/descargar/hash/ec1fd2a9f0dc54f2101eda32d5ae6e74
11180694;FONDECYT de Iniciación 2018;2018;RESUMEN;https://post.anid.cl/frontend.php/es/postulacion/descargar/hash/c43883129ebfa1bf65de5cf2c569d46f
11180705;FONDECYT de Iniciación 2018;2018;RESUMEN;https://post.anid.cl/frontend.php/es/postulacion/descargar/hash/2e8a6d65568473628b87734687acd9f1
11180706;FONDECYT de Iniciación 2018;2018;RESUMEN;https://post.anid.cl/frontend.php/es/postulacion/descargar/hash/6b9a765eb5ec5328a0a2a42f30952d6f
11180712;FONDECYT de Iniciación 2018;2018;RESUMEN;https://post.anid.cl/frontend.php/es/postulacion/descargar/hash/f9dfb53ce1a0f9ac679ba5121f2fcbc8
11180717;FONDECYT de Iniciación 2018;2018;RESUMEN;https://post.anid.cl/frontend.php/es/postulacion/descargar/hash/9a92f6f7573168fa6ab5c2f4ce1287eb
11180720;FONDECYT de Iniciación 2018;2018;RESUMEN;https://post.anid.cl/frontend.php/es/postulacion/descargar/hash/3713c39f72a39aa50b928f57e53b6d44
11180722;FONDECYT de Iniciación 2018;2018;RESUMEN;https://post.anid.cl/frontend.php/es/postulacion/descargar/hash/bc69496be723cb8282dd30ef9e1dfdcd
11180723;FONDECYT de Iniciación 2018;2018;RESUMEN;https://post.anid.cl/frontend.php/es/postulacion/descargar/hash/e359753603aa8b61350114353c22250c
11180726;FONDECYT de Iniciación 2018;2018;RESUMEN;https://post.anid.cl/frontend.php/es/postulacion/descargar/hash/a9f2dc7b846b3b086ec8fb1b08f76c4c
11180727;FONDECYT de Iniciación 2018;2018;RESUMEN;https://post.anid.cl/frontend.php/es/postulacion/descargar/hash/3685ac8f69134117dc503fb6093e50a4
11180731;FONDECYT de Iniciación 2018;2018;RESUMEN;https://post.anid.cl/frontend.php/es/postulacion/descargar/hash/071ee8dd0930ea0f4ecff774d5f25f32
11180736;FONDECYT de Iniciación 2018;2018;RESUMEN;https://post.anid.cl/frontend.php/es/postulacion/descargar/hash/2adbeb5c7de3009d71aa5d4ecf2ebc2e
11180738;FONDECYT de Iniciación 2018;2018;RESUMEN;https://post.anid.cl/frontend.php/es/postulacion/descargar/hash/5441b60614e582a0710ee03700469289
11180739;FONDECYT de Iniciación 2018;2018;RESUMEN;https://post.anid.cl/frontend.php/es/postulacion/descargar/hash/a8a4e70b949eb171f84cf0cddb1464e9
11180752;FONDECYT de Iniciación 2018;2018;RESUMEN;https://post.anid.cl/frontend.php/es/postulacion/descargar/hash/79ad6a8e52a62d46372ee33a537602af
11180754;FONDECYT de Iniciación 2018;2018;RESUMEN;https://post.anid.cl/frontend.php/es/postulacion/descargar/hash/a647c1a4bc0a7b71f056d7a844cbab8d
11180768;FONDECYT de Iniciación 2018;2018;RESUMEN;https://post.anid.cl/frontend.php/es/postulacion/descargar/hash/5ad86be38e5ed9efe9d4e99019249d0e
11180773;FONDECYT de Iniciación 2018;2018;RESUMEN;https://post.anid.cl/frontend.php/es/postulacion/descargar/hash/0211aa752efa39c7f7b2294eebee6c79
11180776;FONDECYT de Iniciación 2018;2018;RESUMEN;https://post.anid.cl/frontend.php/es/postulacion/descargar/hash/e5184d89dfd7230bd972b875df7a276d
11180777;FONDECYT de Iniciación 2018;2018;RESUMEN;https://post.anid.cl/frontend.php/es/postulacion/descargar/hash/5c9399c4c7e6a6c848e73fd72d3bb809
11180778;FONDECYT de Iniciación 2018;2018;RESUMEN;https://post.anid.cl/frontend.php/es/postulacion/descargar/hash/35297e441af632e29fee27f6ee9db552
11180780;FONDECYT de Iniciación 2018;2018;RESUMEN;https://post.anid.cl/frontend.php/es/postulacion/descargar/hash/b0fa09188a4d054e8fd78b288f268b47
11180792;FONDECYT de Iniciación 2018;2018;RESUMEN;https://post.anid.cl/frontend.php/es/postulacion/descargar/hash/be01bac3f12c7926838e8d4ab9c0ee67
11180794;FONDECYT de Iniciación 2018;2018;RESUMEN;https://post.anid.cl/frontend.php/es/postulacion/descargar/hash/1445793dea07a7d0dcb5b38b99854996
11180798;FONDECYT de Iniciación 2018;2018;RESUMEN;https://post.anid.cl/frontend.php/es/postulacion/descargar/hash/4480d2aee98095a3b35936c495d2a91a
11180799;FONDECYT de Iniciación 2018;2018;RESUMEN;https://post.anid.cl/frontend.php/es/postulacion/descargar/hash/4106a7fa91a262aa40c21cda19df1d74
11180805;FONDECYT de Iniciación 2018;2018;RESUMEN;https://post.anid.cl/frontend.php/es/postulacion/descargar/hash/84aa34669adc0f191d6c8f7f384426f0
11180812;FONDECYT de Iniciación 2018;2018;RESUMEN;https://post.anid.cl/frontend.php/es/postulacion/descargar/hash/273142572ee3e5703241f9f627a9cabe
11180820;FONDECYT de Iniciación 2018;2018;RESUMEN;https://post.anid.cl/frontend.php/es/postulacion/descargar/hash/e4d81d75e8a70de6a378a472332ab0d4
11180824;FONDECYT de Iniciación 2018;2018;RESUMEN;https://post.anid.cl/frontend.php/es/postulacion/descargar/hash/f156724fbd972be2f65d0d6129293d3e
11180825;FONDECYT de Iniciación 2018;2018;RESUMEN;https://post.anid.cl/frontend.php/es/postulacion/descargar/hash/d7c5c45ca30fd83ff26357796f8cc704
11180826;FONDECYT de Iniciación 2018;2018;RESUMEN;https://post.anid.cl/frontend.php/es/postulacion/descargar/hash/eeda9dd6d5459828f3a894dcc05aeed1
11180828;FONDECYT de Iniciación 2018;2018;RESUMEN;https://post.anid.cl/frontend.php/es/postulacion/descargar/hash/ef45020ae07c351e65dce589b25b04ad
11180837;FONDECYT de Iniciación 2018;2018;RESUMEN;https://post.anid.cl/frontend.php/es/postulacion/descargar/hash/7720d6b0a9b9a9a2bea3fbecd0286703
11180839;FONDECYT de Iniciación 2018;2018;RESUMEN;https://post.anid.cl/frontend.php/es/postulacion/descargar/hash/10e57a0321004b35b93d7da616b00232
11180854;FONDECYT de Iniciación 2018;2018;RESUMEN;https://post.anid.cl/frontend.php/es/postulacion/descargar/hash/e19d48553c86aaa4a244a5b22b0a5d18
11180856;FONDECYT de Iniciación 2018;2018;RESUMEN;https://post.anid.cl/frontend.php/es/postulacion/descargar/hash/b96097f1f91192c8dce13208e2a2039a
11180862;FONDECYT de Iniciación 2018;2018;RESUMEN;https://post.anid.cl/frontend.php/es/postulacion/descargar/hash/101f8ef0fee17f1430709f38a3243a2f
11180869;FONDECYT de Iniciación 2018;2018;RESUMEN;https://post.anid.cl/frontend.php/es/postulacion/descargar/hash/b4b869098ddef8431532e59616c561bf
11180873;FONDECYT de Iniciación 2018;2018;RESUMEN;https://post.anid.cl/frontend.php/es/postulacion/descargar/hash/f533a3075a17aae4cacf9c37ec14118e
11180874;FONDECYT de Iniciación 2018;2018;RESUMEN;https://post.anid.cl/frontend.php/es/postulacion/descargar/hash/152d47a42ce3b9503aef2e25d7133cd9
11180875;FONDECYT de Iniciación 2018;2018;RESUMEN;https://post.anid.cl/frontend.php/es/postulacion/descargar/hash/933dca2fc4f209896cdfdf1fb362bd48
11180881;FONDECYT de Iniciación 2018;2018;RESUMEN;https://post.anid.cl/frontend.php/es/postulacion/descargar/hash/66061ef6435f0685b485d0c4fe8b6ae1
11180882;FONDECYT de Iniciación 2018;2018;RESUMEN;https://post.anid.cl/frontend.php/es/postulacion/descargar/hash/e5b4b1c07576d68f8870c444797efa76
11180890;FONDECYT de Iniciación 2018;2018;RESUMEN;https://post.anid.cl/frontend.php/es/postulacion/descargar/hash/3a7ce1d3776c2b4284a8c568e745d2cf
11180892;FONDECYT de Iniciación 2018;2018;RESUMEN;https://post.anid.cl/frontend.php/es/postulacion/descargar/hash/3b9b954765a6e10d74b2b50a3406baf4
11180894;FONDECYT de Iniciación 2018;2018;RESUMEN;https://post.anid.cl/frontend.php/es/postulacion/descargar/hash/3bbd3b49585961abb635c787eac4ae98
11180897;FONDECYT de Iniciación 2018;2018;RESUMEN;https://post.anid.cl/frontend.php/es/postulacion/descargar/hash/6508bd51e4812dec8c268093407630e0
11180899;FONDECYT de Iniciación 2018;2018;RESUMEN;https://post.anid.cl/frontend.php/es/postulacion/descargar/hash/619985d5dffd3161b4d4975e73a203ed
11180904;FONDECYT de Iniciación 2018;2018;RESUMEN;https://post.anid.cl/frontend.php/es/postulacion/descargar/hash/768a160cb2098b972fe4144cdebb7757
11180905;FONDECYT de Iniciación 2018;2018;RESUMEN;https://post.anid.cl/frontend.php/es/postulacion/descargar/hash/56495deaf55e5e5ef415d71f8cca180a
11180906;FONDECYT de Iniciación 2018;2018;RESUMEN;https://post.anid.cl/frontend.php/es/postulacion/descargar/hash/245adce05e967e90558798d822c0a39b
11180907;FONDECYT de Iniciación 2018;2018;RESUMEN;https://post.anid.cl/frontend.php/es/postulacion/descargar/hash/18824f6391602e819abd0e739c400446
11180910;FONDECYT de Iniciación 2018;2018;RESUMEN;https://post.anid.cl/frontend.php/es/postulacion/descargar/hash/a540ba09ce36f4e7cbe4f2a94e939749
11180913;FONDECYT de Iniciación 2018;2018;RESUMEN;https://post.anid.cl/frontend.php/es/postulacion/descargar/hash/b6f02fdc7ec10587c2b9a099d509efe6
11180914;FONDECYT de Iniciación 2018;2018;RESUMEN;https://post.anid.cl/frontend.php/es/postulacion/descargar/hash/61b3b3823774eb7e5a7bc7b09257d03c
11180916;FONDECYT de Iniciación 2018;2018;RESUMEN;https://post.anid.cl/frontend.php/es/postulacion/descargar/hash/bde1a3bd347ae214755836d5f812acc4
11180926;FONDECYT de Iniciación 2018;2018;RESUMEN;https://post.anid.cl/frontend.php/es/postulacion/descargar/hash/04787eaf74393fe8aff102cc6653ad53
11180932;FONDECYT de Iniciación 2018;2018;RESUMEN;https://post.anid.cl/frontend.php/es/postulacion/descargar/hash/b50ccc06e0a2c945f72f3f69d13dcc3b
11180934;FONDECYT de Iniciación 2018;2018;RESUMEN;https://post.anid.cl/frontend.php/es/postulacion/descargar/hash/154509e277583d14c3d4b8f441753317
11180935;FONDECYT de Iniciación 2018;2018;RESUMEN;https://post.anid.cl/frontend.php/es/postulacion/descargar/hash/ef76395bd935ea48a70baf347adc5f79
11180937;FONDECYT de Iniciación 2018;2018;RESUMEN;https://post.anid.cl/frontend.php/es/postulacion/descargar/hash/fd201caf3efc4c49260e9faa9a4f059f
11180944;FONDECYT de Iniciación 2018;2018;RESUMEN;https://post.anid.cl/frontend.php/es/postulacion/descargar/hash/6a94f693f9c83e6950309f6247243bd1
11180946;FONDECYT de Iniciación 2018;2018;RESUMEN;https://post.anid.cl/frontend.php/es/postulacion/descargar/hash/7d6b2afd4e2fb17caf9e6d2186c85710
11180947;FONDECYT de Iniciación 2018;2018;RESUMEN;https://post.anid.cl/frontend.php/es/postulacion/descargar/hash/a0a310d77e8e9b2441ebf53736141e46
11180948;FONDECYT de Iniciación 2018;2018;RESUMEN;https://post.anid.cl/frontend.php/es/postulacion/descargar/hash/34b09aa2c52d2e75f2f000f1ae0c95f5
11180949;FONDECYT de Iniciación 2018;2018;RESUMEN;https://post.anid.cl/frontend.php/es/postulacion/descargar/hash/afd6d012f612b5a0cf6a3841af1c4cf4
11180961;FONDECYT de Iniciación 2018;2018;RESUMEN;https://post.anid.cl/frontend.php/es/postulacion/descargar/hash/a3cdd6a1203d425061db58e0eb0431b1
11180964;FONDECYT de Iniciación 2018;2018;RESUMEN;https://post.anid.cl/frontend.php/es/postulacion/descargar/hash/055b086cc23ab328ac58daa52904d6cc
11180965;FONDECYT de Iniciación 2018;2018;RESUMEN;https://post.anid.cl/frontend.php/es/postulacion/descargar/hash/9d2949e9b9cf76d4584653e2122b13d8
11180967;FONDECYT de Iniciación 2018;2018;RESUMEN;https://post.anid.cl/frontend.php/es/postulacion/descargar/hash/4819f503f80f97843a09c88b72cb3682
11180970;FONDECYT de Iniciación 2018;2018;RESUMEN;https://post.anid.cl/frontend.php/es/postulacion/descargar/hash/ecf8881fbec69a6dd286f94ec783e0a9
11180974;FONDECYT de Iniciación 2018;2018;RESUMEN;https://post.anid.cl/frontend.php/es/postulacion/descargar/hash/cfa3d4840dab4aab819472f743d2aeb7
11180979;FONDECYT de Iniciación 2018;2018;RESUMEN;https://post.anid.cl/frontend.php/es/postulacion/descargar/hash/d05bdf85b02e6e159dae994729f32f20
11180981;FONDECYT de Iniciación 2018;2018;RESUMEN;https://post.anid.cl/frontend.php/es/postulacion/descargar/hash/a420b2efba741b37e72ea8a41f5d74ba
11180984;FONDECYT de Iniciación 2018;2018;RESUMEN;https://post.anid.cl/frontend.php/es/postulacion/descargar/hash/81336ff283d5e3c85d6e645603624d8c
11180987;FONDECYT de Iniciación 2018;2018;RESUMEN;https://post.anid.cl/frontend.php/es/postulacion/descargar/hash/3e49d82987300d59d3a41f8502446221
11180990;FONDECYT de Iniciación 2018;2018;RESUMEN;https://post.anid.cl/frontend.php/es/postulacion/descargar/hash/455fcf6c432790a915768befe86bd999
11180992;FONDECYT de Iniciación 2018;2018;RESUMEN;https://post.anid.cl/frontend.php/es/postulacion/descargar/hash/7e3a332d969b261976b87b9eb8b2badc
11180994;FONDECYT de Iniciación 2018;2018;RESUMEN;https://post.anid.cl/frontend.php/es/postulacion/descargar/hash/d8eb09255d5b998bbf135754613ab22d
11180995;FONDECYT de Iniciación 2018;2018;RESUMEN;https://post.anid.cl/frontend.php/es/postulacion/descargar/hash/a3369d36063857489883c55967646280
11180998;FONDECYT de Iniciación 2018;2018;RESUMEN;https://post.anid.cl/frontend.php/es/postulacion/descargar/hash/2948936fa70167ad5824bd81f5209ca8
11181000;FONDECYT de Iniciación 2018;2018;RESUMEN;https://post.anid.cl/frontend.php/es/postulacion/descargar/hash/3a462472cb4f0ab3bb9e7e48f6878b46
11181006;FONDECYT de Iniciación 2018;2018;RESUMEN;https://post.anid.cl/frontend.php/es/postulacion/descargar/hash/1f87f97f3011457004a7c040b685cc05
11181008;FONDECYT de Iniciación 2018;2018;RESUMEN;https://post.anid.cl/frontend.php/es/postulacion/descargar/hash/115bf08a2b0a9ef369fd2f5eac955b57
11181015;FONDECYT de Iniciación 2018;2018;RESUMEN;https://post.anid.cl/frontend.php/es/postulacion/descargar/hash/ab5a3451224be77def6fadcb66b32073
11181017;FONDECYT de Iniciación 2018;2018;RESUMEN;https://post.anid.cl/frontend.php/es/postulacion/descargar/hash/c3ebcf73a22f24f5eba9d4cd6da02fe9
11181019;FONDECYT de Iniciación 2018;2018;RESUMEN;https://post.anid.cl/frontend.php/es/postulacion/descargar/hash/3c26768a1d586a77e8afa920b6e90fec
11181020;FONDECYT de Iniciación 2018;2018;RESUMEN;https://post.anid.cl/frontend.php/es/postulacion/descargar/hash/ed91d85fed0233e14ebd2a41fcf7c326
11181028;FONDECYT de Iniciación 2018;2018;RESUMEN;https://post.anid.cl/frontend.php/es/postulacion/descargar/hash/fff6235cb1a2ea635916942fbe8ad5f6
11181029;FONDECYT de Iniciación 2018;2018;RESUMEN;https://post.anid.cl/frontend.php/es/postulacion/descargar/hash/e5dca3a722f96ca448a3532e8f3430a6
11181032;FONDECYT de Iniciación 2018;2018;RESUMEN;https://post.anid.cl/frontend.php/es/postulacion/descargar/hash/98dc03d5977de70a48c673e1eb1b98c6
11181035;FONDECYT de Iniciación 2018;2018;RESUMEN;https://post.anid.cl/frontend.php/es/postulacion/descargar/hash/ce5dfd903a94b4f427574f4ecc971f43
11181048;FONDECYT de Iniciación 2018;2018;RESUMEN;https://post.anid.cl/frontend.php/es/postulacion/descargar/hash/1578c87eb134f28a007df6d521ac7a60
11181050;FONDECYT de Iniciación 2018;2018;RESUMEN;https://post.anid.cl/frontend.php/es/postulacion/descargar/hash/2d1ecf59f4226f66cc3f9986039b3fa2
11181051;FONDECYT de Iniciación 2018;2018;RESUMEN;https://post.anid.cl/frontend.php/es/postulacion/descargar/hash/641f7170e00506b2d683e4e7b7c76422
11181056;FONDECYT de Iniciación 2018;2018;RESUMEN;https://post.anid.cl/frontend.php/es/postulacion/descargar/hash/64ec1e30f512a750b036c250854a675b
11181060;FONDECYT de Iniciación 2018;2018;RESUMEN;https://post.anid.cl/frontend.php/es/postulacion/descargar/hash/107c2634061105e20bc49025a4c66340
11181067;FONDECYT de Iniciación 2018;2018;RESUMEN;https://post.anid.cl/frontend.php/es/postulacion/descargar/hash/a7254253f5b65c3459279ea1670c21f8
11181068;FONDECYT de Iniciación 2018;2018;RESUMEN;https://post.anid.cl/frontend.php/es/postulacion/descargar/hash/458fd8a7a8dd29b5739b15771da816b1
11181072;FONDECYT de Iniciación 2018;2018;RESUMEN;https://post.anid.cl/frontend.php/es/postulacion/descargar/hash/d5a6b9308cb928706e742919a50f74a5
11181076;FONDECYT de Iniciación 2018;2018;RESUMEN;https://post.anid.cl/frontend.php/es/postulacion/descargar/hash/576fe85a3135887363b611c2ed264971
11181082;FONDECYT de Iniciación 2018;2018;RESUMEN;https://post.anid.cl/frontend.php/es/postulacion/descargar/hash/3e057e5c250aa3c6a9a2aa62d3b72b39
11181084;FONDECYT de Iniciación 2018;2018;RESUMEN;https://post.anid.cl/frontend.php/es/postulacion/descargar/hash/5f3c1bbdd60abb3f8b0704bc6ecc4d48
11181086;FONDECYT de Iniciación 2018;2018;RESUMEN;https://post.anid.cl/frontend.php/es/postulacion/descargar/hash/07bfc94e8d13890a00a4d22464e78fca
11181088;FONDECYT de Iniciación 2018;2018;RESUMEN;https://post.anid.cl/frontend.php/es/postulacion/descargar/hash/a7a26264e08c6ab028ca550dfeb229d0
11181090;FONDECYT de Iniciación 2018;2018;RESUMEN;https://post.anid.cl/frontend.php/es/postulacion/descargar/hash/adb7eb349e028c97ce86ea9b2dcd41c9
11181093;FONDECYT de Iniciación 2018;2018;RESUMEN;https://post.anid.cl/frontend.php/es/postulacion/descargar/hash/270db4ae0744b4ed7777606f41fb3893
11181094;FONDECYT de Iniciación 2018;2018;RESUMEN;https://post.anid.cl/frontend.php/es/postulacion/descargar/hash/1241ac35e5cbaa15d2425adcd073f163
11181099;FONDECYT de Iniciación 2018;2018;RESUMEN;https://post.anid.cl/frontend.php/es/postulacion/descargar/hash/4cf8327ce1efc3d046ef51c3012298f2
11181100;FONDECYT de Iniciación 2018;2018;RESUMEN;https://post.anid.cl/frontend.php/es/postulacion/descargar/hash/d39190196a93ca0045d091099394428d
11181104;FONDECYT de Iniciación 2018;2018;RESUMEN;https://post.anid.cl/frontend.php/es/postulacion/descargar/hash/866d6fac233faaf349c4c447c8abcc44
11181105;FONDECYT de Iniciación 2018;2018;RESUMEN;https://post.anid.cl/frontend.php/es/postulacion/descargar/hash/5d974a2a22b904fcccda90d6d0832aac
11181107;FONDECYT de Iniciación 2018;2018;RESUMEN;https://post.anid.cl/frontend.php/es/postulacion/descargar/hash/5d62593870bca0fd8a9216db5d838706
11181109;FONDECYT de Iniciación 2018;2018;RESUMEN;https://post.anid.cl/frontend.php/es/postulacion/descargar/hash/6e7423ea940617d7f099438970af4bd2
11181122;FONDECYT de Iniciación 2018;2018;RESUMEN;https://post.anid.cl/frontend.php/es/postulacion/descargar/hash/2f007dd5382e60e0423832fd3d9f0894
11181126;FONDECYT de Iniciación 2018;2018;RESUMEN;https://post.anid.cl/frontend.php/es/postulacion/descargar/hash/2d09728b91dacaf1512f607273bc4466
11181133;FONDECYT de Iniciación 2018;2018;RESUMEN;https://post.anid.cl/frontend.php/es/postulacion/descargar/hash/0c9170cf6407166ec68085e02b8dd104
11181135;FONDECYT de Iniciación 2018;2018;RESUMEN;https://post.anid.cl/frontend.php/es/postulacion/descargar/hash/78bd235ad662697a575f2e75f9ecc687
11181138;FONDECYT de Iniciación 2018;2018;RESUMEN;https://post.anid.cl/frontend.php/es/postulacion/descargar/hash/6aa6aec890cb86d514ce795047dbe180
11181140;FONDECYT de Iniciación 2018;2018;RESUMEN;https://post.anid.cl/frontend.php/es/postulacion/descargar/hash/9ef22afd762f89b5360783d4ca7cbd4f
11181146;FONDECYT de Iniciación 2018;2018;RESUMEN;https://post.anid.cl/frontend.php/es/postulacion/descargar/hash/377c06fc96954fe3e646752443c2dfa6
11181150;FONDECYT de Iniciación 2018;2018;RESUMEN;https://post.anid.cl/frontend.php/es/postulacion/descargar/hash/a0962d8da83b669042b8da6917cd0864
11181152;FONDECYT de Iniciación 2018;2018;RESUMEN;https://post.anid.cl/frontend.php/es/postulacion/descargar/hash/3025e1468925103a88816c81b9fbf56b
11181153;FONDECYT de Iniciación 2018;2018;RESUMEN;https://post.anid.cl/frontend.php/es/postulacion/descargar/hash/c578f47472e06c278508eb6cb8d54505
11181159;FONDECYT de Iniciación 2018;2018;RESUMEN;https://post.anid.cl/frontend.php/es/postulacion/descargar/hash/983fe461591e9a90bf96de627b121ba9
11181165;FONDECYT de Iniciación 2018;2018;RESUMEN;https://post.anid.cl/frontend.php/es/postulacion/descargar/hash/7cd6a035b66f130367efca8c6781586a
11181176;FONDECYT de Iniciación 2018;2018;RESUMEN;https://post.anid.cl/frontend.php/es/postulacion/descargar/hash/f590a1a4884d987120ebd80edec1c310
11181177;FONDECYT de Iniciación 2018;2018;RESUMEN;https://post.anid.cl/frontend.php/es/postulacion/descargar/hash/eb7c0aa955082a8ecba3b3eb8244e722
11181180;FONDECYT de Iniciación 2018;2018;RESUMEN;https://post.anid.cl/frontend.php/es/postulacion/descargar/hash/8894467ffd263b38314bccd9bfea9ace
11181182;FONDECYT de Iniciación 2018;2018;RESUMEN;https://post.anid.cl/frontend.php/es/postulacion/descargar/hash/7ebaa82c4ec57b712994fff5f1b58ef3
11181187;FONDECYT de Iniciación 2018;2018;RESUMEN;https://post.anid.cl/frontend.php/es/postulacion/descargar/hash/11cb2583936b0b4b6c9796a418fbcf92
11181188;FONDECYT de Iniciación 2018;2018;RESUMEN;https://post.anid.cl/frontend.php/es/postulacion/descargar/hash/8599e9342ebf20ae9caea9294b8f0415
11181193;FONDECYT de Iniciación 2018;2018;RESUMEN;https://post.anid.cl/frontend.php/es/postulacion/descargar/hash/14e8c7e5316125df8f8977d0f238b6f1
11181197;FONDECYT de Iniciación 2018;2018;RESUMEN;https://post.anid.cl/frontend.php/es/postulacion/descargar/hash/411604f1e7abf8e5fbaadaa6317c05c2
11181200;FONDECYT de Iniciación 2018;2018;RESUMEN;https://post.anid.cl/frontend.php/es/postulacion/descargar/hash/d243f646eef2c58e4f2b6772f97ae4b9
11181203;FONDECYT de Iniciación 2018;2018;RESUMEN;https://post.anid.cl/frontend.php/es/postulacion/descargar/hash/7a2ac3729c673ffcdc9bbbc13bbb3cd9
11181205;FONDECYT de Iniciación 2018;2018;RESUMEN;https://post.anid.cl/frontend.php/es/postulacion/descargar/hash/c61c2ef02e82b69c20c6afc50b3eaf88
11181208;FONDECYT de Iniciación 2018;2018;RESUMEN;https://post.anid.cl/frontend.php/es/postulacion/descargar/hash/95a47780c53d347be37dcfca0acd5870
11181211;FONDECYT de Iniciación 2018;2018;RESUMEN;https://post.anid.cl/frontend.php/es/postulacion/descargar/hash/4ccd430ade712b5bff65280d11d936bb
11181215;FONDECYT de Iniciación 2018;2018;RESUMEN;https://post.anid.cl/frontend.php/es/postulacion/descargar/hash/f756deb04f4c61454c74ef3497085bcf
11181220;FONDECYT de Iniciación 2018;2018;RESUMEN;https://post.anid.cl/frontend.php/es/postulacion/descargar/hash/057d269606cbdf81ffaeda53de646d46
11181222;FONDECYT de Iniciación 2018;2018;RESUMEN;https://post.anid.cl/frontend.php/es/postulacion/descargar/hash/e074634e05fafe55f22159b6e608a9fa
11181223;FONDECYT de Iniciación 2018;2018;RESUMEN;https://post.anid.cl/frontend.php/es/postulacion/descargar/hash/139b1f25b586affd8e763a0df992db6a
11181249;FONDECYT de Iniciación 2018;2018;RESUMEN;https://post.anid.cl/frontend.php/es/postulacion/descargar/hash/9e245a0941891007ced6faf547d4eb19
11181252;FONDECYT de Iniciación 2018;2018;RESUMEN;https://post.anid.cl/frontend.php/es/postulacion/descargar/hash/c7063a8467df990f494a43ce82e5d814
11181254;FONDECYT de Iniciación 2018;2018;RESUMEN;https://post.anid.cl/frontend.php/es/postulacion/descargar/hash/00283173a87635e14ad85caa82dceabc
11181259;FONDECYT de Iniciación 2018;2018;RESUMEN;https://post.anid.cl/frontend.php/es/postulacion/descargar/hash/8a9604aedfb12f1e871eb19279c87959
11181262;FONDECYT de Iniciación 2018;2018;RESUMEN;https://post.anid.cl/frontend.php/es/postulacion/descargar/hash/d92cd6e4a5a8c2f55fc6f079d863bd97
11181263;FONDECYT de Iniciación 2018;2018;RESUMEN;https://post.anid.cl/frontend.php/es/postulacion/descargar/hash/b1927f3b1e3e7f6376e8892e8d6f90be
11181270;FONDECYT de Iniciación 2018;2018;RESUMEN;https://post.anid.cl/frontend.php/es/postulacion/descargar/hash/87bcb14f7d645942b5adfc03b0378a88
11181286;FONDECYT de Iniciación 2018;2018;RESUMEN;https://post.anid.cl/frontend.php/es/postulacion/descargar/hash/ab8473cc35e26322152eb7cd91876779
11181293;FONDECYT de Iniciación 2018;2018;RESUMEN;https://post.anid.cl/frontend.php/es/postulacion/descargar/hash/3c10759837d5ecc0e29798c909570344
11181295;FONDECYT de Iniciación 2018;2018;RESUMEN;https://post.anid.cl/frontend.php/es/postulacion/descargar/hash/bdb68f209a322253eb03e3c1218f9c0e
11181301;FONDECYT de Iniciación 2018;2018;RESUMEN;https://post.anid.cl/frontend.php/es/postulacion/descargar/hash/8ed1c6839429a6464b9d132e19950ba6
11181303;FONDECYT de Iniciación 2018;2018;RESUMEN;https://post.anid.cl/frontend.php/es/postulacion/descargar/hash/4a457b63ec4094a444c3ecd5b837b330
11181307;FONDECYT de Iniciación 2018;2018;RESUMEN;https://post.anid.cl/frontend.php/es/postulacion/descargar/hash/5f2127550bd6b997b22f86274c6e9b0a
11181320;FONDECYT de Iniciación 2018;2018;RESUMEN;https://post.anid.cl/frontend.php/es/postulacion/descargar/hash/44d46b3d2d296a283fd91e424ca3d5f3
11181329;FONDECYT de Iniciación 2018;2018;RESUMEN;https://post.anid.cl/frontend.php/es/postulacion/descargar/hash/fe83372a2b063a64160ee167b8953c5e
11181330;FONDECYT de Iniciación 2018;2018;RESUMEN;https://post.anid.cl/frontend.php/es/postulacion/descargar/hash/46432c688f79d70c4abceffecf018129
11181331;FONDECYT de Iniciación 2018;2018;RESUMEN;https://post.anid.cl/frontend.php/es/postulacion/descargar/hash/d2009aedb6a7be791eabbbc63bc0d252
11181334;FONDECYT de Iniciación 2018;2018;RESUMEN;https://post.anid.cl/frontend.php/es/postulacion/descargar/hash/0105ca46a370ca5c08da199349999506
11181335;FONDECYT de Iniciación 2018;2018;RESUMEN;https://post.anid.cl/frontend.php/es/postulacion/descargar/hash/b2cf9089855f9ab87f8b50f0ca47d2ea
11181337;FONDECYT de Iniciación 2018;2018;RESUMEN;https://post.anid.cl/frontend.php/es/postulacion/descargar/hash/224f0ae9aa7c68c1f3409e6e44ef0cf6
11181341;FONDECYT de Iniciación 2018;2018;RESUMEN;https://post.anid.cl/frontend.php/es/postulacion/descargar/hash/067561dde2a1866562d53d6d14b14e16
11190004;FONDECYT de Iniciación en Investigación 2019;2019;Resumen;https://post.anid.cl/frontend.php/es/postulacion/descargar/hash/09c7da173c66bfc66cc2d062f013ed89
11190013;FONDECYT de Iniciación en Investigación 2019;2019;Resumen;https://post.anid.cl/frontend.php/es/postulacion/descargar/hash/c0970895f0c027bace144d8624e8d396
11190017;FONDECYT de Iniciación en Investigación 2019;2019;Resumen;https://post.anid.cl/frontend.php/es/postulacion/descargar/hash/b08c6446b30879596b33e78b73c6f171
11190018;FONDECYT de Iniciación en Investigación 2019;2019;Resumen;https://post.anid.cl/frontend.php/es/postulacion/descargar/hash/4978876a37b1d9ac1340de3242de5362
11190022;FONDECYT de Iniciación en Investigación 2019;2019;Resumen;https://post.anid.cl/frontend.php/es/postulacion/descargar/hash/a0009d4ca682597a424d4548b3ff6a10
11190023;FONDECYT de Iniciación en Investigación 2019;2019;Resumen;https://post.anid.cl/frontend.php/es/postulacion/descargar/hash/f1b9b0e89624c1b40713ffff307ac687
11190024;FONDECYT de Iniciación en Investigación 2019;2019;Resumen;https://post.anid.cl/frontend.php/es/postulacion/descargar/hash/1cc660e639ff8ebf9e95737abd1f8e66
11190028;FONDECYT de Iniciación en Investigación 2019;2019;Resumen;https://post.anid.cl/frontend.php/es/postulacion/descargar/hash/bcd6f2b2a9b265b5fdd4c7bb060a64b0
11190029;FONDECYT de Iniciación en Investigación 2019;2019;Resumen;https://post.anid.cl/frontend.php/es/postulacion/descargar/hash/59dadb58e9638dd4af70b658f6af48f5
11190033;FONDECYT de Iniciación en Investigación 2019;2019;Resumen;https://post.anid.cl/frontend.php/es/postulacion/descargar/hash/df0c1609e038297657c1b266e3d895cc
11190034;FONDECYT de Iniciación en Investigación 2019;2019;Resumen;https://post.anid.cl/frontend.php/es/postulacion/descargar/hash/2da13eb71ba686132ab7d5cde5a90947
11190036;FONDECYT de Iniciación en Investigación 2019;2019;Resumen;https://post.anid.cl/frontend.php/es/postulacion/descargar/hash/9f42dbc9503d43590a1e29eccbb3e75f
11190044;FONDECYT de Iniciación en Investigación 2019;2019;Resumen;https://post.anid.cl/frontend.php/es/postulacion/descargar/hash/e6a3855d9f859c02f6f2bc70ea612506
11190049;FONDECYT de Iniciación en Investigación 2019;2019;Resumen;https://post.anid.cl/frontend.php/es/postulacion/descargar/hash/e6f16f320c4402fe2bf89d6edcdd3e02
11190052;FONDECYT de Iniciación en Investigación 2019;2019;Resumen;https://post.anid.cl/frontend.php/es/postulacion/descargar/hash/8aa8af79a6bc99190fe2f2faddfcc15e
11190055;FONDECYT de Iniciación en Investigación 2019;2019;Resumen;https://post.anid.cl/frontend.php/es/postulacion/descargar/hash/4f8af4c913aee7ed482aaf4ea689b6b2
11190056;FONDECYT de Iniciación en Investigación 2019;2019;Resumen;https://post.anid.cl/frontend.php/es/postulacion/descargar/hash/1e93960f758558fdc2b805f18661acfc
11190058;FONDECYT de Iniciación en Investigación 2019;2019;Resumen;https://post.anid.cl/frontend.php/es/postulacion/descargar/hash/040315aadc14bb818ca2817fd33114ee
11190060;FONDECYT de Iniciación en Investigación 2019;2019;Resumen;https://post.anid.cl/frontend.php/es/postulacion/descargar/hash/817d27fdf27bfe4e505938d541b1f7a7
11190063;FONDECYT de Iniciación en Investigación 2019;2019;Resumen;https://post.anid.cl/frontend.php/es/postulacion/descargar/hash/5ec02f4681dad7f177eb4a397e3cfbba
11190065;FONDECYT de Iniciación en Investigación 2019;2019;Resumen;https://post.anid.cl/frontend.php/es/postulacion/descargar/hash/546d765d3ba8252c56c1eb3e6fe9341a
11190068;FONDECYT de Iniciación en Investigación 2019;2019;Resumen;https://post.anid.cl/frontend.php/es/postulacion/descargar/hash/cb299a6d867b0eb6ef48dbc0ab29495a
11190071;FONDECYT de Iniciación en Investigación 2019;2019;Resumen;https://post.anid.cl/frontend.php/es/postulacion/descargar/hash/ef68ea0c6f9fe1a8aadaa9a6745df1e7
11190073;FONDECYT de Iniciación en Investigación 2019;2019;Resumen;https://post.anid.cl/frontend.php/es/postulacion/descargar/hash/40830f16a7a42adaf16fb0d1b46c44e1
11190078;FONDECYT de Iniciación en Investigación 2019;2019;Resumen;https://post.anid.cl/frontend.php/es/postulacion/descargar/hash/100d8a46cfa24bd41d659c9b1310d77f
11190084;FONDECYT de Iniciación en Investigación 2019;2019;Resumen;https://post.anid.cl/frontend.php/es/postulacion/descargar/hash/5d1637ca77a56af4d2903ba10fbc5d3c
11190096;FONDECYT de Iniciación en Investigación 2019;2019;Resumen;https://post.anid.cl/frontend.php/es/postulacion/descargar/hash/61ae549e2eb82f56d8eaab04292eab27
11190098;FONDECYT de Iniciación en Investigación 2019;2019;Resumen;https://post.anid.cl/frontend.php/es/postulacion/descargar/hash/01ebf480729f090f029c00ff920be20f
11190104;FONDECYT de Iniciación en Investigación 2019;2019;Resumen;https://post.anid.cl/frontend.php/es/postulacion/descargar/hash/c5cc222a389038378643d272c38a2999
11190112;FONDECYT de Iniciación en Investigación 2019;2019;Resumen;https://post.anid.cl/frontend.php/es/postulacion/descargar/hash/5deac474d24ce467e74e0cf309285a57
11190114;FONDECYT de Iniciación en Investigación 2019;2019;Resumen;https://post.anid.cl/frontend.php/es/postulacion/descargar/hash/2c4e66338bb89ac3052131dcf1af4cb3
11190116;FONDECYT de Iniciación en Investigación 2019;2019;Resumen;https://post.anid.cl/frontend.php/es/postulacion/descargar/hash/3ffce0e4db5edfee3c6e7d0e60175234
11190118;FONDECYT de Iniciación en Investigación 2019;2019;Resumen;https://post.anid.cl/frontend.php/es/postulacion/descargar/hash/2522a8e04bd8adf6d393ec32c0edbd7c
11190122;FONDECYT de Iniciación en Investigación 2019;2019;Resumen;https://post.anid.cl/frontend.php/es/postulacion/descargar/hash/c252b890cfef581e51ced1ae80f9bc1d
11190123;FONDECYT de Iniciación en Investigación 2019;2019;Resumen;https://post.anid.cl/frontend.php/es/postulacion/descargar/hash/6bc9777813a0525656793f7ef2b0d2fd
11190126;FONDECYT de Iniciación en Investigación 2019;2019;Resumen;https://post.anid.cl/frontend.php/es/postulacion/descargar/hash/3a4ac6f4549c1a57c3ca7566ebde8ffa
11190130;FONDECYT de Iniciación en Investigación 2019;2019;Resumen;https://post.anid.cl/frontend.php/es/postulacion/descargar/hash/bb83731c713afe997b68b0a075f71f3a
11190132;FONDECYT de Iniciación en Investigación 2019;2019;Resumen;https://post.anid.cl/frontend.php/es/postulacion/descargar/hash/14417ba5c291dcd80d2dd2ba060f684f
11190133;FONDECYT de Iniciación en Investigación 2019;2019;Resumen;https://post.anid.cl/frontend.php/es/postulacion/descargar/hash/96696eec235d8b5c4bee1039b3c5edd5
11190134;FONDECYT de Iniciación en Investigación 2019;2019;Resumen;https://post.anid.cl/frontend.php/es/postulacion/descargar/hash/bd9c024dff9f26aa09102be49a777e83
11190135;FONDECYT de Iniciación en Investigación 2019;2019;Resumen;https://post.anid.cl/frontend.php/es/postulacion/descargar/hash/0af84a6940eafbbb0912941e168a1ccf
11190137;FONDECYT de Iniciación en Investigación 2019;2019;Resumen;https://post.anid.cl/frontend.php/es/postulacion/descargar/hash/73b76f6a51eb53a0aba1b79ff852ece2
11190143;FONDECYT de Iniciación en Investigación 2019;2019;Resumen;https://post.anid.cl/frontend.php/es/postulacion/descargar/hash/e28a42434baed3387600cddca77448be
11190145;FONDECYT de Iniciación en Investigación 2019;2019;Resumen;https://post.anid.cl/frontend.php/es/postulacion/descargar/hash/93963033047665a2e43d5fed99db428c
11190146;FONDECYT de Iniciación en Investigación 2019;2019;Resumen;https://post.anid.cl/frontend.php/es/postulacion/descargar/hash/f9d63cbea414e77a535bf24d7c2aae30
11190147;FONDECYT de Iniciación en Investigación 2019;2019;Resumen;https://post.anid.cl/frontend.php/es/postulacion/descargar/hash/4218cd1cd9145619c383c16b9f9f7d9a
11190152;FONDECYT de Iniciación en Investigación 2019;2019;Resumen;https://post.anid.cl/frontend.php/es/postulacion/descargar/hash/4861216f3b8b78ff897ff893bff499ac
11190154;FONDECYT de Iniciación en Investigación 2019;2019;Resumen;https://post.anid.cl/frontend.php/es/postulacion/descargar/hash/4ac328f239679c11e6411d3e1408513e
11190157;FONDECYT de Iniciación en Investigación 2019;2019;Resumen;https://post.anid.cl/frontend.php/es/postulacion/descargar/hash/d694d379b6d22bf883cf4c2c2b27fa48
11190158;FONDECYT de Iniciación en Investigación 2019;2019;Resumen;https://post.anid.cl/frontend.php/es/postulacion/descargar/hash/d0a63d7832071b3bc0a376805f3d4924
11190167;FONDECYT de Iniciación en Investigación 2019;2019;Resumen;https://post.anid.cl/frontend.php/es/postulacion/descargar/hash/388e674b2ef03594847702b7cd619d0d
11190168;FONDECYT de Iniciación en Investigación 2019;2019;Resumen;https://post.anid.cl/frontend.php/es/postulacion/descargar/hash/b70beb16375181a55c8b10bb6929f306
11190169;FONDECYT de Iniciación en Investigación 2019;2019;Resumen;https://post.anid.cl/frontend.php/es/postulacion/descargar/hash/ef3b0511445b2a5bbe52a2e7506f336f
11190173;FONDECYT de Iniciación en Investigación 2019;2019;Resumen;https://post.anid.cl/frontend.php/es/postulacion/descargar/hash/a5e2bc6c14cb1c9b84cc7c0f94ecaeb1
11190174;FONDECYT de Iniciación en Investigación 2019;2019;Resumen;https://post.anid.cl/frontend.php/es/postulacion/descargar/hash/f557b48a5388e850c9973c69eecb8635
11190184;FONDECYT de Iniciación en Investigación 2019;2019;Resumen;https://post.anid.cl/frontend.php/es/postulacion/descargar/hash/7a84732e833020e059b2d09e58025087
11190188;FONDECYT de Iniciación en Investigación 2019;2019;Resumen;https://post.anid.cl/frontend.php/es/postulacion/descargar/hash/a2d7f437b90197beb439d88acd0c2844
11190190;FONDECYT de Iniciación en Investigación 2019;2019;Resumen;https://post.anid.cl/frontend.php/es/postulacion/descargar/hash/2ee09c56d435a1e5a6774e6a5885ba2d
11190192;FONDECYT de Iniciación en Investigación 2019;2019;Resumen;https://post.anid.cl/frontend.php/es/postulacion/descargar/hash/02d62576219b5fdb474ac4b00ac45a9f
11190195;FONDECYT de Iniciación en Investigación 2019;2019;Resumen;https://post.anid.cl/frontend.php/es/postulacion/descargar/hash/6c70d9836dfe57fd68daa389f96bee2c
11190198;FONDECYT de Iniciación en Investigación 2019;2019;Resumen;https://post.anid.cl/frontend.php/es/postulacion/descargar/hash/5053e091f8106dda42cd3e429feba87b
11190199;FONDECYT de Iniciación en Investigación 2019;2019;Resumen;https://post.anid.cl/frontend.php/es/postulacion/descargar/hash/b5a28d6f70f848323ffad06834721eef
11190202;FONDECYT de Iniciación en Investigación 2019;2019;Resumen;https://post.anid.cl/frontend.php/es/postulacion/descargar/hash/27a76923fb3c1e4b8b42c2c4e5a8918f
11190209;FONDECYT de Iniciación en Investigación 2019;2019;Resumen;https://post.anid.cl/frontend.php/es/postulacion/descargar/hash/1ac7154c46b93abdfcd7dd75a80219f4
11190211;FONDECYT de Iniciación en Investigación 2019;2019;Resumen;https://post.anid.cl/frontend.php/es/postulacion/descargar/hash/7f1fed6a8653cfddbdbca6eb11469c02
11190215;FONDECYT de Iniciación en Investigación 2019;2019;Resumen;https://post.anid.cl/frontend.php/es/postulacion/descargar/hash/193a3af77a41980abc9e9e4cb7ffdd83
11190220;FONDECYT de Iniciación en Investigación 2019;2019;Resumen;https://post.anid.cl/frontend.php/es/postulacion/descargar/hash/53b761e9647be17b029b25054162b004
11190229;FONDECYT de Iniciación en Investigación 2019;2019;Resumen;https://post.anid.cl/frontend.php/es/postulacion/descargar/hash/c104e1f29b188f580c4332fa27420b83
11190230;FONDECYT de Iniciación en Investigación 2019;2019;Resumen;https://post.anid.cl/frontend.php/es/postulacion/descargar/hash/194781db4d6f2d43f96f051d6a92be9b
11190233;FONDECYT de Iniciación en Investigación 2019;2019;Resumen;https://post.anid.cl/frontend.php/es/postulacion/descargar/hash/b3fcb330be1d66938c94068e73a25865
11190239;FONDECYT de Iniciación en Investigación 2019;2019;Resumen;https://post.anid.cl/frontend.php/es/postulacion/descargar/hash/f4b75f19c65c6119d502cc49d6e93eb7
11190240;FONDECYT de Iniciación en Investigación 2019;2019;Resumen;https://post.anid.cl/frontend.php/es/postulacion/descargar/hash/302a50a6c2b91ab0a1cf98ec785197ae
11190241;FONDECYT de Iniciación en Investigación 2019;2019;Resumen;https://post.anid.cl/frontend.php/es/postulacion/descargar/hash/92f81aa2a849c28d7678585b5845ed17
11190245;FONDECYT de Iniciación en Investigación 2019;2019;Resumen;https://post.anid.cl/frontend.php/es/postulacion/descargar/hash/575644938afa4704c914edf02b26d9cc
11190246;FONDECYT de Iniciación en Investigación 2019;2019;Resumen;https://post.anid.cl/frontend.php/es/postulacion/descargar/hash/632aa6b2ddd33dc1c8f85b6db46f967d
11190247;FONDECYT de Iniciación en Investigación 2019;2019;Resumen;https://post.anid.cl/frontend.php/es/postulacion/descargar/hash/a79bc8f2ee9a5fafc61812cd6a7df360
11190248;FONDECYT de Iniciación en Investigación 2019;2019;Resumen;https://post.anid.cl/frontend.php/es/postulacion/descargar/hash/075e95374efc1f319c18c8ed7c3e42d1
11190251;FONDECYT de Iniciación en Investigación 2019;2019;Resumen;https://post.anid.cl/frontend.php/es/postulacion/descargar/hash/df087a3562dc8d4e6d7f9684b2e74620
11190253;FONDECYT de Iniciación en Investigación 2019;2019;Resumen;https://post.anid.cl/frontend.php/es/postulacion/descargar/hash/caadd74007ae1b09b8a3e7396f2e1919
11190254;FONDECYT de Iniciación en Investigación 2019;2019;Resumen;https://post.anid.cl/frontend.php/es/postulacion/descargar/hash/a9be5c0efc67a18b168fa88665696fd7
11190256;FONDECYT de Iniciación en Investigación 2019;2019;Resumen;https://post.anid.cl/frontend.php/es/postulacion/descargar/hash/49ecafd0ad68ef48133770187895f42c
11190258;FONDECYT de Iniciación en Investigación 2019;2019;Resumen;https://post.anid.cl/frontend.php/es/postulacion/descargar/hash/798bc7f472c709cdf1359829cbfa4df7
11190259;FONDECYT de Iniciación en Investigación 2019;2019;Resumen;https://post.anid.cl/frontend.php/es/postulacion/descargar/hash/b144c84fbcfcfab59195e1a8758dfd4a
11190269;FONDECYT de Iniciación en Investigación 2019;2019;Resumen;https://post.anid.cl/frontend.php/es/postulacion/descargar/hash/cb157df950b69f1b0752fc4c2db24310
11190278;FONDECYT de Iniciación en Investigación 2019;2019;Resumen;https://post.anid.cl/frontend.php/es/postulacion/descargar/hash/ebf28e1fd532aba570376c93a32bd5fa
11190280;FONDECYT de Iniciación en Investigación 2019;2019;Resumen;https://post.anid.cl/frontend.php/es/postulacion/descargar/hash/922f04584fd6fd35fa0ddac427d23f21
11190283;FONDECYT de Iniciación en Investigación 2019;2019;Resumen;https://post.anid.cl/frontend.php/es/postulacion/descargar/hash/956539d2fab775936e89e449cdb0557c
11190284;FONDECYT de Iniciación en Investigación 2019;2019;Resumen;https://post.anid.cl/frontend.php/es/postulacion/descargar/hash/5aa8b201242e2ba3a17d7ba2a760f6a1
11190285;FONDECYT de Iniciación en Investigación 2019;2019;Resumen;https://post.anid.cl/frontend.php/es/postulacion/descargar/hash/00eceece1c493bf6d03b4b8241f23a7b
11190286;FONDECYT de Iniciación en Investigación 2019;2019;Resumen;https://post.anid.cl/frontend.php/es/postulacion/descargar/hash/9f373441dfa4c19bde894c21a5e5a433
11190287;FONDECYT de Iniciación en Investigación 2019;2019;Resumen;https://post.anid.cl/frontend.php/es/postulacion/descargar/hash/fe4845c9dabd7c5ac5033e5f568200fe
11190289;FONDECYT de Iniciación en Investigación 2019;2019;Resumen;https://post.anid.cl/frontend.php/es/postulacion/descargar/hash/31b96cebef9b0e22cd0accab2462b416
11190292;FONDECYT de Iniciación en Investigación 2019;2019;Resumen;https://post.anid.cl/frontend.php/es/postulacion/descargar/hash/567bf6833252dfb25f62a92207ba536d
11190295;FONDECYT de Iniciación en Investigación 2019;2019;Resumen;https://post.anid.cl/frontend.php/es/postulacion/descargar/hash/9e2d1a61aa1bcfad43efc29cd738d122
11190296;FONDECYT de Iniciación en Investigación 2019;2019;Resumen;https://post.anid.cl/frontend.php/es/postulacion/descargar/hash/0309d48e25959d10efccb11eedf34c6d
11190297;FONDECYT de Iniciación en Investigación 2019;2019;Resumen;https://post.anid.cl/frontend.php/es/postulacion/descargar/hash/2449b10e66878043bd04d39bf9f3ae94
11190298;FONDECYT de Iniciación en Investigación 2019;2019;Resumen;https://post.anid.cl/frontend.php/es/postulacion/descargar/hash/ccaa9d2bccf28a8d2106e284e7fed1d5
11190300;FONDECYT de Iniciación en Investigación 2019;2019;Resumen;https://post.anid.cl/frontend.php/es/postulacion/descargar/hash/af4eaad1f74c9b8af9c7d8900462b9e0
11190301;FONDECYT de Iniciación en Investigación 2019;2019;Resumen;https://post.anid.cl/frontend.php/es/postulacion/descargar/hash/f61b417cf34cdc68b9e10bd2201567e1
11190303;FONDECYT de Iniciación en Investigación 2019;2019;Resumen;https://post.anid.cl/frontend.php/es/postulacion/descargar/hash/375d7a01d5598ae224e3497ceaa8144a
11190305;FONDECYT de Iniciación en Investigación 2019;2019;Resumen;https://post.anid.cl/frontend.php/es/postulacion/descargar/hash/17455ed90a9501328c67cc86b8017654
11190310;FONDECYT de Iniciación en Investigación 2019;2019;Resumen;https://post.anid.cl/frontend.php/es/postulacion/descargar/hash/b95fe4b52d6173a4602c33e920334720
11190314;FONDECYT de Iniciación en Investigación 2019;2019;Resumen;https://post.anid.cl/frontend.php/es/postulacion/descargar/hash/21555fd378e511f5a8cb4050b0edc09d
11190323;FONDECYT de Iniciación en Investigación 2019;2019;Resumen;https://post.anid.cl/frontend.php/es/postulacion/descargar/hash/8b1582d20ee3962fa6dfba2b3cfda4b0
11190325;FONDECYT de Iniciación en Investigación 2019;2019;Resumen;https://post.anid.cl/frontend.php/es/postulacion/descargar/hash/50f20b78fe51e33fe37ea6544654471e
11190330;FONDECYT de Iniciación en Investigación 2019;2019;Resumen;https://post.anid.cl/frontend.php/es/postulacion/descargar/hash/2e58350c7f6ea0e517d6e85d036d7290
11190334;FONDECYT de Iniciación en Investigación 2019;2019;Resumen;https://post.anid.cl/frontend.php/es/postulacion/descargar/hash/b0b1d7b968937ab7c62a6da13b74de64
11190339;FONDECYT de Iniciación en Investigación 2019;2019;Resumen;https://post.anid.cl/frontend.php/es/postulacion/descargar/hash/f358fd48642c7ec9b82b0b5215708c9c
11190340;FONDECYT de Iniciación en Investigación 2019;2019;Resumen;https://post.anid.cl/frontend.php/es/postulacion/descargar/hash/93a6ba7cfd916b0f5106087bd0f886c9
11190344;FONDECYT de Iniciación en Investigación 2019;2019;Resumen;https://post.anid.cl/frontend.php/es/postulacion/descargar/hash/b5d2120d3c17038885303efa72e70bf5
11190348;FONDECYT de Iniciación en Investigación 2019;2019;Resumen;https://post.anid.cl/frontend.php/es/postulacion/descargar/hash/b1afe54bd1a16fadbec665bddee4d708
11190349;FONDECYT de Iniciación en Investigación 2019;2019;Resumen;https://post.anid.cl/frontend.php/es/postulacion/descargar/hash/4e84ec3b84d5acafbd55e8bbe64d9791
11190350;FONDECYT de Iniciación en Investigación 2019;2019;Resumen;https://post.anid.cl/frontend.php/es/postulacion/descargar/hash/d8cc3aee082fa40a9f22fdda39bc93b0
11190352;FONDECYT de Iniciación en Investigación 2019;2019;Resumen;https://post.anid.cl/frontend.php/es/postulacion/descargar/hash/11ee023e52df91d3b161960d81d7605f
11190353;FONDECYT de Iniciación en Investigación 2019;2019;Resumen;https://post.anid.cl/frontend.php/es/postulacion/descargar/hash/c2bac82a47be3bc0c8849a3640021c18
11190354;FONDECYT de Iniciación en Investigación 2019;2019;Resumen;https://post.anid.cl/frontend.php/es/postulacion/descargar/hash/330953c9d59e8bca7fb2c86946501248
11190355;FONDECYT de Iniciación en Investigación 2019;2019;Resumen;https://post.anid.cl/frontend.php/es/postulacion/descargar/hash/2b5f9e251fc167c2e2b27843a8cfbbcc
11190356;FONDECYT de Iniciación en Investigación 2019;2019;Resumen;https://post.anid.cl/frontend.php/es/postulacion/descargar/hash/428e76e3bec4db5d18359619dfa0610d
11190358;FONDECYT de Iniciación en Investigación 2019;2019;Resumen;https://post.anid.cl/frontend.php/es/postulacion/descargar/hash/501bd0c7407065f346efe588575b96d8
11190360;FONDECYT de Iniciación en Investigación 2019;2019;Resumen;https://post.anid.cl/frontend.php/es/postulacion/descargar/hash/c61a9c9f3d10ed644c2458370e38fd67
11190362;FONDECYT de Iniciación en Investigación 2019;2019;Resumen;https://post.anid.cl/frontend.php/es/postulacion/descargar/hash/b911d8d4265bc812c11d129e4c0e423a
11190367;FONDECYT de Iniciación en Investigación 2019;2019;Resumen;https://post.anid.cl/frontend.php/es/postulacion/descargar/hash/8c015635d573b35c7b024a8d1a478917
11190370;FONDECYT de Iniciación en Investigación 2019;2019;Resumen;https://post.anid.cl/frontend.php/es/postulacion/descargar/hash/92ea37f4029a394a6320271b3f1c3c19
11190376;FONDECYT de Iniciación en Investigación 2019;2019;Resumen;https://post.anid.cl/frontend.php/es/postulacion/descargar/hash/233cae97158591d9799bc72e2d7ffab3
11190378;FONDECYT de Iniciación en Investigación 2019;2019;Resumen;https://post.anid.cl/frontend.php/es/postulacion/descargar/hash/0a7ded61edb28b4b879ce92c15c273b4
11190379;FONDECYT de Iniciación en Investigación 2019;2019;Resumen;https://post.anid.cl/frontend.php/es/postulacion/descargar/hash/fa5be2b17a98f26d3b01abf6e78e6aa4
11190383;FONDECYT de Iniciación en Investigación 2019;2019;Resumen;https://post.anid.cl/frontend.php/es/postulacion/descargar/hash/a7c7137cff3c69992371da12859706c2
11190389;FONDECYT de Iniciación en Investigación 2019;2019;Resumen;https://post.anid.cl/frontend.php/es/postulacion/descargar/hash/c9e094ae57f433ea3e82f8660b2f5fd7
11190392;FONDECYT de Iniciación en Investigación 2019;2019;Resumen;https://post.anid.cl/frontend.php/es/postulacion/descargar/hash/68f81ad2768f3fad704ad7adcfa362f3
11190401;FONDECYT de Iniciación en Investigación 2019;2019;Resumen;https://post.anid.cl/frontend.php/es/postulacion/descargar/hash/b6c365a95755ab9750d8368afd3266e0
11190415;FONDECYT de Iniciación en Investigación 2019;2019;Resumen;https://post.anid.cl/frontend.php/es/postulacion/descargar/hash/0651a0148cb89644ae0837add4718e3a
11190421;FONDECYT de Iniciación en Investigación 2019;2019;Resumen;https://post.anid.cl/frontend.php/es/postulacion/descargar/hash/d45cd1d1212d96221a5251b68d5b48e3
11190423;FONDECYT de Iniciación en Investigación 2019;2019;Resumen;https://post.anid.cl/frontend.php/es/postulacion/descargar/hash/07c658c871305292a76aedad07fbd598
11190424;FONDECYT de Iniciación en Investigación 2019;2019;Resumen;https://post.anid.cl/frontend.php/es/postulacion/descargar/hash/0951ad7a2105858b85871ac71cb92677
11190426;FONDECYT de Iniciación en Investigación 2019;2019;Resumen;https://post.anid.cl/frontend.php/es/postulacion/descargar/hash/4361079bebd314dc4417e7bf25c945c3
11190427;FONDECYT de Iniciación en Investigación 2019;2019;Resumen;https://post.anid.cl/frontend.php/es/postulacion/descargar/hash/432a969a01d63b583bb1602e1a9e34f7
11190428;FONDECYT de Iniciación en Investigación 2019;2019;Resumen;https://post.anid.cl/frontend.php/es/postulacion/descargar/hash/1fa9f1c99cd98eb94abe29a14d51810f
11190435;FONDECYT de Iniciación en Investigación 2019;2019;Resumen;https://post.anid.cl/frontend.php/es/postulacion/descargar/hash/3596a5b041ccbc563361152c554ddb8a
11190436;FONDECYT de Iniciación en Investigación 2019;2019;Resumen;https://post.anid.cl/frontend.php/es/postulacion/descargar/hash/fe36f3b6db74656a035b293722d27bae
11190438;FONDECYT de Iniciación en Investigación 2019;2019;Resumen;https://post.anid.cl/frontend.php/es/postulacion/descargar/hash/66d4109312125a119c527ee23fd73122
11190442;FONDECYT de Iniciación en Investigación 2019;2019;Resumen;https://post.anid.cl/frontend.php/es/postulacion/descargar/hash/dfd6b9e362d78f005fe1673a396b8e94
11190446;FONDECYT de Iniciación en Investigación 2019;2019;Resumen;https://post.anid.cl/frontend.php/es/postulacion/descargar/hash/9b4aba793b1d6b4f4ff98cd53a0025ce
11190447;FONDECYT de Iniciación en Investigación 2019;2019;Resumen;https://post.anid.cl/frontend.php/es/postulacion/descargar/hash/0a1364669db43d35d5502a62d7c492c6
11190448;FONDECYT de Iniciación en Investigación 2019;2019;Resumen;https://post.anid.cl/frontend.php/es/postulacion/descargar/hash/9c8e0a8f58a5b22f248e792452dae7e2
11190453;FONDECYT de Iniciación en Investigación 2019;2019;Resumen;https://post.anid.cl/frontend.php/es/postulacion/descargar/hash/e14a8410b5af8ba7b5251a35d4bd3d83
11190456;FONDECYT de Iniciación en Investigación 2019;2019;Resumen;https://post.anid.cl/frontend.php/es/postulacion/descargar/hash/1d3cf5dbd8c16fefed16d856141c9b99
11190457;FONDECYT de Iniciación en Investigación 2019;2019;Resumen;https://post.anid.cl/frontend.php/es/postulacion/descargar/hash/d5930189ae1b5e76e33d8aac08917ff3
11190458;FONDECYT de Iniciación en Investigación 2019;2019;Resumen;https://post.anid.cl/frontend.php/es/postulacion/descargar/hash/a3a65a50caa9e00bbddbb15142620de6
11190460;FONDECYT de Iniciación en Investigación 2019;2019;Resumen;https://post.anid.cl/frontend.php/es/postulacion/descargar/hash/31cbaddead9f9d35b61e2883afd621fc
11190461;FONDECYT de Iniciación en Investigación 2019;2019;Resumen;https://post.anid.cl/frontend.php/es/postulacion/descargar/hash/4c09cc94f1f254c011e237d95c2f2218
11190462;FONDECYT de Iniciación en Investigación 2019;2019;Resumen;https://post.anid.cl/frontend.php/es/postulacion/descargar/hash/848a3c6c32f3277c9c1b6bb7aef8a100
11190464;FONDECYT de Iniciación en Investigación 2019;2019;Resumen;https://post.anid.cl/frontend.php/es/postulacion/descargar/hash/ef2f1826115c3a1cf2b7d12a22c99965
11190465;FONDECYT de Iniciación en Investigación 2019;2019;Resumen;https://post.anid.cl/frontend.php/es/postulacion/descargar/hash/1ece04e67d839efcd7d38d9368ddab75
11190469;FONDECYT de Iniciación en Investigación 2019;2019;Resumen;https://post.anid.cl/frontend.php/es/postulacion/descargar/hash/39387c2bfc5013fc1cc519f6208902b9
11190477;FONDECYT de Iniciación en Investigación 2019;2019;Resumen;https://post.anid.cl/frontend.php/es/postulacion/descargar/hash/d540247a40ede5db88f26e35e886882c
11190481;FONDECYT de Iniciación en Investigación 2019;2019;Resumen;https://post.anid.cl/frontend.php/es/postulacion/descargar/hash/d3e8d8e28fd05cbb5f74eaf5a66b6b7c
11190482;FONDECYT de Iniciación en Investigación 2019;2019;Resumen;https://post.anid.cl/frontend.php/es/postulacion/descargar/hash/404808aa15f308bf4cbb9e203152b176
11190483;FONDECYT de Iniciación en Investigación 2019;2019;Resumen;https://post.anid.cl/frontend.php/es/postulacion/descargar/hash/3a12813195d4df1a4669fa592ba7ca87
11190484;FONDECYT de Iniciación en Investigación 2019;2019;Resumen;https://post.anid.cl/frontend.php/es/postulacion/descargar/hash/e7f3f9428896b3940e70acf2633c898a
11190486;FONDECYT de Iniciación en Investigación 2019;2019;Resumen;https://post.anid.cl/frontend.php/es/postulacion/descargar/hash/d596d33f7f88e8bb22ecc7a5bc153169
11190487;FONDECYT de Iniciación en Investigación 2019;2019;Resumen;https://post.anid.cl/frontend.php/es/postulacion/descargar/hash/8b7e2bc24938e901e98365516bb18097
11190488;FONDECYT de Iniciación en Investigación 2019;2019;Resumen;https://post.anid.cl/frontend.php/es/postulacion/descargar/hash/84415656ac8430eba027ed8017194ebc
11190492;FONDECYT de Iniciación en Investigación 2019;2019;Resumen;https://post.anid.cl/frontend.php/es/postulacion/descargar/hash/0ce0a1dd10d0159bcb02688a43ebc8bc
11190496;FONDECYT de Iniciación en Investigación 2019;2019;Resumen;https://post.anid.cl/frontend.php/es/postulacion/descargar/hash/e8a9021ad7c63c639100cfabb4ea9bf3
11190498;FONDECYT de Iniciación en Investigación 2019;2019;Resumen;https://post.anid.cl/frontend.php/es/postulacion/descargar/hash/c0e977ac707ac3da4fab14b819c626ae
11190500;FONDECYT de Iniciación en Investigación 2019;2019;Resumen;https://post.anid.cl/frontend.php/es/postulacion/descargar/hash/f4a0c7cee3f2c666214a126869f43eb6
11190501;FONDECYT de Iniciación en Investigación 2019;2019;Resumen;https://post.anid.cl/frontend.php/es/postulacion/descargar/hash/0a33714da66923743ce8d5cea561691b
11190503;FONDECYT de Iniciación en Investigación 2019;2019;Resumen;https://post.anid.cl/frontend.php/es/postulacion/descargar/hash/b99409dd7999eb9571b7f915257d5b65
11190505;FONDECYT de Iniciación en Investigación 2019;2019;Resumen;https://post.anid.cl/frontend.php/es/postulacion/descargar/hash/208950857799b96badebedaf938fe88d
11190507;FONDECYT de Iniciación en Investigación 2019;2019;Resumen;https://post.anid.cl/frontend.php/es/postulacion/descargar/hash/7e5e4193fb6d1210e34b29f37de2cc5c
11190508;FONDECYT de Iniciación en Investigación 2019;2019;Resumen;https://post.anid.cl/frontend.php/es/postulacion/descargar/hash/d4374155fac106b5ed4ccf54f2141ed7
11190515;FONDECYT de Iniciación en Investigación 2019;2019;Resumen;https://post.anid.cl/frontend.php/es/postulacion/descargar/hash/0dc74f6fd524a3fe2da917869e3c0b48
11190516;FONDECYT de Iniciación en Investigación 2019;2019;Resumen;https://post.anid.cl/frontend.php/es/postulacion/descargar/hash/df4ec5418b7c8f4d8771db1222fb7b9b
11190522;FONDECYT de Iniciación en Investigación 2019;2019;Resumen;https://post.anid.cl/frontend.php/es/postulacion/descargar/hash/1e31b62f520a53eaab0ff0f837206c6f
11190524;FONDECYT de Iniciación en Investigación 2019;2019;Resumen;https://post.anid.cl/frontend.php/es/postulacion/descargar/hash/76c4d3650e50c7999419171520b88d94
11190530;FONDECYT de Iniciación en Investigación 2019;2019;Resumen;https://post.anid.cl/frontend.php/es/postulacion/descargar/hash/3b56a5a73fdfeae4f11cad92c9710e68
11190532;FONDECYT de Iniciación en Investigación 2019;2019;Resumen;https://post.anid.cl/frontend.php/es/postulacion/descargar/hash/1eff317877f9a58253511b91b58eb7e9
11190536;FONDECYT de Iniciación en Investigación 2019;2019;Resumen;https://post.anid.cl/frontend.php/es/postulacion/descargar/hash/0e7c44041ed8387c433aa6a003b89641
11190537;FONDECYT de Iniciación en Investigación 2019;2019;Resumen;https://post.anid.cl/frontend.php/es/postulacion/descargar/hash/665eaabd8ec9f67ac129766f902c19a2
11190540;FONDECYT de Iniciación en Investigación 2019;2019;Resumen;https://post.anid.cl/frontend.php/es/postulacion/descargar/hash/44df7f714c1697dd8b1651ce1b541f22
11190543;FONDECYT de Iniciación en Investigación 2019;2019;Resumen;https://post.anid.cl/frontend.php/es/postulacion/descargar/hash/f81c7a27fbed54210a1db157daf67fac
11190544;FONDECYT de Iniciación en Investigación 2019;2019;Resumen;https://post.anid.cl/frontend.php/es/postulacion/descargar/hash/3462df9e78a908b4fc8f76756a49a2f5
11190546;FONDECYT de Iniciación en Investigación 2019;2019;Resumen;https://post.anid.cl/frontend.php/es/postulacion/descargar/hash/198412601eca739987fa5a8e656130e9
11190547;FONDECYT de Iniciación en Investigación 2019;2019;Resumen;https://post.anid.cl/frontend.php/es/postulacion/descargar/hash/a7bcb2dea86b368587ca5537dbae3c3a
11190549;FONDECYT de Iniciación en Investigación 2019;2019;Resumen;https://post.anid.cl/frontend.php/es/postulacion/descargar/hash/96e09f71b8edc1170d73c3c67da22b5c
11190552;FONDECYT de Iniciación en Investigación 2019;2019;Resumen;https://post.anid.cl/frontend.php/es/postulacion/descargar/hash/95b17c07cf2ed5ed2fd7b474c02846b8
11190553;FONDECYT de Iniciación en Investigación 2019;2019;Resumen;https://post.anid.cl/frontend.php/es/postulacion/descargar/hash/eac61dccbbc1f98c166bd83bab971306
11190554;FONDECYT de Iniciación en Investigación 2019;2019;Resumen;https://post.anid.cl/frontend.php/es/postulacion/descargar/hash/0005686a39cdb2481505bbcc256e8c4a
11190555;FONDECYT de Iniciación en Investigación 2019;2019;Resumen;https://post.anid.cl/frontend.php/es/postulacion/descargar/hash/ed4593f6bd24fc840a8a87be948365ce
11190558;FONDECYT de Iniciación en Investigación 2019;2019;Resumen;https://post.anid.cl/frontend.php/es/postulacion/descargar/hash/623117141edf0e12dbc6fb4d62ef9bc7
11190561;FONDECYT de Iniciación en Investigación 2019;2019;Resumen;https://post.anid.cl/frontend.php/es/postulacion/descargar/hash/4f20a4bd4ab7485007a3cb693f2ce183
11190562;FONDECYT de Iniciación en Investigación 2019;2019;Resumen;https://post.anid.cl/frontend.php/es/postulacion/descargar/hash/125105257955dc1fc0a54559f6abbf2b
11190565;FONDECYT de Iniciación en Investigación 2019;2019;Resumen;https://post.anid.cl/frontend.php/es/postulacion/descargar/hash/da9159871170def41265c3de5eea169c
11190569;FONDECYT de Iniciación en Investigación 2019;2019;Resumen;https://post.anid.cl/frontend.php/es/postulacion/descargar/hash/a53333b47a28bf400a7a24b5badc619e
11190575;FONDECYT de Iniciación en Investigación 2019;2019;Resumen;https://post.anid.cl/frontend.php/es/postulacion/descargar/hash/495045bbe0f1adb047041a92a2d41322
11190579;FONDECYT de Iniciación en Investigación 2019;2019;Resumen;https://post.anid.cl/frontend.php/es/postulacion/descargar/hash/0f2e00a844d14bf979669b9f882bdf33
11190584;FONDECYT de Iniciación en Investigación 2019;2019;Resumen;https://post.anid.cl/frontend.php/es/postulacion/descargar/hash/7f0d4a4ce735456db51623fd23948880
11190591;FONDECYT de Iniciación en Investigación 2019;2019;Resumen;https://post.anid.cl/frontend.php/es/postulacion/descargar/hash/315e666562d38c66278b4e947e18c5d8
11190596;FONDECYT de Iniciación en Investigación 2019;2019;Resumen;https://post.anid.cl/frontend.php/es/postulacion/descargar/hash/8e530fd4d4bbf43cf4f74beeffa41598
11190597;FONDECYT de Iniciación en Investigación 2019;2019;Resumen;https://post.anid.cl/frontend.php/es/postulacion/descargar/hash/c827cf75e42245cddffcc42e439a8801
11190600;FONDECYT de Iniciación en Investigación 2019;2019;Resumen;https://post.anid.cl/frontend.php/es/postulacion/descargar/hash/de859e202a608bb3520843399a2ef58c
11190601;FONDECYT de Iniciación en Investigación 2019;2019;Resumen;https://post.anid.cl/frontend.php/es/postulacion/descargar/hash/5bfd2e5cfc02dc51ad579a84c6eaa57f
11190602;FONDECYT de Iniciación en Investigación 2019;2019;Resumen;https://post.anid.cl/frontend.php/es/postulacion/descargar/hash/b572efe68cb31c22921390a8025458c6
11190603;FONDECYT de Iniciación en Investigación 2019;2019;Resumen;https://post.anid.cl/frontend.php/es/postulacion/descargar/hash/84fbb5b460ea1669f3e28c8583a80254
11190604;FONDECYT de Iniciación en Investigación 2019;2019;Resumen;https://post.anid.cl/frontend.php/es/postulacion/descargar/hash/e602c65477eb1fd3fadbad8201f3dc9b
11190607;FONDECYT de Iniciación en Investigación 2019;2019;Resumen;https://post.anid.cl/frontend.php/es/postulacion/descargar/hash/e352f3e6fa75817da80bb10d822fcfbd
11190621;FONDECYT de Iniciación en Investigación 2019;2019;Resumen;https://post.anid.cl/frontend.php/es/postulacion/descargar/hash/8292e045858050a744d3076c9e089ce2
11190622;FONDECYT de Iniciación en Investigación 2019;2019;Resumen;https://post.anid.cl/frontend.php/es/postulacion/descargar/hash/f3a3fcc0b355070cf13ff8215d21377e
11190629;FONDECYT de Iniciación en Investigación 2019;2019;Resumen;https://post.anid.cl/frontend.php/es/postulacion/descargar/hash/98c143e07c44c910e90d6fe8ef7121ff
11190631;FONDECYT de Iniciación en Investigación 2019;2019;Resumen;https://post.anid.cl/frontend.php/es/postulacion/descargar/hash/0124cb2626bd690f6847b1495412370f
11190633;FONDECYT de Iniciación en Investigación 2019;2019;Resumen;https://post.anid.cl/frontend.php/es/postulacion/descargar/hash/61da24190748f1df4ec2475ec99b29b6
11190636;FONDECYT de Iniciación en Investigación 2019;2019;Resumen;https://post.anid.cl/frontend.php/es/postulacion/descargar/hash/8a47034c7e252e6e5690308b514ae89a
11190637;FONDECYT de Iniciación en Investigación 2019;2019;Resumen;https://post.anid.cl/frontend.php/es/postulacion/descargar/hash/61ec965202a4af12e1ca06fd1a3fee4f
11190638;FONDECYT de Iniciación en Investigación 2019;2019;Resumen;https://post.anid.cl/frontend.php/es/postulacion/descargar/hash/61ea9f41ff9b0408a749caf1d0bd47a9
11190641;FONDECYT de Iniciación en Investigación 2019;2019;Resumen;https://post.anid.cl/frontend.php/es/postulacion/descargar/hash/c13d7db0e7ad464b00da1ce340807892
11190642;FONDECYT de Iniciación en Investigación 2019;2019;Resumen;https://post.anid.cl/frontend.php/es/postulacion/descargar/hash/60ba4ba5923fd4f45b3cfffaf69f2e67
11190645;FONDECYT de Iniciación en Investigación 2019;2019;Resumen;https://post.anid.cl/frontend.php/es/postulacion/descargar/hash/8d689a8c1a51ea83fd5ff988eaafea0d
11190649;FONDECYT de Iniciación en Investigación 2019;2019;Resumen;https://post.anid.cl/frontend.php/es/postulacion/descargar/hash/81457f807782ee17e09568320272c040
11190650;FONDECYT de Iniciación en Investigación 2019;2019;Resumen;https://post.anid.cl/frontend.php/es/postulacion/descargar/hash/56f145d720a97ed5d397814f3edb6b02
11190653;FONDECYT de Iniciación en Investigación 2019;2019;Resumen;https://post.anid.cl/frontend.php/es/postulacion/descargar/hash/4eeb59487f3e46ba0fa9772c23b46f4b
11190657;FONDECYT de Iniciación en Investigación 2019;2019;Resumen;https://post.anid.cl/frontend.php/es/postulacion/descargar/hash/176caf1e550fe545b35aaf4fef975f39
11190667;FONDECYT de Iniciación en Investigación 2019;2019;Resumen;https://post.anid.cl/frontend.php/es/postulacion/descargar/hash/80f302f90f3d9c6ac2ca809e92a891de
11190671;FONDECYT de Iniciación en Investigación 2019;2019;Resumen;https://post.anid.cl/frontend.php/es/postulacion/descargar/hash/e1c1deecfb9af51630350e436e1034d5
11190673;FONDECYT de Iniciación en Investigación 2019;2019;Resumen;https://post.anid.cl/frontend.php/es/postulacion/descargar/hash/370509c349e546cb8657eff45c3b2c3e
11190678;FONDECYT de Iniciación en Investigación 2019;2019;Resumen;https://post.anid.cl/frontend.php/es/postulacion/descargar/hash/c7d43be55fd01a2eeb58c818bc62f6bc
11190679;FONDECYT de Iniciación en Investigación 2019;2019;Resumen;https://post.anid.cl/frontend.php/es/postulacion/descargar/hash/b589567f8d690622b851ab31711250d3
11190686;FONDECYT de Iniciación en Investigación 2019;2019;Resumen;https://post.anid.cl/frontend.php/es/postulacion/descargar/hash/5713fb562fe3639450bf2c052d530651
11190689;FONDECYT de Iniciación en Investigación 2019;2019;Resumen;https://post.anid.cl/frontend.php/es/postulacion/descargar/hash/ff55ca27f01f7957295ed23bf6598735
11190690;FONDECYT de Iniciación en Investigación 2019;2019;Resumen;https://post.anid.cl/frontend.php/es/postulacion/descargar/hash/fb65379c2d22e79b9c578c1976aef1f9
11190698;FONDECYT de Iniciación en Investigación 2019;2019;Resumen;https://post.anid.cl/frontend.php/es/postulacion/descargar/hash/4865843583232514eb7825af9e92b039
11190700;FONDECYT de Iniciación en Investigación 2019;2019;Resumen;https://post.anid.cl/frontend.php/es/postulacion/descargar/hash/b3718f895cac55dbfb3c922cc2d710d3
11190701;FONDECYT de Iniciación en Investigación 2019;2019;Resumen;https://post.anid.cl/frontend.php/es/postulacion/descargar/hash/0f2c4eb873766818910ca9518af7b3ba
11190709;FONDECYT de Iniciación en Investigación 2019;2019;Resumen;https://post.anid.cl/frontend.php/es/postulacion/descargar/hash/aed817c73cba5a3f9d58aadfb1af7e39
11190710;FONDECYT de Iniciación en Investigación 2019;2019;Resumen;https://post.anid.cl/frontend.php/es/postulacion/descargar/hash/b5890cac007fa7424b3765a7363c7bbb
11190711;FONDECYT de Iniciación en Investigación 2019;2019;Resumen;https://post.anid.cl/frontend.php/es/postulacion/descargar/hash/96a2f96ece7064d39a5c45bf1709ffa3
11190714;FONDECYT de Iniciación en Investigación 2019;2019;Resumen;https://post.anid.cl/frontend.php/es/postulacion/descargar/hash/4fbbc914c42d4f9fa3d85da3fed44c1e
11190715;FONDECYT de Iniciación en Investigación 2019;2019;Resumen;https://post.anid.cl/frontend.php/es/postulacion/descargar/hash/042dadf6d1cc607139b8686d29e623e7
11190720;FONDECYT de Iniciación en Investigación 2019;2019;Resumen;https://post.anid.cl/frontend.php/es/postulacion/descargar/hash/f36412db6f50ffd837a78324696fad19
11190725;FONDECYT de Iniciación en Investigación 2019;2019;Resumen;https://post.anid.cl/frontend.php/es/postulacion/descargar/hash/147ca5f99dc4f098939b28ad7f248298
11190727;FONDECYT de Iniciación en Investigación 2019;2019;Resumen;https://post.anid.cl/frontend.php/es/postulacion/descargar/hash/3d73aa915589d7ddc347b380c0ac76b0
11190730;FONDECYT de Iniciación en Investigación 2019;2019;Resumen;https://post.anid.cl/frontend.php/es/postulacion/descargar/hash/641a51ccf9a97d7ce20285360e498a02
11190734;FONDECYT de Iniciación en Investigación 2019;2019;Resumen;https://post.anid.cl/frontend.php/es/postulacion/descargar/hash/e327dd2f04a6b569d40983d09d7f7f0c
11190742;FONDECYT de Iniciación en Investigación 2019;2019;Resumen;https://post.anid.cl/frontend.php/es/postulacion/descargar/hash/b6e0a6bbdc76ff48c73180febac2d9be
11190746;FONDECYT de Iniciación en Investigación 2019;2019;Resumen;https://post.anid.cl/frontend.php/es/postulacion/descargar/hash/f98633afc0958fffa75baa8413c8864b
11190751;FONDECYT de Iniciación en Investigación 2019;2019;Resumen;https://post.anid.cl/frontend.php/es/postulacion/descargar/hash/bf1b4ae4a4175cd65fbd379cac418cb9
11190753;FONDECYT de Iniciación en Investigación 2019;2019;Resumen;https://post.anid.cl/frontend.php/es/postulacion/descargar/hash/c8ac867b4b5fcf6dc8c015116d73c4b4
11190754;FONDECYT de Iniciación en Investigación 2019;2019;Resumen;https://post.anid.cl/frontend.php/es/postulacion/descargar/hash/ccad9d1ea20d92b37df813fa424dfee4
11190755;FONDECYT de Iniciación en Investigación 2019;2019;Resumen;https://post.anid.cl/frontend.php/es/postulacion/descargar/hash/1b603563063e11fd6499df010f86392d
11190756;FONDECYT de Iniciación en Investigación 2019;2019;Resumen;https://post.anid.cl/frontend.php/es/postulacion/descargar/hash/00727d851246f6213b6d4355a45869fa
11190759;FONDECYT de Iniciación en Investigación 2019;2019;Resumen;https://post.anid.cl/frontend.php/es/postulacion/descargar/hash/01fc9469cca8c4eebc40f1567a2b6c26
11190762;FONDECYT de Iniciación en Investigación 2019;2019;Resumen;https://post.anid.cl/frontend.php/es/postulacion/descargar/hash/dd0dfdcdbb4d2a97ae219fa674e37979
11190767;FONDECYT de Iniciación en Investigación 2019;2019;Resumen;https://post.anid.cl/frontend.php/es/postulacion/descargar/hash/c6a763f0f8e7732bc79b29d846ad434f
11190770;FONDECYT de Iniciación en Investigación 2019;2019;Resumen;https://post.anid.cl/frontend.php/es/postulacion/descargar/hash/9cee531b18545e6ec335b22e0cabb732
11190774;FONDECYT de Iniciación en Investigación 2019;2019;Resumen;https://post.anid.cl/frontend.php/es/postulacion/descargar/hash/22c00f3ac3bb246598911a92bae69b2a
11190780;FONDECYT de Iniciación en Investigación 2019;2019;Resumen;https://post.anid.cl/frontend.php/es/postulacion/descargar/hash/05abca4ed0abc0c91b46267f9782ecab
11190782;FONDECYT de Iniciación en Investigación 2019;2019;Resumen;https://post.anid.cl/frontend.php/es/postulacion/descargar/hash/f5364871e199170a3a47b1cccb8ace35
11190786;FONDECYT de Iniciación en Investigación 2019;2019;Resumen;https://post.anid.cl/frontend.php/es/postulacion/descargar/hash/6d5d0e988871ab9178a29d73c675422b
11190789;FONDECYT de Iniciación en Investigación 2019;2019;Resumen;https://post.anid.cl/frontend.php/es/postulacion/descargar/hash/21bd105c31dd743f03a6d5b297ecbcf0
11190799;FONDECYT de Iniciación en Investigación 2019;2019;Resumen;https://post.anid.cl/frontend.php/es/postulacion/descargar/hash/8e5fc67403cd789a1777fa82ecb7c797
11190802;FONDECYT de Iniciación en Investigación 2019;2019;Resumen;https://post.anid.cl/frontend.php/es/postulacion/descargar/hash/30cb8cd43e85b78551968a5495eb0d29
11190803;FONDECYT de Iniciación en Investigación 2019;2019;Resumen;https://post.anid.cl/frontend.php/es/postulacion/descargar/hash/3ef0a93088988e7de18d1a8798df8863
11190806;FONDECYT de Iniciación en Investigación 2019;2019;Resumen;https://post.anid.cl/frontend.php/es/postulacion/descargar/hash/b1377f90efaeb925dd8917058e8c3e1c
11190815;FONDECYT de Iniciación en Investigación 2019;2019;Resumen;https://post.anid.cl/frontend.php/es/postulacion/descargar/hash/55212c5983de6b132196c55ed6569bd4
11190818;FONDECYT de Iniciación en Investigación 2019;2019;Resumen;https://post.anid.cl/frontend.php/es/postulacion/descargar/hash/0bf90c2026f00870e4a51c86323577fc
11190822;FONDECYT de Iniciación en Investigación 2019;2019;Resumen;https://post.anid.cl/frontend.php/es/postulacion/descargar/hash/f4ab4abacb42ebe9e8b094f085a77dce
11190827;FONDECYT de Iniciación en Investigación 2019;2019;Resumen;https://post.anid.cl/frontend.php/es/postulacion/descargar/hash/897dcf0a57b2827aa635b0ffb3909f62
11190828;FONDECYT de Iniciación en Investigación 2019;2019;Resumen;https://post.anid.cl/frontend.php/es/postulacion/descargar/hash/9eec636fbea3734b7f20c161ae303894
11190831;FONDECYT de Iniciación en Investigación 2019;2019;Resumen;https://post.anid.cl/frontend.php/es/postulacion/descargar/hash/0ff2e1e1944639767498bfeebbd3c992
11190834;FONDECYT de Iniciación en Investigación 2019;2019;Resumen;https://post.anid.cl/frontend.php/es/postulacion/descargar/hash/924172c48a6ee4c53cc1d823120160be
11190837;FONDECYT de Iniciación en Investigación 2019;2019;Resumen;https://post.anid.cl/frontend.php/es/postulacion/descargar/hash/a9bcfd7f721a5606baf4fab4dae14638
11190841;FONDECYT de Iniciación en Investigación 2019;2019;Resumen;https://post.anid.cl/frontend.php/es/postulacion/descargar/hash/343aaf44e57e1d5a30ea4e00d15706ef
11190842;FONDECYT de Iniciación en Investigación 2019;2019;Resumen;https://post.anid.cl/frontend.php/es/postulacion/descargar/hash/c087c7a8f4f4394389156d6ed9acd134
11190844;FONDECYT de Iniciación en Investigación 2019;2019;Resumen;https://post.anid.cl/frontend.php/es/postulacion/descargar/hash/15076c83ffb3d46af284602da84641b5
11190846;FONDECYT de Iniciación en Investigación 2019;2019;Resumen;https://post.anid.cl/frontend.php/es/postulacion/descargar/hash/8a9c71b27f500644a7c2b50f09920d5b
11190851;FONDECYT de Iniciación en Investigación 2019;2019;Resumen;https://post.anid.cl/frontend.php/es/postulacion/descargar/hash/4b62a05846f1926d6a6e0b11b2e9937a
11190852;FONDECYT de Iniciación en Investigación 2019;2019;Resumen;https://post.anid.cl/frontend.php/es/postulacion/descargar/hash/793ab8e47fdc21e0a6f942ceef57d009
11190853;FONDECYT de Iniciación en Investigación 2019;2019;Resumen;https://post.anid.cl/frontend.php/es/postulacion/descargar/hash/52049324e5dc1a0400e6c111156d9a22
11190854;FONDECYT de Iniciación en Investigación 2019;2019;Resumen;https://post.anid.cl/frontend.php/es/postulacion/descargar/hash/9432de62cb385a2d9903b108ee3afc81
11190856;FONDECYT de Iniciación en Investigación 2019;2019;Resumen;https://post.anid.cl/frontend.php/es/postulacion/descargar/hash/6884a87749db6f5612d8def4739505c7
11190860;FONDECYT de Iniciación en Investigación 2019;2019;Resumen;https://post.anid.cl/frontend.php/es/postulacion/descargar/hash/5328f974b7257ca09b13cf21ef2b8b9e
11190863;FONDECYT de Iniciación en Investigación 2019;2019;Resumen;https://post.anid.cl/frontend.php/es/postulacion/descargar/hash/eae66457263b8cadf22c861fb41cdbd3
11190864;FONDECYT de Iniciación en Investigación 2019;2019;Resumen;https://post.anid.cl/frontend.php/es/postulacion/descargar/hash/bc0f51356fe883a8fb5293c621e88173
11190870;FONDECYT de Iniciación en Investigación 2019;2019;Resumen;https://post.anid.cl/frontend.php/es/postulacion/descargar/hash/aba69ad232c915506ab038e269541993
11190871;FONDECYT de Iniciación en Investigación 2019;2019;Resumen;https://post.anid.cl/frontend.php/es/postulacion/descargar/hash/e72a336fb06ccf338afd8f65b23f2aa4
11190872;FONDECYT de Iniciación en Investigación 2019;2019;Resumen;https://post.anid.cl/frontend.php/es/postulacion/descargar/hash/e0f0734016ba5d3b64728825844d88d9
11190874;FONDECYT de Iniciación en Investigación 2019;2019;Resumen;https://post.anid.cl/frontend.php/es/postulacion/descargar/hash/3f177e81f94658c78bb1d6154809a0d3
11190877;FONDECYT de Iniciación en Investigación 2019;2019;Resumen;https://post.anid.cl/frontend.php/es/postulacion/descargar/hash/6286778ce1e372545d6f738204938efa
11190882;FONDECYT de Iniciación en Investigación 2019;2019;Resumen;https://post.anid.cl/frontend.php/es/postulacion/descargar/hash/ee2ffdcfa0d0f3f37284b4eb2f1be57e
11190884;FONDECYT de Iniciación en Investigación 2019;2019;Resumen;https://post.anid.cl/frontend.php/es/postulacion/descargar/hash/e5f9025cae9320039b4190f7aff49fd9
11190892;FONDECYT de Iniciación en Investigación 2019;2019;Resumen;https://post.anid.cl/frontend.php/es/postulacion/descargar/hash/209a8e9610642ed5367d1729f1776327
11190897;FONDECYT de Iniciación en Investigación 2019;2019;Resumen;https://post.anid.cl/frontend.php/es/postulacion/descargar/hash/11d104d150b195a59ddfe54792767880
11190899;FONDECYT de Iniciación en Investigación 2019;2019;Resumen;https://post.anid.cl/frontend.php/es/postulacion/descargar/hash/95d3d1bab422954e332ec9c409c6d3e3
11190900;FONDECYT de Iniciación en Investigación 2019;2019;Resumen;https://post.anid.cl/frontend.php/es/postulacion/descargar/hash/fc16bea594ba29572757ca1f28ca1226
11190901;FONDECYT de Iniciación en Investigación 2019;2019;Resumen;https://post.anid.cl/frontend.php/es/postulacion/descargar/hash/fec6174db8f6989f79f5b7457334c15a
11190902;FONDECYT de Iniciación en Investigación 2019;2019;Resumen;https://post.anid.cl/frontend.php/es/postulacion/descargar/hash/e75d1e9b254326f038aa0c1e11ecad76
11190906;FONDECYT de Iniciación en Investigación 2019;2019;Resumen;https://post.anid.cl/frontend.php/es/postulacion/descargar/hash/708d6cf4f7c44e8764772f39f9e103ef
11190909;FONDECYT de Iniciación en Investigación 2019;2019;Resumen;https://post.anid.cl/frontend.php/es/postulacion/descargar/hash/5ca36f3b0c2b01e9258abf192efdb48f
11190913;FONDECYT de Iniciación en Investigación 2019;2019;Resumen;https://post.anid.cl/frontend.php/es/postulacion/descargar/hash/762224d2c6f71def98cd457d94ae10e2
11190914;FONDECYT de Iniciación en Investigación 2019;2019;Resumen;https://post.anid.cl/frontend.php/es/postulacion/descargar/hash/40f2315893c74edf0f9eb908d46d1fbf
11190915;FONDECYT de Iniciación en Investigación 2019;2019;Resumen;https://post.anid.cl/frontend.php/es/postulacion/descargar/hash/965685c1919dec995bd9abe215ce1522
11190917;FONDECYT de Iniciación en Investigación 2019;2019;Resumen;https://post.anid.cl/frontend.php/es/postulacion/descargar/hash/8da9829e03be3da736f3b72774dadcfe
11190918;FONDECYT de Iniciación en Investigación 2019;2019;Resumen;https://post.anid.cl/frontend.php/es/postulacion/descargar/hash/6ca16ba31277d4f37db2c019cafa5b99
11190924;FONDECYT de Iniciación en Investigación 2019;2019;Resumen;https://post.anid.cl/frontend.php/es/postulacion/descargar/hash/8c4d57f6a60cc8a8dfb5b184a1204d30
11190931;FONDECYT de Iniciación en Investigación 2019;2019;Resumen;https://post.anid.cl/frontend.php/es/postulacion/descargar/hash/bd718b08c198cce3d86d9ff7cf066ebe
11190933;FONDECYT de Iniciación en Investigación 2019;2019;Resumen;https://post.anid.cl/frontend.php/es/postulacion/descargar/hash/044b4335e64a38aacc795a9746af91ce
11190934;FONDECYT de Iniciación en Investigación 2019;2019;Resumen;https://post.anid.cl/frontend.php/es/postulacion/descargar/hash/951488d48050addfe87ed53d579b2161
11190935;FONDECYT de Iniciación en Investigación 2019;2019;Resumen;https://post.anid.cl/frontend.php/es/postulacion/descargar/hash/314db7efca4eb9d476d8fb7316b1b327
11190936;FONDECYT de Iniciación en Investigación 2019;2019;Resumen;https://post.anid.cl/frontend.php/es/postulacion/descargar/hash/f00fe4ad233e4dc51ae0b180b2733933
11190944;FONDECYT de Iniciación en Investigación 2019;2019;Resumen;https://post.anid.cl/frontend.php/es/postulacion/descargar/hash/5fd12830aa5acf4fa217b1ac383b7b1f
11190945;FONDECYT de Iniciación en Investigación 2019;2019;Resumen;https://post.anid.cl/frontend.php/es/postulacion/descargar/hash/72ab4fc60250efc440246c084f74f19e
11190948;FONDECYT de Iniciación en Investigación 2019;2019;Resumen;https://post.anid.cl/frontend.php/es/postulacion/descargar/hash/e1d8185e75c1ba59007a731bddb815b3
11190949;FONDECYT de Iniciación en Investigación 2019;2019;Resumen;https://post.anid.cl/frontend.php/es/postulacion/descargar/hash/6f325123a3b5c3accaecf251c162d75f
11190952;FONDECYT de Iniciación en Investigación 2019;2019;Resumen;https://post.anid.cl/frontend.php/es/postulacion/descargar/hash/2da172cc77f9e84c5538715010527759
11190953;FONDECYT de Iniciación en Investigación 2019;2019;Resumen;https://post.anid.cl/frontend.php/es/postulacion/descargar/hash/20c3bbbf98210e5561c22ceb255e558a
11190961;FONDECYT de Iniciación en Investigación 2019;2019;Resumen;https://post.anid.cl/frontend.php/es/postulacion/descargar/hash/6779d81007503ca04bacaa877dbdd2e0
11190971;FONDECYT de Iniciación en Investigación 2019;2019;Resumen;https://post.anid.cl/frontend.php/es/postulacion/descargar/hash/2ad5a4ac4e285abe98221dd16479f104
11190972;FONDECYT de Iniciación en Investigación 2019;2019;Resumen;https://post.anid.cl/frontend.php/es/postulacion/descargar/hash/c6ba91391637f601c1245c11a0be4c00
11190976;FONDECYT de Iniciación en Investigación 2019;2019;Resumen;https://post.anid.cl/frontend.php/es/postulacion/descargar/hash/a8aa9f804f37dbfea62928a689073ce8
11190980;FONDECYT de Iniciación en Investigación 2019;2019;Resumen;https://post.anid.cl/frontend.php/es/postulacion/descargar/hash/3e979c203667f519dba0c0f5cfd32961
11190985;FONDECYT de Iniciación en Investigación 2019;2019;Resumen;https://post.anid.cl/frontend.php/es/postulacion/descargar/hash/6414c5e8b73156d9d4c0fc337fa31d98
11190987;FONDECYT de Iniciación en Investigación 2019;2019;Resumen;https://post.anid.cl/frontend.php/es/postulacion/descargar/hash/07f7c673ed6595a02d08ab0ffa559813
11190990;FONDECYT de Iniciación en Investigación 2019;2019;Resumen;https://post.anid.cl/frontend.php/es/postulacion/descargar/hash/359cfac67ed8971bd583811a1c32ca2b
11190994;FONDECYT de Iniciación en Investigación 2019;2019;Resumen;https://post.anid.cl/frontend.php/es/postulacion/descargar/hash/134507805a25f0ef1f4d2c497b8c6e81
11190995;FONDECYT de Iniciación en Investigación 2019;2019;Resumen;https://post.anid.cl/frontend.php/es/postulacion/descargar/hash/b037b35a49fd4d8d054f325d9baf8410
11190998;FONDECYT de Iniciación en Investigación 2019;2019;Resumen;https://post.anid.cl/frontend.php/es/postulacion/descargar/hash/9114c589e0f6386beadeea038290575d
11190999;FONDECYT de Iniciación en Investigación 2019;2019;Resumen;https://post.anid.cl/frontend.php/es/postulacion/descargar/hash/33abba0045c1f7d096c0434aec242c8a
11191010;FONDECYT de Iniciación en Investigación 2019;2019;Resumen;https://post.anid.cl/frontend.php/es/postulacion/descargar/hash/03dce08ac105819debfa5eb93f84f2f1
11191011;FONDECYT de Iniciación en Investigación 2019;2019;Resumen;https://post.anid.cl/frontend.php/es/postulacion/descargar/hash/8c0a827be0f38a2ff91f7eee7a698a27
11191012;FONDECYT de Iniciación en Investigación 2019;2019;Resumen;https://post.anid.cl/frontend.php/es/postulacion/descargar/hash/fc751adc6c8acc24994ff1661fe038c5
11191014;FONDECYT de Iniciación en Investigación 2019;2019;Resumen;https://post.anid.cl/frontend.php/es/postulacion/descargar/hash/76a44420169982f697be1fb0ab528286
11191016;FONDECYT de Iniciación en Investigación 2019;2019;Resumen;https://post.anid.cl/frontend.php/es/postulacion/descargar/hash/9e0c97b0c7f7734231a81862a3de86a7
11191019;FONDECYT de Iniciación en Investigación 2019;2019;Resumen;https://post.anid.cl/frontend.php/es/postulacion/descargar/hash/7bf5adb1261cbd8905bf2ddfc3ffc02f
11191021;FONDECYT de Iniciación en Investigación 2019;2019;Resumen;https://post.anid.cl/frontend.php/es/postulacion/descargar/hash/a18c02dd1fef83a6c1d31ec6c978712d
11191026;FONDECYT de Iniciación en Investigación 2019;2019;Resumen;https://post.anid.cl/frontend.php/es/postulacion/descargar/hash/a2423ce60777c6112f517508f89e89c9
11191027;FONDECYT de Iniciación en Investigación 2019;2019;Resumen;https://post.anid.cl/frontend.php/es/postulacion/descargar/hash/4da6980c489efe1f7bde9ad745595fab
11191041;FONDECYT de Iniciación en Investigación 2019;2019;Resumen;https://post.anid.cl/frontend.php/es/postulacion/descargar/hash/35ac44ed1e72f4ee3dee187ecf1ee530
11191046;FONDECYT de Iniciación en Investigación 2019;2019;Resumen;https://post.anid.cl/frontend.php/es/postulacion/descargar/hash/77e1a477d7d0b73632f37aa753ce472f
11191049;FONDECYT de Iniciación en Investigación 2019;2019;Resumen;https://post.anid.cl/frontend.php/es/postulacion/descargar/hash/1a28d5e95efc4b15f14eaa4d6ad23c1b
11191058;FONDECYT de Iniciación en Investigación 2019;2019;Resumen;https://post.anid.cl/frontend.php/es/postulacion/descargar/hash/dff68d49e81cc127fc9694467cb5580f
11191061;FONDECYT de Iniciación en Investigación 2019;2019;Resumen;https://post.anid.cl/frontend.php/es/postulacion/descargar/hash/649bd5db3d3b21cfb64fe1f460adcb8d
11191065;FONDECYT de Iniciación en Investigación 2019;2019;Resumen;https://post.anid.cl/frontend.php/es/postulacion/descargar/hash/8f3bd5bfe9c75598e2ae3840e17db696
11191067;FONDECYT de Iniciación en Investigación 2019;2019;Resumen;https://post.anid.cl/frontend.php/es/postulacion/descargar/hash/627c859de1aca9b9a2dd83f8e1e07cfd
11191074;FONDECYT de Iniciación en Investigación 2019;2019;Resumen;https://post.anid.cl/frontend.php/es/postulacion/descargar/hash/f5f844bc69e2ee603af9bb3dcef37a29
11191077;FONDECYT de Iniciación en Investigación 2019;2019;Resumen;https://post.anid.cl/frontend.php/es/postulacion/descargar/hash/c80e71cb1fa7f26d5693ca0f0940ef21
11191080;FONDECYT de Iniciación en Investigación 2019;2019;Resumen;https://post.anid.cl/frontend.php/es/postulacion/descargar/hash/495d298e949f7676125a6176cb02d7d9
11191091;FONDECYT de Iniciación en Investigación 2019;2019;Resumen;https://post.anid.cl/frontend.php/es/postulacion/descargar/hash/a30e5053857555832a6d55d39f94b723
11191092;FONDECYT de Iniciación en Investigación 2019;2019;Resumen;https://post.anid.cl/frontend.php/es/postulacion/descargar/hash/db736011840327cc9eeecfbf60d27819
11191097;FONDECYT de Iniciación en Investigación 2019;2019;Resumen;https://post.anid.cl/frontend.php/es/postulacion/descargar/hash/9771d7810e7ae0579b2ddfdcc065f5ab
11191105;FONDECYT de Iniciación en Investigación 2019;2019;Resumen;https://post.anid.cl/frontend.php/es/postulacion/descargar/hash/0f1cc1158542de2d07f2ada3df320881
11191106;FONDECYT de Iniciación en Investigación 2019;2019;Resumen;https://post.anid.cl/frontend.php/es/postulacion/descargar/hash/05c58fd10098db614414e9c477a3c10a
11191108;FONDECYT de Iniciación en Investigación 2019;2019;Resumen;https://post.anid.cl/frontend.php/es/postulacion/descargar/hash/3b250f0c7977226e26c17ee4edd28d98
11191121;FONDECYT de Iniciación en Investigación 2019;2019;Resumen;https://post.anid.cl/frontend.php/es/postulacion/descargar/hash/1b943fcc9ee9c8a33a34ed90f7e6e231
11191122;FONDECYT de Iniciación en Investigación 2019;2019;Resumen;https://post.anid.cl/frontend.php/es/postulacion/descargar/hash/511a99235659f96e6bf3e22a77ba4c9c
11191123;FONDECYT de Iniciación en Investigación 2019;2019;Resumen;https://post.anid.cl/frontend.php/es/postulacion/descargar/hash/e1696d054dcbf07a35e16bb8a7830185
11191125;FONDECYT de Iniciación en Investigación 2019;2019;Resumen;https://post.anid.cl/frontend.php/es/postulacion/descargar/hash/f703524ea1d3a1db1e8a7753929b6deb
11191130;FONDECYT de Iniciación en Investigación 2019;2019;Resumen;https://post.anid.cl/frontend.php/es/postulacion/descargar/hash/428ee2a3915d673f1782f8003b5faea2
11191136;FONDECYT de Iniciación en Investigación 2019;2019;Resumen;https://post.anid.cl/frontend.php/es/postulacion/descargar/hash/706d09455d234a66f7e458bb81b50e3b
11191138;FONDECYT de Iniciación en Investigación 2019;2019;Resumen;https://post.anid.cl/frontend.php/es/postulacion/descargar/hash/54f4676df3af9f5fc28c7877044df26a
11191146;FONDECYT de Iniciación en Investigación 2019;2019;Resumen;https://post.anid.cl/frontend.php/es/postulacion/descargar/hash/2f5e6ff0778b533e8af9a2d7b8624733
11191147;FONDECYT de Iniciación en Investigación 2019;2019;Resumen;https://post.anid.cl/frontend.php/es/postulacion/descargar/hash/35e13c36d34b61f51a47e3c5f7abe1ec
11191148;FONDECYT de Iniciación en Investigación 2019;2019;Resumen;https://post.anid.cl/frontend.php/es/postulacion/descargar/hash/c7f126aef2d707deedba23c60197ca67
11191154;FONDECYT de Iniciación en Investigación 2019;2019;Resumen;https://post.anid.cl/frontend.php/es/postulacion/descargar/hash/4ab5519e902223edabd9945f40548929
11191158;FONDECYT de Iniciación en Investigación 2019;2019;Resumen;https://post.anid.cl/frontend.php/es/postulacion/descargar/hash/52eb18cdf4cd1962f867b60aa629f62d
11191161;FONDECYT de Iniciación en Investigación 2019;2019;Resumen;https://post.anid.cl/frontend.php/es/postulacion/descargar/hash/4bdfbc735c021a906802efd348023358
11191163;FONDECYT de Iniciación en Investigación 2019;2019;Resumen;https://post.anid.cl/frontend.php/es/postulacion/descargar/hash/bcb1d97c54fb20583ccb7d3f47ee6c4a
11191175;FONDECYT de Iniciación en Investigación 2019;2019;Resumen;https://post.anid.cl/frontend.php/es/postulacion/descargar/hash/8a9b0b7f17a46729cbaf75fd632cbbcc
11191188;FONDECYT de Iniciación en Investigación 2019;2019;Resumen;https://post.anid.cl/frontend.php/es/postulacion/descargar/hash/70293593bea97a63cb28704c4f8765c5
11191193;FONDECYT de Iniciación en Investigación 2019;2019;Resumen;https://post.anid.cl/frontend.php/es/postulacion/descargar/hash/42830fc57b535a97a6fac218ad650f32
11191194;FONDECYT de Iniciación en Investigación 2019;2019;Resumen;https://post.anid.cl/frontend.php/es/postulacion/descargar/hash/545bf4098602e06e3398ae10ef524ec0
11191195;FONDECYT de Iniciación en Investigación 2019;2019;Resumen;https://post.anid.cl/frontend.php/es/postulacion/descargar/hash/afe9d431e12a8712b8543fb4366eb711
11191197;FONDECYT de Iniciación en Investigación 2019;2019;Resumen;https://post.anid.cl/frontend.php/es/postulacion/descargar/hash/83bd4b1c5832f755cd6e6fc0dc2dcc20
11191199;FONDECYT de Iniciación en Investigación 2019;2019;Resumen;https://post.anid.cl/frontend.php/es/postulacion/descargar/hash/a88ab0e1da1c95d767705e097aa7f102
11191205;FONDECYT de Iniciación en Investigación 2019;2019;Resumen;https://post.anid.cl/frontend.php/es/postulacion/descargar/hash/d8394bd21f671992d5e6f32ae25cfb3f
11191206;FONDECYT de Iniciación en Investigación 2019;2019;Resumen;https://post.anid.cl/frontend.php/es/postulacion/descargar/hash/6d7c19b000d1392e9f53946df788c5bc
11191209;FONDECYT de Iniciación en Investigación 2019;2019;Resumen;https://post.anid.cl/frontend.php/es/postulacion/descargar/hash/aca65e3addd97e5e2083fe19d5593fa4
11191211;FONDECYT de Iniciación en Investigación 2019;2019;Resumen;https://post.anid.cl/frontend.php/es/postulacion/descargar/hash/c77b6fc77f5088de66c00ac8daf7ca31
11191215;FONDECYT de Iniciación en Investigación 2019;2019;Resumen;https://post.anid.cl/frontend.php/es/postulacion/descargar/hash/9277a673d496131f06942f1f368628b9
11191217;FONDECYT de Iniciación en Investigación 2019;2019;Resumen;https://post.anid.cl/frontend.php/es/postulacion/descargar/hash/8704cb4f5aba6c0e7787aedeb541db5a
11200007;FONDECYT de Iniciación en Investigación 2020;2020;Resumen;https://post.anid.cl/frontend.php/es/postulacion/descargar/hash/20d11d3d1e387ed1ed802c3f45e83037
11200010;FONDECYT de Iniciación en Investigación 2020;2020;Resumen;https://post.anid.cl/frontend.php/es/postulacion/descargar/hash/d2f6ab4c138c11e30ecd4a5fa9a828d7
11200012;FONDECYT de Iniciación en Investigación 2020;2020;Resumen;https://post.anid.cl/frontend.php/es/postulacion/descargar/hash/b301b6958e7191d91c97436672cbd883
11200013;FONDECYT de Iniciación en Investigación 2020;2020;Resumen;https://post.anid.cl/frontend.php/es/postulacion/descargar/hash/4bc94071cb7e1f45d3b6a805aabff816
11200014;FONDECYT de Iniciación en Investigación 2020;2020;Resumen;https://post.anid.cl/frontend.php/es/postulacion/descargar/hash/0816fb266d63087ebf612314e23780aa
11200018;FONDECYT de Iniciación en Investigación 2020;2020;Resumen;https://post.anid.cl/frontend.php/es/postulacion/descargar/hash/65c24ea89ee2fc5594ec21e646638010
11200023;FONDECYT de Iniciación en Investigación 2020;2020;Resumen;https://post.anid.cl/frontend.php/es/postulacion/descargar/hash/b2883365a336b8c3a3644ac952f818ad
11200024;FONDECYT de Iniciación en Investigación 2020;2020;Resumen;https://post.anid.cl/frontend.php/es/postulacion/descargar/hash/38fa58b80cea272b74c56c9f30123ff0
11200025;FONDECYT de Iniciación en Investigación 2020;2020;Resumen;https://post.anid.cl/frontend.php/es/postulacion/descargar/hash/83e850393cbb617e99dc9bc54f0eacc3
11200027;FONDECYT de Iniciación en Investigación 2020;2020;Resumen;https://post.anid.cl/frontend.php/es/postulacion/descargar/hash/29efc71ccefd055d4990517beda27d25
11200028;FONDECYT de Iniciación en Investigación 2020;2020;Resumen;https://post.anid.cl/frontend.php/es/postulacion/descargar/hash/61d77d2727f9b1db822f12f28f72baf7
11200032;FONDECYT de Iniciación en Investigación 2020;2020;Resumen;https://post.anid.cl/frontend.php/es/postulacion/descargar/hash/8673317d57e32fead6551f6e19cc7016
11200037;FONDECYT de Iniciación en Investigación 2020;2020;Resumen;https://post.anid.cl/frontend.php/es/postulacion/descargar/hash/40dec6ef7961df3efe4d687b875ee536
11200038;FONDECYT de Iniciación en Investigación 2020;2020;Resumen;https://post.anid.cl/frontend.php/es/postulacion/descargar/hash/9acabd8fc1eecbc6191e197363ec79dd
11200039;FONDECYT de Iniciación en Investigación 2020;2020;Resumen;https://post.anid.cl/frontend.php/es/postulacion/descargar/hash/8459229f88be6dd12deddf686c7f7715
11200041;FONDECYT de Iniciación en Investigación 2020;2020;Resumen;https://post.anid.cl/frontend.php/es/postulacion/descargar/hash/fb2572b50954323e78dcf6c47ac020e7
11200048;FONDECYT de Iniciación en Investigación 2020;2020;Resumen;https://post.anid.cl/frontend.php/es/postulacion/descargar/hash/1fc536b6e85dca92e7376bbcbba91504
11200050;FONDECYT de Iniciación en Investigación 2020;2020;Resumen;https://post.anid.cl/frontend.php/es/postulacion/descargar/hash/4b585bb09391c98039c7acf9db2eab04
11200054;FONDECYT de Iniciación en Investigación 2020;2020;Resumen;https://post.anid.cl/frontend.php/es/postulacion/descargar/hash/bcc516411f138d33b09c95b8fd745b48
11200056;FONDECYT de Iniciación en Investigación 2020;2020;Resumen;https://post.anid.cl/frontend.php/es/postulacion/descargar/hash/47bb2aa8d6da1d860b7f534a879dbdad
11200057;FONDECYT de Iniciación en Investigación 2020;2020;Resumen;https://post.anid.cl/frontend.php/es/postulacion/descargar/hash/196be4ad93c331709e494d88e28485f3
11200064;FONDECYT de Iniciación en Investigación 2020;2020;Resumen;https://post.anid.cl/frontend.php/es/postulacion/descargar/hash/b4cb5781b8d65bda8bd97e9f77454e4b
11200066;FONDECYT de Iniciación en Investigación 2020;2020;Resumen;https://post.anid.cl/frontend.php/es/postulacion/descargar/hash/b8d61694851ddc4dce4baf26bba9c490
11200071;FONDECYT de Iniciación en Investigación 2020;2020;Resumen;https://post.anid.cl/frontend.php/es/postulacion/descargar/hash/af3b1b58d78482926f3ce82fb1521aa1
11200073;FONDECYT de Iniciación en Investigación 2020;2020;Resumen;https://post.anid.cl/frontend.php/es/postulacion/descargar/hash/20b1102ae968c7174e9a7fad73da11cc
11200074;FONDECYT de Iniciación en Investigación 2020;2020;Resumen;https://post.anid.cl/frontend.php/es/postulacion/descargar/hash/7e90aad2b3faad4a265c393b7cc12a47
11200078;FONDECYT de Iniciación en Investigación 2020;2020;Resumen;https://post.anid.cl/frontend.php/es/postulacion/descargar/hash/639b5e884bcb0c4a8a80c86053ff3345
11200085;FONDECYT de Iniciación en Investigación 2020;2020;Resumen;https://post.anid.cl/frontend.php/es/postulacion/descargar/hash/6deb13fbd9dc301ab76545884fcccaaa
11200087;FONDECYT de Iniciación en Investigación 2020;2020;Resumen;https://post.anid.cl/frontend.php/es/postulacion/descargar/hash/457985de540ae8b778fba85f38c378b2
11200088;FONDECYT de Iniciación en Investigación 2020;2020;Resumen;https://post.anid.cl/frontend.php/es/postulacion/descargar/hash/0b219f15b6dad7ade1590256878dbd0b
11200090;FONDECYT de Iniciación en Investigación 2020;2020;Resumen;https://post.anid.cl/frontend.php/es/postulacion/descargar/hash/fc59dc78fd8d8a390a023d9e0b67ba57
11200092;FONDECYT de Iniciación en Investigación 2020;2020;Resumen;https://post.anid.cl/frontend.php/es/postulacion/descargar/hash/19e5d5d66871aaf96f5e30a02b49b75e
11200093;FONDECYT de Iniciación en Investigación 2020;2020;Resumen;https://post.anid.cl/frontend.php/es/postulacion/descargar/hash/ffeeafb8547d6586f279702b0bb760be
11200099;FONDECYT de Iniciación en Investigación 2020;2020;Resumen;https://post.anid.cl/frontend.php/es/postulacion/descargar/hash/9df4b5e1d157012fed675a200194cf88
11200100;FONDECYT de Iniciación en Investigación 2020;2020;Resumen;https://post.anid.cl/frontend.php/es/postulacion/descargar/hash/c221751efe4a2655b4243e914623078e
11200101;FONDECYT de Iniciación en Investigación 2020;2020;Resumen;https://post.anid.cl/frontend.php/es/postulacion/descargar/hash/28ff36066cca43d51d9081c7d2957bda
11200103;FONDECYT de Iniciación en Investigación 2020;2020;Resumen;https://post.anid.cl/frontend.php/es/postulacion/descargar/hash/04e0750a69fedf731b30a17b6ba5c0d9
11200107;FONDECYT de Iniciación en Investigación 2020;2020;Resumen;https://post.anid.cl/frontend.php/es/postulacion/descargar/hash/629f4400998d8b6fb042b2e3fba8a975
11200113;FONDECYT de Iniciación en Investigación 2020;2020;Resumen;https://post.anid.cl/frontend.php/es/postulacion/descargar/hash/b93083902d66642c998d989b7fc27c22
11200114;FONDECYT de Iniciación en Investigación 2020;2020;Resumen;https://post.anid.cl/frontend.php/es/postulacion/descargar/hash/862b6cc8ca24252baa1df44107bc496b
11200117;FONDECYT de Iniciación en Investigación 2020;2020;Resumen;https://post.anid.cl/frontend.php/es/postulacion/descargar/hash/22eb3e189bfadfa6c1667e477a9e1abe
11200118;FONDECYT de Iniciación en Investigación 2020;2020;Resumen;https://post.anid.cl/frontend.php/es/postulacion/descargar/hash/1c13e67cf243b5090a8a6e4719825f57
11200121;FONDECYT de Iniciación en Investigación 2020;2020;Resumen;https://post.anid.cl/frontend.php/es/postulacion/descargar/hash/5f9e6676be4133e85f999cc4ce41886c
11200126;FONDECYT de Iniciación en Investigación 2020;2020;Resumen;https://post.anid.cl/frontend.php/es/postulacion/descargar/hash/98d6246a3fae587d7dc8364b3fb7b365
11200138;FONDECYT de Iniciación en Investigación 2020;2020;Resumen;https://post.anid.cl/frontend.php/es/postulacion/descargar/hash/5a0cff9d13e25dc6595cda1f3802d926
11200142;FONDECYT de Iniciación en Investigación 2020;2020;Resumen;https://post.anid.cl/frontend.php/es/postulacion/descargar/hash/8e87d340ed08f06b8409686392ecc1a6
11200144;FONDECYT de Iniciación en Investigación 2020;2020;Resumen;https://post.anid.cl/frontend.php/es/postulacion/descargar/hash/f2aa91d1860eb7ece6d901e96e4eb5ee
11200151;FONDECYT de Iniciación en Investigación 2020;2020;Resumen;https://post.anid.cl/frontend.php/es/postulacion/descargar/hash/36e58250dc3c4c578f8b57810bfba73d
11200156;FONDECYT de Iniciación en Investigación 2020;2020;Resumen;https://post.anid.cl/frontend.php/es/postulacion/descargar/hash/cca425f62985ec60a18350671c4f9263
11200160;FONDECYT de Iniciación en Investigación 2020;2020;Resumen;https://post.anid.cl/frontend.php/es/postulacion/descargar/hash/81aeb5650b776d8a8ee478dd63a5ec96
11200167;FONDECYT de Iniciación en Investigación 2020;2020;Resumen;https://post.anid.cl/frontend.php/es/postulacion/descargar/hash/ecc384bcb89a56c60993516d37476cd7
11200168;FONDECYT de Iniciación en Investigación 2020;2020;Resumen;https://post.anid.cl/frontend.php/es/postulacion/descargar/hash/cca3c8cd6e8d5f5c1aca417b2083e2d1
11200169;FONDECYT de Iniciación en Investigación 2020;2020;Resumen;https://post.anid.cl/frontend.php/es/postulacion/descargar/hash/2fef802ed937791c3dcad1f532073a83
11200175;FONDECYT de Iniciación en Investigación 2020;2020;Resumen;https://post.anid.cl/frontend.php/es/postulacion/descargar/hash/3085d44c6e3473758b86bf337a710337
11200178;FONDECYT de Iniciación en Investigación 2020;2020;Resumen;https://post.anid.cl/frontend.php/es/postulacion/descargar/hash/d4f0e3f979ab5d991a9489b8442f10dd
11200188;FONDECYT de Iniciación en Investigación 2020;2020;Resumen;https://post.anid.cl/frontend.php/es/postulacion/descargar/hash/8cbcb4acffd2faa9eeb1140017527e81
11200189;FONDECYT de Iniciación en Investigación 2020;2020;Resumen;https://post.anid.cl/frontend.php/es/postulacion/descargar/hash/7fd526c79772c419c18a428ef5b75776
11200190;FONDECYT de Iniciación en Investigación 2020;2020;Resumen;https://post.anid.cl/frontend.php/es/postulacion/descargar/hash/b3ff1c2494de32ebb01bdba995276312
11200191;FONDECYT de Iniciación en Investigación 2020;2020;Resumen;https://post.anid.cl/frontend.php/es/postulacion/descargar/hash/f83a078ea47c3f2b8015691e0d45151d
11200192;FONDECYT de Iniciación en Investigación 2020;2020;Resumen;https://post.anid.cl/frontend.php/es/postulacion/descargar/hash/665c164cb94447f348064d2e67f9b60c
11200194;FONDECYT de Iniciación en Investigación 2020;2020;Resumen;https://post.anid.cl/frontend.php/es/postulacion/descargar/hash/ee7211df2632725cebc2f47774cbfe1d
11200208;FONDECYT de Iniciación en Investigación 2020;2020;Resumen;https://post.anid.cl/frontend.php/es/postulacion/descargar/hash/4e6b620c2cfa4877dece23495bb6787b
11200209;FONDECYT de Iniciación en Investigación 2020;2020;Resumen;https://post.anid.cl/frontend.php/es/postulacion/descargar/hash/1f42dfcb9364deb0e02773fd9eecc8c9
11200211;FONDECYT de Iniciación en Investigación 2020;2020;Resumen;https://post.anid.cl/frontend.php/es/postulacion/descargar/hash/a43445a8633f74f1ec3015fe1a8a4042
11200212;FONDECYT de Iniciación en Investigación 2020;2020;Resumen;https://post.anid.cl/frontend.php/es/postulacion/descargar/hash/eb84de05e877bd7b7b9ea2fe567f7763
11200225;FONDECYT de Iniciación en Investigación 2020;2020;Resumen;https://post.anid.cl/frontend.php/es/postulacion/descargar/hash/e5282689e6fc5d67e8a09b1ebc1eb741
11200226;FONDECYT de Iniciación en Investigación 2020;2020;Resumen;https://post.anid.cl/frontend.php/es/postulacion/descargar/hash/663116da70dd8bc26b6875171cb732bd
11200228;FONDECYT de Iniciación en Investigación 2020;2020;Resumen;https://post.anid.cl/frontend.php/es/postulacion/descargar/hash/ef2295c4d280633a02086a8ab0eb7e0e
11200235;FONDECYT de Iniciación en Investigación 2020;2020;Resumen;https://post.anid.cl/frontend.php/es/postulacion/descargar/hash/3896c1d5676f752f338c2aacc696fed4
11200236;FONDECYT de Iniciación en Investigación 2020;2020;Resumen;https://post.anid.cl/frontend.php/es/postulacion/descargar/hash/534f1265181ada821ae53f7ae82e7b24
11200239;FONDECYT de Iniciación en Investigación 2020;2020;Resumen;https://post.anid.cl/frontend.php/es/postulacion/descargar/hash/29806ba92b1084d7ba476723745fd17b
11200244;FONDECYT de Iniciación en Investigación 2020;2020;Resumen;https://post.anid.cl/frontend.php/es/postulacion/descargar/hash/d57fc474257acd383712b3794b33b0e8
11200245;FONDECYT de Iniciación en Investigación 2020;2020;Resumen;https://post.anid.cl/frontend.php/es/postulacion/descargar/hash/5b9cf04b2c7e998be1e531a1181ab157
11200258;FONDECYT de Iniciación en Investigación 2020;2020;Resumen;https://post.anid.cl/frontend.php/es/postulacion/descargar/hash/71ffbe64c456582c6434cfb7fdf6851b
11200259;FONDECYT de Iniciación en Investigación 2020;2020;Resumen;https://post.anid.cl/frontend.php/es/postulacion/descargar/hash/bc6c740db266c2d8c3763f1bcefdbcea
11200263;FONDECYT de Iniciación en Investigación 2020;2020;Resumen;https://post.anid.cl/frontend.php/es/postulacion/descargar/hash/ddc92528bc27c85696b5964b6b9f869f
11200264;FONDECYT de Iniciación en Investigación 2020;2020;Resumen;https://post.anid.cl/frontend.php/es/postulacion/descargar/hash/a54abe55c2d356d717c195cbf58cd8c5
11200265;FONDECYT de Iniciación en Investigación 2020;2020;Resumen;https://post.anid.cl/frontend.php/es/postulacion/descargar/hash/ce85fd3aefe3f1135bd2bb7d99da54b2
11200266;FONDECYT de Iniciación en Investigación 2020;2020;Resumen;https://post.anid.cl/frontend.php/es/postulacion/descargar/hash/cbe4f40caf77f56a7a88b314fd27de5a
11200270;FONDECYT de Iniciación en Investigación 2020;2020;Resumen;https://post.anid.cl/frontend.php/es/postulacion/descargar/hash/b974815216643b089301d5d7a6548c3e
11200275;FONDECYT de Iniciación en Investigación 2020;2020;Resumen;https://post.anid.cl/frontend.php/es/postulacion/descargar/hash/a1bd2d6a7565449685d5748d095828e2
11200279;FONDECYT de Iniciación en Investigación 2020;2020;Resumen;https://post.anid.cl/frontend.php/es/postulacion/descargar/hash/81dc45984089c6447930f8c30cb014eb
11200280;FONDECYT de Iniciación en Investigación 2020;2020;Resumen;https://post.anid.cl/frontend.php/es/postulacion/descargar/hash/b6ac4249b82674827bf78fc0dc3b693b
11200283;FONDECYT de Iniciación en Investigación 2020;2020;Resumen;https://post.anid.cl/frontend.php/es/postulacion/descargar/hash/866e9ba9302daee0a6cac098701ff145
11200286;FONDECYT de Iniciación en Investigación 2020;2020;Resumen;https://post.anid.cl/frontend.php/es/postulacion/descargar/hash/ece3c9b0c53475ac5ce37a5af18d3fdd
11200287;FONDECYT de Iniciación en Investigación 2020;2020;Resumen;https://post.anid.cl/frontend.php/es/postulacion/descargar/hash/f1af583a17aa34514d43e8c9561ecfb6
11200290;FONDECYT de Iniciación en Investigación 2020;2020;Resumen;https://post.anid.cl/frontend.php/es/postulacion/descargar/hash/bf15fe6a65a27fc87e1c22879de42d8c
11200291;FONDECYT de Iniciación en Investigación 2020;2020;Resumen;https://post.anid.cl/frontend.php/es/postulacion/descargar/hash/a96ae21930c9ba7364bd0acf02d41b2e
11200292;FONDECYT de Iniciación en Investigación 2020;2020;Resumen;https://post.anid.cl/frontend.php/es/postulacion/descargar/hash/56df0921465e45fd44d8c1dfcdef8c1a
11200293;FONDECYT de Iniciación en Investigación 2020;2020;Resumen;https://post.anid.cl/frontend.php/es/postulacion/descargar/hash/a57502ef7ceea6136cbcbc415e0d41bc
11200294;FONDECYT de Iniciación en Investigación 2020;2020;Resumen;https://post.anid.cl/frontend.php/es/postulacion/descargar/hash/af751282a732ac3d76049856ff85a104
11200297;FONDECYT de Iniciación en Investigación 2020;2020;Resumen;https://post.anid.cl/frontend.php/es/postulacion/descargar/hash/b431e1e95587b0d903dfefb59a4c3f3b
11200300;FONDECYT de Iniciación en Investigación 2020;2020;Resumen;https://post.anid.cl/frontend.php/es/postulacion/descargar/hash/18ad11e779918f3d5b0ca5272a9c0312
11200302;FONDECYT de Iniciación en Investigación 2020;2020;Resumen;https://post.anid.cl/frontend.php/es/postulacion/descargar/hash/e0c588c6db92a3d350081fcc1e1973dc
11200306;FONDECYT de Iniciación en Investigación 2020;2020;Resumen;https://post.anid.cl/frontend.php/es/postulacion/descargar/hash/6a659e1259b9327ffda34ab49c52c916
11200308;FONDECYT de Iniciación en Investigación 2020;2020;Resumen;https://post.anid.cl/frontend.php/es/postulacion/descargar/hash/2f39e0a12f9a0b3984118f1e2fbfa84f
11200319;FONDECYT de Iniciación en Investigación 2020;2020;Resumen;https://post.anid.cl/frontend.php/es/postulacion/descargar/hash/b78bf639b4e5a420fd84bfe38d9ec318
11200324;FONDECYT de Iniciación en Investigación 2020;2020;Resumen;https://post.anid.cl/frontend.php/es/postulacion/descargar/hash/b4b33fab01ce7772c59beb1a7d7c7057
11200325;FONDECYT de Iniciación en Investigación 2020;2020;Resumen;https://post.anid.cl/frontend.php/es/postulacion/descargar/hash/0e54460d984a573eab2358314bcd4161
11200326;FONDECYT de Iniciación en Investigación 2020;2020;Resumen;https://post.anid.cl/frontend.php/es/postulacion/descargar/hash/bd5960879e6884ac45a6d8bb1c13848e
11200329;FONDECYT de Iniciación en Investigación 2020;2020;Resumen;https://post.anid.cl/frontend.php/es/postulacion/descargar/hash/b99cc146deeff6fac00d35ac33bfa09d
11200331;FONDECYT de Iniciación en Investigación 2020;2020;Resumen;https://post.anid.cl/frontend.php/es/postulacion/descargar/hash/34a3a1bd66ca4a6766dee61101323e04
11200335;FONDECYT de Iniciación en Investigación 2020;2020;Resumen;https://post.anid.cl/frontend.php/es/postulacion/descargar/hash/1a751d84d972b9b23a054fdc217d7524
11200338;FONDECYT de Iniciación en Investigación 2020;2020;Resumen;https://post.anid.cl/frontend.php/es/postulacion/descargar/hash/fd242f3af789b3be358685adb77f053f
11200339;FONDECYT de Iniciación en Investigación 2020;2020;Resumen;https://post.anid.cl/frontend.php/es/postulacion/descargar/hash/c2032528bad70432b17aeb985585c2f8
11200342;FONDECYT de Iniciación en Investigación 2020;2020;Resumen;https://post.anid.cl/frontend.php/es/postulacion/descargar/hash/19f7101a36473509fba61412478d1f48
11200345;FONDECYT de Iniciación en Investigación 2020;2020;Resumen;https://post.anid.cl/frontend.php/es/postulacion/descargar/hash/0d25dbc34581275647533af4bab394ac
11200349;FONDECYT de Iniciación en Investigación 2020;2020;Resumen;https://post.anid.cl/frontend.php/es/postulacion/descargar/hash/2b35111db7755ab85398b3e6a874e552
11200350;FONDECYT de Iniciación en Investigación 2020;2020;Resumen;https://post.anid.cl/frontend.php/es/postulacion/descargar/hash/eb85e4d6f211a00b7a75ae065a1b8088
11200352;FONDECYT de Iniciación en Investigación 2020;2020;Resumen;https://post.anid.cl/frontend.php/es/postulacion/descargar/hash/4e15828dcf97a2fb8c2dc655fd9ef310
11200360;FONDECYT de Iniciación en Investigación 2020;2020;Resumen;https://post.anid.cl/frontend.php/es/postulacion/descargar/hash/fefb9d2a3439b0e91a22c9c97f132a12
11200365;FONDECYT de Iniciación en Investigación 2020;2020;Resumen;https://post.anid.cl/frontend.php/es/postulacion/descargar/hash/18641f0bcc9cec10ed7d2096677f2ed3
11200366;FONDECYT de Iniciación en Investigación 2020;2020;Resumen;https://post.anid.cl/frontend.php/es/postulacion/descargar/hash/1b7c9977983bef8563b8b7ada1358125
11200367;FONDECYT de Iniciación en Investigación 2020;2020;Resumen;https://post.anid.cl/frontend.php/es/postulacion/descargar/hash/82ee9f696dad3b6c8bfd79edd143a886
11200371;FONDECYT de Iniciación en Investigación 2020;2020;Resumen;https://post.anid.cl/frontend.php/es/postulacion/descargar/hash/d30bf2791fe4c3481270a475129c8563
11200377;FONDECYT de Iniciación en Investigación 2020;2020;Resumen;https://post.anid.cl/frontend.php/es/postulacion/descargar/hash/aae3f255a21b09a6077e5adb28d26504
11200388;FONDECYT de Iniciación en Investigación 2020;2020;Resumen;https://post.anid.cl/frontend.php/es/postulacion/descargar/hash/6e6dfa2a198ebad2704c981aa4258c2b
11200391;FONDECYT de Iniciación en Investigación 2020;2020;Resumen;https://post.anid.cl/frontend.php/es/postulacion/descargar/hash/ec476b50aab3fe23294ca50d41e3f711
11200394;FONDECYT de Iniciación en Investigación 2020;2020;Resumen;https://post.anid.cl/frontend.php/es/postulacion/descargar/hash/28376dea4632e4e2faff07a2bb517a82
11200398;FONDECYT de Iniciación en Investigación 2020;2020;Resumen;https://post.anid.cl/frontend.php/es/postulacion/descargar/hash/e79627d3f4daa73b999c4fc3a85d8494
11200406;FONDECYT de Iniciación en Investigación 2020;2020;Resumen;https://post.anid.cl/frontend.php/es/postulacion/descargar/hash/c175e319467336f80293d6e4469df056
11200413;FONDECYT de Iniciación en Investigación 2020;2020;Resumen;https://post.anid.cl/frontend.php/es/postulacion/descargar/hash/755d4fa3e733b4491c4ad85da4a32b45
11200414;FONDECYT de Iniciación en Investigación 2020;2020;Resumen;https://post.anid.cl/frontend.php/es/postulacion/descargar/hash/c8d2571281960ddce7e403e22416e519
11200415;FONDECYT de Iniciación en Investigación 2020;2020;Resumen;https://post.anid.cl/frontend.php/es/postulacion/descargar/hash/02a3da17f1540559e33ba0597f6d8b47
11200416;FONDECYT de Iniciación en Investigación 2020;2020;Resumen;https://post.anid.cl/frontend.php/es/postulacion/descargar/hash/2547acccfda61672dfce40521206f39d
11200421;FONDECYT de Iniciación en Investigación 2020;2020;Resumen;https://post.anid.cl/frontend.php/es/postulacion/descargar/hash/2062ffbe1d673ef33b3d3828cc5ebdf6
11200425;FONDECYT de Iniciación en Investigación 2020;2020;Resumen;https://post.anid.cl/frontend.php/es/postulacion/descargar/hash/d3dd84563eec386377ff73931cf4336b
11200428;FONDECYT de Iniciación en Investigación 2020;2020;Resumen;https://post.anid.cl/frontend.php/es/postulacion/descargar/hash/b41873984ef2840f51439419b453738d
11200429;FONDECYT de Iniciación en Investigación 2020;2020;Resumen;https://post.anid.cl/frontend.php/es/postulacion/descargar/hash/c40d5b0cae91924d83fdafd4b898fdd9
11200431;FONDECYT de Iniciación en Investigación 2020;2020;Resumen;https://post.anid.cl/frontend.php/es/postulacion/descargar/hash/79a7f846a70ee53cfca89cd1d658465a
11200433;FONDECYT de Iniciación en Investigación 2020;2020;Resumen;https://post.anid.cl/frontend.php/es/postulacion/descargar/hash/93119d9f50864cf7a16bdaf4bd1de39b
11200436;FONDECYT de Iniciación en Investigación 2020;2020;Resumen;https://post.anid.cl/frontend.php/es/postulacion/descargar/hash/7e8edfe6ec2628fbd03bebade9bd14ac
11200437;FONDECYT de Iniciación en Investigación 2020;2020;Resumen;https://post.anid.cl/frontend.php/es/postulacion/descargar/hash/2f6f02451be837a345d96b2824349326
11200441;FONDECYT de Iniciación en Investigación 2020;2020;Resumen;https://post.anid.cl/frontend.php/es/postulacion/descargar/hash/ef728bf5289e07549754629444ca40c1
11200446;FONDECYT de Iniciación en Investigación 2020;2020;Resumen;https://post.anid.cl/frontend.php/es/postulacion/descargar/hash/66b9ac9e51e83f685596a258d3709b5d
11200451;FONDECYT de Iniciación en Investigación 2020;2020;Resumen;https://post.anid.cl/frontend.php/es/postulacion/descargar/hash/5b2a7622e0d6c2a10dbead525cbc23aa
11200458;FONDECYT de Iniciación en Investigación 2020;2020;Resumen;https://post.anid.cl/frontend.php/es/postulacion/descargar/hash/99130e38967b7f059d80378199b68eb0
11200459;FONDECYT de Iniciación en Investigación 2020;2020;Resumen;https://post.anid.cl/frontend.php/es/postulacion/descargar/hash/35bdee8081493af0caae7daeb5807be2
11200464;FONDECYT de Iniciación en Investigación 2020;2020;Resumen;https://post.anid.cl/frontend.php/es/postulacion/descargar/hash/77def9134d7ce93ffa34594eb9fee056
11200469;FONDECYT de Iniciación en Investigación 2020;2020;Resumen;https://post.anid.cl/frontend.php/es/postulacion/descargar/hash/8ed528d65d10b424d95fdd1847189507
11200474;FONDECYT de Iniciación en Investigación 2020;2020;Resumen;https://post.anid.cl/frontend.php/es/postulacion/descargar/hash/82f4c4228ea74c6ea90847dd7763a33a
11200477;FONDECYT de Iniciación en Investigación 2020;2020;Resumen;https://post.anid.cl/frontend.php/es/postulacion/descargar/hash/d00c518c9e84557d81cfadddbfa63e19
11200480;FONDECYT de Iniciación en Investigación 2020;2020;Resumen;https://post.anid.cl/frontend.php/es/postulacion/descargar/hash/320e4e3dc12591da5705b3c336f06f00
11200481;FONDECYT de Iniciación en Investigación 2020;2020;Resumen;https://post.anid.cl/frontend.php/es/postulacion/descargar/hash/a53cee9d3f2fdaf069cf3b0a509493f1
11200482;FONDECYT de Iniciación en Investigación 2020;2020;Resumen;https://post.anid.cl/frontend.php/es/postulacion/descargar/hash/9a720d2ac21a57ad63878ed987577ad8
11200486;FONDECYT de Iniciación en Investigación 2020;2020;Resumen;https://post.anid.cl/frontend.php/es/postulacion/descargar/hash/c44914f69c3f2090465954e87acbb56a
11200491;FONDECYT de Iniciación en Investigación 2020;2020;Resumen;https://post.anid.cl/frontend.php/es/postulacion/descargar/hash/1fe2c9b07364af4c5e57e89ac354ba44
11200500;FONDECYT de Iniciación en Investigación 2020;2020;Resumen;https://post.anid.cl/frontend.php/es/postulacion/descargar/hash/45a5bae0f29b11794f3125332a560ce4
11200503;FONDECYT de Iniciación en Investigación 2020;2020;Resumen;https://post.anid.cl/frontend.php/es/postulacion/descargar/hash/f5a275e01a63424801cee18b6a0157e2
11200513;FONDECYT de Iniciación en Investigación 2020;2020;Resumen;https://post.anid.cl/frontend.php/es/postulacion/descargar/hash/b4dfd6a6b1f1d74da7a4d86fbcc096a4
11200515;FONDECYT de Iniciación en Investigación 2020;2020;Resumen;https://post.anid.cl/frontend.php/es/postulacion/descargar/hash/0c6c564eb13a3a9e931648e23153822d
11200521;FONDECYT de Iniciación en Investigación 2020;2020;Resumen;https://post.anid.cl/frontend.php/es/postulacion/descargar/hash/12b7fc89e7cdcf62a9953cb5345f6b2f
11200522;FONDECYT de Iniciación en Investigación 2020;2020;Resumen;https://post.anid.cl/frontend.php/es/postulacion/descargar/hash/72a81955ed330b9affce4933b0a9aeb3
11200527;FONDECYT de Iniciación en Investigación 2020;2020;Resumen;https://post.anid.cl/frontend.php/es/postulacion/descargar/hash/c814e2749903a7d2c2dab4afdd7231ba
11200529;FONDECYT de Iniciación en Investigación 2020;2020;Resumen;https://post.anid.cl/frontend.php/es/postulacion/descargar/hash/8204b6dcff547e233d0bad9ab72d0d47
11200532;FONDECYT de Iniciación en Investigación 2020;2020;Resumen;https://post.anid.cl/frontend.php/es/postulacion/descargar/hash/c4049f39793f98031bfb2cd214a6f8d1
11200537;FONDECYT de Iniciación en Investigación 2020;2020;Resumen;https://post.anid.cl/frontend.php/es/postulacion/descargar/hash/6773b8c905c00cbdb55e23bf5786bdb0
11200545;FONDECYT de Iniciación en Investigación 2020;2020;Resumen;https://post.anid.cl/frontend.php/es/postulacion/descargar/hash/f107cc892a2ac21355c07ac2c80275c1
11200555;FONDECYT de Iniciación en Investigación 2020;2020;Resumen;https://post.anid.cl/frontend.php/es/postulacion/descargar/hash/680dd42acd0b618e2249f7e102cb81e4
11200558;FONDECYT de Iniciación en Investigación 2020;2020;Resumen;https://post.anid.cl/frontend.php/es/postulacion/descargar/hash/95b5955638174a404849e77ac8802c82
11200561;FONDECYT de Iniciación en Investigación 2020;2020;Resumen;https://post.anid.cl/frontend.php/es/postulacion/descargar/hash/1fd65adce403167540d09bffced6e72f
11200563;FONDECYT de Iniciación en Investigación 2020;2020;Resumen;https://post.anid.cl/frontend.php/es/postulacion/descargar/hash/7c17fc14ebe183eda9c43374f9b7e97b
11200564;FONDECYT de Iniciación en Investigación 2020;2020;Resumen;https://post.anid.cl/frontend.php/es/postulacion/descargar/hash/54248c3cbf465da3f24f07f75e5d3a6e
11200569;FONDECYT de Iniciación en Investigación 2020;2020;Resumen;https://post.anid.cl/frontend.php/es/postulacion/descargar/hash/111ded576a7be2576b14d636975820bd
11200571;FONDECYT de Iniciación en Investigación 2020;2020;Resumen;https://post.anid.cl/frontend.php/es/postulacion/descargar/hash/6faaa50abd71f0c08ac314fa2e84df14
11200574;FONDECYT de Iniciación en Investigación 2020;2020;Resumen;https://post.anid.cl/frontend.php/es/postulacion/descargar/hash/b83a7ce4b6c7f58d995299b069b14501
11200576;FONDECYT de Iniciación en Investigación 2020;2020;Resumen;https://post.anid.cl/frontend.php/es/postulacion/descargar/hash/ee9a73222ae1ac8851c02c24151eda8d
11200579;FONDECYT de Iniciación en Investigación 2020;2020;Resumen;https://post.anid.cl/frontend.php/es/postulacion/descargar/hash/074be0e1f1604c4c8c1f967164e651c5
11200584;FONDECYT de Iniciación en Investigación 2020;2020;Resumen;https://post.anid.cl/frontend.php/es/postulacion/descargar/hash/536e4a13b130fe849a47aec983b21b37
11200588;FONDECYT de Iniciación en Investigación 2020;2020;Resumen;https://post.anid.cl/frontend.php/es/postulacion/descargar/hash/d7903cbd38ec6bd9de10753d08f55ab5
11200590;FONDECYT de Iniciación en Investigación 2020;2020;Resumen;https://post.anid.cl/frontend.php/es/postulacion/descargar/hash/09d0ad6f379bc75e1a7590fb63cd5174
11200592;FONDECYT de Iniciación en Investigación 2020;2020;Resumen;https://post.anid.cl/frontend.php/es/postulacion/descargar/hash/1e2e3b14b943aedc10aea36ed830332b
11200593;FONDECYT de Iniciación en Investigación 2020;2020;Resumen;https://post.anid.cl/frontend.php/es/postulacion/descargar/hash/bc61103c554592e3cc1257b51f9885f9
11200594;FONDECYT de Iniciación en Investigación 2020;2020;Resumen;https://post.anid.cl/frontend.php/es/postulacion/descargar/hash/154540a93fcb45d0716c8d4dd4fc5e3f
11200596;FONDECYT de Iniciación en Investigación 2020;2020;Resumen;https://post.anid.cl/frontend.php/es/postulacion/descargar/hash/38a5b22813b840d1f62b26fdf35f437a
11200602;FONDECYT de Iniciación en Investigación 2020;2020;Resumen;https://post.anid.cl/frontend.php/es/postulacion/descargar/hash/b04295f34528c3b9f693948be595c603
11200608;FONDECYT de Iniciación en Investigación 2020;2020;Resumen;https://post.anid.cl/frontend.php/es/postulacion/descargar/hash/24665bc3dcc7aaa33d204f5d5ec9e3d3
11200609;FONDECYT de Iniciación en Investigación 2020;2020;Resumen;https://post.anid.cl/frontend.php/es/postulacion/descargar/hash/1f34280783cdfd6247863b7b1d475684
11200611;FONDECYT de Iniciación en Investigación 2020;2020;Resumen;https://post.anid.cl/frontend.php/es/postulacion/descargar/hash/2281cf9869bda9792d81e74cc3db14c5
11200616;FONDECYT de Iniciación en Investigación 2020;2020;Resumen;https://post.anid.cl/frontend.php/es/postulacion/descargar/hash/618110b0b5a09a146e0e7d308e182acd
11200618;FONDECYT de Iniciación en Investigación 2020;2020;Resumen;https://post.anid.cl/frontend.php/es/postulacion/descargar/hash/a07a2f8e8255f0c663e2bd3113e65e52
11200620;FONDECYT de Iniciación en Investigación 2020;2020;Resumen;https://post.anid.cl/frontend.php/es/postulacion/descargar/hash/e13b7d1cca96eace843c6b883652b1bb
11200625;FONDECYT de Iniciación en Investigación 2020;2020;Resumen;https://post.anid.cl/frontend.php/es/postulacion/descargar/hash/29adf13da49ffe067eebe33cd08eb6f7
11200627;FONDECYT de Iniciación en Investigación 2020;2020;Resumen;https://post.anid.cl/frontend.php/es/postulacion/descargar/hash/d5dd3058b46d4d7d74d3f2f19728ceb5
11200638;FONDECYT de Iniciación en Investigación 2020;2020;Resumen;https://post.anid.cl/frontend.php/es/postulacion/descargar/hash/960066a035dccefd98f13eb9d3c40ce7
11200642;FONDECYT de Iniciación en Investigación 2020;2020;Resumen;https://post.anid.cl/frontend.php/es/postulacion/descargar/hash/aa8a3df20f965d46756a762d14285ee7
11200648;FONDECYT de Iniciación en Investigación 2020;2020;Resumen;https://post.anid.cl/frontend.php/es/postulacion/descargar/hash/7b924591fbcf03c8cdb627ef43c1b6d6
11200656;FONDECYT de Iniciación en Investigación 2020;2020;Resumen;https://post.anid.cl/frontend.php/es/postulacion/descargar/hash/d640ca67e321b53ffb234d2faec29b19
11200659;FONDECYT de Iniciación en Investigación 2020;2020;Resumen;https://post.anid.cl/frontend.php/es/postulacion/descargar/hash/385e99be4aafe9cc209e51482bcb015b
11200665;FONDECYT de Iniciación en Investigación 2020;2020;Resumen;https://post.anid.cl/frontend.php/es/postulacion/descargar/hash/1383940afc7ba49c52fe35f1514cdaa9
11200666;FONDECYT de Iniciación en Investigación 2020;2020;Resumen;https://post.anid.cl/frontend.php/es/postulacion/descargar/hash/df572b4cb07dc15b1a5e57e4764c6c58
11200667;FONDECYT de Iniciación en Investigación 2020;2020;Resumen;https://post.anid.cl/frontend.php/es/postulacion/descargar/hash/54a107b01c9e92fefc4f171d42017178
11200677;FONDECYT de Iniciación en Investigación 2020;2020;Resumen;https://post.anid.cl/frontend.php/es/postulacion/descargar/hash/958a7b68183ebfd3555256a292a149ed
11200682;FONDECYT de Iniciación en Investigación 2020;2020;Resumen;https://post.anid.cl/frontend.php/es/postulacion/descargar/hash/aea3c2445b404ad3d9d1d4f703428d37
11200683;FONDECYT de Iniciación en Investigación 2020;2020;Resumen;https://post.anid.cl/frontend.php/es/postulacion/descargar/hash/c6dc9da6182eeaf83010725c8c77c298
11200688;FONDECYT de Iniciación en Investigación 2020;2020;Resumen;https://post.anid.cl/frontend.php/es/postulacion/descargar/hash/749cf783d105ce3ddb29a40013d55074
11200690;FONDECYT de Iniciación en Investigación 2020;2020;Resumen;https://post.anid.cl/frontend.php/es/postulacion/descargar/hash/94c7358b7388d8ac8089fcc916303f43
11200694;FONDECYT de Iniciación en Investigación 2020;2020;Resumen;https://post.anid.cl/frontend.php/es/postulacion/descargar/hash/bfd5b8da9fe8fcc711283ea70525651b
11200696;FONDECYT de Iniciación en Investigación 2020;2020;Resumen;https://post.anid.cl/frontend.php/es/postulacion/descargar/hash/9d774c34aba0c6732e73654ca5fc014d
11200702;FONDECYT de Iniciación en Investigación 2020;2020;Resumen;https://post.anid.cl/frontend.php/es/postulacion/descargar/hash/371ede8b5f12f21cd97633b1b0bf33a9
11200703;FONDECYT de Iniciación en Investigación 2020;2020;Resumen;https://post.anid.cl/frontend.php/es/postulacion/descargar/hash/0e3b0235c98dc2d24c1a7a42a7c0fa0c
11200708;FONDECYT de Iniciación en Investigación 2020;2020;Resumen;https://post.anid.cl/frontend.php/es/postulacion/descargar/hash/f85a478fe5ab4eb9745c6977ccc7b2c9
11200709;FONDECYT de Iniciación en Investigación 2020;2020;Resumen;https://post.anid.cl/frontend.php/es/postulacion/descargar/hash/10ba705860bdff1b02f7cf7c1e12e818
11200710;FONDECYT de Iniciación en Investigación 2020;2020;Resumen;https://post.anid.cl/frontend.php/es/postulacion/descargar/hash/2ca7c93bb59bd35cf608c24eaee23c7e
11200715;FONDECYT de Iniciación en Investigación 2020;2020;Resumen;https://post.anid.cl/frontend.php/es/postulacion/descargar/hash/c89165925f7a21c6e25c1e1f34b710d2
11200720;FONDECYT de Iniciación en Investigación 2020;2020;Resumen;https://post.anid.cl/frontend.php/es/postulacion/descargar/hash/a87830ec538738826903769300c02a80
11200729;FONDECYT de Iniciación en Investigación 2020;2020;Resumen;https://post.anid.cl/frontend.php/es/postulacion/descargar/hash/46e7384b903c8ea9750d9c04cbe81d75
11200733;FONDECYT de Iniciación en Investigación 2020;2020;Resumen;https://post.anid.cl/frontend.php/es/postulacion/descargar/hash/4ba1592be2c1720e0d3d60eeacf8a5b1
11200737;FONDECYT de Iniciación en Investigación 2020;2020;Resumen;https://post.anid.cl/frontend.php/es/postulacion/descargar/hash/25a622a861a012508ce06080eb326113
11200738;FONDECYT de Iniciación en Investigación 2020;2020;Resumen;https://post.anid.cl/frontend.php/es/postulacion/descargar/hash/a1c1ba823885541e3fbb82f884d9531f
11200742;FONDECYT de Iniciación en Investigación 2020;2020;Resumen;https://post.anid.cl/frontend.php/es/postulacion/descargar/hash/a18f089fbf6d3acb73e5cbacc3bd7855
11200749;FONDECYT de Iniciación en Investigación 2020;2020;Resumen;https://post.anid.cl/frontend.php/es/postulacion/descargar/hash/a689855ecbebdc8ac82b73e66f57e29e
11200751;FONDECYT de Iniciación en Investigación 2020;2020;Resumen;https://post.anid.cl/frontend.php/es/postulacion/descargar/hash/a92e85e53c6a49aed130039ad520ceff
11200755;FONDECYT de Iniciación en Investigación 2020;2020;Resumen;https://post.anid.cl/frontend.php/es/postulacion/descargar/hash/a049afe5ad9d2190b76f75e776e47ec0
11200758;FONDECYT de Iniciación en Investigación 2020;2020;Resumen;https://post.anid.cl/frontend.php/es/postulacion/descargar/hash/6e5e6647040899a156093992d8b619e9
11200762;FONDECYT de Iniciación en Investigación 2020;2020;Resumen;https://post.anid.cl/frontend.php/es/postulacion/descargar/hash/e953578d72f23093aa72798b62a9bdcc
11200763;FONDECYT de Iniciación en Investigación 2020;2020;Resumen;https://post.anid.cl/frontend.php/es/postulacion/descargar/hash/2d3ef6bfe18b81723680c0ee7b8c1bde
11200764;FONDECYT de Iniciación en Investigación 2020;2020;Resumen;https://post.anid.cl/frontend.php/es/postulacion/descargar/hash/f740c37d29755f0bd52f9be54bc3bfde
11200775;FONDECYT de Iniciación en Investigación 2020;2020;Resumen;https://post.anid.cl/frontend.php/es/postulacion/descargar/hash/2f109f15f8986f9500ee253136b35c24
11200778;FONDECYT de Iniciación en Investigación 2020;2020;Resumen;https://post.anid.cl/frontend.php/es/postulacion/descargar/hash/e38c3599fb53953c2a9632ab8067657a
11200781;FONDECYT de Iniciación en Investigación 2020;2020;Resumen;https://post.anid.cl/frontend.php/es/postulacion/descargar/hash/c15b95156d1fbdd9f7740f6d1b2bbb9d
11200782;FONDECYT de Iniciación en Investigación 2020;2020;Resumen;https://post.anid.cl/frontend.php/es/postulacion/descargar/hash/37023d7c45a504191b2bb1e9b22c613c
11200789;FONDECYT de Iniciación en Investigación 2020;2020;Resumen;https://post.anid.cl/frontend.php/es/postulacion/descargar/hash/2b9473c453cbd4fd1e3cb04520a889dd
11200793;FONDECYT de Iniciación en Investigación 2020;2020;Resumen;https://post.anid.cl/frontend.php/es/postulacion/descargar/hash/26047a92afa368f6794046795e929a1d
11200796;FONDECYT de Iniciación en Investigación 2020;2020;Resumen;https://post.anid.cl/frontend.php/es/postulacion/descargar/hash/94be708a37a045752f6fddadfe8d271b
11200798;FONDECYT de Iniciación en Investigación 2020;2020;Resumen;https://post.anid.cl/frontend.php/es/postulacion/descargar/hash/bf1cd894108f44ffb3417bacd0596f77
11200805;FONDECYT de Iniciación en Investigación 2020;2020;Resumen;https://post.anid.cl/frontend.php/es/postulacion/descargar/hash/80a2c7e07f8ca984c6405354d49eacec
11200807;FONDECYT de Iniciación en Investigación 2020;2020;Resumen;https://post.anid.cl/frontend.php/es/postulacion/descargar/hash/28d40124fad49e15ef54f6d1a39bc586
11200813;FONDECYT de Iniciación en Investigación 2020;2020;Resumen;https://post.anid.cl/frontend.php/es/postulacion/descargar/hash/0c7bbfbed2a48307844c53e50cb153b1
11200821;FONDECYT de Iniciación en Investigación 2020;2020;Resumen;https://post.anid.cl/frontend.php/es/postulacion/descargar/hash/c280060153452189458de56e132378a1
11200826;FONDECYT de Iniciación en Investigación 2020;2020;Resumen;https://post.anid.cl/frontend.php/es/postulacion/descargar/hash/94c2395a31c7451c23ccd8f832afc57f
11200835;FONDECYT de Iniciación en Investigación 2020;2020;Resumen;https://post.anid.cl/frontend.php/es/postulacion/descargar/hash/71805035e92ec239b83b7ebc648310eb
11200836;FONDECYT de Iniciación en Investigación 2020;2020;Resumen;https://post.anid.cl/frontend.php/es/postulacion/descargar/hash/4c061f2ca459f7b27c578fcb321819d7
11200851;FONDECYT de Iniciación en Investigación 2020;2020;Resumen;https://post.anid.cl/frontend.php/es/postulacion/descargar/hash/5e16f423232eb8a33d38cc28848113c2
11200852;FONDECYT de Iniciación en Investigación 2020;2020;Resumen;https://post.anid.cl/frontend.php/es/postulacion/descargar/hash/f0c9caf521086cbc7c213402bb456016
11200853;FONDECYT de Iniciación en Investigación 2020;2020;Resumen;https://post.anid.cl/frontend.php/es/postulacion/descargar/hash/1c72c79f8ddd4ab58dece0573b82dad6
11200854;FONDECYT de Iniciación en Investigación 2020;2020;Resumen;https://post.anid.cl/frontend.php/es/postulacion/descargar/hash/24b6dd5bac44a616f9fd295f07702b73
11200857;FONDECYT de Iniciación en Investigación 2020;2020;Resumen;https://post.anid.cl/frontend.php/es/postulacion/descargar/hash/4db175bc9bca57c25756ded099d34dea
11200858;FONDECYT de Iniciación en Investigación 2020;2020;Resumen;https://post.anid.cl/frontend.php/es/postulacion/descargar/hash/d57bb859b7521e773f98088b53d8d05c
11200866;FONDECYT de Iniciación en Investigación 2020;2020;Resumen;https://post.anid.cl/frontend.php/es/postulacion/descargar/hash/a7e278328f3db1b5a9866c6b48f1f4dd
11200872;FONDECYT de Iniciación en Investigación 2020;2020;Resumen;https://post.anid.cl/frontend.php/es/postulacion/descargar/hash/7ea4f3a41e00e4321b52c974f11535aa
11200876;FONDECYT de Iniciación en Investigación 2020;2020;Resumen;https://post.anid.cl/frontend.php/es/postulacion/descargar/hash/0614c2bc927a70d44ce89f299f49848f
11200881;FONDECYT de Iniciación en Investigación 2020;2020;Resumen;https://post.anid.cl/frontend.php/es/postulacion/descargar/hash/6e7476d0a5b69166f2f2509aba68e939
11200884;FONDECYT de Iniciación en Investigación 2020;2020;Resumen;https://post.anid.cl/frontend.php/es/postulacion/descargar/hash/3827c073637ed9bd9ee5aac55cd632c1
11200892;FONDECYT de Iniciación en Investigación 2020;2020;Resumen;https://post.anid.cl/frontend.php/es/postulacion/descargar/hash/fdb7e82137be5b3d856b06d0609afb82
11200893;FONDECYT de Iniciación en Investigación 2020;2020;Resumen;https://post.anid.cl/frontend.php/es/postulacion/descargar/hash/68a2bb8f09e815b072d2f838c56b2c55
11200894;FONDECYT de Iniciación en Investigación 2020;2020;Resumen;https://post.anid.cl/frontend.php/es/postulacion/descargar/hash/1cacb31f42b51e6078e2580b26b10d61
11200897;FONDECYT de Iniciación en Investigación 2020;2020;Resumen;https://post.anid.cl/frontend.php/es/postulacion/descargar/hash/6e638d68005b4f4dd36b8b0f0093129a
11200898;FONDECYT de Iniciación en Investigación 2020;2020;Resumen;https://post.anid.cl/frontend.php/es/postulacion/descargar/hash/d42dfdacfb14eb24bd319cb0036eecb5
11200899;FONDECYT de Iniciación en Investigación 2020;2020;Resumen;https://post.anid.cl/frontend.php/es/postulacion/descargar/hash/1c9f5d4c8c6f277f9498156ac40e40aa
11200900;FONDECYT de Iniciación en Investigación 2020;2020;Resumen;https://post.anid.cl/frontend.php/es/postulacion/descargar/hash/b1eec4b6bebf60687c4b11bd16d47ddf
11200904;FONDECYT de Iniciación en Investigación 2020;2020;Resumen;https://post.anid.cl/frontend.php/es/postulacion/descargar/hash/6fc5a8c65c07dafc0184881643bc3097
11200910;FONDECYT de Iniciación en Investigación 2020;2020;Resumen;https://post.anid.cl/frontend.php/es/postulacion/descargar/hash/10cb398ec7d519f568632fc22a0cc01f
11200916;FONDECYT de Iniciación en Investigación 2020;2020;Resumen;https://post.anid.cl/frontend.php/es/postulacion/descargar/hash/5b3d8332026d1341eeddea0ff2575279
11200919;FONDECYT de Iniciación en Investigación 2020;2020;Resumen;https://post.anid.cl/frontend.php/es/postulacion/descargar/hash/98e811f5e4f97f67f7eef342bcd6e810
11200922;FONDECYT de Iniciación en Investigación 2020;2020;Resumen;https://post.anid.cl/frontend.php/es/postulacion/descargar/hash/de792d1ab7b8ef5c97d631931088e9a6
11200924;FONDECYT de Iniciación en Investigación 2020;2020;Resumen;https://post.anid.cl/frontend.php/es/postulacion/descargar/hash/872482a591285b7ec7c852228d4ca22d
11200927;FONDECYT de Iniciación en Investigación 2020;2020;Resumen;https://post.anid.cl/frontend.php/es/postulacion/descargar/hash/23a03f19796219fc4a00fcde378f01b6
11200933;FONDECYT de Iniciación en Investigación 2020;2020;Resumen;https://post.anid.cl/frontend.php/es/postulacion/descargar/hash/bdf8f5af7f9cce9226255d6838e98a5a
11200934;FONDECYT de Iniciación en Investigación 2020;2020;Resumen;https://post.anid.cl/frontend.php/es/postulacion/descargar/hash/ef4c6df3ec3b0c44c49567919c9a49d4
11200936;FONDECYT de Iniciación en Investigación 2020;2020;Resumen;https://post.anid.cl/frontend.php/es/postulacion/descargar/hash/8e4e95fdaea197300dfd37e680ed1442
11200942;FONDECYT de Iniciación en Investigación 2020;2020;Resumen;https://post.anid.cl/frontend.php/es/postulacion/descargar/hash/c34af0988588b3241bba4f0ce40a22dd
11200944;FONDECYT de Iniciación en Investigación 2020;2020;Resumen;https://post.anid.cl/frontend.php/es/postulacion/descargar/hash/0406b967b7b909dbeca7b3c8bab7ac0b
11200945;FONDECYT de Iniciación en Investigación 2020;2020;Resumen;https://post.anid.cl/frontend.php/es/postulacion/descargar/hash/44621d697fc6948d178c9b1d607a8a6f
11200949;FONDECYT de Iniciación en Investigación 2020;2020;Resumen;https://post.anid.cl/frontend.php/es/postulacion/descargar/hash/4495f8be0ad8cc35591b1600f1ea5583
11200950;FONDECYT de Iniciación en Investigación 2020;2020;Resumen;https://post.anid.cl/frontend.php/es/postulacion/descargar/hash/4dd48059203f09a116b65e33f31b0ee9
11200951;FONDECYT de Iniciación en Investigación 2020;2020;Resumen;https://post.anid.cl/frontend.php/es/postulacion/descargar/hash/effd8709dbb76bae64693fabdfdb8150
11200953;FONDECYT de Iniciación en Investigación 2020;2020;Resumen;https://post.anid.cl/frontend.php/es/postulacion/descargar/hash/28c79cefcb47ad0d9660a53aacbf5ae9
11200955;FONDECYT de Iniciación en Investigación 2020;2020;Resumen;https://post.anid.cl/frontend.php/es/postulacion/descargar/hash/2661016086ceefe4e8bba7d43aac6f6d
11200956;FONDECYT de Iniciación en Investigación 2020;2020;Resumen;https://post.anid.cl/frontend.php/es/postulacion/descargar/hash/2c1c92a47356a53222dce6af3ac97e03
11200967;FONDECYT de Iniciación en Investigación 2020;2020;Resumen;https://post.anid.cl/frontend.php/es/postulacion/descargar/hash/adb4e6047a366b56cb87a6e7b1ee3bb6
11200968;FONDECYT de Iniciación en Investigación 2020;2020;Resumen;https://post.anid.cl/frontend.php/es/postulacion/descargar/hash/a8ae22fd1a62353254a66834268aa5f2
11200969;FONDECYT de Iniciación en Investigación 2020;2020;Resumen;https://post.anid.cl/frontend.php/es/postulacion/descargar/hash/ad803b440350f1be085003dd6560f20d
11200981;FONDECYT de Iniciación en Investigación 2020;2020;Resumen;https://post.anid.cl/frontend.php/es/postulacion/descargar/hash/2150a05c700e106363629ab8fae0e775
11200984;FONDECYT de Iniciación en Investigación 2020;2020;Resumen;https://post.anid.cl/frontend.php/es/postulacion/descargar/hash/9a5e47efc0790881f747678a00a7e131
11200986;FONDECYT de Iniciación en Investigación 2020;2020;Resumen;https://post.anid.cl/frontend.php/es/postulacion/descargar/hash/19f1e0d7720c6b65d50b74d1b1912878
11200987;FONDECYT de Iniciación en Investigación 2020;2020;Resumen;https://post.anid.cl/frontend.php/es/postulacion/descargar/hash/7da813e5872d2bac10a05e022d4c564a
11200992;FONDECYT de Iniciación en Investigación 2020;2020;Resumen;https://post.anid.cl/frontend.php/es/postulacion/descargar/hash/f3d4d64c90e351d83107859d688d6d01
11200993;FONDECYT de Iniciación en Investigación 2020;2020;Resumen;https://post.anid.cl/frontend.php/es/postulacion/descargar/hash/a495e66678e6ca062975af421ed41e6f
11201004;FONDECYT de Iniciación en Investigación 2020;2020;Resumen;https://post.anid.cl/frontend.php/es/postulacion/descargar/hash/2f5c87bd53986ec6e34f1d3b984e77a0
11201010;FONDECYT de Iniciación en Investigación 2020;2020;Resumen;https://post.anid.cl/frontend.php/es/postulacion/descargar/hash/9b34d3accf9c0d57e07ca6fcbf375a70
11201011;FONDECYT de Iniciación en Investigación 2020;2020;Resumen;https://post.anid.cl/frontend.php/es/postulacion/descargar/hash/66420e31277e541e61d749773a7804e9
11201015;FONDECYT de Iniciación en Investigación 2020;2020;Resumen;https://post.anid.cl/frontend.php/es/postulacion/descargar/hash/6a2182ecf9b3a87a06fcfc474dcd6505
11201024;FONDECYT de Iniciación en Investigación 2020;2020;Resumen;https://post.anid.cl/frontend.php/es/postulacion/descargar/hash/aabc2d29c79e97244e1f681dc0f1d5f9
11201025;FONDECYT de Iniciación en Investigación 2020;2020;Resumen;https://post.anid.cl/frontend.php/es/postulacion/descargar/hash/b391e6877ea46dadeb32178ee67d246d
11201028;FONDECYT de Iniciación en Investigación 2020;2020;Resumen;https://post.anid.cl/frontend.php/es/postulacion/descargar/hash/12600f30bf5cb597f7fbf189b675511f
11201036;FONDECYT de Iniciación en Investigación 2020;2020;Resumen;https://post.anid.cl/frontend.php/es/postulacion/descargar/hash/8f09a76e003425038fae86d959fabac8
11201045;FONDECYT de Iniciación en Investigación 2020;2020;Resumen;https://post.anid.cl/frontend.php/es/postulacion/descargar/hash/ab5ab296f81b4120dedc2aba81fd431b
11201046;FONDECYT de Iniciación en Investigación 2020;2020;Resumen;https://post.anid.cl/frontend.php/es/postulacion/descargar/hash/f21b568fa2afb80cc08c90962cf80aed
11201048;FONDECYT de Iniciación en Investigación 2020;2020;Resumen;https://post.anid.cl/frontend.php/es/postulacion/descargar/hash/7cbef92218341b371550530ee1d093ab
11201049;FONDECYT de Iniciación en Investigación 2020;2020;Resumen;https://post.anid.cl/frontend.php/es/postulacion/descargar/hash/ebdd681f3ffe26227d16a127be036221
11201052;FONDECYT de Iniciación en Investigación 2020;2020;Resumen;https://post.anid.cl/frontend.php/es/postulacion/descargar/hash/d0cf70c3ff6836e72a4b7925d6f7aa8d
11201053;FONDECYT de Iniciación en Investigación 2020;2020;Resumen;https://post.anid.cl/frontend.php/es/postulacion/descargar/hash/5f755d665ab5d99e2f287ab52f275351
11201054;FONDECYT de Iniciación en Investigación 2020;2020;Resumen;https://post.anid.cl/frontend.php/es/postulacion/descargar/hash/83e984afcb6bee0746dfa849b6e92e9f
11201056;FONDECYT de Iniciación en Investigación 2020;2020;Resumen;https://post.anid.cl/frontend.php/es/postulacion/descargar/hash/0caa7fe88698d034d7079766ce04c479
11201058;FONDECYT de Iniciación en Investigación 2020;2020;Resumen;https://post.anid.cl/frontend.php/es/postulacion/descargar/hash/ac1773437f89a23a11748560ebc3239f
11201060;FONDECYT de Iniciación en Investigación 2020;2020;Resumen;https://post.anid.cl/frontend.php/es/postulacion/descargar/hash/bbcfb68929557fea26fbe10d4260a4ce
11201070;FONDECYT de Iniciación en Investigación 2020;2020;Resumen;https://post.anid.cl/frontend.php/es/postulacion/descargar/hash/ee9afe93be9d197313636bdf7273f011
11201072;FONDECYT de Iniciación en Investigación 2020;2020;Resumen;https://post.anid.cl/frontend.php/es/postulacion/descargar/hash/8c85b5012f29158511f3f3e94208e699
11201078;FONDECYT de Iniciación en Investigación 2020;2020;Resumen;https://post.anid.cl/frontend.php/es/postulacion/descargar/hash/5f1e82d16b2ea66700354ab8d81af802
11201086;FONDECYT de Iniciación en Investigación 2020;2020;Resumen;https://post.anid.cl/frontend.php/es/postulacion/descargar/hash/c657a13b1735cdc1e2d8325daafbe166
11201098;FONDECYT de Iniciación en Investigación 2020;2020;Resumen;https://post.anid.cl/frontend.php/es/postulacion/descargar/hash/55f65dbaea454c1966e0e71e55630c75
11201103;FONDECYT de Iniciación en Investigación 2020;2020;Resumen;https://post.anid.cl/frontend.php/es/postulacion/descargar/hash/68b27711b86ca7298f823c2bfd671273
11201107;FONDECYT de Iniciación en Investigación 2020;2020;Resumen;https://post.anid.cl/frontend.php/es/postulacion/descargar/hash/c6ff2a85e64d90a45782f6a83ebc5736
11201111;FONDECYT de Iniciación en Investigación 2020;2020;Resumen;https://post.anid.cl/frontend.php/es/postulacion/descargar/hash/e5e29ab8896571262baf96accedc1048
11201113;FONDECYT de Iniciación en Investigación 2020;2020;Resumen;https://post.anid.cl/frontend.php/es/postulacion/descargar/hash/15dc12219a326372416c1cac4ac6416b
11201114;FONDECYT de Iniciación en Investigación 2020;2020;Resumen;https://post.anid.cl/frontend.php/es/postulacion/descargar/hash/4a3a0cdf4b80735fda04f989ed5d11ae
11201115;FONDECYT de Iniciación en Investigación 2020;2020;Resumen;https://post.anid.cl/frontend.php/es/postulacion/descargar/hash/bd08a67c25b8056d9e58927f54c3a6b7
11201117;FONDECYT de Iniciación en Investigación 2020;2020;Resumen;https://post.anid.cl/frontend.php/es/postulacion/descargar/hash/876006696b2188f88e98f40e64292813
11201118;FONDECYT de Iniciación en Investigación 2020;2020;Resumen;https://post.anid.cl/frontend.php/es/postulacion/descargar/hash/92b3007c3c1b4e5a14c4956dfe3575fe
11201122;FONDECYT de Iniciación en Investigación 2020;2020;Resumen;https://post.anid.cl/frontend.php/es/postulacion/descargar/hash/a827a0ddc21d4069fbf3a04c6e94a7c0
11201127;FONDECYT de Iniciación en Investigación 2020;2020;Resumen;https://post.anid.cl/frontend.php/es/postulacion/descargar/hash/c3144269a9b5351fa357c49884b0b63f
11201128;FONDECYT de Iniciación en Investigación 2020;2020;Resumen;https://post.anid.cl/frontend.php/es/postulacion/descargar/hash/e680f74d4d2a50a4b54f1c362c71f719
11201133;FONDECYT de Iniciación en Investigación 2020;2020;Resumen;https://post.anid.cl/frontend.php/es/postulacion/descargar/hash/f51b5c21448224c0e0332f185fe91f8a
11201137;FONDECYT de Iniciación en Investigación 2020;2020;Resumen;https://post.anid.cl/frontend.php/es/postulacion/descargar/hash/2b617f50b3271e4f91995f8b7735f7b1
11201139;FONDECYT de Iniciación en Investigación 2020;2020;Resumen;https://post.anid.cl/frontend.php/es/postulacion/descargar/hash/185096f92fc007b20325d105406135bf
11201140;FONDECYT de Iniciación en Investigación 2020;2020;Resumen;https://post.anid.cl/frontend.php/es/postulacion/descargar/hash/da26f3e7dd526828969c060b18a9c037
11201141;FONDECYT de Iniciación en Investigación 2020;2020;Resumen;https://post.anid.cl/frontend.php/es/postulacion/descargar/hash/ffb9b50662ce1a35c2698cc9718433a1
11201142;FONDECYT de Iniciación en Investigación 2020;2020;Resumen;https://post.anid.cl/frontend.php/es/postulacion/descargar/hash/831b5865bb0c7847409a4c2b1673237c
11201150;FONDECYT de Iniciación en Investigación 2020;2020;Resumen;https://post.anid.cl/frontend.php/es/postulacion/descargar/hash/4ce0d0e761401c622ca7cd58a97f04cd
11201155;FONDECYT de Iniciación en Investigación 2020;2020;Resumen;https://post.anid.cl/frontend.php/es/postulacion/descargar/hash/20279e50b170ef5243dd9b73d0c1296e
11201161;FONDECYT de Iniciación en Investigación 2020;2020;Resumen;https://post.anid.cl/frontend.php/es/postulacion/descargar/hash/1fe0cc20bf9b505f07d5366c516dea02
11201163;FONDECYT de Iniciación en Investigación 2020;2020;Resumen;https://post.anid.cl/frontend.php/es/postulacion/descargar/hash/ee9baa7e2120eff73896af345f4d22b1
11201175;FONDECYT de Iniciación en Investigación 2020;2020;Resumen;https://post.anid.cl/frontend.php/es/postulacion/descargar/hash/a097951f42ec79ba68500191d879e3d3
11201176;FONDECYT de Iniciación en Investigación 2020;2020;Resumen;https://post.anid.cl/frontend.php/es/postulacion/descargar/hash/43bd25a33f6d177b6982850cc29f567e
11201180;FONDECYT de Iniciación en Investigación 2020;2020;Resumen;https://post.anid.cl/frontend.php/es/postulacion/descargar/hash/a363b22f89aff52f7c8c2d6a8c22f356
11201182;FONDECYT de Iniciación en Investigación 2020;2020;Resumen;https://post.anid.cl/frontend.php/es/postulacion/descargar/hash/c2f890410963c2e79f867c1df40aa3d6
11201187;FONDECYT de Iniciación en Investigación 2020;2020;Resumen;https://post.anid.cl/frontend.php/es/postulacion/descargar/hash/af9fa5da31ba1b2c4da1787eb4855e4c
11201188;FONDECYT de Iniciación en Investigación 2020;2020;Resumen;https://post.anid.cl/frontend.php/es/postulacion/descargar/hash/8309e7ae80af0d71036f3be42459c39e
11201192;FONDECYT de Iniciación en Investigación 2020;2020;Resumen;https://post.anid.cl/frontend.php/es/postulacion/descargar/hash/26f2faa50ecc9c8178954d2a42d906e5
11201211;FONDECYT de Iniciación en Investigación 2020;2020;Resumen;https://post.anid.cl/frontend.php/es/postulacion/descargar/hash/95a638c8b8799b878dea9546136f0a16
11201215;FONDECYT de Iniciación en Investigación 2020;2020;Resumen;https://post.anid.cl/frontend.php/es/postulacion/descargar/hash/a6ec591a19592ce0c42c05c7dd0850da
11201217;FONDECYT de Iniciación en Investigación 2020;2020;Resumen;https://post.anid.cl/frontend.php/es/postulacion/descargar/hash/39fb25b3e4fba0275cdddbe3fca00d15
11201220;FONDECYT de Iniciación en Investigación 2020;2020;Resumen;https://post.anid.cl/frontend.php/es/postulacion/descargar/hash/e314c7f0a362978b2d52937de57b2ae3
11201224;FONDECYT de Iniciación en Investigación 2020;2020;Resumen;https://post.anid.cl/frontend.php/es/postulacion/descargar/hash/d4df45944d4c919b2bac52710bba9c70
11201231;FONDECYT de Iniciación en Investigación 2020;2020;Resumen;https://post.anid.cl/frontend.php/es/postulacion/descargar/hash/d8241ac7b2e894bb016336d9a7ff9a4f
11201232;FONDECYT de Iniciación en Investigación 2020;2020;Resumen;https://post.anid.cl/frontend.php/es/postulacion/descargar/hash/fa503025f512bf03dac300153c632529
11201236;FONDECYT de Iniciación en Investigación 2020;2020;Resumen;https://post.anid.cl/frontend.php/es/postulacion/descargar/hash/63265c4b8e74b71d1b5c6d9d466d1270
11201239;FONDECYT de Iniciación en Investigación 2020;2020;Resumen;https://post.anid.cl/frontend.php/es/postulacion/descargar/hash/47d40c569700c6eb80d4b3100706858d
11201240;FONDECYT de Iniciación en Investigación 2020;2020;Resumen;https://post.anid.cl/frontend.php/es/postulacion/descargar/hash/698c49a89cf9bef7ea9599fcc44ed346
11201249;FONDECYT de Iniciación en Investigación 2020;2020;Resumen;https://post.anid.cl/frontend.php/es/postulacion/descargar/hash/16edaa0daa53835536693aa4f070897a
11201250;FONDECYT de Iniciación en Investigación 2020;2020;Resumen;https://post.anid.cl/frontend.php/es/postulacion/descargar/hash/26737153a9929d4b53a79dddfd9379a8
11201251;FONDECYT de Iniciación en Investigación 2020;2020;Resumen;https://post.anid.cl/frontend.php/es/postulacion/descargar/hash/b2ee201a2e10d0a5dc4a0380f35a6c05
11201259;FONDECYT de Iniciación en Investigación 2020;2020;Resumen;https://post.anid.cl/frontend.php/es/postulacion/descargar/hash/d1b40d439ade39fd8459d5a4eabb8935
11201267;FONDECYT de Iniciación en Investigación 2020;2020;Resumen;https://post.anid.cl/frontend.php/es/postulacion/descargar/hash/50e7a202b501b4b38a459d46a2d2fcde
11201272;FONDECYT de Iniciación en Investigación 2020;2020;Resumen;https://post.anid.cl/frontend.php/es/postulacion/descargar/hash/b2f69e78eb5527aac3ef6f5707cb3e5a
11201279;FONDECYT de Iniciación en Investigación 2020;2020;Resumen;https://post.anid.cl/frontend.php/es/postulacion/descargar/hash/9251f5aa6adf98634949b21d2caa7614
11201280;FONDECYT de Iniciación en Investigación 2020;2020;Resumen;https://post.anid.cl/frontend.php/es/postulacion/descargar/hash/63a2d8d397b68761efab1583974f5b28
11201282;FONDECYT de Iniciación en Investigación 2020;2020;Resumen;https://post.anid.cl/frontend.php/es/postulacion/descargar/hash/76504d2a944e38e7fbe046932b55cc23
11201291;FONDECYT de Iniciación en Investigación 2020;2020;Resumen;https://post.anid.cl/frontend.php/es/postulacion/descargar/hash/bca161205279144501c66c8af8f6bc66
11201297;FONDECYT de Iniciación en Investigación 2020;2020;Resumen;https://post.anid.cl/frontend.php/es/postulacion/descargar/hash/82c9a84134b0c66669fc36b3f16c016a
11201300;FONDECYT de Iniciación en Investigación 2020;2020;Resumen;https://post.anid.cl/frontend.php/es/postulacion/descargar/hash/161a7c897b019c94631e3d4b25d660ac
11201308;FONDECYT de Iniciación en Investigación 2020;2020;Resumen;https://post.anid.cl/frontend.php/es/postulacion/descargar/hash/8e963e52ee69a096e0c125561aabd0f8
11201312;FONDECYT de Iniciación en Investigación 2020;2020;Resumen;https://post.anid.cl/frontend.php/es/postulacion/descargar/hash/78b28bfe62b9e1677d964cad22df8e2c
11201317;FONDECYT de Iniciación en Investigación 2020;2020;Resumen;https://post.anid.cl/frontend.php/es/postulacion/descargar/hash/671c2b39151342e30b5cf4007b053aec
11201319;FONDECYT de Iniciación en Investigación 2020;2020;Resumen;https://post.anid.cl/frontend.php/es/postulacion/descargar/hash/b9abadaeba3d3499d13cf1dbedf017f5
11201322;FONDECYT de Iniciación en Investigación 2020;2020;Resumen;https://post.anid.cl/frontend.php/es/postulacion/descargar/hash/97f62d7951dd48022b6533d31dd447b7
11201325;FONDECYT de Iniciación en Investigación 2020;2020;Resumen;https://post.anid.cl/frontend.php/es/postulacion/descargar/hash/858b6e1f22aa5f4a36aa54a7fe89b29c
11201327;FONDECYT de Iniciación en Investigación 2020;2020;Resumen;https://post.anid.cl/frontend.php/es/postulacion/descargar/hash/4de50bbe32df8aebdb9718c75bffddc6
11201330;FONDECYT de Iniciación en Investigación 2020;2020;Resumen;https://post.anid.cl/frontend.php/es/postulacion/descargar/hash/40126e73f1b6adc9ebf634bfe1745bef
11201336;FONDECYT de Iniciación en Investigación 2020;2020;Resumen;https://post.anid.cl/frontend.php/es/postulacion/descargar/hash/e0276ef824dde2c29be06a69950593c1
11201337;FONDECYT de Iniciación en Investigación 2020;2020;Resumen;https://post.anid.cl/frontend.php/es/postulacion/descargar/hash/1643e25c291f5c74b242b04259cf7940
11201338;FONDECYT de Iniciación en Investigación 2020;2020;Resumen;https://post.anid.cl/frontend.php/es/postulacion/descargar/hash/7989fe5d0c670d0d799f135905945cb0
11201348;FONDECYT de Iniciación en Investigación 2020;2020;Resumen;https://post.anid.cl/frontend.php/es/postulacion/descargar/hash/ffb9ce349c3fea026a394d33ca79b449
11220008;FONDECYT de Iniciación en Investigación 2022;2022;Resumen;https://post.anid.cl/frontend.php/es/postulacion/descargar/hash/76d4bd2b5b100c44ad9819378f1d9027
11220009;FONDECYT de Iniciación en Investigación 2022;2022;Resumen;https://post.anid.cl/frontend.php/es/postulacion/descargar/hash/ee0f61d7e280ccf1be7471822551258f
11220015;FONDECYT de Iniciación en Investigación 2022;2022;Resumen;https://post.anid.cl/frontend.php/es/postulacion/descargar/hash/0be587132621edaf7f014d8f79ca433f
11220019;FONDECYT de Iniciación en Investigación 2022;2022;Resumen;https://post.anid.cl/frontend.php/es/postulacion/descargar/hash/281810b64c26ca0e26413abee47c43a0
11220021;FONDECYT de Iniciación en Investigación 2022;2022;Resumen;https://post.anid.cl/frontend.php/es/postulacion/descargar/hash/2e62d9b9a9d6036250b4210bebc0f8ab
11220028;FONDECYT de Iniciación en Investigación 2022;2022;Resumen;https://post.anid.cl/frontend.php/es/postulacion/descargar/hash/13369d06add3badeb397fc9bb741035c
11220030;FONDECYT de Iniciación en Investigación 2022;2022;Resumen;https://post.anid.cl/frontend.php/es/postulacion/descargar/hash/2caaeaf12662b29a52378bbf274052d3
11220033;FONDECYT de Iniciación en Investigación 2022;2022;Resumen;https://post.anid.cl/frontend.php/es/postulacion/descargar/hash/7cb77c55c9787fa44e4d70af032834ba
11220034;FONDECYT de Iniciación en Investigación 2022;2022;Resumen;https://post.anid.cl/frontend.php/es/postulacion/descargar/hash/cc628f0eb58a868078c6552876aa3455
11220035;FONDECYT de Iniciación en Investigación 2022;2022;Resumen;https://post.anid.cl/frontend.php/es/postulacion/descargar/hash/6468811ee70fe6b7a9a92e4b18d2eb16
11220045;FONDECYT de Iniciación en Investigación 2022;2022;Resumen;https://post.anid.cl/frontend.php/es/postulacion/descargar/hash/7183475f5284a5315957e7da718432e2
11220046;FONDECYT de Iniciación en Investigación 2022;2022;Resumen;https://post.anid.cl/frontend.php/es/postulacion/descargar/hash/5db2edbc2100b396ad62410514400c08
11220047;FONDECYT de Iniciación en Investigación 2022;2022;Resumen;https://post.anid.cl/frontend.php/es/postulacion/descargar/hash/df32a61611d4fd5c9a8755485353adb1
11220050;FONDECYT de Iniciación en Investigación 2022;2022;Resumen;https://post.anid.cl/frontend.php/es/postulacion/descargar/hash/6e016b7e0b0a4ac683e169f77b47b1f1
11220055;FONDECYT de Iniciación en Investigación 2022;2022;Resumen;https://post.anid.cl/frontend.php/es/postulacion/descargar/hash/dff91a04fff95eaa19a899b72ed694a1
11220056;FONDECYT de Iniciación en Investigación 2022;2022;Resumen;https://post.anid.cl/frontend.php/es/postulacion/descargar/hash/0065cf680cb269480cec823a3eaee470
11220057;FONDECYT de Iniciación en Investigación 2022;2022;Resumen;https://post.anid.cl/frontend.php/es/postulacion/descargar/hash/c7400415e6d8d83b6b059bdeea412e42
11220061;FONDECYT de Iniciación en Investigación 2022;2022;Resumen;https://post.anid.cl/frontend.php/es/postulacion/descargar/hash/4056abf9ff5973485af7d1e24263516d
11220062;FONDECYT de Iniciación en Investigación 2022;2022;Resumen;https://post.anid.cl/frontend.php/es/postulacion/descargar/hash/76708577860f5a74a4e9a6926ad3c455
11220065;FONDECYT de Iniciación en Investigación 2022;2022;Resumen;https://post.anid.cl/frontend.php/es/postulacion/descargar/hash/ab7098da42beee1014e3da8c93d2dad2
11220066;FONDECYT de Iniciación en Investigación 2022;2022;Resumen;https://post.anid.cl/frontend.php/es/postulacion/descargar/hash/0bad928d64e733a744ee910efcc033ab
11220070;FONDECYT de Iniciación en Investigación 2022;2022;Resumen;https://post.anid.cl/frontend.php/es/postulacion/descargar/hash/86b271908aa2817a4c78ba8705f8eb5d
11220089;FONDECYT de Iniciación en Investigación 2022;2022;Resumen;https://post.anid.cl/frontend.php/es/postulacion/descargar/hash/94d1180c96f6ec91841f16fa4db5c273
11220091;FONDECYT de Iniciación en Investigación 2022;2022;Resumen;https://post.anid.cl/frontend.php/es/postulacion/descargar/hash/ef03f2dcf00550972f338a9e9ba38b01
11220095;FONDECYT de Iniciación en Investigación 2022;2022;Resumen;https://post.anid.cl/frontend.php/es/postulacion/descargar/hash/01521d2d1a7a7ca3d7ecdba2547a1359
11220104;FONDECYT de Iniciación en Investigación 2022;2022;Resumen;https://post.anid.cl/frontend.php/es/postulacion/descargar/hash/6c079bc403acf9ea0f11f759a069da97
11220109;FONDECYT de Iniciación en Investigación 2022;2022;Resumen;https://post.anid.cl/frontend.php/es/postulacion/descargar/hash/f639ce4af4977526351f8410776812e5
11220112;FONDECYT de Iniciación en Investigación 2022;2022;Resumen;https://post.anid.cl/frontend.php/es/postulacion/descargar/hash/6436fb4578a27652bdd90d10736e1cb4
11220113;FONDECYT de Iniciación en Investigación 2022;2022;Resumen;https://post.anid.cl/frontend.php/es/postulacion/descargar/hash/a463980d7435d2da62fce1569212250b
11220116;FONDECYT de Iniciación en Investigación 2022;2022;Resumen;https://post.anid.cl/frontend.php/es/postulacion/descargar/hash/0d480cc583defc4f7aa20c5823cfd5aa
11220119;FONDECYT de Iniciación en Investigación 2022;2022;Resumen;https://post.anid.cl/frontend.php/es/postulacion/descargar/hash/f7a9f00b2be93c2369b53eb30a4b7f1d
11220120;FONDECYT de Iniciación en Investigación 2022;2022;Resumen;https://post.anid.cl/frontend.php/es/postulacion/descargar/hash/14498d5a02b10ee8447e06fba22953b9
11220121;FONDECYT de Iniciación en Investigación 2022;2022;Resumen;https://post.anid.cl/frontend.php/es/postulacion/descargar/hash/689df8f249f48fd3d9846336cfae2a25
11220123;FONDECYT de Iniciación en Investigación 2022;2022;Resumen;https://post.anid.cl/frontend.php/es/postulacion/descargar/hash/ad7da43490a914a1434f17f67eda2005
11220124;FONDECYT de Iniciación en Investigación 2022;2022;Resumen;https://post.anid.cl/frontend.php/es/postulacion/descargar/hash/143280b11785ed13a59dab2b30825535
11220125;FONDECYT de Iniciación en Investigación 2022;2022;Resumen;https://post.anid.cl/frontend.php/es/postulacion/descargar/hash/411f7d96202afc59045c8549c324fe32
11220128;FONDECYT de Iniciación en Investigación 2022;2022;Resumen;https://post.anid.cl/frontend.php/es/postulacion/descargar/hash/3869cb42a673e2d6299f43ae30afbb06
11220138;FONDECYT de Iniciación en Investigación 2022;2022;Resumen;https://post.anid.cl/frontend.php/es/postulacion/descargar/hash/3b9ff48ffa9a14b74524659c352f7a96
11220143;FONDECYT de Iniciación en Investigación 2022;2022;Resumen;https://post.anid.cl/frontend.php/es/postulacion/descargar/hash/4cf9e1d326954ce053181ba731125eb8
11220145;FONDECYT de Iniciación en Investigación 2022;2022;Resumen;https://post.anid.cl/frontend.php/es/postulacion/descargar/hash/462fcaafe4e8f847de2600ef63ac11cd
11220147;FONDECYT de Iniciación en Investigación 2022;2022;Resumen;https://post.anid.cl/frontend.php/es/postulacion/descargar/hash/3f12518b3cc72b5c0d8e622f5cf112e6
11220149;FONDECYT de Iniciación en Investigación 2022;2022;Resumen;https://post.anid.cl/frontend.php/es/postulacion/descargar/hash/368a8762700e2942f8b37b17e026020f
11220150;FONDECYT de Iniciación en Investigación 2022;2022;Resumen;https://post.anid.cl/frontend.php/es/postulacion/descargar/hash/dfac193d4285340eac8ede372b2288a7
11220151;FONDECYT de Iniciación en Investigación 2022;2022;Resumen;https://post.anid.cl/frontend.php/es/postulacion/descargar/hash/d87f6fc96585b044e618d088697c6a05
11220152;FONDECYT de Iniciación en Investigación 2022;2022;Resumen;https://post.anid.cl/frontend.php/es/postulacion/descargar/hash/95a67b3d1ae36ab270f536d539a17d8b
11220154;FONDECYT de Iniciación en Investigación 2022;2022;Resumen;https://post.anid.cl/frontend.php/es/postulacion/descargar/hash/64c90e6a0d60128cbfedb48b0f055ea2
11220155;FONDECYT de Iniciación en Investigación 2022;2022;Resumen;https://post.anid.cl/frontend.php/es/postulacion/descargar/hash/6f26bc3cca6720d4abaaa7c5aeaba99d
11220157;FONDECYT de Iniciación en Investigación 2022;2022;Resumen;https://post.anid.cl/frontend.php/es/postulacion/descargar/hash/b46683131e0ca6ebcb77ab35302cc9a3
11220159;FONDECYT de Iniciación en Investigación 2022;2022;Resumen;https://post.anid.cl/frontend.php/es/postulacion/descargar/hash/ff15f73c3f8a48b42b1a3f3c2d22a656
11220160;FONDECYT de Iniciación en Investigación 2022;2022;Resumen;https://post.anid.cl/frontend.php/es/postulacion/descargar/hash/112b4b95cd83c50a187741d3016d1aa9
11220162;FONDECYT de Iniciación en Investigación 2022;2022;Resumen;https://post.anid.cl/frontend.php/es/postulacion/descargar/hash/9517a927181bff071bbaeb81f526e21b
11220164;FONDECYT de Iniciación en Investigación 2022;2022;Resumen;https://post.anid.cl/frontend.php/es/postulacion/descargar/hash/5180c82665e4b4e6bc5410c58f6a6455
11220171;FONDECYT de Iniciación en Investigación 2022;2022;Resumen;https://post.anid.cl/frontend.php/es/postulacion/descargar/hash/e17996d31d4c4c72d05023196cdf5aba
11220177;FONDECYT de Iniciación en Investigación 2022;2022;Resumen;https://post.anid.cl/frontend.php/es/postulacion/descargar/hash/0365130ebf69990ec73b446d1073cd75
11220179;FONDECYT de Iniciación en Investigación 2022;2022;Resumen;https://post.anid.cl/frontend.php/es/postulacion/descargar/hash/431e01faf94f6d03cee33a0a88e70bfd
11220183;FONDECYT de Iniciación en Investigación 2022;2022;Resumen;https://post.anid.cl/frontend.php/es/postulacion/descargar/hash/0c0e0ee45d9202ead4548ddb5d9acc29
11220188;FONDECYT de Iniciación en Investigación 2022;2022;Resumen;https://post.anid.cl/frontend.php/es/postulacion/descargar/hash/8ffcf35921dce504a2e9726948296d22
11220191;FONDECYT de Iniciación en Investigación 2022;2022;Resumen;https://post.anid.cl/frontend.php/es/postulacion/descargar/hash/143dc203cec2923b557400628e2ee6d4
11220194;FONDECYT de Iniciación en Investigación 2022;2022;Resumen;https://post.anid.cl/frontend.php/es/postulacion/descargar/hash/7d6eab5c70691e4e402efb930dd36799
11220195;FONDECYT de Iniciación en Investigación 2022;2022;Resumen;https://post.anid.cl/frontend.php/es/postulacion/descargar/hash/f28a077324e3ea7837e513a43e4e3299
11220198;FONDECYT de Iniciación en Investigación 2022;2022;Resumen;https://post.anid.cl/frontend.php/es/postulacion/descargar/hash/164f91e7abf2cd4ee15bc68b85e4c287
11220204;FONDECYT de Iniciación en Investigación 2022;2022;Resumen;https://post.anid.cl/frontend.php/es/postulacion/descargar/hash/9f440c7092c19dda4c3c58b3ae592e2b
11220205;FONDECYT de Iniciación en Investigación 2022;2022;Resumen;https://post.anid.cl/frontend.php/es/postulacion/descargar/hash/0bbd9ed58aded8d765a57f09c526cc04
11220207;FONDECYT de Iniciación en Investigación 2022;2022;Resumen;https://post.anid.cl/frontend.php/es/postulacion/descargar/hash/5736039e87606a6fc541076c88e657c8
11220210;FONDECYT de Iniciación en Investigación 2022;2022;Resumen;https://post.anid.cl/frontend.php/es/postulacion/descargar/hash/7084181ef40d9ec03034a56769fd1d29
11220211;FONDECYT de Iniciación en Investigación 2022;2022;Resumen;https://post.anid.cl/frontend.php/es/postulacion/descargar/hash/79946c1e338fc2c49e8802f867489fea
11220213;FONDECYT de Iniciación en Investigación 2022;2022;Resumen;https://post.anid.cl/frontend.php/es/postulacion/descargar/hash/bf559d5e53427dda4615e50dfb9b32fb
11220220;FONDECYT de Iniciación en Investigación 2022;2022;Resumen;https://post.anid.cl/frontend.php/es/postulacion/descargar/hash/3952e6a17fe14ce68f074dd7f30ee00f
11220225;FONDECYT de Iniciación en Investigación 2022;2022;Resumen;https://post.anid.cl/frontend.php/es/postulacion/descargar/hash/2fbcde17b1de2035d0fa83693f2ece3f
11220233;FONDECYT de Iniciación en Investigación 2022;2022;Resumen;https://post.anid.cl/frontend.php/es/postulacion/descargar/hash/e6d9058cef93b4e64ae17c1570f45413
11220236;FONDECYT de Iniciación en Investigación 2022;2022;Resumen;https://post.anid.cl/frontend.php/es/postulacion/descargar/hash/8a2de7d5dac01560cd670ac3041fea34
11220237;FONDECYT de Iniciación en Investigación 2022;2022;Resumen;https://post.anid.cl/frontend.php/es/postulacion/descargar/hash/bc9b30f5134e8f9c73dc6bf5809bba66
11220242;FONDECYT de Iniciación en Investigación 2022;2022;Resumen;https://post.anid.cl/frontend.php/es/postulacion/descargar/hash/0d97f370c4907d3ad1e616a04a82882b
11220243;FONDECYT de Iniciación en Investigación 2022;2022;Resumen;https://post.anid.cl/frontend.php/es/postulacion/descargar/hash/6589c689ddf91a64a22c2ff28bf18fb4
11220244;FONDECYT de Iniciación en Investigación 2022;2022;Resumen;https://post.anid.cl/frontend.php/es/postulacion/descargar/hash/efadf117b16fd27ee30b67fa73f35cc0
11220246;FONDECYT de Iniciación en Investigación 2022;2022;Resumen;https://post.anid.cl/frontend.php/es/postulacion/descargar/hash/f7ee65461eaa85082f12e23d4576b1d6
11220254;FONDECYT de Iniciación en Investigación 2022;2022;Resumen;https://post.anid.cl/frontend.php/es/postulacion/descargar/hash/4f7a5c5ac9a42d04fe9f9e220a131e7d
11220261;FONDECYT de Iniciación en Investigación 2022;2022;Resumen;https://post.anid.cl/frontend.php/es/postulacion/descargar/hash/76fa82f01dd50a275053c8e6f530c3f0
11220262;FONDECYT de Iniciación en Investigación 2022;2022;Resumen;https://post.anid.cl/frontend.php/es/postulacion/descargar/hash/e337b86b4195bbc3196f42477c9e8197
11220263;FONDECYT de Iniciación en Investigación 2022;2022;Resumen;https://post.anid.cl/frontend.php/es/postulacion/descargar/hash/315e8a6687d72a1a51eb08e7f5f2feea
11220265;FONDECYT de Iniciación en Investigación 2022;2022;Resumen;https://post.anid.cl/frontend.php/es/postulacion/descargar/hash/85fe17d88c3b375b330a65de2d6dcd83
11220266;FONDECYT de Iniciación en Investigación 2022;2022;Resumen;https://post.anid.cl/frontend.php/es/postulacion/descargar/hash/bcffb2e536ca45ec760be8922a9d2547
11220267;FONDECYT de Iniciación en Investigación 2022;2022;Resumen;https://post.anid.cl/frontend.php/es/postulacion/descargar/hash/de1cf764872f7da60f41c81baf0c2468
11220268;FONDECYT de Iniciación en Investigación 2022;2022;Resumen;https://post.anid.cl/frontend.php/es/postulacion/descargar/hash/b7fab76d273f6baab5f88bd4122faac9
11220269;FONDECYT de Iniciación en Investigación 2022;2022;Resumen;https://post.anid.cl/frontend.php/es/postulacion/descargar/hash/7f154b805333b380733fb2313232068d
11220280;FONDECYT de Iniciación en Investigación 2022;2022;Resumen;https://post.anid.cl/frontend.php/es/postulacion/descargar/hash/eb09ab3efa0f9817c48f0cf8777397b1
11220283;FONDECYT de Iniciación en Investigación 2022;2022;Resumen;https://post.anid.cl/frontend.php/es/postulacion/descargar/hash/409c96b9c1df02935d833ede4ffd4427
11220285;FONDECYT de Iniciación en Investigación 2022;2022;Resumen;https://post.anid.cl/frontend.php/es/postulacion/descargar/hash/cbbe71b22e172119eab5d2bb41c13134
11220287;FONDECYT de Iniciación en Investigación 2022;2022;Resumen;https://post.anid.cl/frontend.php/es/postulacion/descargar/hash/c11f91b2422d77da220c1cb6fe668d84
11220291;FONDECYT de Iniciación en Investigación 2022;2022;Resumen;https://post.anid.cl/frontend.php/es/postulacion/descargar/hash/928e8528488cc775882d06324509f32e
11220293;FONDECYT de Iniciación en Investigación 2022;2022;Resumen;https://post.anid.cl/frontend.php/es/postulacion/descargar/hash/044a5154309b2111f5f8d2cde2958175
11220294;FONDECYT de Iniciación en Investigación 2022;2022;Resumen;https://post.anid.cl/frontend.php/es/postulacion/descargar/hash/ee585a7734c4f4ad7bb115ee98f4ee0f
11220295;FONDECYT de Iniciación en Investigación 2022;2022;Resumen;https://post.anid.cl/frontend.php/es/postulacion/descargar/hash/9bc96021ab650940467dc5a51976f674
11220303;FONDECYT de Iniciación en Investigación 2022;2022;Resumen;https://post.anid.cl/frontend.php/es/postulacion/descargar/hash/ea5355961344ee0cac36dab583490e41
11220305;FONDECYT de Iniciación en Investigación 2022;2022;Resumen;https://post.anid.cl/frontend.php/es/postulacion/descargar/hash/d3f2c65761bb08605cd4c1aa9f573cab
11220307;FONDECYT de Iniciación en Investigación 2022;2022;Resumen;https://post.anid.cl/frontend.php/es/postulacion/descargar/hash/4d5fd847935b884214de73315a0fcf7b
11220308;FONDECYT de Iniciación en Investigación 2022;2022;Resumen;https://post.anid.cl/frontend.php/es/postulacion/descargar/hash/9b65f94b0223d1b6bd5adba5a09efe0e
11220310;FONDECYT de Iniciación en Investigación 2022;2022;Resumen;https://post.anid.cl/frontend.php/es/postulacion/descargar/hash/02a371829db3b0fd91d5de512a6256b1
11220317;FONDECYT de Iniciación en Investigación 2022;2022;Resumen;https://post.anid.cl/frontend.php/es/postulacion/descargar/hash/1e4d995ee38add06521e322f8de58724
11220320;FONDECYT de Iniciación en Investigación 2022;2022;Resumen;https://post.anid.cl/frontend.php/es/postulacion/descargar/hash/1ddee9cf800c6f6e0ffd4dd8c0422ee7
11220325;FONDECYT de Iniciación en Investigación 2022;2022;Resumen;https://post.anid.cl/frontend.php/es/postulacion/descargar/hash/d59494edb8e54f6306380e972bf72ff0
11220327;FONDECYT de Iniciación en Investigación 2022;2022;Resumen;https://post.anid.cl/frontend.php/es/postulacion/descargar/hash/4cba6f70c45d184f18cae729085ce52c
11220328;FONDECYT de Iniciación en Investigación 2022;2022;Resumen;https://post.anid.cl/frontend.php/es/postulacion/descargar/hash/0b132c46f197e8d623ca85885ac1fa00
11220330;FONDECYT de Iniciación en Investigación 2022;2022;Resumen;https://post.anid.cl/frontend.php/es/postulacion/descargar/hash/da720a7570ae8b65d8b217c80f69099f
11220332;FONDECYT de Iniciación en Investigación 2022;2022;Resumen;https://post.anid.cl/frontend.php/es/postulacion/descargar/hash/79833e60d7a1c2f74855e511af625875
11220333;FONDECYT de Iniciación en Investigación 2022;2022;Resumen;https://post.anid.cl/frontend.php/es/postulacion/descargar/hash/8c9f152ca66cbf000218ac50833c1f79
11220335;FONDECYT de Iniciación en Investigación 2022;2022;Resumen;https://post.anid.cl/frontend.php/es/postulacion/descargar/hash/5e94ce2cf769472186d13dabef350793
11220336;FONDECYT de Iniciación en Investigación 2022;2022;Resumen;https://post.anid.cl/frontend.php/es/postulacion/descargar/hash/77ad7f87bf9b69ec7de77718f3ae70da
11220339;FONDECYT de Iniciación en Investigación 2022;2022;Resumen;https://post.anid.cl/frontend.php/es/postulacion/descargar/hash/d6b13326d71d4c9f4ff331639236f7bc
11220340;FONDECYT de Iniciación en Investigación 2022;2022;Resumen;https://post.anid.cl/frontend.php/es/postulacion/descargar/hash/52ece03dd839d1e44d104da5fb94353e
11220346;FONDECYT de Iniciación en Investigación 2022;2022;Resumen;https://post.anid.cl/frontend.php/es/postulacion/descargar/hash/f9ebe1c0aef434637373b4f0883891c1
11220350;FONDECYT de Iniciación en Investigación 2022;2022;Resumen;https://post.anid.cl/frontend.php/es/postulacion/descargar/hash/fdfdbb474ecdb9313ec47a8540c162be
11220353;FONDECYT de Iniciación en Investigación 2022;2022;Resumen;https://post.anid.cl/frontend.php/es/postulacion/descargar/hash/5634d60f7b150c7222364d5e5b900ff0
11220354;FONDECYT de Iniciación en Investigación 2022;2022;Resumen;https://post.anid.cl/frontend.php/es/postulacion/descargar/hash/63743d24e915fc9458e415a8a5a011b0
11220358;FONDECYT de Iniciación en Investigación 2022;2022;Resumen;https://post.anid.cl/frontend.php/es/postulacion/descargar/hash/37061a5b981c687764d82f847ac91429
11220363;FONDECYT de Iniciación en Investigación 2022;2022;Resumen;https://post.anid.cl/frontend.php/es/postulacion/descargar/hash/b98c03b3f41d33af0cb9566c520ad5c5
11220368;FONDECYT de Iniciación en Investigación 2022;2022;Resumen;https://post.anid.cl/frontend.php/es/postulacion/descargar/hash/14432794c1f0bf67eb9d07e8411cb75c
11220370;FONDECYT de Iniciación en Investigación 2022;2022;Resumen;https://post.anid.cl/frontend.php/es/postulacion/descargar/hash/db0dc024917592f5b5579169a10f43c7
11220371;FONDECYT de Iniciación en Investigación 2022;2022;Resumen;https://post.anid.cl/frontend.php/es/postulacion/descargar/hash/f142a6d968e5dc42d5e297fb8e63f65a
11220378;FONDECYT de Iniciación en Investigación 2022;2022;Resumen;https://post.anid.cl/frontend.php/es/postulacion/descargar/hash/74b9c4dd364a633d7946aa23edcb0da5
11220383;FONDECYT de Iniciación en Investigación 2022;2022;Resumen;https://post.anid.cl/frontend.php/es/postulacion/descargar/hash/96c650f5e4daf691e5f6fd3d19561480
11220385;FONDECYT de Iniciación en Investigación 2022;2022;Resumen;https://post.anid.cl/frontend.php/es/postulacion/descargar/hash/b9a21e7aa281fa855d52303b681f430f
11220386;FONDECYT de Iniciación en Investigación 2022;2022;Resumen;https://post.anid.cl/frontend.php/es/postulacion/descargar/hash/a396153ad8221765ddeb0b5c6dbf6751
11220388;FONDECYT de Iniciación en Investigación 2022;2022;Resumen;https://post.anid.cl/frontend.php/es/postulacion/descargar/hash/bc1acca3299e8b4fc8211e57903df048
11220389;FONDECYT de Iniciación en Investigación 2022;2022;Resumen;https://post.anid.cl/frontend.php/es/postulacion/descargar/hash/fa37c14fb6c33838b18e183ff617cc11
11220393;FONDECYT de Iniciación en Investigación 2022;2022;Resumen;https://post.anid.cl/frontend.php/es/postulacion/descargar/hash/ecf850d1271dc0ecccc4696339b1bf16
11220407;FONDECYT de Iniciación en Investigación 2022;2022;Resumen;https://post.anid.cl/frontend.php/es/postulacion/descargar/hash/fbada3b36df5d4c148e96606602f0ed3
11220409;FONDECYT de Iniciación en Investigación 2022;2022;Resumen;https://post.anid.cl/frontend.php/es/postulacion/descargar/hash/5318d8308a1bfd0a5f5d09815e1f441e
11220417;FONDECYT de Iniciación en Investigación 2022;2022;Resumen;https://post.anid.cl/frontend.php/es/postulacion/descargar/hash/78b7ae16ea33fd3cfd5a7804735595ba
11220419;FONDECYT de Iniciación en Investigación 2022;2022;Resumen;https://post.anid.cl/frontend.php/es/postulacion/descargar/hash/82545645b5fa361f3a2516efedda9a4a
11220420;FONDECYT de Iniciación en Investigación 2022;2022;Resumen;https://post.anid.cl/frontend.php/es/postulacion/descargar/hash/c2d2d665688aa51de732227884849a55
11220424;FONDECYT de Iniciación en Investigación 2022;2022;Resumen;https://post.anid.cl/frontend.php/es/postulacion/descargar/hash/6d2e443557e0c22ed04d2b0f795bf41d
11220425;FONDECYT de Iniciación en Investigación 2022;2022;Resumen;https://post.anid.cl/frontend.php/es/postulacion/descargar/hash/2fbb405ec9fb833c5eb1289d60df8321
11220427;FONDECYT de Iniciación en Investigación 2022;2022;Resumen;https://post.anid.cl/frontend.php/es/postulacion/descargar/hash/2c289a6b204b52009f32d19eeb8ea699
11220432;FONDECYT de Iniciación en Investigación 2022;2022;Resumen;https://post.anid.cl/frontend.php/es/postulacion/descargar/hash/525a3da538d5153a6b6845dcdbb9d810
11220434;FONDECYT de Iniciación en Investigación 2022;2022;Resumen;https://post.anid.cl/frontend.php/es/postulacion/descargar/hash/448942be0873c509a57eb7e5bd1fd340
11220438;FONDECYT de Iniciación en Investigación 2022;2022;Resumen;https://post.anid.cl/frontend.php/es/postulacion/descargar/hash/73f53b202bb6b38d7fd840bd734b11ba
11220439;FONDECYT de Iniciación en Investigación 2022;2022;Resumen;https://post.anid.cl/frontend.php/es/postulacion/descargar/hash/6c29d1ceb33a45898d6d792354989010
11220444;FONDECYT de Iniciación en Investigación 2022;2022;Resumen;https://post.anid.cl/frontend.php/es/postulacion/descargar/hash/8263ed38c80daf6c4bfd3d43510c49f9
11220460;FONDECYT de Iniciación en Investigación 2022;2022;Resumen;https://post.anid.cl/frontend.php/es/postulacion/descargar/hash/724f1e5e3ad3e942f77508342784c238
11220462;FONDECYT de Iniciación en Investigación 2022;2022;Resumen;https://post.anid.cl/frontend.php/es/postulacion/descargar/hash/f8fc993366f525826ce06e82207cf3c0
11220463;FONDECYT de Iniciación en Investigación 2022;2022;Resumen;https://post.anid.cl/frontend.php/es/postulacion/descargar/hash/25acfff4729a7c5b65d828378df7a328
11220464;FONDECYT de Iniciación en Investigación 2022;2022;Resumen;https://post.anid.cl/frontend.php/es/postulacion/descargar/hash/882352364f2443588e702d4e786eb635
11220465;FONDECYT de Iniciación en Investigación 2022;2022;Resumen;https://post.anid.cl/frontend.php/es/postulacion/descargar/hash/7cd13ec9920735092a1d63c91214a53e
11220469;FONDECYT de Iniciación en Investigación 2022;2022;Resumen;https://post.anid.cl/frontend.php/es/postulacion/descargar/hash/dc2c36cc3556010baf4f9226040f2906
11220471;FONDECYT de Iniciación en Investigación 2022;2022;Resumen;https://post.anid.cl/frontend.php/es/postulacion/descargar/hash/0079b6c5bba6e42b3717550d8c0bb15c
11220476;FONDECYT de Iniciación en Investigación 2022;2022;Resumen;https://post.anid.cl/frontend.php/es/postulacion/descargar/hash/9f92949cd32e1b77b23a16947d9fdb8f
11220478;FONDECYT de Iniciación en Investigación 2022;2022;Resumen;https://post.anid.cl/frontend.php/es/postulacion/descargar/hash/d0bef458e5ac4a798191565ba1aced8f
11220480;FONDECYT de Iniciación en Investigación 2022;2022;Resumen;https://post.anid.cl/frontend.php/es/postulacion/descargar/hash/b4082b63f3dd7b8b6f83b15c6c1aa03e
11220481;FONDECYT de Iniciación en Investigación 2022;2022;Resumen;https://post.anid.cl/frontend.php/es/postulacion/descargar/hash/030f384b716b9e96c783e3215beee582
11220482;FONDECYT de Iniciación en Investigación 2022;2022;Resumen;https://post.anid.cl/frontend.php/es/postulacion/descargar/hash/b6dd2d2825ec0c7a716d68ddefde5353
11220485;FONDECYT de Iniciación en Investigación 2022;2022;Resumen;https://post.anid.cl/frontend.php/es/postulacion/descargar/hash/a04797dae88679f1d8f371285b1272d1
11220486;FONDECYT de Iniciación en Investigación 2022;2022;Resumen;https://post.anid.cl/frontend.php/es/postulacion/descargar/hash/4f21f546741d704fabeca3c0397044e7
11220493;FONDECYT de Iniciación en Investigación 2022;2022;Resumen;https://post.anid.cl/frontend.php/es/postulacion/descargar/hash/b98bf596c2e9087c022e5a370cf3aa2d
11220494;FONDECYT de Iniciación en Investigación 2022;2022;Resumen;https://post.anid.cl/frontend.php/es/postulacion/descargar/hash/785c28e298d82b30b605677dfd04711a
11220497;FONDECYT de Iniciación en Investigación 2022;2022;Resumen;https://post.anid.cl/frontend.php/es/postulacion/descargar/hash/df22219cb6dc4755cf00c66891601a08
11220503;FONDECYT de Iniciación en Investigación 2022;2022;Resumen;https://post.anid.cl/frontend.php/es/postulacion/descargar/hash/8f12b9c7a00226233cc8f89ae5450e32
11220506;FONDECYT de Iniciación en Investigación 2022;2022;Resumen;https://post.anid.cl/frontend.php/es/postulacion/descargar/hash/64880bb249a24b26a618f13d36e8496b
11220507;FONDECYT de Iniciación en Investigación 2022;2022;Resumen;https://post.anid.cl/frontend.php/es/postulacion/descargar/hash/5d972d8bbe7d1f1b51cb5c0906f35e5e
11220508;FONDECYT de Iniciación en Investigación 2022;2022;Resumen;https://post.anid.cl/frontend.php/es/postulacion/descargar/hash/4e2c1e351e588181bb51697737181b62
11220510;FONDECYT de Iniciación en Investigación 2022;2022;Resumen;https://post.anid.cl/frontend.php/es/postulacion/descargar/hash/4222194e4ba5d9b3f8ed0f27e06b4d5f
11220512;FONDECYT de Iniciación en Investigación 2022;2022;Resumen;https://post.anid.cl/frontend.php/es/postulacion/descargar/hash/fe1858179ac72ea328907e388b7b6af3
11220513;FONDECYT de Iniciación en Investigación 2022;2022;Resumen;https://post.anid.cl/frontend.php/es/postulacion/descargar/hash/87ee5c56dda5efae04b0dce56e49822f
11220514;FONDECYT de Iniciación en Investigación 2022;2022;Resumen;https://post.anid.cl/frontend.php/es/postulacion/descargar/hash/0b74ee4f7fe4b14aac1f5b0e6faffac5
11220518;FONDECYT de Iniciación en Investigación 2022;2022;Resumen;https://post.anid.cl/frontend.php/es/postulacion/descargar/hash/24a9e78e7214ab9ec04e9b402e541d38
11220522;FONDECYT de Iniciación en Investigación 2022;2022;Resumen;https://post.anid.cl/frontend.php/es/postulacion/descargar/hash/3febfc52ddf3c1ea23cc6338911c5b63
11220525;FONDECYT de Iniciación en Investigación 2022;2022;Resumen;https://post.anid.cl/frontend.php/es/postulacion/descargar/hash/ec111ddc2759c2551e420ad9f1270c9e
11220530;FONDECYT de Iniciación en Investigación 2022;2022;Resumen;https://post.anid.cl/frontend.php/es/postulacion/descargar/hash/24bdf508bd193ada705f4e795be76840
11220533;FONDECYT de Iniciación en Investigación 2022;2022;Resumen;https://post.anid.cl/frontend.php/es/postulacion/descargar/hash/c1404258682caedc690ede4f565d1c26
11220544;FONDECYT de Iniciación en Investigación 2022;2022;Resumen;https://post.anid.cl/frontend.php/es/postulacion/descargar/hash/cb07cefd9f257d0872a25ecebb5c1988
11220545;FONDECYT de Iniciación en Investigación 2022;2022;Resumen;https://post.anid.cl/frontend.php/es/postulacion/descargar/hash/15b2a8748657651a9ce94deae3f558ac
11220549;FONDECYT de Iniciación en Investigación 2022;2022;Resumen;https://post.anid.cl/frontend.php/es/postulacion/descargar/hash/c898b7f649a731660537b68ab8b3e76b
11220556;FONDECYT de Iniciación en Investigación 2022;2022;Resumen;https://post.anid.cl/frontend.php/es/postulacion/descargar/hash/991540e4585d3b58ba01f54dc5753009
11220562;FONDECYT de Iniciación en Investigación 2022;2022;Resumen;https://post.anid.cl/frontend.php/es/postulacion/descargar/hash/f63dffb0c46785f599bed0f0beb45673
11220563;FONDECYT de Iniciación en Investigación 2022;2022;Resumen;https://post.anid.cl/frontend.php/es/postulacion/descargar/hash/103f7df0b812d7c34c9ce0b4620f73b0
11220567;FONDECYT de Iniciación en Investigación 2022;2022;Resumen;https://post.anid.cl/frontend.php/es/postulacion/descargar/hash/df9465dd1829eb41568eed127e48a34e
11220571;FONDECYT de Iniciación en Investigación 2022;2022;Resumen;https://post.anid.cl/frontend.php/es/postulacion/descargar/hash/27d13f6268a006e91fb1387314be3efc
11220575;FONDECYT de Iniciación en Investigación 2022;2022;Resumen;https://post.anid.cl/frontend.php/es/postulacion/descargar/hash/3753a4b2e75e16eded1211b55e8da500
11220576;FONDECYT de Iniciación en Investigación 2022;2022;Resumen;https://post.anid.cl/frontend.php/es/postulacion/descargar/hash/778f9f41029a16a8c4083847ebb40e76
11220577;FONDECYT de Iniciación en Investigación 2022;2022;Resumen;https://post.anid.cl/frontend.php/es/postulacion/descargar/hash/2e4cf9c9b05c9ad5d5b9025b3cdf1be6
11220579;FONDECYT de Iniciación en Investigación 2022;2022;Resumen;https://post.anid.cl/frontend.php/es/postulacion/descargar/hash/8e372fecb599781009cfdf08f7b97de4
11220581;FONDECYT de Iniciación en Investigación 2022;2022;Resumen;https://post.anid.cl/frontend.php/es/postulacion/descargar/hash/fba314591eecafabf01d1a1a7a0b59b3
11220582;FONDECYT de Iniciación en Investigación 2022;2022;Resumen;https://post.anid.cl/frontend.php/es/postulacion/descargar/hash/baee674b790f4a3d20b76ddc5a8755c2
11220583;FONDECYT de Iniciación en Investigación 2022;2022;Resumen;https://post.anid.cl/frontend.php/es/postulacion/descargar/hash/75d64b8023074638aee48268559454b5
11220584;FONDECYT de Iniciación en Investigación 2022;2022;Resumen;https://post.anid.cl/frontend.php/es/postulacion/descargar/hash/fd04586d869380ad4ebfc868f1fb1314
11220586;FONDECYT de Iniciación en Investigación 2022;2022;Resumen;https://post.anid.cl/frontend.php/es/postulacion/descargar/hash/1a1eb6685b33ab550bcfe15afc4261a5
11220593;FONDECYT de Iniciación en Investigación 2022;2022;Resumen;https://post.anid.cl/frontend.php/es/postulacion/descargar/hash/6a43b7accea45a9830159a47788fb76b
11220596;FONDECYT de Iniciación en Investigación 2022;2022;Resumen;https://post.anid.cl/frontend.php/es/postulacion/descargar/hash/35efe0f90457198e04113406082197b3
11220597;FONDECYT de Iniciación en Investigación 2022;2022;Resumen;https://post.anid.cl/frontend.php/es/postulacion/descargar/hash/55572200b6f9f0109650277e6d4f46ae
11220598;FONDECYT de Iniciación en Investigación 2022;2022;Resumen;https://post.anid.cl/frontend.php/es/postulacion/descargar/hash/297f1a92f908e85a931e004634ec6d64
11220600;FONDECYT de Iniciación en Investigación 2022;2022;Resumen;https://post.anid.cl/frontend.php/es/postulacion/descargar/hash/71ac9e175d68a449a8159b90ee5cced1
11220601;FONDECYT de Iniciación en Investigación 2022;2022;Resumen;https://post.anid.cl/frontend.php/es/postulacion/descargar/hash/0e4874934fe9a7b39ed2eaa431ea9ab7
11220605;FONDECYT de Iniciación en Investigación 2022;2022;Resumen;https://post.anid.cl/frontend.php/es/postulacion/descargar/hash/f4c9005b43a38dcd697c06da5eee95bb
11220610;FONDECYT de Iniciación en Investigación 2022;2022;Resumen;https://post.anid.cl/frontend.php/es/postulacion/descargar/hash/238c39ef60deacaff27d50980ffdbc47
11220613;FONDECYT de Iniciación en Investigación 2022;2022;Resumen;https://post.anid.cl/frontend.php/es/postulacion/descargar/hash/08c514ad9f79ad9c1da295948b3816d6
11220617;FONDECYT de Iniciación en Investigación 2022;2022;Resumen;https://post.anid.cl/frontend.php/es/postulacion/descargar/hash/ed5fd11100fb3ebd82abb507ba42dbb9
11220618;FONDECYT de Iniciación en Investigación 2022;2022;Resumen;https://post.anid.cl/frontend.php/es/postulacion/descargar/hash/d1fdbb91b06b3427cb71743bf0caa08a
11220619;FONDECYT de Iniciación en Investigación 2022;2022;Resumen;https://post.anid.cl/frontend.php/es/postulacion/descargar/hash/5b7acd6085ce944273870d01a89973ec
11220622;FONDECYT de Iniciación en Investigación 2022;2022;Resumen;https://post.anid.cl/frontend.php/es/postulacion/descargar/hash/a801a4e51868c72f2ad5ea9e57bd9bb3
11220624;FONDECYT de Iniciación en Investigación 2022;2022;Resumen;https://post.anid.cl/frontend.php/es/postulacion/descargar/hash/49c60e158828f43572d81cf3d1693a9d
11220627;FONDECYT de Iniciación en Investigación 2022;2022;Resumen;https://post.anid.cl/frontend.php/es/postulacion/descargar/hash/f241dd106ad87d8c5315a18117467e38
11220631;FONDECYT de Iniciación en Investigación 2022;2022;Resumen;https://post.anid.cl/frontend.php/es/postulacion/descargar/hash/5b46d2ab6ebac4b20b226f0636047f79
11220637;FONDECYT de Iniciación en Investigación 2022;2022;Resumen;https://post.anid.cl/frontend.php/es/postulacion/descargar/hash/bbd9a18aa25acc0bbe77bb951e68af42
11220642;FONDECYT de Iniciación en Investigación 2022;2022;Resumen;https://post.anid.cl/frontend.php/es/postulacion/descargar/hash/5aa46b083bc66ca27b620f419ea073d5
11220647;FONDECYT de Iniciación en Investigación 2022;2022;Resumen;https://post.anid.cl/frontend.php/es/postulacion/descargar/hash/0fe455f3f9d4d78ef980a9155ffa7b1f
11220650;FONDECYT de Iniciación en Investigación 2022;2022;Resumen;https://post.anid.cl/frontend.php/es/postulacion/descargar/hash/48b278582852d719c24b150305c509c1
11220656;FONDECYT de Iniciación en Investigación 2022;2022;Resumen;https://post.anid.cl/frontend.php/es/postulacion/descargar/hash/59f9b067bb2e862c3ac960ed8436d1fa
11220657;FONDECYT de Iniciación en Investigación 2022;2022;Resumen;https://post.anid.cl/frontend.php/es/postulacion/descargar/hash/365cc443de8ff57934a2b0aba2537752
11220663;FONDECYT de Iniciación en Investigación 2022;2022;Resumen;https://post.anid.cl/frontend.php/es/postulacion/descargar/hash/150d24c7963e83f970b5248c00161e28
11220667;FONDECYT de Iniciación en Investigación 2022;2022;Resumen;https://post.anid.cl/frontend.php/es/postulacion/descargar/hash/7d6c6993b96443a97f40fb05b2fbf320
11220670;FONDECYT de Iniciación en Investigación 2022;2022;Resumen;https://post.anid.cl/frontend.php/es/postulacion/descargar/hash/c7e216fedbaa0a86cfa68ff038331222
11220675;FONDECYT de Iniciación en Investigación 2022;2022;Resumen;https://post.anid.cl/frontend.php/es/postulacion/descargar/hash/98de9c440dbf07099a082ed79c14c2fc
11220676;FONDECYT de Iniciación en Investigación 2022;2022;Resumen;https://post.anid.cl/frontend.php/es/postulacion/descargar/hash/ca015858249257c5567504754975570a
11220683;FONDECYT de Iniciación en Investigación 2022;2022;Resumen;https://post.anid.cl/frontend.php/es/postulacion/descargar/hash/9ef3d910c4938fe50eff9c2a8089d476
11220685;FONDECYT de Iniciación en Investigación 2022;2022;Resumen;https://post.anid.cl/frontend.php/es/postulacion/descargar/hash/abb5a390adf83532fefed47f6a0c68af
11220688;FONDECYT de Iniciación en Investigación 2022;2022;Resumen;https://post.anid.cl/frontend.php/es/postulacion/descargar/hash/233fe55385438f32f91da224ebcd39b5
11220691;FONDECYT de Iniciación en Investigación 2022;2022;Resumen;https://post.anid.cl/frontend.php/es/postulacion/descargar/hash/382c16ef2cb3d6f1035f18a60353beaa
11220693;FONDECYT de Iniciación en Investigación 2022;2022;Resumen;https://post.anid.cl/frontend.php/es/postulacion/descargar/hash/0d2ced1e074926f9d4836603a70cc10c
11220694;FONDECYT de Iniciación en Investigación 2022;2022;Resumen;https://post.anid.cl/frontend.php/es/postulacion/descargar/hash/86dc6b93634f8fb68c5492e60cc5d954
11220697;FONDECYT de Iniciación en Investigación 2022;2022;Resumen;https://post.anid.cl/frontend.php/es/postulacion/descargar/hash/45d78445dc91fa8e17c9ddb786439978
11220698;FONDECYT de Iniciación en Investigación 2022;2022;Resumen;https://post.anid.cl/frontend.php/es/postulacion/descargar/hash/a096b049123b601ba0f88eb9d3c80eec
11220700;FONDECYT de Iniciación en Investigación 2022;2022;Resumen;https://post.anid.cl/frontend.php/es/postulacion/descargar/hash/2ff3c6227a8941fba58657b311c8acc8
11220701;FONDECYT de Iniciación en Investigación 2022;2022;Resumen;https://post.anid.cl/frontend.php/es/postulacion/descargar/hash/0a31a17e260d24cab4dc839c77475fb6
11220703;FONDECYT de Iniciación en Investigación 2022;2022;Resumen;https://post.anid.cl/frontend.php/es/postulacion/descargar/hash/b67bcb161cd2c2c66f346873c6651f38
11220705;FONDECYT de Iniciación en Investigación 2022;2022;Resumen;https://post.anid.cl/frontend.php/es/postulacion/descargar/hash/6499717904d1b66b14ec428096c03c96
11220708;FONDECYT de Iniciación en Investigación 2022;2022;Resumen;https://post.anid.cl/frontend.php/es/postulacion/descargar/hash/c19b0b8102da52dc6949e0bece2824a4
11220709;FONDECYT de Iniciación en Investigación 2022;2022;Resumen;https://post.anid.cl/frontend.php/es/postulacion/descargar/hash/0af7895df8be6f37d08b21ca01c69637
11220711;FONDECYT de Iniciación en Investigación 2022;2022;Resumen;https://post.anid.cl/frontend.php/es/postulacion/descargar/hash/e1a21121a2961585b1d0c810be411fe2
11220713;FONDECYT de Iniciación en Investigación 2022;2022;Resumen;https://post.anid.cl/frontend.php/es/postulacion/descargar/hash/459be4c0e1b2f961ffea875db75e2203
11220725;FONDECYT de Iniciación en Investigación 2022;2022;Resumen;https://post.anid.cl/frontend.php/es/postulacion/descargar/hash/625115f5be0aed1a7da7f8d694175efe
11220727;FONDECYT de Iniciación en Investigación 2022;2022;Resumen;https://post.anid.cl/frontend.php/es/postulacion/descargar/hash/fac5812645a7a16ddd0b2aa6ab0ef164
11220730;FONDECYT de Iniciación en Investigación 2022;2022;Resumen;https://post.anid.cl/frontend.php/es/postulacion/descargar/hash/0c575d16cff6fcedcd7ed039e2c68d7c
11220731;FONDECYT de Iniciación en Investigación 2022;2022;Resumen;https://post.anid.cl/frontend.php/es/postulacion/descargar/hash/b8cd537a45801b9cfacc32a80f62dc57
11220732;FONDECYT de Iniciación en Investigación 2022;2022;Resumen;https://post.anid.cl/frontend.php/es/postulacion/descargar/hash/bbf046ba407152a32328d6bcd0e045d2
11220738;FONDECYT de Iniciación en Investigación 2022;2022;Resumen;https://post.anid.cl/frontend.php/es/postulacion/descargar/hash/b3b721e395119e3300a4e3768957187a
11220752;FONDECYT de Iniciación en Investigación 2022;2022;Resumen;https://post.anid.cl/frontend.php/es/postulacion/descargar/hash/e8c6f3889c061ffbfb6e18114913a957
11220755;FONDECYT de Iniciación en Investigación 2022;2022;Resumen;https://post.anid.cl/frontend.php/es/postulacion/descargar/hash/5c76d43878c6725aecf8216c7240bed4
11220756;FONDECYT de Iniciación en Investigación 2022;2022;Resumen;https://post.anid.cl/frontend.php/es/postulacion/descargar/hash/be52990b6b7b1c47423c8606b7ea538c
11220761;FONDECYT de Iniciación en Investigación 2022;2022;Resumen;https://post.anid.cl/frontend.php/es/postulacion/descargar/hash/95aa18c281e8baa067718b41cc315eb2
11220765;FONDECYT de Iniciación en Investigación 2022;2022;Resumen;https://post.anid.cl/frontend.php/es/postulacion/descargar/hash/fb022c6cb30bc32973b53ffddce7863e
11220772;FONDECYT de Iniciación en Investigación 2022;2022;Resumen;https://post.anid.cl/frontend.php/es/postulacion/descargar/hash/73dfce2df7932e7e22b8a896ad506b52
11220773;FONDECYT de Iniciación en Investigación 2022;2022;Resumen;https://post.anid.cl/frontend.php/es/postulacion/descargar/hash/f7aa3603c7b27fa9e1e34c782a0cf26e
11220774;FONDECYT de Iniciación en Investigación 2022;2022;Resumen;https://post.anid.cl/frontend.php/es/postulacion/descargar/hash/f040fb21cc5c3d0ee4b615a2e5da3305
11220775;FONDECYT de Iniciación en Investigación 2022;2022;Resumen;https://post.anid.cl/frontend.php/es/postulacion/descargar/hash/0dbe13a10f30bbcd994ec343c4aa8249
11220777;FONDECYT de Iniciación en Investigación 2022;2022;Resumen;https://post.anid.cl/frontend.php/es/postulacion/descargar/hash/60fee2f59bd236bcf5cdc11b40c9e677
11220778;FONDECYT de Iniciación en Investigación 2022;2022;Resumen;https://post.anid.cl/frontend.php/es/postulacion/descargar/hash/20a45c084286f7546a66982bf4b4c647
11220783;FONDECYT de Iniciación en Investigación 2022;2022;Resumen;https://post.anid.cl/frontend.php/es/postulacion/descargar/hash/62de53a40f0286d7b1d79f416621a6c1
11220784;FONDECYT de Iniciación en Investigación 2022;2022;Resumen;https://post.anid.cl/frontend.php/es/postulacion/descargar/hash/f564bbac3dd719867b6c4a5aa476fb26
11220794;FONDECYT de Iniciación en Investigación 2022;2022;Resumen;https://post.anid.cl/frontend.php/es/postulacion/descargar/hash/318b0adc0dd316a20361f5aedf7c0e41
11220798;FONDECYT de Iniciación en Investigación 2022;2022;Resumen;https://post.anid.cl/frontend.php/es/postulacion/descargar/hash/205e415a08edaa4f7c73fd073b1f69fd
11220799;FONDECYT de Iniciación en Investigación 2022;2022;Resumen;https://post.anid.cl/frontend.php/es/postulacion/descargar/hash/0130025fc927f3d159ec8f6a05e2d6dc
11220801;FONDECYT de Iniciación en Investigación 2022;2022;Resumen;https://post.anid.cl/frontend.php/es/postulacion/descargar/hash/2daa15ae944a69b6ea79b18264a0905e
11220806;FONDECYT de Iniciación en Investigación 2022;2022;Resumen;https://post.anid.cl/frontend.php/es/postulacion/descargar/hash/c651c55b5d604614a4d630a8148fab76
11220807;FONDECYT de Iniciación en Investigación 2022;2022;Resumen;https://post.anid.cl/frontend.php/es/postulacion/descargar/hash/d6105ec2c9b9443f8a800d8664004906
11220808;FONDECYT de Iniciación en Investigación 2022;2022;Resumen;https://post.anid.cl/frontend.php/es/postulacion/descargar/hash/78e8212b7c12229299f64a5fb1206fed
11220809;FONDECYT de Iniciación en Investigación 2022;2022;Resumen;https://post.anid.cl/frontend.php/es/postulacion/descargar/hash/ee837a78334101d1d8a8e91461e1e152
11220812;FONDECYT de Iniciación en Investigación 2022;2022;Resumen;https://post.anid.cl/frontend.php/es/postulacion/descargar/hash/43827431494be087b80d1ac0b2be790c
11220813;FONDECYT de Iniciación en Investigación 2022;2022;Resumen;https://post.anid.cl/frontend.php/es/postulacion/descargar/hash/2d9d56eda3f027d88ea4d5205fedd57f
11220816;FONDECYT de Iniciación en Investigación 2022;2022;Resumen;https://post.anid.cl/frontend.php/es/postulacion/descargar/hash/0e68c0adb65615851e0ec2acad62a33b
11220818;FONDECYT de Iniciación en Investigación 2022;2022;Resumen;https://post.anid.cl/frontend.php/es/postulacion/descargar/hash/46a4d760742f1a3e3e4de399c048a908
11220840;FONDECYT de Iniciación en Investigación 2022;2022;Resumen;https://post.anid.cl/frontend.php/es/postulacion/descargar/hash/070efb00183649cd7d543396cfe8725d
11220843;FONDECYT de Iniciación en Investigación 2022;2022;Resumen;https://post.anid.cl/frontend.php/es/postulacion/descargar/hash/72492ce89b6a2a76f0d7a26754aec9f8
11220846;FONDECYT de Iniciación en Investigación 2022;2022;Resumen;https://post.anid.cl/frontend.php/es/postulacion/descargar/hash/07ef11d24cbbd7e8aaa900998920d09d
11220847;FONDECYT de Iniciación en Investigación 2022;2022;Resumen;https://post.anid.cl/frontend.php/es/postulacion/descargar/hash/c69ec36f45657c57771f1560493781ab
11220854;FONDECYT de Iniciación en Investigación 2022;2022;Resumen;https://post.anid.cl/frontend.php/es/postulacion/descargar/hash/03153eca0171bdbf369832989eef9348
11220856;FONDECYT de Iniciación en Investigación 2022;2022;Resumen;https://post.anid.cl/frontend.php/es/postulacion/descargar/hash/61838f1b850e57d4262d778dcd0bc7a2
11220857;FONDECYT de Iniciación en Investigación 2022;2022;Resumen;https://post.anid.cl/frontend.php/es/postulacion/descargar/hash/7f80e854c0d0e3e477109ed8c7c4220c
11220861;FONDECYT de Iniciación en Investigación 2022;2022;Resumen;https://post.anid.cl/frontend.php/es/postulacion/descargar/hash/963fc753b0be7086653045fa2f9ac98d
11220863;FONDECYT de Iniciación en Investigación 2022;2022;Resumen;https://post.anid.cl/frontend.php/es/postulacion/descargar/hash/9c63c270e23da53f2d2b180efd027663
11220864;FONDECYT de Iniciación en Investigación 2022;2022;Resumen;https://post.anid.cl/frontend.php/es/postulacion/descargar/hash/05feab96a2a83a07e46f7923b67fe835
11220869;FONDECYT de Iniciación en Investigación 2022;2022;Resumen;https://post.anid.cl/frontend.php/es/postulacion/descargar/hash/e66c026b50bd430fce45e2bbd580f08f
11220870;FONDECYT de Iniciación en Investigación 2022;2022;Resumen;https://post.anid.cl/frontend.php/es/postulacion/descargar/hash/ff0fb826abe0efef99ead9dbc6ff48e0
11220873;FONDECYT de Iniciación en Investigación 2022;2022;Resumen;https://post.anid.cl/frontend.php/es/postulacion/descargar/hash/79176f3db4c49c7f777f37726d6bf885
11220874;FONDECYT de Iniciación en Investigación 2022;2022;Resumen;https://post.anid.cl/frontend.php/es/postulacion/descargar/hash/3c964b159947a4baeab7d4dcd3d77535
11220876;FONDECYT de Iniciación en Investigación 2022;2022;Resumen;https://post.anid.cl/frontend.php/es/postulacion/descargar/hash/4112a76120872db1018ce994fe9d9123
11220879;FONDECYT de Iniciación en Investigación 2022;2022;Resumen;https://post.anid.cl/frontend.php/es/postulacion/descargar/hash/c44315f70bff61ed398e565ae4f7449a
11220882;FONDECYT de Iniciación en Investigación 2022;2022;Resumen;https://post.anid.cl/frontend.php/es/postulacion/descargar/hash/9c72f25cb83130b5f43b494e40c5bae8
11220885;FONDECYT de Iniciación en Investigación 2022;2022;Resumen;https://post.anid.cl/frontend.php/es/postulacion/descargar/hash/0d2cebec70d6bc8dc970e0b7240d3966
11220889;FONDECYT de Iniciación en Investigación 2022;2022;Resumen;https://post.anid.cl/frontend.php/es/postulacion/descargar/hash/f86bfa86df3db6f23d8453f29ec48285
11220897;FONDECYT de Iniciación en Investigación 2022;2022;Resumen;https://post.anid.cl/frontend.php/es/postulacion/descargar/hash/4dbdf22d94d3e6b7bb6cb171c192e9d3
11220903;FONDECYT de Iniciación en Investigación 2022;2022;Resumen;https://post.anid.cl/frontend.php/es/postulacion/descargar/hash/4bcbb2d1b20e228684b7d6f67000166b
11220905;FONDECYT de Iniciación en Investigación 2022;2022;Resumen;https://post.anid.cl/frontend.php/es/postulacion/descargar/hash/bf0c16f53bf4d9908b79dd4f322237ff
11220913;FONDECYT de Iniciación en Investigación 2022;2022;Resumen;https://post.anid.cl/frontend.php/es/postulacion/descargar/hash/a5f883b283f2b9a2ff577288e78350e9
11220918;FONDECYT de Iniciación en Investigación 2022;2022;Resumen;https://post.anid.cl/frontend.php/es/postulacion/descargar/hash/58ed1eeda9cb4d8b113cd795c4118262
11220920;FONDECYT de Iniciación en Investigación 2022;2022;Resumen;https://post.anid.cl/frontend.php/es/postulacion/descargar/hash/251f8ea5095dfaa761a89b2b79dbdf9a
11220927;FONDECYT de Iniciación en Investigación 2022;2022;Resumen;https://post.anid.cl/frontend.php/es/postulacion/descargar/hash/390b53d595aad58d4a8df009401190fb
11220930;FONDECYT de Iniciación en Investigación 2022;2022;Resumen;https://post.anid.cl/frontend.php/es/postulacion/descargar/hash/41606333901114d709b18c1b645096fd
11220932;FONDECYT de Iniciación en Investigación 2022;2022;Resumen;https://post.anid.cl/frontend.php/es/postulacion/descargar/hash/420fc7d80212079689db5c6089d4b60c
11220933;FONDECYT de Iniciación en Investigación 2022;2022;Resumen;https://post.anid.cl/frontend.php/es/postulacion/descargar/hash/553b006d88479de8302182125c1ccf68
11220937;FONDECYT de Iniciación en Investigación 2022;2022;Resumen;https://post.anid.cl/frontend.php/es/postulacion/descargar/hash/4b870a8b0da39d508d6c5babb17bce2f
11220944;FONDECYT de Iniciación en Investigación 2022;2022;Resumen;https://post.anid.cl/frontend.php/es/postulacion/descargar/hash/ff31e1b6f10291c14c79262acccb1ddb
11220945;FONDECYT de Iniciación en Investigación 2022;2022;Resumen;https://post.anid.cl/frontend.php/es/postulacion/descargar/hash/1a030a344bf7d60dfdb936e64a3e9d4a
11220951;FONDECYT de Iniciación en Investigación 2022;2022;Resumen;https://post.anid.cl/frontend.php/es/postulacion/descargar/hash/d9d04351c41c5e0f0d1a7ce091b1c2ae
11220952;FONDECYT de Iniciación en Investigación 2022;2022;Resumen;https://post.anid.cl/frontend.php/es/postulacion/descargar/hash/fe0de9e51dd6e711ee0e05b906af4eab
11220962;FONDECYT de Iniciación en Investigación 2022;2022;Resumen;https://post.anid.cl/frontend.php/es/postulacion/descargar/hash/354f048f4370d29707a9b5a11d68c646
11220963;FONDECYT de Iniciación en Investigación 2022;2022;Resumen;https://post.anid.cl/frontend.php/es/postulacion/descargar/hash/f52e3b38fd41442703522aeaab5f52b4
11220965;FONDECYT de Iniciación en Investigación 2022;2022;Resumen;https://post.anid.cl/frontend.php/es/postulacion/descargar/hash/98070870f456bcc9adf654cd8e4c0b53
11220966;FONDECYT de Iniciación en Investigación 2022;2022;Resumen;https://post.anid.cl/frontend.php/es/postulacion/descargar/hash/feb77f3974e4d1b657ddcf15c6c87b58
11220969;FONDECYT de Iniciación en Investigación 2022;2022;Resumen;https://post.anid.cl/frontend.php/es/postulacion/descargar/hash/fdd4f7d42924a2f760266dc3aff37d28
11220983;FONDECYT de Iniciación en Investigación 2022;2022;Resumen;https://post.anid.cl/frontend.php/es/postulacion/descargar/hash/d7352eefe8ed84dae04fbf657b9cf260
11220989;FONDECYT de Iniciación en Investigación 2022;2022;Resumen;https://post.anid.cl/frontend.php/es/postulacion/descargar/hash/ac302558970e615e7da94450bc9d0131
11220990;FONDECYT de Iniciación en Investigación 2022;2022;Resumen;https://post.anid.cl/frontend.php/es/postulacion/descargar/hash/5939b185e7098098347a9b867e53f354
11220991;FONDECYT de Iniciación en Investigación 2022;2022;Resumen;https://post.anid.cl/frontend.php/es/postulacion/descargar/hash/1cb5db191b429eaeb644202f565a8a90
11220995;FONDECYT de Iniciación en Investigación 2022;2022;Resumen;https://post.anid.cl/frontend.php/es/postulacion/descargar/hash/0ffaba7fe25df71ed55967bf3cdb706a
11221000;FONDECYT de Iniciación en Investigación 2022;2022;Resumen;https://post.anid.cl/frontend.php/es/postulacion/descargar/hash/c5ebdfae84f2dccbec4e5c0deaf10305
11221005;FONDECYT de Iniciación en Investigación 2022;2022;Resumen;https://post.anid.cl/frontend.php/es/postulacion/descargar/hash/55b5afebc90f50d99302fd384d815c4d
11221007;FONDECYT de Iniciación en Investigación 2022;2022;Resumen;https://post.anid.cl/frontend.php/es/postulacion/descargar/hash/f8c556204c1426b44b42a066e5542c93
11221017;FONDECYT de Iniciación en Investigación 2022;2022;Resumen;https://post.anid.cl/frontend.php/es/postulacion/descargar/hash/cab6db250bc13753fa560d9904061c36
11221019;FONDECYT de Iniciación en Investigación 2022;2022;Resumen;https://post.anid.cl/frontend.php/es/postulacion/descargar/hash/ad8cdf551a6e3833e9962a5d3cf80b4a
11221028;FONDECYT de Iniciación en Investigación 2022;2022;Resumen;https://post.anid.cl/frontend.php/es/postulacion/descargar/hash/34e4c2c3f0a2e55cb1790ffc37f7f764
11221029;FONDECYT de Iniciación en Investigación 2022;2022;Resumen;https://post.anid.cl/frontend.php/es/postulacion/descargar/hash/d6f7a76aa73a31c71719af2254c0db56
11221032;FONDECYT de Iniciación en Investigación 2022;2022;Resumen;https://post.anid.cl/frontend.php/es/postulacion/descargar/hash/9c9fb6a63b68b500f4b817ed0f4e031b
11221034;FONDECYT de Iniciación en Investigación 2022;2022;Resumen;https://post.anid.cl/frontend.php/es/postulacion/descargar/hash/1fad1dd7c61e3dda7be78e7f7e3a10ce
11221038;FONDECYT de Iniciación en Investigación 2022;2022;Resumen;https://post.anid.cl/frontend.php/es/postulacion/descargar/hash/0bcfddf9416aa97506564ad942530e5d
11221043;FONDECYT de Iniciación en Investigación 2022;2022;Resumen;https://post.anid.cl/frontend.php/es/postulacion/descargar/hash/076812b8a17bc73ea70912427f407cb3
11221052;FONDECYT de Iniciación en Investigación 2022;2022;Resumen;https://post.anid.cl/frontend.php/es/postulacion/descargar/hash/4840232cb536a0de3d4bef8c583652d4
11221054;FONDECYT de Iniciación en Investigación 2022;2022;Resumen;https://post.anid.cl/frontend.php/es/postulacion/descargar/hash/7d8a6daccf792967632e7513540eed74
11221055;FONDECYT de Iniciación en Investigación 2022;2022;Resumen;https://post.anid.cl/frontend.php/es/postulacion/descargar/hash/040749e5f7b948edb59e5c7077e3bc44
11221061;FONDECYT de Iniciación en Investigación 2022;2022;Resumen;https://post.anid.cl/frontend.php/es/postulacion/descargar/hash/c1d606b9f0411efa8b580d597c436393
11221062;FONDECYT de Iniciación en Investigación 2022;2022;Resumen;https://post.anid.cl/frontend.php/es/postulacion/descargar/hash/983b273ad541f14a20547d4c2bb66c70
11221063;FONDECYT de Iniciación en Investigación 2022;2022;Resumen;https://post.anid.cl/frontend.php/es/postulacion/descargar/hash/42d9de4577a7c80edc6dc46c50408ef7
11221070;FONDECYT de Iniciación en Investigación 2022;2022;Resumen;https://post.anid.cl/frontend.php/es/postulacion/descargar/hash/69d2ca0f53c0ff21a192b61b7ce971aa
11221073;FONDECYT de Iniciación en Investigación 2022;2022;Resumen;https://post.anid.cl/frontend.php/es/postulacion/descargar/hash/492499918b23757fcd8a2cafa9641465
11221074;FONDECYT de Iniciación en Investigación 2022;2022;Resumen;https://post.anid.cl/frontend.php/es/postulacion/descargar/hash/81ffd574ddf6c37ae87250fb90d87bd0
11221076;FONDECYT de Iniciación en Investigación 2022;2022;Resumen;https://post.anid.cl/frontend.php/es/postulacion/descargar/hash/770b7defa3db0862e5daa58d6ce1849f
11221079;FONDECYT de Iniciación en Investigación 2022;2022;Resumen;https://post.anid.cl/frontend.php/es/postulacion/descargar/hash/6c829fcbb66d3c56dfa2bc9e30ffd425
11221081;FONDECYT de Iniciación en Investigación 2022;2022;Resumen;https://post.anid.cl/frontend.php/es/postulacion/descargar/hash/838fda50352611fdcd74a26916a69cf4
11221088;FONDECYT de Iniciación en Investigación 2022;2022;Resumen;https://post.anid.cl/frontend.php/es/postulacion/descargar/hash/84053100ee8218882c9ead7ce19c65e4
11221089;FONDECYT de Iniciación en Investigación 2022;2022;Resumen;https://post.anid.cl/frontend.php/es/postulacion/descargar/hash/1699e08e72467b920bcd465198c8c931
11221092;FONDECYT de Iniciación en Investigación 2022;2022;Resumen;https://post.anid.cl/frontend.php/es/postulacion/descargar/hash/e816a221db58ba2d6b3eb8132ffdf9d8
11221093;FONDECYT de Iniciación en Investigación 2022;2022;Resumen;https://post.anid.cl/frontend.php/es/postulacion/descargar/hash/b90c4edb56768277f68614e627280e40
11221095;FONDECYT de Iniciación en Investigación 2022;2022;Resumen;https://post.anid.cl/frontend.php/es/postulacion/descargar/hash/9c8bede0c1b5efc713404c90d11f0e4c
11221096;FONDECYT de Iniciación en Investigación 2022;2022;Resumen;https://post.anid.cl/frontend.php/es/postulacion/descargar/hash/cca42445be1f71f51a5c4f67d0e3e98f
11221110;FONDECYT de Iniciación en Investigación 2022;2022;Resumen;https://post.anid.cl/frontend.php/es/postulacion/descargar/hash/3660cc40b4089e47b7c21b9c83a63370
11221114;FONDECYT de Iniciación en Investigación 2022;2022;Resumen;https://post.anid.cl/frontend.php/es/postulacion/descargar/hash/3288cb5bd098632b5c0b16e1aae42ff3
11221116;FONDECYT de Iniciación en Investigación 2022;2022;Resumen;https://post.anid.cl/frontend.php/es/postulacion/descargar/hash/c602f8c06e2a4bec23df687f33e23c70
11221120;FONDECYT de Iniciación en Investigación 2022;2022;Resumen;https://post.anid.cl/frontend.php/es/postulacion/descargar/hash/3862d1b861b9184e1f03f8470a567e70
11221123;FONDECYT de Iniciación en Investigación 2022;2022;Resumen;https://post.anid.cl/frontend.php/es/postulacion/descargar/hash/03da8b9e34dc9c3128d0e3b419ce84bc
11221124;FONDECYT de Iniciación en Investigación 2022;2022;Resumen;https://post.anid.cl/frontend.php/es/postulacion/descargar/hash/4b7227035ce67d3d415352c46321ea7b
11221128;FONDECYT de Iniciación en Investigación 2022;2022;Resumen;https://post.anid.cl/frontend.php/es/postulacion/descargar/hash/61a8a09823e24085937f3cc0305324ab
11221132;FONDECYT de Iniciación en Investigación 2022;2022;Resumen;https://post.anid.cl/frontend.php/es/postulacion/descargar/hash/143ce76666da23eaeff22641898ee723
11221135;FONDECYT de Iniciación en Investigación 2022;2022;Resumen;https://post.anid.cl/frontend.php/es/postulacion/descargar/hash/869db3d5946333a60b26d3554c0e8744
11221143;FONDECYT de Iniciación en Investigación 2022;2022;Resumen;https://post.anid.cl/frontend.php/es/postulacion/descargar/hash/3e63c42cbe64be598855f41ea423bb0f
11221146;FONDECYT de Iniciación en Investigación 2022;2022;Resumen;https://post.anid.cl/frontend.php/es/postulacion/descargar/hash/c763308d5d43879c4354699285cab8ba
11221152;FONDECYT de Iniciación en Investigación 2022;2022;Resumen;https://post.anid.cl/frontend.php/es/postulacion/descargar/hash/b18c7792e42e230cdf4cb7a1247379a0
11221155;FONDECYT de Iniciación en Investigación 2022;2022;Resumen;https://post.anid.cl/frontend.php/es/postulacion/descargar/hash/32efbcd84452933cd9aad843fcd8ed11
11221158;FONDECYT de Iniciación en Investigación 2022;2022;Resumen;https://post.anid.cl/frontend.php/es/postulacion/descargar/hash/a6e729d43e551ba9a01a2829ad4c6e38
11221161;FONDECYT de Iniciación en Investigación 2022;2022;Resumen;https://post.anid.cl/frontend.php/es/postulacion/descargar/hash/0ac2a8a68d5efc1a7a482ddead1bfb37
11221167;FONDECYT de Iniciación en Investigación 2022;2022;Resumen;https://post.anid.cl/frontend.php/es/postulacion/descargar/hash/c032bffeccfb5e216c7a1a28a8f80efe
11221171;FONDECYT de Iniciación en Investigación 2022;2022;Resumen;https://post.anid.cl/frontend.php/es/postulacion/descargar/hash/91ae540c31d0baf09f9401b76c9c856b
11221172;FONDECYT de Iniciación en Investigación 2022;2022;Resumen;https://post.anid.cl/frontend.php/es/postulacion/descargar/hash/6061a18bfeea113351e31e4ef1fbc322
11221186;FONDECYT de Iniciación en Investigación 2022;2022;Resumen;https://post.anid.cl/frontend.php/es/postulacion/descargar/hash/586ca604d62178477411eda35749069e
11221187;FONDECYT de Iniciación en Investigación 2022;2022;Resumen;https://post.anid.cl/frontend.php/es/postulacion/descargar/hash/a750ca28506dfed1e1d5edb71c14f2bc
11221191;FONDECYT de Iniciación en Investigación 2022;2022;Resumen;https://post.anid.cl/frontend.php/es/postulacion/descargar/hash/2afd1a05bfcafa3de78ceb3b6351e2a9
11221193;FONDECYT de Iniciación en Investigación 2022;2022;Resumen;https://post.anid.cl/frontend.php/es/postulacion/descargar/hash/ec4de49f9f37a9743015a4ff67fcf656
11221194;FONDECYT de Iniciación en Investigación 2022;2022;Resumen;https://post.anid.cl/frontend.php/es/postulacion/descargar/hash/40f3571d219caf1bf3520f65df73593e
11221196;FONDECYT de Iniciación en Investigación 2022;2022;Resumen;https://post.anid.cl/frontend.php/es/postulacion/descargar/hash/e8db4a015b9d63bcb03fc82ad23e6e11
11221206;FONDECYT de Iniciación en Investigación 2022;2022;Resumen;https://post.anid.cl/frontend.php/es/postulacion/descargar/hash/b87abf9c17de94ba2d83c6d1c6d7e272
11221211;FONDECYT de Iniciación en Investigación 2022;2022;Resumen;https://post.anid.cl/frontend.php/es/postulacion/descargar/hash/96b551a0875ac16fb40a03540354f581
11221213;FONDECYT de Iniciación en Investigación 2022;2022;Resumen;https://post.anid.cl/frontend.php/es/postulacion/descargar/hash/4278a77dabfbe8c426d197bd44c8f173
11221214;FONDECYT de Iniciación en Investigación 2022;2022;Resumen;https://post.anid.cl/frontend.php/es/postulacion/descargar/hash/cbb3813112efa1c5bfc00689e47dde0c
11221216;FONDECYT de Iniciación en Investigación 2022;2022;Resumen;https://post.anid.cl/frontend.php/es/postulacion/descargar/hash/6052e6f20dab1adbe69dbb27c8ee4f2c
11221222;FONDECYT de Iniciación en Investigación 2022;2022;Resumen;https://post.anid.cl/frontend.php/es/postulacion/descargar/hash/c2d81c03cc909a5d34b0864aff68d4cd
11221223;FONDECYT de Iniciación en Investigación 2022;2022;Resumen;https://post.anid.cl/frontend.php/es/postulacion/descargar/hash/4aded86e3b4acbcd182a94918225d7b5
11221224;FONDECYT de Iniciación en Investigación 2022;2022;Resumen;https://post.anid.cl/frontend.php/es/postulacion/descargar/hash/7c2d6a5337a746259a8644cb7422e95b
11221226;FONDECYT de Iniciación en Investigación 2022;2022;Resumen;https://post.anid.cl/frontend.php/es/postulacion/descargar/hash/5b626d0d91f0a64da45df98398a61dd4
11221227;FONDECYT de Iniciación en Investigación 2022;2022;Resumen;https://post.anid.cl/frontend.php/es/postulacion/descargar/hash/f4fab131470fe71e7f201fe3bd797f6b
11221228;FONDECYT de Iniciación en Investigación 2022;2022;Resumen;https://post.anid.cl/frontend.php/es/postulacion/descargar/hash/78426269ca5c62a042994f6b292f5cc9
11221230;FONDECYT de Iniciación en Investigación 2022;2022;Resumen;https://post.anid.cl/frontend.php/es/postulacion/descargar/hash/15907ad9280a951ccf69139a6ca58cf5
11221231;FONDECYT de Iniciación en Investigación 2022;2022;Resumen;https://post.anid.cl/frontend.php/es/postulacion/descargar/hash/14163fdc4d8d1aee95bd1e2c244ba6fa
11221232;FONDECYT de Iniciación en Investigación 2022;2022;Resumen;https://post.anid.cl/frontend.php/es/postulacion/descargar/hash/173c0246b8fbb01a8d063d35c92e8842
11221241;FONDECYT de Iniciación en Investigación 2022;2022;Resumen;https://post.anid.cl/frontend.php/es/postulacion/descargar/hash/98e8a29c87880dc844662d13d67c7f3a
11221248;FONDECYT de Iniciación en Investigación 2022;2022;Resumen;https://post.anid.cl/frontend.php/es/postulacion/descargar/hash/687d5163323bd7f8b0278119766aba0f
11221251;FONDECYT de Iniciación en Investigación 2022;2022;Resumen;https://post.anid.cl/frontend.php/es/postulacion/descargar/hash/2cc3d4b02f2ace41925659a632de0532
11221254;FONDECYT de Iniciación en Investigación 2022;2022;Resumen;https://post.anid.cl/frontend.php/es/postulacion/descargar/hash/50034652fb58f3b3f294d5bd99fe3ef8
11221255;FONDECYT de Iniciación en Investigación 2022;2022;Resumen;https://post.anid.cl/frontend.php/es/postulacion/descargar/hash/5b9862f6f71acd1a0c822f48d1e45bf9
11221265;FONDECYT de Iniciación en Investigación 2022;2022;Resumen;https://post.anid.cl/frontend.php/es/postulacion/descargar/hash/9f8597e98e5aa143d87314e835e38020
11221266;FONDECYT de Iniciación en Investigación 2022;2022;Resumen;https://post.anid.cl/frontend.php/es/postulacion/descargar/hash/16abed4806d8d36f52931f18e75d9fd6
11221268;FONDECYT de Iniciación en Investigación 2022;2022;Resumen;https://post.anid.cl/frontend.php/es/postulacion/descargar/hash/3cf4d8dccd643015f3f32ada22ba07a7
11221272;FONDECYT de Iniciación en Investigación 2022;2022;Resumen;https://post.anid.cl/frontend.php/es/postulacion/descargar/hash/94f1250686c659f222d77ffe3cb1f104
11221279;FONDECYT de Iniciación en Investigación 2022;2022;Resumen;https://post.anid.cl/frontend.php/es/postulacion/descargar/hash/d1eb206c64f2b4a46e504176ad0e3f95
11221280;FONDECYT de Iniciación en Investigación 2022;2022;Resumen;https://post.anid.cl/frontend.php/es/postulacion/descargar/hash/976192934d20001f9ca774c3d3e6ff65
11221282;FONDECYT de Iniciación en Investigación 2022;2022;Resumen;https://post.anid.cl/frontend.php/es/postulacion/descargar/hash/e56953f6a9626c4a00186c02f924733d
11221289;FONDECYT de Iniciación en Investigación 2022;2022;Resumen;https://post.anid.cl/frontend.php/es/postulacion/descargar/hash/13e5bd0b1f775ed010370f2ceaf9c203
11221298;FONDECYT de Iniciación en Investigación 2022;2022;Resumen;https://post.anid.cl/frontend.php/es/postulacion/descargar/hash/3a82e50b517c013c6fadc584b4f3e413
11221308;FONDECYT de Iniciación en Investigación 2022;2022;Resumen;https://post.anid.cl/frontend.php/es/postulacion/descargar/hash/8b911a187ce080cdf68156cdae2ad251
11221323;FONDECYT de Iniciación en Investigación 2022;2022;Resumen;https://post.anid.cl/frontend.php/es/postulacion/descargar/hash/8e484318c3dcca299b5d8ca639e5dada
11221325;FONDECYT de Iniciación en Investigación 2022;2022;Resumen;https://post.anid.cl/frontend.php/es/postulacion/descargar/hash/7067c1d123609340a42a347b933ad39e
11221329;FONDECYT de Iniciación en Investigación 2022;2022;Resumen;https://post.anid.cl/frontend.php/es/postulacion/descargar/hash/af8460e210bb39b8be470c3dc14a8c17
11221341;FONDECYT de Iniciación en Investigación 2022;2022;Resumen;https://post.anid.cl/frontend.php/es/postulacion/descargar/hash/f84022f2fa9783362efcc813340275c9
11221344;FONDECYT de Iniciación en Investigación 2022;2022;Resumen;https://post.anid.cl/frontend.php/es/postulacion/descargar/hash/801a49c79ced4097a48082e305d14981
11221346;FONDECYT de Iniciación en Investigación 2022;2022;Resumen;https://post.anid.cl/frontend.php/es/postulacion/descargar/hash/7a1611b8184205558f64d40c3ee907b9
11221352;FONDECYT de Iniciación en Investigación 2022;2022;Resumen;https://post.anid.cl/frontend.php/es/postulacion/descargar/hash/aad66010b65368519cb2c46c3a82185f
11221355;FONDECYT de Iniciación en Investigación 2022;2022;Resumen;https://post.anid.cl/frontend.php/es/postulacion/descargar/hash/ab260b36739cf263fa7a08e11c0222ec
11221356;FONDECYT de Iniciación en Investigación 2022;2022;Resumen;https://post.anid.cl/frontend.php/es/postulacion/descargar/hash/7bdc9e5c160061999e8b3d59d1663216
11221365;FONDECYT de Iniciación en Investigación 2022;2022;Resumen;https://post.anid.cl/frontend.php/es/postulacion/descargar/hash/095b8312938b30d12fd5d218b6e77e15
11221366;FONDECYT de Iniciación en Investigación 2022;2022;Resumen;https://post.anid.cl/frontend.php/es/postulacion/descargar/hash/c5703ecae15bd69bf33706390894d8a9
11230007;FONDECYT de Iniciación en Investigación 2023;2023;Resumen;https://post.anid.cl/frontend.php/es/postulacion/descargar/hash/ecbafa29b8dcfd8f0e78267c258844d7
11230011;FONDECYT de Iniciación en Investigación 2023;2023;Resumen;https://post.anid.cl/frontend.php/es/postulacion/descargar/hash/5d109a04468a865867792d69363c1333
11230012;FONDECYT de Iniciación en Investigación 2023;2023;Resumen;https://post.anid.cl/frontend.php/es/postulacion/descargar/hash/48b508e177f8c4430e065879c012d336
11230013;FONDECYT de Iniciación en Investigación 2023;2023;Resumen;https://post.anid.cl/frontend.php/es/postulacion/descargar/hash/8f45d2fe1c17d347843adc944a12f0d3
11230014;FONDECYT de Iniciación en Investigación 2023;2023;Resumen;https://post.anid.cl/frontend.php/es/postulacion/descargar/hash/964c94252eeab486f8eb563746e44e5c
11230022;FONDECYT de Iniciación en Investigación 2023;2023;Resumen;https://post.anid.cl/frontend.php/es/postulacion/descargar/hash/9b4128676978d037b8795d864503f0f4
11230025;FONDECYT de Iniciación en Investigación 2023;2023;Resumen;https://post.anid.cl/frontend.php/es/postulacion/descargar/hash/96a72910419c923577609a1e07edaef4
11230028;FONDECYT de Iniciación en Investigación 2023;2023;Resumen;https://post.anid.cl/frontend.php/es/postulacion/descargar/hash/a3635282b71068ec13265cec95615275
11230032;FONDECYT de Iniciación en Investigación 2023;2023;Resumen;https://post.anid.cl/frontend.php/es/postulacion/descargar/hash/c8041d888ca6ddd9a4cbddabae99320a
11230033;FONDECYT de Iniciación en Investigación 2023;2023;Resumen;https://post.anid.cl/frontend.php/es/postulacion/descargar/hash/c3656eda35d1a4194394f54871fd5b45
11230035;FONDECYT de Iniciación en Investigación 2023;2023;Resumen;https://post.anid.cl/frontend.php/es/postulacion/descargar/hash/fe8cdaadc9efbace0546846565600809
11230036;FONDECYT de Iniciación en Investigación 2023;2023;Resumen;https://post.anid.cl/frontend.php/es/postulacion/descargar/hash/f00f9488e1bfa7f1a8c42a2eb9053608
11230037;FONDECYT de Iniciación en Investigación 2023;2023;Resumen;https://post.anid.cl/frontend.php/es/postulacion/descargar/hash/80e1b3d845b01a73f5f491369fee4a13
11230043;FONDECYT de Iniciación en Investigación 2023;2023;Resumen;https://post.anid.cl/frontend.php/es/postulacion/descargar/hash/8c959640d98b9ca1467a17bee7fa41a7
11230049;FONDECYT de Iniciación en Investigación 2023;2023;Resumen;https://post.anid.cl/frontend.php/es/postulacion/descargar/hash/32bdf01d740f6518b5dde948eb9912d1
11230050;FONDECYT de Iniciación en Investigación 2023;2023;Resumen;https://post.anid.cl/frontend.php/es/postulacion/descargar/hash/4cb01db28693be25d53930fbe9ea9d51
11230051;FONDECYT de Iniciación en Investigación 2023;2023;Resumen;https://post.anid.cl/frontend.php/es/postulacion/descargar/hash/df808d03277e732a9444cd1aa6224e56
11230058;FONDECYT de Iniciación en Investigación 2023;2023;Resumen;https://post.anid.cl/frontend.php/es/postulacion/descargar/hash/6f5bd20d968e965e8ea542c994aa9b62
11230059;FONDECYT de Iniciación en Investigación 2023;2023;Resumen;https://post.anid.cl/frontend.php/es/postulacion/descargar/hash/ebe4080455749585b41408425caa8636
11230064;FONDECYT de Iniciación en Investigación 2023;2023;Resumen;https://post.anid.cl/frontend.php/es/postulacion/descargar/hash/4a68d8f2202f2dfd75370a34142fea9e
11230072;FONDECYT de Iniciación en Investigación 2023;2023;Resumen;https://post.anid.cl/frontend.php/es/postulacion/descargar/hash/e7d2fe6f1a9ee75bc5493c5c2d8d3d78
11230075;FONDECYT de Iniciación en Investigación 2023;2023;Resumen;https://post.anid.cl/frontend.php/es/postulacion/descargar/hash/d8fead1df5e6af9b5e79c55623fa65c6
11230076;FONDECYT de Iniciación en Investigación 2023;2023;Resumen;https://post.anid.cl/frontend.php/es/postulacion/descargar/hash/abcb25f16f8af11468cd2f5f39a0139f
11230082;FONDECYT de Iniciación en Investigación 2023;2023;Resumen;https://post.anid.cl/frontend.php/es/postulacion/descargar/hash/55a12b1052cba5e5597af01115473d62
11230088;FONDECYT de Iniciación en Investigación 2023;2023;Resumen;https://post.anid.cl/frontend.php/es/postulacion/descargar/hash/ccda035f1a792a110404440a9463e712
11230091;FONDECYT de Iniciación en Investigación 2023;2023;Resumen;https://post.anid.cl/frontend.php/es/postulacion/descargar/hash/f63dc2ac85a530b534f1e02b7d3d9ef6
11230092;FONDECYT de Iniciación en Investigación 2023;2023;Resumen;https://post.anid.cl/frontend.php/es/postulacion/descargar/hash/6eebdc82389351c289092144d3da460c
11230097;FONDECYT de Iniciación en Investigación 2023;2023;Resumen;https://post.anid.cl/frontend.php/es/postulacion/descargar/hash/2f367280dbb876fe20e54f2dc7d4e16f
11230099;FONDECYT de Iniciación en Investigación 2023;2023;Resumen;https://post.anid.cl/frontend.php/es/postulacion/descargar/hash/c6ce76a77cd6ed71ef80d78dc0491fa2
11230101;FONDECYT de Iniciación en Investigación 2023;2023;Resumen;https://post.anid.cl/frontend.php/es/postulacion/descargar/hash/49498b2791dd7721ef4cbf031bae52bf
11230103;FONDECYT de Iniciación en Investigación 2023;2023;Resumen;https://post.anid.cl/frontend.php/es/postulacion/descargar/hash/33e488a8592fbd242701fa2fe5c66177
11230104;FONDECYT de Iniciación en Investigación 2023;2023;Resumen;https://post.anid.cl/frontend.php/es/postulacion/descargar/hash/cd0494b7a9e4289fddb213b549ab99c9
11230108;FONDECYT de Iniciación en Investigación 2023;2023;Resumen;https://post.anid.cl/frontend.php/es/postulacion/descargar/hash/c2245136a77537704b66dbb4a97885af
11230112;FONDECYT de Iniciación en Investigación 2023;2023;Resumen;https://post.anid.cl/frontend.php/es/postulacion/descargar/hash/e2a6c8d279f0a3385097c58ea1d08740
11230114;FONDECYT de Iniciación en Investigación 2023;2023;Resumen;https://post.anid.cl/frontend.php/es/postulacion/descargar/hash/9aa31c2b80abd4dd18edd508147807de
11230120;FONDECYT de Iniciación en Investigación 2023;2023;Resumen;https://post.anid.cl/frontend.php/es/postulacion/descargar/hash/20987f63adf3a5a3a5086960f9c1c59f
11230121;FONDECYT de Iniciación en Investigación 2023;2023;Resumen;https://post.anid.cl/frontend.php/es/postulacion/descargar/hash/be462bcac80296fe754caf98c41ec8a4
11230124;FONDECYT de Iniciación en Investigación 2023;2023;Resumen;https://post.anid.cl/frontend.php/es/postulacion/descargar/hash/bf7a4919b26cbd3d6a10d5766e45260b
11230128;FONDECYT de Iniciación en Investigación 2023;2023;Resumen;https://post.anid.cl/frontend.php/es/postulacion/descargar/hash/8bb447ef2b9d4f33da856583f5523130
11230129;FONDECYT de Iniciación en Investigación 2023;2023;Resumen;https://post.anid.cl/frontend.php/es/postulacion/descargar/hash/97fe8c2476812b565cc83e70ebebc4df
11230130;FONDECYT de Iniciación en Investigación 2023;2023;Resumen;https://post.anid.cl/frontend.php/es/postulacion/descargar/hash/a1a110253e98d761942376b4fbe268ed
11230135;FONDECYT de Iniciación en Investigación 2023;2023;Resumen;https://post.anid.cl/frontend.php/es/postulacion/descargar/hash/edea9544b0d4b9b57f9d7d398ed84bb8
11230137;FONDECYT de Iniciación en Investigación 2023;2023;Resumen;https://post.anid.cl/frontend.php/es/postulacion/descargar/hash/9b0f43f811068a803b440fbee2fc7a70
11230139;FONDECYT de Iniciación en Investigación 2023;2023;Resumen;https://post.anid.cl/frontend.php/es/postulacion/descargar/hash/9359b0bd506359170238e656b2f115ff
11230141;FONDECYT de Iniciación en Investigación 2023;2023;Resumen;https://post.anid.cl/frontend.php/es/postulacion/descargar/hash/0fe8bbe32cbb1d169983618dbdd2a22d
11230143;FONDECYT de Iniciación en Investigación 2023;2023;Resumen;https://post.anid.cl/frontend.php/es/postulacion/descargar/hash/5c43f4c515e6503dc6074553a932ccdf
11230144;FONDECYT de Iniciación en Investigación 2023;2023;Resumen;https://post.anid.cl/frontend.php/es/postulacion/descargar/hash/30405f5c3dc5c793d9a69e8328593c71
11230145;FONDECYT de Iniciación en Investigación 2023;2023;Resumen;https://post.anid.cl/frontend.php/es/postulacion/descargar/hash/5aba1ac2183d9561f086fde476bb7546
11230147;FONDECYT de Iniciación en Investigación 2023;2023;Resumen;https://post.anid.cl/frontend.php/es/postulacion/descargar/hash/d66cfff1b24975b79c2a85d8cbdbcf6c
11230152;FONDECYT de Iniciación en Investigación 2023;2023;Resumen;https://post.anid.cl/frontend.php/es/postulacion/descargar/hash/1211a296794d41e64fc46ebcdb01e223
11230153;FONDECYT de Iniciación en Investigación 2023;2023;Resumen;https://post.anid.cl/frontend.php/es/postulacion/descargar/hash/8b3568da3c3de750dd65e0ff5ef09b4c
11230156;FONDECYT de Iniciación en Investigación 2023;2023;Resumen;https://post.anid.cl/frontend.php/es/postulacion/descargar/hash/343fd2a0d359728da0f3e441c2f3d00e
11230164;FONDECYT de Iniciación en Investigación 2023;2023;Resumen;https://post.anid.cl/frontend.php/es/postulacion/descargar/hash/c5236ab10a8943cea0ee1c35a3238812
11230166;FONDECYT de Iniciación en Investigación 2023;2023;Resumen;https://post.anid.cl/frontend.php/es/postulacion/descargar/hash/8a7dd96a68b6a038d369231bb78f5c8e
11230169;FONDECYT de Iniciación en Investigación 2023;2023;Resumen;https://post.anid.cl/frontend.php/es/postulacion/descargar/hash/221ecdc41a987854bdd8b5fad573fe25
11230170;FONDECYT de Iniciación en Investigación 2023;2023;Resumen;https://post.anid.cl/frontend.php/es/postulacion/descargar/hash/9cec8981fe2abbab36d79c5128792275
11230173;FONDECYT de Iniciación en Investigación 2023;2023;Resumen;https://post.anid.cl/frontend.php/es/postulacion/descargar/hash/0ea791dde72fbfa7a2111a54bc220ae3
11230175;FONDECYT de Iniciación en Investigación 2023;2023;Resumen;https://post.anid.cl/frontend.php/es/postulacion/descargar/hash/9c9ffa2491692779bd2251484686d274
11230176;FONDECYT de Iniciación en Investigación 2023;2023;Resumen;https://post.anid.cl/frontend.php/es/postulacion/descargar/hash/cc35b0080ac3efa59a55714b773629ec
11230178;FONDECYT de Iniciación en Investigación 2023;2023;Resumen;https://post.anid.cl/frontend.php/es/postulacion/descargar/hash/acad434e82f114df7c51bc6eb83ecb8f
11230181;FONDECYT de Iniciación en Investigación 2023;2023;Resumen;https://post.anid.cl/frontend.php/es/postulacion/descargar/hash/c535cb6b642ea96d60f65301a669a664
11230182;FONDECYT de Iniciación en Investigación 2023;2023;Resumen;https://post.anid.cl/frontend.php/es/postulacion/descargar/hash/17f2440ee58bb095bbb96303a25bf296
11230184;FONDECYT de Iniciación en Investigación 2023;2023;Resumen;https://post.anid.cl/frontend.php/es/postulacion/descargar/hash/95767457c6228b949cd98cd4a4ad7314
11230186;FONDECYT de Iniciación en Investigación 2023;2023;Resumen;https://post.anid.cl/frontend.php/es/postulacion/descargar/hash/2e63050f2ab428b2565244b449bf4ec9
11230188;FONDECYT de Iniciación en Investigación 2023;2023;Resumen;https://post.anid.cl/frontend.php/es/postulacion/descargar/hash/53884442927277a7f078c1f265404845
11230189;FONDECYT de Iniciación en Investigación 2023;2023;Resumen;https://post.anid.cl/frontend.php/es/postulacion/descargar/hash/39fa6ce3c1fdb5c07f48d3a8a067d6c5
11230197;FONDECYT de Iniciación en Investigación 2023;2023;Resumen;https://post.anid.cl/frontend.php/es/postulacion/descargar/hash/8e1446124b703b0a63b79267c19f3884
11230202;FONDECYT de Iniciación en Investigación 2023;2023;Resumen;https://post.anid.cl/frontend.php/es/postulacion/descargar/hash/6d3690b7f31de082b83e4e68a1aed5e6
11230203;FONDECYT de Iniciación en Investigación 2023;2023;Resumen;https://post.anid.cl/frontend.php/es/postulacion/descargar/hash/e6377e27479aa387285bcb48423f35d7
11230208;FONDECYT de Iniciación en Investigación 2023;2023;Resumen;https://post.anid.cl/frontend.php/es/postulacion/descargar/hash/7a3b1c57fe322d2913c3192c47522945
11230211;FONDECYT de Iniciación en Investigación 2023;2023;Resumen;https://post.anid.cl/frontend.php/es/postulacion/descargar/hash/a0feb0da083b4f06e50c6ccd3df8ad48
11230213;FONDECYT de Iniciación en Investigación 2023;2023;Resumen;https://post.anid.cl/frontend.php/es/postulacion/descargar/hash/3e1853df4fa8dae3068e1cae927d7c84
11230214;FONDECYT de Iniciación en Investigación 2023;2023;Resumen;https://post.anid.cl/frontend.php/es/postulacion/descargar/hash/f438f58e373654de6cbde8a433830b85
11230216;FONDECYT de Iniciación en Investigación 2023;2023;Resumen;https://post.anid.cl/frontend.php/es/postulacion/descargar/hash/077ad700ce9ce2f4cb7bb617912e7931
11230217;FONDECYT de Iniciación en Investigación 2023;2023;Resumen;https://post.anid.cl/frontend.php/es/postulacion/descargar/hash/bffe34c1faafe0b96b90167578723ef1
11230219;FONDECYT de Iniciación en Investigación 2023;2023;Resumen;https://post.anid.cl/frontend.php/es/postulacion/descargar/hash/11791ea461340adc00b14abd21fa1ba0
11230220;FONDECYT de Iniciación en Investigación 2023;2023;Resumen;https://post.anid.cl/frontend.php/es/postulacion/descargar/hash/1ac59593d5033fa9e202d11dfca2b4d5
11230222;FONDECYT de Iniciación en Investigación 2023;2023;Resumen;https://post.anid.cl/frontend.php/es/postulacion/descargar/hash/a6ea1cd91202e5ddb87f887b2a9a4a59
11230223;FONDECYT de Iniciación en Investigación 2023;2023;Resumen;https://post.anid.cl/frontend.php/es/postulacion/descargar/hash/168ebbca029bd1bc18039f0b3a0eece3
11230225;FONDECYT de Iniciación en Investigación 2023;2023;Resumen;https://post.anid.cl/frontend.php/es/postulacion/descargar/hash/41f852a7e08bf1af891650c90f70be61
11230230;FONDECYT de Iniciación en Investigación 2023;2023;Resumen;https://post.anid.cl/frontend.php/es/postulacion/descargar/hash/522e4b7ab457805938499ffc91fe9059
11230237;FONDECYT de Iniciación en Investigación 2023;2023;Resumen;https://post.anid.cl/frontend.php/es/postulacion/descargar/hash/c5ab052c944c6f4d0b31a5119dd33059
11230239;FONDECYT de Iniciación en Investigación 2023;2023;Resumen;https://post.anid.cl/frontend.php/es/postulacion/descargar/hash/21d986aa712f6b6b1b6bc82f9023b979
11230240;FONDECYT de Iniciación en Investigación 2023;2023;Resumen;https://post.anid.cl/frontend.php/es/postulacion/descargar/hash/49b4ac966be64272c74e8c2e03284ea6
11230241;FONDECYT de Iniciación en Investigación 2023;2023;Resumen;https://post.anid.cl/frontend.php/es/postulacion/descargar/hash/1ab74186f2aca5a6202831e44257a011
11230247;FONDECYT de Iniciación en Investigación 2023;2023;Resumen;https://post.anid.cl/frontend.php/es/postulacion/descargar/hash/9403edadeda7b2ca1902344b55f79a00
11230248;FONDECYT de Iniciación en Investigación 2023;2023;Resumen;https://post.anid.cl/frontend.php/es/postulacion/descargar/hash/7f66eb7e0af521663697e18c4c649277
11230256;FONDECYT de Iniciación en Investigación 2023;2023;Resumen;https://post.anid.cl/frontend.php/es/postulacion/descargar/hash/0bb9206dde30b213aec6ea2df90f706a
11230258;FONDECYT de Iniciación en Investigación 2023;2023;Resumen;https://post.anid.cl/frontend.php/es/postulacion/descargar/hash/ced25fb92c527a865ecfa3ae87a5c707
11230259;FONDECYT de Iniciación en Investigación 2023;2023;Resumen;https://post.anid.cl/frontend.php/es/postulacion/descargar/hash/abd789f186c6f712902be4bd0bc3e310
11230261;FONDECYT de Iniciación en Investigación 2023;2023;Resumen;https://post.anid.cl/frontend.php/es/postulacion/descargar/hash/e278ce639fd17d2b2f252b4ca6640872
11230262;FONDECYT de Iniciación en Investigación 2023;2023;Resumen;https://post.anid.cl/frontend.php/es/postulacion/descargar/hash/0ca82534ae226678adbec3b116503f34
11230265;FONDECYT de Iniciación en Investigación 2023;2023;Resumen;https://post.anid.cl/frontend.php/es/postulacion/descargar/hash/fcdd81a49a281469c68ccfd08f0fc560
11230276;FONDECYT de Iniciación en Investigación 2023;2023;Resumen;https://post.anid.cl/frontend.php/es/postulacion/descargar/hash/51dbcdd165c84e1d4e9eac32dad50ea2
11230289;FONDECYT de Iniciación en Investigación 2023;2023;Resumen;https://post.anid.cl/frontend.php/es/postulacion/descargar/hash/fad77b61f2cca0dae47e10a8ef9cb673
11230290;FONDECYT de Iniciación en Investigación 2023;2023;Resumen;https://post.anid.cl/frontend.php/es/postulacion/descargar/hash/61daab3bb6cdd956ce872548c339ff5f
11230291;FONDECYT de Iniciación en Investigación 2023;2023;Resumen;https://post.anid.cl/frontend.php/es/postulacion/descargar/hash/1eba02050869020dc416db74f5865bee
11230292;FONDECYT de Iniciación en Investigación 2023;2023;Resumen;https://post.anid.cl/frontend.php/es/postulacion/descargar/hash/d4feee6b1f26d496da10c711477994cf
11230293;FONDECYT de Iniciación en Investigación 2023;2023;Resumen;https://post.anid.cl/frontend.php/es/postulacion/descargar/hash/b334474d32491ba6b69e23b5c24105cf
11230295;FONDECYT de Iniciación en Investigación 2023;2023;Resumen;https://post.anid.cl/frontend.php/es/postulacion/descargar/hash/6c1629810c868928e29150f687c88c3e
11230297;FONDECYT de Iniciación en Investigación 2023;2023;Resumen;https://post.anid.cl/frontend.php/es/postulacion/descargar/hash/32f3e342a0d0ebee69a2f164fb4a0235
11230300;FONDECYT de Iniciación en Investigación 2023;2023;Resumen;https://post.anid.cl/frontend.php/es/postulacion/descargar/hash/b752e54aff60068792c8fb18c4486f60
11230303;FONDECYT de Iniciación en Investigación 2023;2023;Resumen;https://post.anid.cl/frontend.php/es/postulacion/descargar/hash/fcce14e7630162c2c71513987e07718f
11230308;FONDECYT de Iniciación en Investigación 2023;2023;Resumen;https://post.anid.cl/frontend.php/es/postulacion/descargar/hash/e60debbcce5d145a0b20e8d8b12d3739
11230309;FONDECYT de Iniciación en Investigación 2023;2023;Resumen;https://post.anid.cl/frontend.php/es/postulacion/descargar/hash/36abd5735b4b7650b0b4ebd6b1fd6e3f
11230310;FONDECYT de Iniciación en Investigación 2023;2023;Resumen;https://post.anid.cl/frontend.php/es/postulacion/descargar/hash/79e9d0b941e9b80fa1dacd2a22bbac08
11230316;FONDECYT de Iniciación en Investigación 2023;2023;Resumen;https://post.anid.cl/frontend.php/es/postulacion/descargar/hash/1b167064549b34ee752d520992309fe2
11230317;FONDECYT de Iniciación en Investigación 2023;2023;Resumen;https://post.anid.cl/frontend.php/es/postulacion/descargar/hash/1be36717cc090c7306b92ae97c0427fc
11230323;FONDECYT de Iniciación en Investigación 2023;2023;Resumen;https://post.anid.cl/frontend.php/es/postulacion/descargar/hash/f956293f7f13f438bce122f34fc76e6e
11230330;FONDECYT de Iniciación en Investigación 2023;2023;Resumen;https://post.anid.cl/frontend.php/es/postulacion/descargar/hash/5538a46d1ee52acbfba10a518aecb0f3
11230331;FONDECYT de Iniciación en Investigación 2023;2023;Resumen;https://post.anid.cl/frontend.php/es/postulacion/descargar/hash/92098ff9f7d0800367a7a569cd53e3c1
11230334;FONDECYT de Iniciación en Investigación 2023;2023;Resumen;https://post.anid.cl/frontend.php/es/postulacion/descargar/hash/9059a5a4904c3e9d94416fd2b88c649c
11230338;FONDECYT de Iniciación en Investigación 2023;2023;Resumen;https://post.anid.cl/frontend.php/es/postulacion/descargar/hash/4bf1b7f9c877ba99cf81129b014e1f96
11230342;FONDECYT de Iniciación en Investigación 2023;2023;Resumen;https://post.anid.cl/frontend.php/es/postulacion/descargar/hash/427111b94ef7137e4b334e09937708b7
11230345;FONDECYT de Iniciación en Investigación 2023;2023;Resumen;https://post.anid.cl/frontend.php/es/postulacion/descargar/hash/85986470b148496a6e725c3e65232a57
11230349;FONDECYT de Iniciación en Investigación 2023;2023;Resumen;https://post.anid.cl/frontend.php/es/postulacion/descargar/hash/153a7ed10b9b00e6132d54fe03ace2bd
11230351;FONDECYT de Iniciación en Investigación 2023;2023;Resumen;https://post.anid.cl/frontend.php/es/postulacion/descargar/hash/a94c63f01476f911df18ef2c6c952595
11230353;FONDECYT de Iniciación en Investigación 2023;2023;Resumen;https://post.anid.cl/frontend.php/es/postulacion/descargar/hash/3a2439be3b71935c8acb87fb23a8988f
11230358;FONDECYT de Iniciación en Investigación 2023;2023;Resumen;https://post.anid.cl/frontend.php/es/postulacion/descargar/hash/418d88af93b3bee6178e3a083d68003d
11230359;FONDECYT de Iniciación en Investigación 2023;2023;Resumen;https://post.anid.cl/frontend.php/es/postulacion/descargar/hash/e639cfd0534964fddd59b691152ceecd
11230361;FONDECYT de Iniciación en Investigación 2023;2023;Resumen;https://post.anid.cl/frontend.php/es/postulacion/descargar/hash/2328ada9c72e45444ae39da1a92b9c2c
11230362;FONDECYT de Iniciación en Investigación 2023;2023;Resumen;https://post.anid.cl/frontend.php/es/postulacion/descargar/hash/0257e5c04ebdbec4711c2d5f30f9235f
11230365;FONDECYT de Iniciación en Investigación 2023;2023;Resumen;https://post.anid.cl/frontend.php/es/postulacion/descargar/hash/1c165e3db170ba3f5f1d7de457d65d7f
11230366;FONDECYT de Iniciación en Investigación 2023;2023;Resumen;https://post.anid.cl/frontend.php/es/postulacion/descargar/hash/2b4064ef766c5cf7e94d1760415a90bd
11230368;FONDECYT de Iniciación en Investigación 2023;2023;Resumen;https://post.anid.cl/frontend.php/es/postulacion/descargar/hash/72807f0e1c0f585aac249507741cb149
11230372;FONDECYT de Iniciación en Investigación 2023;2023;Resumen;https://post.anid.cl/frontend.php/es/postulacion/descargar/hash/cc89dc6795edc253a991ef7d7cb83eab
11230374;FONDECYT de Iniciación en Investigación 2023;2023;Resumen;https://post.anid.cl/frontend.php/es/postulacion/descargar/hash/677c33f364eb7f6b4ce3f7e314e36d95
11230376;FONDECYT de Iniciación en Investigación 2023;2023;Resumen;https://post.anid.cl/frontend.php/es/postulacion/descargar/hash/d359d07398350e3ac030be198ec041d5
11230379;FONDECYT de Iniciación en Investigación 2023;2023;Resumen;https://post.anid.cl/frontend.php/es/postulacion/descargar/hash/5db86f9945212a396576269b12079b3b
11230380;FONDECYT de Iniciación en Investigación 2023;2023;Resumen;https://post.anid.cl/frontend.php/es/postulacion/descargar/hash/2db6cf822921ac5134be36c1ff6a91be
11230381;FONDECYT de Iniciación en Investigación 2023;2023;Resumen;https://post.anid.cl/frontend.php/es/postulacion/descargar/hash/f3326f9966e3f267ea3b56f56aac865b
11230383;FONDECYT de Iniciación en Investigación 2023;2023;Resumen;https://post.anid.cl/frontend.php/es/postulacion/descargar/hash/f2319f245fdfa30764c5fceeade979e5
11230384;FONDECYT de Iniciación en Investigación 2023;2023;Resumen;https://post.anid.cl/frontend.php/es/postulacion/descargar/hash/eac6d58b0d715126ea9a2ac8355944c2
11230388;FONDECYT de Iniciación en Investigación 2023;2023;Resumen;https://post.anid.cl/frontend.php/es/postulacion/descargar/hash/ddde0bf54d595d2eaf8e66d831b232df
11230389;FONDECYT de Iniciación en Investigación 2023;2023;Resumen;https://post.anid.cl/frontend.php/es/postulacion/descargar/hash/9401bec04a3f65d0479379f7e8a4a3ef
11230391;FONDECYT de Iniciación en Investigación 2023;2023;Resumen;https://post.anid.cl/frontend.php/es/postulacion/descargar/hash/07ef5c0ea75ad60287a7fad15a426ab7
11230392;FONDECYT de Iniciación en Investigación 2023;2023;Resumen;https://post.anid.cl/frontend.php/es/postulacion/descargar/hash/8970b820301a56fcd7b497be9c86a51c
11230393;FONDECYT de Iniciación en Investigación 2023;2023;Resumen;https://post.anid.cl/frontend.php/es/postulacion/descargar/hash/564c1a8673d933754162d4902d93447f
11230396;FONDECYT de Iniciación en Investigación 2023;2023;Resumen;https://post.anid.cl/frontend.php/es/postulacion/descargar/hash/3624e022318decdd7ef49cd80d6c38a6
11230397;FONDECYT de Iniciación en Investigación 2023;2023;Resumen;https://post.anid.cl/frontend.php/es/postulacion/descargar/hash/223e9eb042eb15165f82ab35a422820a
11230400;FONDECYT de Iniciación en Investigación 2023;2023;Resumen;https://post.anid.cl/frontend.php/es/postulacion/descargar/hash/25a1496425c940f5d591690405568926
11230401;FONDECYT de Iniciación en Investigación 2023;2023;Resumen;https://post.anid.cl/frontend.php/es/postulacion/descargar/hash/0b810213a244486cc145cc761ef7e52f
11230404;FONDECYT de Iniciación en Investigación 2023;2023;Resumen;https://post.anid.cl/frontend.php/es/postulacion/descargar/hash/ed71ae67d6794a52e65108161f222bf6
11230410;FONDECYT de Iniciación en Investigación 2023;2023;Resumen;https://post.anid.cl/frontend.php/es/postulacion/descargar/hash/278f303b23b58cd0eaa358633db4aaa2
11230411;FONDECYT de Iniciación en Investigación 2023;2023;Resumen;https://post.anid.cl/frontend.php/es/postulacion/descargar/hash/04e4b2aa748afa01ff35febe77ac05cd
11230414;FONDECYT de Iniciación en Investigación 2023;2023;Resumen;https://post.anid.cl/frontend.php/es/postulacion/descargar/hash/e3fab743cf01d1dae5d1e57413f15e91
11230415;FONDECYT de Iniciación en Investigación 2023;2023;Resumen;https://post.anid.cl/frontend.php/es/postulacion/descargar/hash/1e31e4f0aeab1be75e8cb89a9ed5b9d2
11230418;FONDECYT de Iniciación en Investigación 2023;2023;Resumen;https://post.anid.cl/frontend.php/es/postulacion/descargar/hash/91b4a8ece3aaa94f36a91f00190c5fa0
11230419;FONDECYT de Iniciación en Investigación 2023;2023;Resumen;https://post.anid.cl/frontend.php/es/postulacion/descargar/hash/3fdd833a21c1bad46d56db5bdceeb4b4
11230423;FONDECYT de Iniciación en Investigación 2023;2023;Resumen;https://post.anid.cl/frontend.php/es/postulacion/descargar/hash/bfa684d18f4a5cb89659893545d58c5d
11230427;FONDECYT de Iniciación en Investigación 2023;2023;Resumen;https://post.anid.cl/frontend.php/es/postulacion/descargar/hash/693e3ff802adab018ae36f19a531e269
11230429;FONDECYT de Iniciación en Investigación 2023;2023;Resumen;https://post.anid.cl/frontend.php/es/postulacion/descargar/hash/22bc5f7c8ac19583d5a6f78b28ab18ea
11230430;FONDECYT de Iniciación en Investigación 2023;2023;Resumen;https://post.anid.cl/frontend.php/es/postulacion/descargar/hash/460711a1306bea7a278650c69d4eb98f
11230437;FONDECYT de Iniciación en Investigación 2023;2023;Resumen;https://post.anid.cl/frontend.php/es/postulacion/descargar/hash/c98bc65313ea7115d9d1cd4c0dd1dc7c
11230442;FONDECYT de Iniciación en Investigación 2023;2023;Resumen;https://post.anid.cl/frontend.php/es/postulacion/descargar/hash/77e60813b27139d3f6678e83bd278e8a
11230446;FONDECYT de Iniciación en Investigación 2023;2023;Resumen;https://post.anid.cl/frontend.php/es/postulacion/descargar/hash/18289ad0f02254030cd3033f00a79955
11230447;FONDECYT de Iniciación en Investigación 2023;2023;Resumen;https://post.anid.cl/frontend.php/es/postulacion/descargar/hash/8aa29e7386d823dfc798b66894bf830f
11230449;FONDECYT de Iniciación en Investigación 2023;2023;Resumen;https://post.anid.cl/frontend.php/es/postulacion/descargar/hash/7a4c3981a15e2d4ebe43152eba34ef2f
11230455;FONDECYT de Iniciación en Investigación 2023;2023;Resumen;https://post.anid.cl/frontend.php/es/postulacion/descargar/hash/9ebeb1a608786d5371562e3ef2ba54cb
11230461;FONDECYT de Iniciación en Investigación 2023;2023;Resumen;https://post.anid.cl/frontend.php/es/postulacion/descargar/hash/7e4233f0e3ad6daeb0d7947ad8248a9f
11230463;FONDECYT de Iniciación en Investigación 2023;2023;Resumen;https://post.anid.cl/frontend.php/es/postulacion/descargar/hash/b730080a72d3c7d1afa7988e954b8c06
11230466;FONDECYT de Iniciación en Investigación 2023;2023;Resumen;https://post.anid.cl/frontend.php/es/postulacion/descargar/hash/3e1e34ae7c0e02e7df04c59b273b7265
11230469;FONDECYT de Iniciación en Investigación 2023;2023;Resumen;https://post.anid.cl/frontend.php/es/postulacion/descargar/hash/6c34add7aa2560774dee843b95a5147a
11230474;FONDECYT de Iniciación en Investigación 2023;2023;Resumen;https://post.anid.cl/frontend.php/es/postulacion/descargar/hash/05985eba404cdb2a61fd3c669b539dd1
11230475;FONDECYT de Iniciación en Investigación 2023;2023;Resumen;https://post.anid.cl/frontend.php/es/postulacion/descargar/hash/cab0535bb7ac6a7d80354bb81bcfa60f
11230477;FONDECYT de Iniciación en Investigación 2023;2023;Resumen;https://post.anid.cl/frontend.php/es/postulacion/descargar/hash/7ec8dad7587baa99107d51e3df8a1c44
11230488;FONDECYT de Iniciación en Investigación 2023;2023;Resumen;https://post.anid.cl/frontend.php/es/postulacion/descargar/hash/aa2685a5e6cfd840c3b74441ce6d91da
11230489;FONDECYT de Iniciación en Investigación 2023;2023;Resumen;https://post.anid.cl/frontend.php/es/postulacion/descargar/hash/0cba528e98f0bcd05763e4b12678d66b
11230490;FONDECYT de Iniciación en Investigación 2023;2023;Resumen;https://post.anid.cl/frontend.php/es/postulacion/descargar/hash/1534258c63b9c6fbe567e96fb4199468
11230492;FONDECYT de Iniciación en Investigación 2023;2023;Resumen;https://post.anid.cl/frontend.php/es/postulacion/descargar/hash/74744a6e0304ea16c95b1646697bb3a5
11230494;FONDECYT de Iniciación en Investigación 2023;2023;Resumen;https://post.anid.cl/frontend.php/es/postulacion/descargar/hash/deddf971edb32f1adc5ec955f8bcd3cc
11230496;FONDECYT de Iniciación en Investigación 2023;2023;Resumen;https://post.anid.cl/frontend.php/es/postulacion/descargar/hash/c86bd6b264e7aae521da81c0fb6ce87e
11230500;FONDECYT de Iniciación en Investigación 2023;2023;Resumen;https://post.anid.cl/frontend.php/es/postulacion/descargar/hash/11ab991a51f939a492f48d46e0670404
11230502;FONDECYT de Iniciación en Investigación 2023;2023;Resumen;https://post.anid.cl/frontend.php/es/postulacion/descargar/hash/8e877843d8a547bdb566e9cafa0633d4
11230504;FONDECYT de Iniciación en Investigación 2023;2023;Resumen;https://post.anid.cl/frontend.php/es/postulacion/descargar/hash/f967095244baf2139644947d444525e7
11230505;FONDECYT de Iniciación en Investigación 2023;2023;Resumen;https://post.anid.cl/frontend.php/es/postulacion/descargar/hash/62e28a962086a4df85f14248f35efcb4
11230506;FONDECYT de Iniciación en Investigación 2023;2023;Resumen;https://post.anid.cl/frontend.php/es/postulacion/descargar/hash/2ee9d5fe03e8d74840e99091cbda8ff5
11230508;FONDECYT de Iniciación en Investigación 2023;2023;Resumen;https://post.anid.cl/frontend.php/es/postulacion/descargar/hash/82c8badeafbf839f6d915a028d4ed29d
11230513;FONDECYT de Iniciación en Investigación 2023;2023;Resumen;https://post.anid.cl/frontend.php/es/postulacion/descargar/hash/21c296ae5ab9e6a8058731ea9bddabfd
11230515;FONDECYT de Iniciación en Investigación 2023;2023;Resumen;https://post.anid.cl/frontend.php/es/postulacion/descargar/hash/213fffd9a9939500aab1e35fe1158dc2
11230516;FONDECYT de Iniciación en Investigación 2023;2023;Resumen;https://post.anid.cl/frontend.php/es/postulacion/descargar/hash/6d2651287e4dc7890450f8acc407339a
11230520;FONDECYT de Iniciación en Investigación 2023;2023;Resumen;https://post.anid.cl/frontend.php/es/postulacion/descargar/hash/21eda0fe360b14c146ec6aec7fa77a03
11230521;FONDECYT de Iniciación en Investigación 2023;2023;Resumen;https://post.anid.cl/frontend.php/es/postulacion/descargar/hash/d686486e7bf75a445f1e8f33656d5c34
11230523;FONDECYT de Iniciación en Investigación 2023;2023;Resumen;https://post.anid.cl/frontend.php/es/postulacion/descargar/hash/3b15eba7565c6157d88b8e460de16989
11230525;FONDECYT de Iniciación en Investigación 2023;2023;Resumen;https://post.anid.cl/frontend.php/es/postulacion/descargar/hash/6f48663c738c2f9e351b7c7a77656d17
11230529;FONDECYT de Iniciación en Investigación 2023;2023;Resumen;https://post.anid.cl/frontend.php/es/postulacion/descargar/hash/93220ef434704fc9995ffd56735927fb
11230532;FONDECYT de Iniciación en Investigación 2023;2023;Resumen;https://post.anid.cl/frontend.php/es/postulacion/descargar/hash/f1704424ad6eb2199bfe1550088a5e97
11230533;FONDECYT de Iniciación en Investigación 2023;2023;Resumen;https://post.anid.cl/frontend.php/es/postulacion/descargar/hash/5b4e34d2f0a33c30739058be57dc5a76
11230535;FONDECYT de Iniciación en Investigación 2023;2023;Resumen;https://post.anid.cl/frontend.php/es/postulacion/descargar/hash/2dbce7afd710dfc52c37aab8c55d86f2
11230537;FONDECYT de Iniciación en Investigación 2023;2023;Resumen;https://post.anid.cl/frontend.php/es/postulacion/descargar/hash/502e86b5e94f31a828a7cbf35003fc02
11230539;FONDECYT de Iniciación en Investigación 2023;2023;Resumen;https://post.anid.cl/frontend.php/es/postulacion/descargar/hash/2506479643c5b776951e5b1522132e17
11230540;FONDECYT de Iniciación en Investigación 2023;2023;Resumen;https://post.anid.cl/frontend.php/es/postulacion/descargar/hash/c52b64a8957dbe29d08e3ff2333f3499
11230541;FONDECYT de Iniciación en Investigación 2023;2023;Resumen;https://post.anid.cl/frontend.php/es/postulacion/descargar/hash/cb1fc9380cc7dccb091e77848ca3aba8
11230544;FONDECYT de Iniciación en Investigación 2023;2023;Resumen;https://post.anid.cl/frontend.php/es/postulacion/descargar/hash/99d415e1883517a21a4125aae6931364
11230546;FONDECYT de Iniciación en Investigación 2023;2023;Resumen;https://post.anid.cl/frontend.php/es/postulacion/descargar/hash/1c25bf990b4f72e9c4b8032efe68b710
11230548;FONDECYT de Iniciación en Investigación 2023;2023;Resumen;https://post.anid.cl/frontend.php/es/postulacion/descargar/hash/5617dd6f445d09ffabd409f5189a70ab
11230550;FONDECYT de Iniciación en Investigación 2023;2023;Resumen;https://post.anid.cl/frontend.php/es/postulacion/descargar/hash/ea52e94cbe97fe77f0d6136708b00a51
11230555;FONDECYT de Iniciación en Investigación 2023;2023;Resumen;https://post.anid.cl/frontend.php/es/postulacion/descargar/hash/8c9763a61a59ba7eea75f0298ecd25ba
11230556;FONDECYT de Iniciación en Investigación 2023;2023;Resumen;https://post.anid.cl/frontend.php/es/postulacion/descargar/hash/5059dea7b3f19362df6bdf5a5d757877
11230558;FONDECYT de Iniciación en Investigación 2023;2023;Resumen;https://post.anid.cl/frontend.php/es/postulacion/descargar/hash/6eb704410ea5c44f38699fb878e49f8f
11230564;FONDECYT de Iniciación en Investigación 2023;2023;Resumen;https://post.anid.cl/frontend.php/es/postulacion/descargar/hash/732c7cc00dad98cfacc4bf8147396371
11230571;FONDECYT de Iniciación en Investigación 2023;2023;Resumen;https://post.anid.cl/frontend.php/es/postulacion/descargar/hash/eb074c42767a1b2ba53bffe608853855
11230573;FONDECYT de Iniciación en Investigación 2023;2023;Resumen;https://post.anid.cl/frontend.php/es/postulacion/descargar/hash/fdade8666e5cbc3c753892f2cf079d68
11230577;FONDECYT de Iniciación en Investigación 2023;2023;Resumen;https://post.anid.cl/frontend.php/es/postulacion/descargar/hash/e001d2f3ae54b619cb41e740d52599c0
11230581;FONDECYT de Iniciación en Investigación 2023;2023;Resumen;https://post.anid.cl/frontend.php/es/postulacion/descargar/hash/a0cae53a96cf6526ae89828eb4fcd208
11230586;FONDECYT de Iniciación en Investigación 2023;2023;Resumen;https://post.anid.cl/frontend.php/es/postulacion/descargar/hash/cc9fa5f75f57de7afc17267b026b38bb
11230591;FONDECYT de Iniciación en Investigación 2023;2023;Resumen;https://post.anid.cl/frontend.php/es/postulacion/descargar/hash/97d7ebaf8a7edad3edd887b2dcc9a1c9
11230594;FONDECYT de Iniciación en Investigación 2023;2023;Resumen;https://post.anid.cl/frontend.php/es/postulacion/descargar/hash/251adf82fdb7534235ccf0cb9e77c3e9
11230599;FONDECYT de Iniciación en Investigación 2023;2023;Resumen;https://post.anid.cl/frontend.php/es/postulacion/descargar/hash/e2fec7e2778d89e9b41f694ea7f7ef2d
11230601;FONDECYT de Iniciación en Investigación 2023;2023;Resumen;https://post.anid.cl/frontend.php/es/postulacion/descargar/hash/fc412c888a21312ff272204aa92e90a3
11230602;FONDECYT de Iniciación en Investigación 2023;2023;Resumen;https://post.anid.cl/frontend.php/es/postulacion/descargar/hash/b1e70c0c9dd538cf581883d247bf7efc
11230604;FONDECYT de Iniciación en Investigación 2023;2023;Resumen;https://post.anid.cl/frontend.php/es/postulacion/descargar/hash/54b1528ffcbbdecbf88eaaa98fdcd545
11230606;FONDECYT de Iniciación en Investigación 2023;2023;Resumen;https://post.anid.cl/frontend.php/es/postulacion/descargar/hash/feff1a85c94d9eabbca6e8b53ff11129
11230607;FONDECYT de Iniciación en Investigación 2023;2023;Resumen;https://post.anid.cl/frontend.php/es/postulacion/descargar/hash/426a8411135c546a9112cfa8f6a241f0
11230612;FONDECYT de Iniciación en Investigación 2023;2023;Resumen;https://post.anid.cl/frontend.php/es/postulacion/descargar/hash/23da66c3233722975c193a1050c9dcf9
11230614;FONDECYT de Iniciación en Investigación 2023;2023;Resumen;https://post.anid.cl/frontend.php/es/postulacion/descargar/hash/f241059e61aeee3b2986e90dd3868ff9
11230617;FONDECYT de Iniciación en Investigación 2023;2023;Resumen;https://post.anid.cl/frontend.php/es/postulacion/descargar/hash/4f76c3018e6e372b00126a6c28919315
11230621;FONDECYT de Iniciación en Investigación 2023;2023;Resumen;https://post.anid.cl/frontend.php/es/postulacion/descargar/hash/c1772f9370479ce47ac710c67ab2673d
11230624;FONDECYT de Iniciación en Investigación 2023;2023;Resumen;https://post.anid.cl/frontend.php/es/postulacion/descargar/hash/9b88cea2b37d5d88f257d4fdd67ca5f2
11230626;FONDECYT de Iniciación en Investigación 2023;2023;Resumen;https://post.anid.cl/frontend.php/es/postulacion/descargar/hash/e3bf18a7a88ad73715852478211fa863
11230627;FONDECYT de Iniciación en Investigación 2023;2023;Resumen;https://post.anid.cl/frontend.php/es/postulacion/descargar/hash/eff10431f521646e4be693b765310166
11230628;FONDECYT de Iniciación en Investigación 2023;2023;Resumen;https://post.anid.cl/frontend.php/es/postulacion/descargar/hash/70eb43b32d77387acf063b4c66419f98
11230630;FONDECYT de Iniciación en Investigación 2023;2023;Resumen;https://post.anid.cl/frontend.php/es/postulacion/descargar/hash/883a4e3f70b46f9ecb8e2b40629e0633
11230631;FONDECYT de Iniciación en Investigación 2023;2023;Resumen;https://post.anid.cl/frontend.php/es/postulacion/descargar/hash/7fc409b99296e9a377f256928ecbcfbb
11230634;FONDECYT de Iniciación en Investigación 2023;2023;Resumen;https://post.anid.cl/frontend.php/es/postulacion/descargar/hash/90d02c567844a2afac5bb21efe4d7a0d
11230639;FONDECYT de Iniciación en Investigación 2023;2023;Resumen;https://post.anid.cl/frontend.php/es/postulacion/descargar/hash/68710c8c570590af8b511a67d5586d72
11230644;FONDECYT de Iniciación en Investigación 2023;2023;Resumen;https://post.anid.cl/frontend.php/es/postulacion/descargar/hash/58ad9b3a21bfe33ec1719425a758511a
11230645;FONDECYT de Iniciación en Investigación 2023;2023;Resumen;https://post.anid.cl/frontend.php/es/postulacion/descargar/hash/f54bf457ccf305a525f61b277499978b
11230648;FONDECYT de Iniciación en Investigación 2023;2023;Resumen;https://post.anid.cl/frontend.php/es/postulacion/descargar/hash/962b5c99868ec8e4e4af10822e85e994
11230651;FONDECYT de Iniciación en Investigación 2023;2023;Resumen;https://post.anid.cl/frontend.php/es/postulacion/descargar/hash/772b1bcdddf6a6def0aa0500f515f78a
11230653;FONDECYT de Iniciación en Investigación 2023;2023;Resumen;https://post.anid.cl/frontend.php/es/postulacion/descargar/hash/b0b001622bfa2e6e3c84b5045f2ab929
11230656;FONDECYT de Iniciación en Investigación 2023;2023;Resumen;https://post.anid.cl/frontend.php/es/postulacion/descargar/hash/90f5120b0db1fe81f381b6b1f7e26391
11230657;FONDECYT de Iniciación en Investigación 2023;2023;Resumen;https://post.anid.cl/frontend.php/es/postulacion/descargar/hash/7401239544f5148ce97b2e41f1dba4c9
11230658;FONDECYT de Iniciación en Investigación 2023;2023;Resumen;https://post.anid.cl/frontend.php/es/postulacion/descargar/hash/cf2981c68252cded7561a6de91eaa32f
11230659;FONDECYT de Iniciación en Investigación 2023;2023;Resumen;https://post.anid.cl/frontend.php/es/postulacion/descargar/hash/8ac4007a073dbe89c5373c738b08bfce
11230660;FONDECYT de Iniciación en Investigación 2023;2023;Resumen;https://post.anid.cl/frontend.php/es/postulacion/descargar/hash/a3c2a8b959fda03e2953708dd3a9efe2
11230662;FONDECYT de Iniciación en Investigación 2023;2023;Resumen;https://post.anid.cl/frontend.php/es/postulacion/descargar/hash/6fd78cdd90091c8fe4623e6101b183f1
11230663;FONDECYT de Iniciación en Investigación 2023;2023;Resumen;https://post.anid.cl/frontend.php/es/postulacion/descargar/hash/26e66f9d368aaddd9a5353355d860fd7
11230665;FONDECYT de Iniciación en Investigación 2023;2023;Resumen;https://post.anid.cl/frontend.php/es/postulacion/descargar/hash/e8e8319f13312212a586e6d6d2aea85c
11230668;FONDECYT de Iniciación en Investigación 2023;2023;Resumen;https://post.anid.cl/frontend.php/es/postulacion/descargar/hash/e70b56cc7241a5f66a37f161f4b633dc
11230671;FONDECYT de Iniciación en Investigación 2023;2023;Resumen;https://post.anid.cl/frontend.php/es/postulacion/descargar/hash/66a527f877f9777061645a56c58de76a
11230672;FONDECYT de Iniciación en Investigación 2023;2023;Resumen;https://post.anid.cl/frontend.php/es/postulacion/descargar/hash/bcd00ac585e029d761df33921c949b2f
11230678;FONDECYT de Iniciación en Investigación 2023;2023;Resumen;https://post.anid.cl/frontend.php/es/postulacion/descargar/hash/2cc795186094e77b3458d523e9247b1e
11230679;FONDECYT de Iniciación en Investigación 2023;2023;Resumen;https://post.anid.cl/frontend.php/es/postulacion/descargar/hash/7911c4c4f62e5c02f56077791b0c163e
11230682;FONDECYT de Iniciación en Investigación 2023;2023;Resumen;https://post.anid.cl/frontend.php/es/postulacion/descargar/hash/70ff9ffd859cc7a43bf5a0af57035958
11230683;FONDECYT de Iniciación en Investigación 2023;2023;Resumen;https://post.anid.cl/frontend.php/es/postulacion/descargar/hash/a2c34a94a76330aa9098ac7867d73a28
11230689;FONDECYT de Iniciación en Investigación 2023;2023;Resumen;https://post.anid.cl/frontend.php/es/postulacion/descargar/hash/35f373fa9f8ab2ee9c2ff312e8a4e0e5
11230690;FONDECYT de Iniciación en Investigación 2023;2023;Resumen;https://post.anid.cl/frontend.php/es/postulacion/descargar/hash/4c86ebf9d149f74ab6e9f406a8740afc
11230695;FONDECYT de Iniciación en Investigación 2023;2023;Resumen;https://post.anid.cl/frontend.php/es/postulacion/descargar/hash/40b922d48c99caf4675c3de6109e8e71
11230698;FONDECYT de Iniciación en Investigación 2023;2023;Resumen;https://post.anid.cl/frontend.php/es/postulacion/descargar/hash/7564bf0957b12f2d59708e86ace69090
11230701;FONDECYT de Iniciación en Investigación 2023;2023;Resumen;https://post.anid.cl/frontend.php/es/postulacion/descargar/hash/ba6ffcb8fa69f59002ed0f61834138c4
11230707;FONDECYT de Iniciación en Investigación 2023;2023;Resumen;https://post.anid.cl/frontend.php/es/postulacion/descargar/hash/7d2b4d290cc9533670c3bc7a5d9d0a45
11230708;FONDECYT de Iniciación en Investigación 2023;2023;Resumen;https://post.anid.cl/frontend.php/es/postulacion/descargar/hash/fa5cc73a457d5049cdcdb8a51d68b51f
11230710;FONDECYT de Iniciación en Investigación 2023;2023;Resumen;https://post.anid.cl/frontend.php/es/postulacion/descargar/hash/01b2a3fdd6f18cf99f1c6510bc6ec406
11230715;FONDECYT de Iniciación en Investigación 2023;2023;Resumen;https://post.anid.cl/frontend.php/es/postulacion/descargar/hash/8b4b4dbfb63e133e23ff152232ca2cfb
11230718;FONDECYT de Iniciación en Investigación 2023;2023;Resumen;https://post.anid.cl/frontend.php/es/postulacion/descargar/hash/29c8a921e014df6d051f2dbf1cc1f32a
11230719;FONDECYT de Iniciación en Investigación 2023;2023;Resumen;https://post.anid.cl/frontend.php/es/postulacion/descargar/hash/06d6fc5258cfd2362c91814476d09fe0
11230724;FONDECYT de Iniciación en Investigación 2023;2023;Resumen;https://post.anid.cl/frontend.php/es/postulacion/descargar/hash/7244308c60d1ed2c8119ddfcf5d17773
11230727;FONDECYT de Iniciación en Investigación 2023;2023;Resumen;https://post.anid.cl/frontend.php/es/postulacion/descargar/hash/c98f948bcb5fd211ef730aec379bd329
11230732;FONDECYT de Iniciación en Investigación 2023;2023;Resumen;https://post.anid.cl/frontend.php/es/postulacion/descargar/hash/8130af03ef3157b3b8e2efdc5174a17e
11230741;FONDECYT de Iniciación en Investigación 2023;2023;Resumen;https://post.anid.cl/frontend.php/es/postulacion/descargar/hash/9d0b55ff5bb6c7a8ec3345d87c45b51c
11230744;FONDECYT de Iniciación en Investigación 2023;2023;Resumen;https://post.anid.cl/frontend.php/es/postulacion/descargar/hash/f8071a9c96d234ea6b670421ddba4fe7
11230745;FONDECYT de Iniciación en Investigación 2023;2023;Resumen;https://post.anid.cl/frontend.php/es/postulacion/descargar/hash/ace41c718e198a5991548bba3628ac3f
11230746;FONDECYT de Iniciación en Investigación 2023;2023;Resumen;https://post.anid.cl/frontend.php/es/postulacion/descargar/hash/37abc75e4dd8269d57f2527a27937908
11230748;FONDECYT de Iniciación en Investigación 2023;2023;Resumen;https://post.anid.cl/frontend.php/es/postulacion/descargar/hash/d2dab0622777db6766a9352da998bbd2
11230753;FONDECYT de Iniciación en Investigación 2023;2023;Resumen;https://post.anid.cl/frontend.php/es/postulacion/descargar/hash/f8c3ea0033cede175b0188556f56b58a
11230755;FONDECYT de Iniciación en Investigación 2023;2023;Resumen;https://post.anid.cl/frontend.php/es/postulacion/descargar/hash/63e9618a36ab29f1dacb39655b340c02
11230756;FONDECYT de Iniciación en Investigación 2023;2023;Resumen;https://post.anid.cl/frontend.php/es/postulacion/descargar/hash/dc201933e8dd9ab88f2d3386d1e12dd4
11230758;FONDECYT de Iniciación en Investigación 2023;2023;Resumen;https://post.anid.cl/frontend.php/es/postulacion/descargar/hash/08d14b49086842e0bf2be503d9992ef9
11230759;FONDECYT de Iniciación en Investigación 2023;2023;Resumen;https://post.anid.cl/frontend.php/es/postulacion/descargar/hash/db734b4492299cbc41a3b63d63520bb7
11230762;FONDECYT de Iniciación en Investigación 2023;2023;Resumen;https://post.anid.cl/frontend.php/es/postulacion/descargar/hash/a0d001854905e694a517fd23e55efc0f
11230763;FONDECYT de Iniciación en Investigación 2023;2023;Resumen;https://post.anid.cl/frontend.php/es/postulacion/descargar/hash/80a493e7f9f5f614a1e3d41cd3f1e6ce
11230766;FONDECYT de Iniciación en Investigación 2023;2023;Resumen;https://post.anid.cl/frontend.php/es/postulacion/descargar/hash/1073ac8397df55c476b93cdea8a0bde1
11230767;FONDECYT de Iniciación en Investigación 2023;2023;Resumen;https://post.anid.cl/frontend.php/es/postulacion/descargar/hash/916443f194c638d6c6297959fb35fb72
11230774;FONDECYT de Iniciación en Investigación 2023;2023;Resumen;https://post.anid.cl/frontend.php/es/postulacion/descargar/hash/0015000d2aba4adc9746912d4a28c6f0
11230775;FONDECYT de Iniciación en Investigación 2023;2023;Resumen;https://post.anid.cl/frontend.php/es/postulacion/descargar/hash/5c51e391e987d7b6b5a4b90c6854ff21
11230777;FONDECYT de Iniciación en Investigación 2023;2023;Resumen;https://post.anid.cl/frontend.php/es/postulacion/descargar/hash/dd0cc0fc1c96eefeb6b44b7aba81ecf8
11230783;FONDECYT de Iniciación en Investigación 2023;2023;Resumen;https://post.anid.cl/frontend.php/es/postulacion/descargar/hash/c5f8ed4cd12439c6aa84844764359a22
11230785;FONDECYT de Iniciación en Investigación 2023;2023;Resumen;https://post.anid.cl/frontend.php/es/postulacion/descargar/hash/051c0701a8122e62c9605fce4b0f8ae2
11230787;FONDECYT de Iniciación en Investigación 2023;2023;Resumen;https://post.anid.cl/frontend.php/es/postulacion/descargar/hash/a03b00918927f08a9a29612eae9c9251
11230788;FONDECYT de Iniciación en Investigación 2023;2023;Resumen;https://post.anid.cl/frontend.php/es/postulacion/descargar/hash/f7d63ca77161672a22f14beb737df56e
11230789;FONDECYT de Iniciación en Investigación 2023;2023;Resumen;https://post.anid.cl/frontend.php/es/postulacion/descargar/hash/2b79fa329e651dd2e454be860e0087bf
11230794;FONDECYT de Iniciación en Investigación 2023;2023;Resumen;https://post.anid.cl/frontend.php/es/postulacion/descargar/hash/1a5b5b045eae3882b68a2a2c06547c96
11230797;FONDECYT de Iniciación en Investigación 2023;2023;Resumen;https://post.anid.cl/frontend.php/es/postulacion/descargar/hash/cc32395fdf5384d692b501f285d75646
11230798;FONDECYT de Iniciación en Investigación 2023;2023;Resumen;https://post.anid.cl/frontend.php/es/postulacion/descargar/hash/36c618f0e34e668669640277d5de9c16
11230802;FONDECYT de Iniciación en Investigación 2023;2023;Resumen;https://post.anid.cl/frontend.php/es/postulacion/descargar/hash/b26f27b34a676f5a0bc71e570bae1ca9
11230805;FONDECYT de Iniciación en Investigación 2023;2023;Resumen;https://post.anid.cl/frontend.php/es/postulacion/descargar/hash/432d5fa91fe768f7143594716b5c978e
11230807;FONDECYT de Iniciación en Investigación 2023;2023;Resumen;https://post.anid.cl/frontend.php/es/postulacion/descargar/hash/23b08fedbbe227ba7f72417488fb2f5e
11230811;FONDECYT de Iniciación en Investigación 2023;2023;Resumen;https://post.anid.cl/frontend.php/es/postulacion/descargar/hash/69fb04edf15e68d918dc6aead4f28d10
11230820;FONDECYT de Iniciación en Investigación 2023;2023;Resumen;https://post.anid.cl/frontend.php/es/postulacion/descargar/hash/cf246c83fb9c0be1730fd582365f4f65
11230827;FONDECYT de Iniciación en Investigación 2023;2023;Resumen;https://post.anid.cl/frontend.php/es/postulacion/descargar/hash/bfccd93ec5a2a28f9655feb7339f433f
11230828;FONDECYT de Iniciación en Investigación 2023;2023;Resumen;https://post.anid.cl/frontend.php/es/postulacion/descargar/hash/2cc2ba551e7339b52de46b09db1188ed
11230831;FONDECYT de Iniciación en Investigación 2023;2023;Resumen;https://post.anid.cl/frontend.php/es/postulacion/descargar/hash/0aaeafc91c7125eaac7c7aa90c7b64c6
11230835;FONDECYT de Iniciación en Investigación 2023;2023;Resumen;https://post.anid.cl/frontend.php/es/postulacion/descargar/hash/9fe557979ccaef12c3915188035e80fa
11230837;FONDECYT de Iniciación en Investigación 2023;2023;Resumen;https://post.anid.cl/frontend.php/es/postulacion/descargar/hash/1de305cfac748bb0a334405768c7e3c2
11230840;FONDECYT de Iniciación en Investigación 2023;2023;Resumen;https://post.anid.cl/frontend.php/es/postulacion/descargar/hash/76016c361c7c7fe69b5ad9aac852c2c6
11230841;FONDECYT de Iniciación en Investigación 2023;2023;Resumen;https://post.anid.cl/frontend.php/es/postulacion/descargar/hash/d4d9dd3cb17533a608e162a7c649fcb1
11230843;FONDECYT de Iniciación en Investigación 2023;2023;Resumen;https://post.anid.cl/frontend.php/es/postulacion/descargar/hash/f485c19302eaa65be56ef6878de8e008
11230847;FONDECYT de Iniciación en Investigación 2023;2023;Resumen;https://post.anid.cl/frontend.php/es/postulacion/descargar/hash/79bb987c0df934c08511fd74dec57155
11230848;FONDECYT de Iniciación en Investigación 2023;2023;Resumen;https://post.anid.cl/frontend.php/es/postulacion/descargar/hash/8297abc3dd2a95e7f6f03da585eccef5
11230850;FONDECYT de Iniciación en Investigación 2023;2023;Resumen;https://post.anid.cl/frontend.php/es/postulacion/descargar/hash/ab477d09d1e76ca2a1c2af0cf01cb96e
11230855;FONDECYT de Iniciación en Investigación 2023;2023;Resumen;https://post.anid.cl/frontend.php/es/postulacion/descargar/hash/de98f1ca17b74a9e157d535387871e17
11230856;FONDECYT de Iniciación en Investigación 2023;2023;Resumen;https://post.anid.cl/frontend.php/es/postulacion/descargar/hash/b2de99da996185630e01b8eed6d7ff62
11230857;FONDECYT de Iniciación en Investigación 2023;2023;Resumen;https://post.anid.cl/frontend.php/es/postulacion/descargar/hash/5d9b09eefc0e148642260226ef2ff580
11230859;FONDECYT de Iniciación en Investigación 2023;2023;Resumen;https://post.anid.cl/frontend.php/es/postulacion/descargar/hash/8e0b4fc35dd3ad7bc7701fbb9af7d8ce
11230862;FONDECYT de Iniciación en Investigación 2023;2023;Resumen;https://post.anid.cl/frontend.php/es/postulacion/descargar/hash/e17cb8ce8c398f52dca01d2f0bb2c6f4
11230863;FONDECYT de Iniciación en Investigación 2023;2023;Resumen;https://post.anid.cl/frontend.php/es/postulacion/descargar/hash/80616ad3186010098b2415b9acbf4930
11230864;FONDECYT de Iniciación en Investigación 2023;2023;Resumen;https://post.anid.cl/frontend.php/es/postulacion/descargar/hash/624f4630325bd40c020b8904c4b1a725
11230866;FONDECYT de Iniciación en Investigación 2023;2023;Resumen;https://post.anid.cl/frontend.php/es/postulacion/descargar/hash/84f43fc0e06ccc76b7a776f0a79670df
11230869;FONDECYT de Iniciación en Investigación 2023;2023;Resumen;https://post.anid.cl/frontend.php/es/postulacion/descargar/hash/9982c75d4c894d94eccd7c1a561eb5fd
11230870;FONDECYT de Iniciación en Investigación 2023;2023;Resumen;https://post.anid.cl/frontend.php/es/postulacion/descargar/hash/f89770b40e2d894b5cba26f0d2d6645d
11230872;FONDECYT de Iniciación en Investigación 2023;2023;Resumen;https://post.anid.cl/frontend.php/es/postulacion/descargar/hash/f4e7d48c3fa5b249ecdafb40a6c73551
11230874;FONDECYT de Iniciación en Investigación 2023;2023;Resumen;https://post.anid.cl/frontend.php/es/postulacion/descargar/hash/4552beb176c4aabc8c1d880a6e52c78e
11230876;FONDECYT de Iniciación en Investigación 2023;2023;Resumen;https://post.anid.cl/frontend.php/es/postulacion/descargar/hash/70bf5ba65f34622b5ea739f04d545989
11230879;FONDECYT de Iniciación en Investigación 2023;2023;Resumen;https://post.anid.cl/frontend.php/es/postulacion/descargar/hash/961448c8b306c851da71c9f0db2c5716
11230881;FONDECYT de Iniciación en Investigación 2023;2023;Resumen;https://post.anid.cl/frontend.php/es/postulacion/descargar/hash/2e67034a83d4342d0b49895257c5d5ac
11230882;FONDECYT de Iniciación en Investigación 2023;2023;Resumen;https://post.anid.cl/frontend.php/es/postulacion/descargar/hash/6fae7af1c5cc036bb4144d4045a42079
11230885;FONDECYT de Iniciación en Investigación 2023;2023;Resumen;https://post.anid.cl/frontend.php/es/postulacion/descargar/hash/cfca1727aaf56ca04c8ce42b28645e33
11230888;FONDECYT de Iniciación en Investigación 2023;2023;Resumen;https://post.anid.cl/frontend.php/es/postulacion/descargar/hash/11381701506d85d59a9ee2af4e32258f
11230889;FONDECYT de Iniciación en Investigación 2023;2023;Resumen;https://post.anid.cl/frontend.php/es/postulacion/descargar/hash/6f2224df1836045192b8ee9efd5dabfc
11230891;FONDECYT de Iniciación en Investigación 2023;2023;Resumen;https://post.anid.cl/frontend.php/es/postulacion/descargar/hash/e62de5960e5d7b2ea138f2ed66276a99
11230895;FONDECYT de Iniciación en Investigación 2023;2023;Resumen;https://post.anid.cl/frontend.php/es/postulacion/descargar/hash/7ba184a8611d11734c90e1ebf0af77ef
11230897;FONDECYT de Iniciación en Investigación 2023;2023;Resumen;https://post.anid.cl/frontend.php/es/postulacion/descargar/hash/0c428cb093c4c4bb6d14de8d77c50880
11230898;FONDECYT de Iniciación en Investigación 2023;2023;Resumen;https://post.anid.cl/frontend.php/es/postulacion/descargar/hash/629eb1bbb2c22f8c3ac661e7b9d582cd
11230902;FONDECYT de Iniciación en Investigación 2023;2023;Resumen;https://post.anid.cl/frontend.php/es/postulacion/descargar/hash/553813c04fcae090109eb3a87ce8f8ba
11230903;FONDECYT de Iniciación en Investigación 2023;2023;Resumen;https://post.anid.cl/frontend.php/es/postulacion/descargar/hash/222e9c51d2437927930e5488eb85d80d
11230904;FONDECYT de Iniciación en Investigación 2023;2023;Resumen;https://post.anid.cl/frontend.php/es/postulacion/descargar/hash/d6864d6a3fa1333fb28f52010243aa3f
11230907;FONDECYT de Iniciación en Investigación 2023;2023;Resumen;https://post.anid.cl/frontend.php/es/postulacion/descargar/hash/84846df62591e77e9b49551f16253d5a
11230912;FONDECYT de Iniciación en Investigación 2023;2023;Resumen;https://post.anid.cl/frontend.php/es/postulacion/descargar/hash/89813da3954f9e2852c0322fd543a6fc
11230913;FONDECYT de Iniciación en Investigación 2023;2023;Resumen;https://post.anid.cl/frontend.php/es/postulacion/descargar/hash/44a2cab3e1d4c46c83d1520bc7a06b9c
11230915;FONDECYT de Iniciación en Investigación 2023;2023;Resumen;https://post.anid.cl/frontend.php/es/postulacion/descargar/hash/b124be9df29443a8114134914f04aac9
11230919;FONDECYT de Iniciación en Investigación 2023;2023;Resumen;https://post.anid.cl/frontend.php/es/postulacion/descargar/hash/7281ceecbda14a8a4b658038e172d4f4
11230923;FONDECYT de Iniciación en Investigación 2023;2023;Resumen;https://post.anid.cl/frontend.php/es/postulacion/descargar/hash/cb092c358cc22df06fd329c480ae969c
11230925;FONDECYT de Iniciación en Investigación 2023;2023;Resumen;https://post.anid.cl/frontend.php/es/postulacion/descargar/hash/15408c16b2fa8b30d9648d1d8f5cd52b
11230929;FONDECYT de Iniciación en Investigación 2023;2023;Resumen;https://post.anid.cl/frontend.php/es/postulacion/descargar/hash/0c562a9e1bf6205e1db709a63b1530cd
11230934;FONDECYT de Iniciación en Investigación 2023;2023;Resumen;https://post.anid.cl/frontend.php/es/postulacion/descargar/hash/5e0427cc2399bab243f0a5cce4eb0d7d
11230936;FONDECYT de Iniciación en Investigación 2023;2023;Resumen;https://post.anid.cl/frontend.php/es/postulacion/descargar/hash/8ec7efe915e357742e3488f304a36522
11230939;FONDECYT de Iniciación en Investigación 2023;2023;Resumen;https://post.anid.cl/frontend.php/es/postulacion/descargar/hash/aab5fffd2225ec117da1aaf7fe563b9c
11230941;FONDECYT de Iniciación en Investigación 2023;2023;Resumen;https://post.anid.cl/frontend.php/es/postulacion/descargar/hash/caacdd13f83d0163e564c94af9adf77b
11230945;FONDECYT de Iniciación en Investigación 2023;2023;Resumen;https://post.anid.cl/frontend.php/es/postulacion/descargar/hash/82c7c1f50bbb970b94dcd3fe13bcfb1e
11230950;FONDECYT de Iniciación en Investigación 2023;2023;Resumen;https://post.anid.cl/frontend.php/es/postulacion/descargar/hash/9f45caddc7f401ceff9f91d423a56d12
11230951;FONDECYT de Iniciación en Investigación 2023;2023;Resumen;https://post.anid.cl/frontend.php/es/postulacion/descargar/hash/3eb573be48b556e796c2c8c8c615d93b
11230953;FONDECYT de Iniciación en Investigación 2023;2023;Resumen;https://post.anid.cl/frontend.php/es/postulacion/descargar/hash/c42d113fb633d23e959a86d7056aab76
11230957;FONDECYT de Iniciación en Investigación 2023;2023;Resumen;https://post.anid.cl/frontend.php/es/postulacion/descargar/hash/a1dcfe5b8aa5308e70a104a4f5ba215e
11230961;FONDECYT de Iniciación en Investigación 2023;2023;Resumen;https://post.anid.cl/frontend.php/es/postulacion/descargar/hash/a81a48367fc7ea5810b27826b627895c
11230962;FONDECYT de Iniciación en Investigación 2023;2023;Resumen;https://post.anid.cl/frontend.php/es/postulacion/descargar/hash/b2568bafdfc3a6e4c2a3bd56dd2cb776
11230963;FONDECYT de Iniciación en Investigación 2023;2023;Resumen;https://post.anid.cl/frontend.php/es/postulacion/descargar/hash/f21843168c5c914f45fd9a56b83c0979
11230969;FONDECYT de Iniciación en Investigación 2023;2023;Resumen;https://post.anid.cl/frontend.php/es/postulacion/descargar/hash/49e264d21fc3f7ac1236003ab445dfcc
11230970;FONDECYT de Iniciación en Investigación 2023;2023;Resumen;https://post.anid.cl/frontend.php/es/postulacion/descargar/hash/58bd39cb7ea676e95e8fc871d53ba873
11230971;FONDECYT de Iniciación en Investigación 2023;2023;Resumen;https://post.anid.cl/frontend.php/es/postulacion/descargar/hash/32a2d3edf8b4ee0e6416ede2ac995f25
11230975;FONDECYT de Iniciación en Investigación 2023;2023;Resumen;https://post.anid.cl/frontend.php/es/postulacion/descargar/hash/9324afcccb1ee5ba4f1bc52e6267098e
11230976;FONDECYT de Iniciación en Investigación 2023;2023;Resumen;https://post.anid.cl/frontend.php/es/postulacion/descargar/hash/da2507450f9a02d5f04df37a60222a89
11230979;FONDECYT de Iniciación en Investigación 2023;2023;Resumen;https://post.anid.cl/frontend.php/es/postulacion/descargar/hash/dc3db841209a5dcbc8900aa94dea182b
11230980;FONDECYT de Iniciación en Investigación 2023;2023;Resumen;https://post.anid.cl/frontend.php/es/postulacion/descargar/hash/1675c303bc843d0235b613a8aeceba4f
11230984;FONDECYT de Iniciación en Investigación 2023;2023;Resumen;https://post.anid.cl/frontend.php/es/postulacion/descargar/hash/975b2dc8fe57e12ecf333d106932a309
11230986;FONDECYT de Iniciación en Investigación 2023;2023;Resumen;https://post.anid.cl/frontend.php/es/postulacion/descargar/hash/4cf79640d10ea2d54fe3c4f572e3f730
11230987;FONDECYT de Iniciación en Investigación 2023;2023;Resumen;https://post.anid.cl/frontend.php/es/postulacion/descargar/hash/eec4055d482af09a2e8a9131f9fd28be
11230988;FONDECYT de Iniciación en Investigación 2023;2023;Resumen;https://post.anid.cl/frontend.php/es/postulacion/descargar/hash/dbe505b94eb0acd98732d30f78891d7c
11230990;FONDECYT de Iniciación en Investigación 2023;2023;Resumen;https://post.anid.cl/frontend.php/es/postulacion/descargar/hash/aac5a6dd39a63b44a1ebc2ba57306ed3
11230993;FONDECYT de Iniciación en Investigación 2023;2023;Resumen;https://post.anid.cl/frontend.php/es/postulacion/descargar/hash/37b06d8ebc619cbe111f940893ce4fb7
11230995;FONDECYT de Iniciación en Investigación 2023;2023;Resumen;https://post.anid.cl/frontend.php/es/postulacion/descargar/hash/43fae8679404c10962459ff8af859e9f
11230997;FONDECYT de Iniciación en Investigación 2023;2023;Resumen;https://post.anid.cl/frontend.php/es/postulacion/descargar/hash/e47eb65aada8d7607f8d6f71fdefb315
11230998;FONDECYT de Iniciación en Investigación 2023;2023;Resumen;https://post.anid.cl/frontend.php/es/postulacion/descargar/hash/af4477edd5636927d563eefbd67bb00c
11231001;FONDECYT de Iniciación en Investigación 2023;2023;Resumen;https://post.anid.cl/frontend.php/es/postulacion/descargar/hash/fecdb31f91d61af2b779ecac0bd00f91
11231002;FONDECYT de Iniciación en Investigación 2023;2023;Resumen;https://post.anid.cl/frontend.php/es/postulacion/descargar/hash/815ae0a75c86666540edaef52a7d5f08
11231004;FONDECYT de Iniciación en Investigación 2023;2023;Resumen;https://post.anid.cl/frontend.php/es/postulacion/descargar/hash/b70040b24909fb3f59850d80c92cfb8b
11231006;FONDECYT de Iniciación en Investigación 2023;2023;Resumen;https://post.anid.cl/frontend.php/es/postulacion/descargar/hash/5e860e6a4e5bc067265386296a9efe1d
11231013;FONDECYT de Iniciación en Investigación 2023;2023;Resumen;https://post.anid.cl/frontend.php/es/postulacion/descargar/hash/a1be9a977492a3f7442296596c14c7ce
11231016;FONDECYT de Iniciación en Investigación 2023;2023;Resumen;https://post.anid.cl/frontend.php/es/postulacion/descargar/hash/f090c53a442cae54703f3a98d5ea0799
11231022;FONDECYT de Iniciación en Investigación 2023;2023;Resumen;https://post.anid.cl/frontend.php/es/postulacion/descargar/hash/a2cb8f68ca9face0c32aa6de7187b514
11231023;FONDECYT de Iniciación en Investigación 2023;2023;Resumen;https://post.anid.cl/frontend.php/es/postulacion/descargar/hash/0ed13511e15ded37112c41c33c5284e6
11231043;FONDECYT de Iniciación en Investigación 2023;2023;Resumen;https://post.anid.cl/frontend.php/es/postulacion/descargar/hash/a6431d31f77828168f1d1dfd9060b190
11231048;FONDECYT de Iniciación en Investigación 2023;2023;Resumen;https://post.anid.cl/frontend.php/es/postulacion/descargar/hash/be8bc9d85189e133020f9dd67f6c939c
11231053;FONDECYT de Iniciación en Investigación 2023;2023;Resumen;https://post.anid.cl/frontend.php/es/postulacion/descargar/hash/1e2c5a002da831cfa5acc8b03231effa
11231058;FONDECYT de Iniciación en Investigación 2023;2023;Resumen;https://post.anid.cl/frontend.php/es/postulacion/descargar/hash/a14623dc36f3e91c0c4e5940daa81499
11231064;FONDECYT de Iniciación en Investigación 2023;2023;Resumen;https://post.anid.cl/frontend.php/es/postulacion/descargar/hash/4699ac982fde252318820e988b4f5063
11231065;FONDECYT de Iniciación en Investigación 2023;2023;Resumen;https://post.anid.cl/frontend.php/es/postulacion/descargar/hash/d3e5bed6af4e60575a1a2dba10abaaba
11231066;FONDECYT de Iniciación en Investigación 2023;2023;Resumen;https://post.anid.cl/frontend.php/es/postulacion/descargar/hash/2071ea4317f1a33e5e52141f621762fa
11231067;FONDECYT de Iniciación en Investigación 2023;2023;Resumen;https://post.anid.cl/frontend.php/es/postulacion/descargar/hash/72e31ac95e3e2e25bb73a12661631aa3
11231071;FONDECYT de Iniciación en Investigación 2023;2023;Resumen;https://post.anid.cl/frontend.php/es/postulacion/descargar/hash/2b3f4fde4edb9c063cc657e6929b6d7e
11231072;FONDECYT de Iniciación en Investigación 2023;2023;Resumen;https://post.anid.cl/frontend.php/es/postulacion/descargar/hash/21de227f7a16fe9f0947790252e4c353
11231075;FONDECYT de Iniciación en Investigación 2023;2023;Resumen;https://post.anid.cl/frontend.php/es/postulacion/descargar/hash/7e0eec24ead450a85481444d545ae124
11231081;FONDECYT de Iniciación en Investigación 2023;2023;Resumen;https://post.anid.cl/frontend.php/es/postulacion/descargar/hash/4389229ccf8ea86f61b4720570808c10
11231082;FONDECYT de Iniciación en Investigación 2023;2023;Resumen;https://post.anid.cl/frontend.php/es/postulacion/descargar/hash/afdb30eec852ab638c2a6668e431e881
11231083;FONDECYT de Iniciación en Investigación 2023;2023;Resumen;https://post.anid.cl/frontend.php/es/postulacion/descargar/hash/25a31f7f130993da63b97b7bb47c9ef0
11231088;FONDECYT de Iniciación en Investigación 2023;2023;Resumen;https://post.anid.cl/frontend.php/es/postulacion/descargar/hash/0208bcb0e1ea06ebaca6e8ce42e73300
11231093;FONDECYT de Iniciación en Investigación 2023;2023;Resumen;https://post.anid.cl/frontend.php/es/postulacion/descargar/hash/8c93ab40cc6468633450089fb480e2a8
11231094;FONDECYT de Iniciación en Investigación 2023;2023;Resumen;https://post.anid.cl/frontend.php/es/postulacion/descargar/hash/2f1369f6e7b6471a74f9f990de9184aa
11231099;FONDECYT de Iniciación en Investigación 2023;2023;Resumen;https://post.anid.cl/frontend.php/es/postulacion/descargar/hash/7eee1d185caf4575accbea925a9b54eb
11231103;FONDECYT de Iniciación en Investigación 2023;2023;Resumen;https://post.anid.cl/frontend.php/es/postulacion/descargar/hash/f3b66805ab542a9c047f9e1c5ad0c908
11231109;FONDECYT de Iniciación en Investigación 2023;2023;Resumen;https://post.anid.cl/frontend.php/es/postulacion/descargar/hash/f80756f1b6adfa72ac9205a4f1301f9d
11231110;FONDECYT de Iniciación en Investigación 2023;2023;Resumen;https://post.anid.cl/frontend.php/es/postulacion/descargar/hash/f7ce1f13f9bdeb8824fd3dec8f34f1d0
11231111;FONDECYT de Iniciación en Investigación 2023;2023;Resumen;https://post.anid.cl/frontend.php/es/postulacion/descargar/hash/6666c6f07ead274753455a27704bd61e
11231118;FONDECYT de Iniciación en Investigación 2023;2023;Resumen;https://post.anid.cl/frontend.php/es/postulacion/descargar/hash/4d540d6638921d48b55fbc4e6d7bbc4f
11231120;FONDECYT de Iniciación en Investigación 2023;2023;Resumen;https://post.anid.cl/frontend.php/es/postulacion/descargar/hash/bc1dc5002b4905d66f4ed08918b8dc33
11231121;FONDECYT de Iniciación en Investigación 2023;2023;Resumen;https://post.anid.cl/frontend.php/es/postulacion/descargar/hash/cb0c6e88aeffc2e062b56a0f77d0afd0
11231122;FONDECYT de Iniciación en Investigación 2023;2023;Resumen;https://post.anid.cl/frontend.php/es/postulacion/descargar/hash/92daf92e665c6138c6d32f491aa017cd
11231124;FONDECYT de Iniciación en Investigación 2023;2023;Resumen;https://post.anid.cl/frontend.php/es/postulacion/descargar/hash/a87806c7e1c64ee8bf284d5998ec1ec9
11231127;FONDECYT de Iniciación en Investigación 2023;2023;Resumen;https://post.anid.cl/frontend.php/es/postulacion/descargar/hash/7e0bac7b5c1bab7f5106b371cd090795
11231130;FONDECYT de Iniciación en Investigación 2023;2023;Resumen;https://post.anid.cl/frontend.php/es/postulacion/descargar/hash/642d5a04fdf13476f891619da2427e2c
11231140;FONDECYT de Iniciación en Investigación 2023;2023;Resumen;https://post.anid.cl/frontend.php/es/postulacion/descargar/hash/d2c16c9c9172538a0d07a24d726d3c9a
11231148;FONDECYT de Iniciación en Investigación 2023;2023;Resumen;https://post.anid.cl/frontend.php/es/postulacion/descargar/hash/adde0bd843a72f37738d9b8aef5c4e0f
11231156;FONDECYT de Iniciación en Investigación 2023;2023;Resumen;https://post.anid.cl/frontend.php/es/postulacion/descargar/hash/1a5fd56f51642fcf1ad2d4389d7756d2
11231166;FONDECYT de Iniciación en Investigación 2023;2023;Resumen;https://post.anid.cl/frontend.php/es/postulacion/descargar/hash/f40923f0341929c272e686990f26fe9c
11231171;FONDECYT de Iniciación en Investigación 2023;2023;Resumen;https://post.anid.cl/frontend.php/es/postulacion/descargar/hash/ba76c68a3f402fd9a989e2c00012efba
11231173;FONDECYT de Iniciación en Investigación 2023;2023;Resumen;https://post.anid.cl/frontend.php/es/postulacion/descargar/hash/f1b63157452b653e4fa6a8d9dc2b855f
11231174;FONDECYT de Iniciación en Investigación 2023;2023;Resumen;https://post.anid.cl/frontend.php/es/postulacion/descargar/hash/ead2b032cc9180dd713f23ce9a380405
11231187;FONDECYT de Iniciación en Investigación 2023;2023;Resumen;https://post.anid.cl/frontend.php/es/postulacion/descargar/hash/768fa507bbed3060c470ef340ea87742
11231192;FONDECYT de Iniciación en Investigación 2023;2023;Resumen;https://post.anid.cl/frontend.php/es/postulacion/descargar/hash/29b32635e5691fb7f5f2e288561e6bf0
11231194;FONDECYT de Iniciación en Investigación 2023;2023;Resumen;https://post.anid.cl/frontend.php/es/postulacion/descargar/hash/0bf04a934af42263358930857746181f
11231198;FONDECYT de Iniciación en Investigación 2023;2023;Resumen;https://post.anid.cl/frontend.php/es/postulacion/descargar/hash/2bcd6307da4234f300e00d0772e4193f
11231201;FONDECYT de Iniciación en Investigación 2023;2023;Resumen;https://post.anid.cl/frontend.php/es/postulacion/descargar/hash/33abc9d915c97a06806290edc4be6a2a
11231211;FONDECYT de Iniciación en Investigación 2023;2023;Resumen;https://post.anid.cl/frontend.php/es/postulacion/descargar/hash/36447e3a3082e4c6c3d3d571365f2145
11231212;FONDECYT de Iniciación en Investigación 2023;2023;Resumen;https://post.anid.cl/frontend.php/es/postulacion/descargar/hash/be191c9bd8dd6d1c21340120d10a14b9
11231216;FONDECYT de Iniciación en Investigación 2023;2023;Resumen;https://post.anid.cl/frontend.php/es/postulacion/descargar/hash/da7ae958d80d855dbd53977699ae9dc0
11231225;FONDECYT de Iniciación en Investigación 2023;2023;Resumen;https://post.anid.cl/frontend.php/es/postulacion/descargar/hash/4062fd4868737e1dfecf244e12a3840f
11231231;FONDECYT de Iniciación en Investigación 2023;2023;Resumen;https://post.anid.cl/frontend.php/es/postulacion/descargar/hash/1e2379c038169a9ee0e0c432a0097dfb
11231233;FONDECYT de Iniciación en Investigación 2023;2023;Resumen;https://post.anid.cl/frontend.php/es/postulacion/descargar/hash/012caa27318c6253096e29e46a529916
11231238;FONDECYT de Iniciación en Investigación 2023;2023;Resumen;https://post.anid.cl/frontend.php/es/postulacion/descargar/hash/92df2315b9c9bb2c0ee94e3df659ab1f
11231239;FONDECYT de Iniciación en Investigación 2023;2023;Resumen;https://post.anid.cl/frontend.php/es/postulacion/descargar/hash/b4f19eadbaa0a429d26e9f8d03f7af61
11231241;FONDECYT de Iniciación en Investigación 2023;2023;Resumen;https://post.anid.cl/frontend.php/es/postulacion/descargar/hash/96de70448c7be71791f9689ffd24138a
11240006;FONDECYT de Iniciación en Investigación 2024;2024;Resumen;https://post.anid.cl/frontend.php/es/postulacion/descargar/hash/adeb1486bb8a6956e81530b36a3f973b
11240009;FONDECYT de Iniciación en Investigación 2024;2024;Resumen;https://post.anid.cl/frontend.php/es/postulacion/descargar/hash/876e320f65ecca20122e3cb3e47f7feb
11240011;FONDECYT de Iniciación en Investigación 2024;2024;Resumen;https://post.anid.cl/frontend.php/es/postulacion/descargar/hash/c978946a222f4b12bbce588c9b0ba9f2
11240017;FONDECYT de Iniciación en Investigación 2024;2024;Resumen;https://post.anid.cl/frontend.php/es/postulacion/descargar/hash/679a5b5d268bba97631316a8ebb98247
11240019;FONDECYT de Iniciación en Investigación 2024;2024;Resumen;https://post.anid.cl/frontend.php/es/postulacion/descargar/hash/8794c023ee3cbdd7fa0c7f761bab6e32
11240021;FONDECYT de Iniciación en Investigación 2024;2024;Resumen;https://post.anid.cl/frontend.php/es/postulacion/descargar/hash/d305e9ed3bc8b536f38f95d3dc6bd376
11240026;FONDECYT de Iniciación en Investigación 2024;2024;Resumen;https://post.anid.cl/frontend.php/es/postulacion/descargar/hash/bbb9f32628ea147b1c82c1146f03f736
11240028;FONDECYT de Iniciación en Investigación 2024;2024;Resumen;https://post.anid.cl/frontend.php/es/postulacion/descargar/hash/cae9cbdf74608f67b6b73f113b06fa4e
11240029;FONDECYT de Iniciación en Investigación 2024;2024;Resumen;https://post.anid.cl/frontend.php/es/postulacion/descargar/hash/d9d9f113706e2008c4bec46a262333f1
11240035;FONDECYT de Iniciación en Investigación 2024;2024;Resumen;https://post.anid.cl/frontend.php/es/postulacion/descargar/hash/b850005d32cc976cf84711fc82e9c52a
11240044;FONDECYT de Iniciación en Investigación 2024;2024;Resumen;https://post.anid.cl/frontend.php/es/postulacion/descargar/hash/777d081dfaa8f68250c80aadca3f555a
11240050;FONDECYT de Iniciación en Investigación 2024;2024;Resumen;https://post.anid.cl/frontend.php/es/postulacion/descargar/hash/4c65d4e2418fe859bf056ebcc22123da
11240059;FONDECYT de Iniciación en Investigación 2024;2024;Resumen;https://post.anid.cl/frontend.php/es/postulacion/descargar/hash/7f9daaa45be47b1542c8f2d6b3031267
11240061;FONDECYT de Iniciación en Investigación 2024;2024;Resumen;https://post.anid.cl/frontend.php/es/postulacion/descargar/hash/3aff50a3a974c1b20d1e6ef36943fc7b
11240062;FONDECYT de Iniciación en Investigación 2024;2024;Resumen;https://post.anid.cl/frontend.php/es/postulacion/descargar/hash/b5e49c2f544521ee444bda4c81ee94c2
11240063;FONDECYT de Iniciación en Investigación 2024;2024;Resumen;https://post.anid.cl/frontend.php/es/postulacion/descargar/hash/051ace257c6909935ccda101dd995d65
11240064;FONDECYT de Iniciación en Investigación 2024;2024;Resumen;https://post.anid.cl/frontend.php/es/postulacion/descargar/hash/87ff07027d68809f7fdcb0e6e3b71604
11240066;FONDECYT de Iniciación en Investigación 2024;2024;Resumen;https://post.anid.cl/frontend.php/es/postulacion/descargar/hash/fc7e71cd35bbc758cf529e2baaece5dd
11240067;FONDECYT de Iniciación en Investigación 2024;2024;Resumen;https://post.anid.cl/frontend.php/es/postulacion/descargar/hash/c944c6f6b9064230bb589bc1d717bb75
11240068;FONDECYT de Iniciación en Investigación 2024;2024;Resumen;https://post.anid.cl/frontend.php/es/postulacion/descargar/hash/74eb39b8e6c98351652338d67b01ee96
11240070;FONDECYT de Iniciación en Investigación 2024;2024;Resumen;https://post.anid.cl/frontend.php/es/postulacion/descargar/hash/4dbc4a275bda17f3a0f2c4a6af4f90d4
11240071;FONDECYT de Iniciación en Investigación 2024;2024;Resumen;https://post.anid.cl/frontend.php/es/postulacion/descargar/hash/7001629f4744ee0e013aaa304670d4be
11240073;FONDECYT de Iniciación en Investigación 2024;2024;Resumen;https://post.anid.cl/frontend.php/es/postulacion/descargar/hash/a7eecb6b9744d9462018aab8eb34d467
11240087;FONDECYT de Iniciación en Investigación 2024;2024;Resumen;https://post.anid.cl/frontend.php/es/postulacion/descargar/hash/a75d7e678159ef3c4fa06741cc236b83
11240089;FONDECYT de Iniciación en Investigación 2024;2024;Resumen;https://post.anid.cl/frontend.php/es/postulacion/descargar/hash/0cddcc51051dc5554be9392fbca6869b
11240100;FONDECYT de Iniciación en Investigación 2024;2024;Resumen;https://post.anid.cl/frontend.php/es/postulacion/descargar/hash/cb2f220256d073b41229eb1c68440949
11240105;FONDECYT de Iniciación en Investigación 2024;2024;Resumen;https://post.anid.cl/frontend.php/es/postulacion/descargar/hash/2ad871c5f837a00aec8abc2116de7c2a
11240107;FONDECYT de Iniciación en Investigación 2024;2024;Resumen;https://post.anid.cl/frontend.php/es/postulacion/descargar/hash/f3f0cdc8569a81884baa62a46a1553c0
11240113;FONDECYT de Iniciación en Investigación 2024;2024;Resumen;https://post.anid.cl/frontend.php/es/postulacion/descargar/hash/8bef2ae3b4177916feeb37c21b2fe856
11240115;FONDECYT de Iniciación en Investigación 2024;2024;Resumen;https://post.anid.cl/frontend.php/es/postulacion/descargar/hash/f612049c90ceac8e6802f59eace44e0c
11240117;FONDECYT de Iniciación en Investigación 2024;2024;Resumen;https://post.anid.cl/frontend.php/es/postulacion/descargar/hash/613ee747bf181712d308a90918fd1953
11240125;FONDECYT de Iniciación en Investigación 2024;2024;Resumen;https://post.anid.cl/frontend.php/es/postulacion/descargar/hash/6f203cf2dfaf37b1af361fb2f2568ff7
11240126;FONDECYT de Iniciación en Investigación 2024;2024;Resumen;https://post.anid.cl/frontend.php/es/postulacion/descargar/hash/fd060b6d1ad6ec1f84cc72a65d55e1a5
11240130;FONDECYT de Iniciación en Investigación 2024;2024;Resumen;https://post.anid.cl/frontend.php/es/postulacion/descargar/hash/95ad41bb9d7c209b772e722acefad932
11240142;FONDECYT de Iniciación en Investigación 2024;2024;Resumen;https://post.anid.cl/frontend.php/es/postulacion/descargar/hash/d3d2b4b65d9b550d15f25a8cfb99e4c9
11240147;FONDECYT de Iniciación en Investigación 2024;2024;Resumen;https://post.anid.cl/frontend.php/es/postulacion/descargar/hash/4051a87d48549abda0760cd0ed64a166
11240150;FONDECYT de Iniciación en Investigación 2024;2024;Resumen;https://post.anid.cl/frontend.php/es/postulacion/descargar/hash/7edfffe61249a27661af265769951b9f
11240152;FONDECYT de Iniciación en Investigación 2024;2024;Resumen;https://post.anid.cl/frontend.php/es/postulacion/descargar/hash/11ebaeccde63490ddeb2470f8c01457c
11240158;FONDECYT de Iniciación en Investigación 2024;2024;Resumen;https://post.anid.cl/frontend.php/es/postulacion/descargar/hash/573d33f7c873a71380f923734a876f23
11240160;FONDECYT de Iniciación en Investigación 2024;2024;Resumen;https://post.anid.cl/frontend.php/es/postulacion/descargar/hash/2466fa9c337a03f1cdab3fe10195f0b5
11240161;FONDECYT de Iniciación en Investigación 2024;2024;Resumen;https://post.anid.cl/frontend.php/es/postulacion/descargar/hash/c979361b00d212b8c3b2ea8748589da4
11240162;FONDECYT de Iniciación en Investigación 2024;2024;Resumen;https://post.anid.cl/frontend.php/es/postulacion/descargar/hash/3450e58a53199787aca01c343116cf0f
11240167;FONDECYT de Iniciación en Investigación 2024;2024;Resumen;https://post.anid.cl/frontend.php/es/postulacion/descargar/hash/f8bff0fd6c9b0da0567189eeaf49c4b9
11240170;FONDECYT de Iniciación en Investigación 2024;2024;Resumen;https://post.anid.cl/frontend.php/es/postulacion/descargar/hash/2dca98975803cf323164e20685244bc4
11240171;FONDECYT de Iniciación en Investigación 2024;2024;Resumen;https://post.anid.cl/frontend.php/es/postulacion/descargar/hash/959b19d06837750c28803cf264ea5e50
11240173;FONDECYT de Iniciación en Investigación 2024;2024;Resumen;https://post.anid.cl/frontend.php/es/postulacion/descargar/hash/68a8b7fa3f7c6a1b6affde0af5730448
11240174;FONDECYT de Iniciación en Investigación 2024;2024;Resumen;https://post.anid.cl/frontend.php/es/postulacion/descargar/hash/bfb580e9f4d4adf6af9ae3d054b4304e
11240175;FONDECYT de Iniciación en Investigación 2024;2024;Resumen;https://post.anid.cl/frontend.php/es/postulacion/descargar/hash/6db75443f17067ccc3298896db255051
11240179;FONDECYT de Iniciación en Investigación 2024;2024;Resumen;https://post.anid.cl/frontend.php/es/postulacion/descargar/hash/35a369a053413ba3536c8edd9b729970
11240180;FONDECYT de Iniciación en Investigación 2024;2024;Resumen;https://post.anid.cl/frontend.php/es/postulacion/descargar/hash/11def2c5b18bd5c8d2336a2647ed4620
11240181;FONDECYT de Iniciación en Investigación 2024;2024;Resumen;https://post.anid.cl/frontend.php/es/postulacion/descargar/hash/2c3db3e461cd42e5c44bfcbe1a3c5a26
11240182;FONDECYT de Iniciación en Investigación 2024;2024;Resumen;https://post.anid.cl/frontend.php/es/postulacion/descargar/hash/fc1ffed61ea80ff640beb0d726ae4af8
11240183;FONDECYT de Iniciación en Investigación 2024;2024;Resumen;https://post.anid.cl/frontend.php/es/postulacion/descargar/hash/a6e10f5be83407e965aa6a6541ae5a25
11240188;FONDECYT de Iniciación en Investigación 2024;2024;Resumen;https://post.anid.cl/frontend.php/es/postulacion/descargar/hash/5520dc52542fee4a788924ace4cec69c
11240189;FONDECYT de Iniciación en Investigación 2024;2024;Resumen;https://post.anid.cl/frontend.php/es/postulacion/descargar/hash/be97ec0c24560530b1dc6035a08fde68
11240190;FONDECYT de Iniciación en Investigación 2024;2024;Resumen;https://post.anid.cl/frontend.php/es/postulacion/descargar/hash/5d5fbf373a63a4da8a8ab8a0ad73a2fe
11240191;FONDECYT de Iniciación en Investigación 2024;2024;Resumen;https://post.anid.cl/frontend.php/es/postulacion/descargar/hash/7e75c202762f775fc9d4af687716fb47
11240192;FONDECYT de Iniciación en Investigación 2024;2024;Resumen;https://post.anid.cl/frontend.php/es/postulacion/descargar/hash/c892afc4b4f06e67e11acb6d03e62bae
11240201;FONDECYT de Iniciación en Investigación 2024;2024;Resumen;https://post.anid.cl/frontend.php/es/postulacion/descargar/hash/75905389dfd3af28ffc9bf3ae70af86c
11240205;FONDECYT de Iniciación en Investigación 2024;2024;Resumen;https://post.anid.cl/frontend.php/es/postulacion/descargar/hash/33cbfea58cacae42f69b0fbcb2c56ce0
11240213;FONDECYT de Iniciación en Investigación 2024;2024;Resumen;https://post.anid.cl/frontend.php/es/postulacion/descargar/hash/d139a4a19138bf130c0be242b7f93456
11240214;FONDECYT de Iniciación en Investigación 2024;2024;Resumen;https://post.anid.cl/frontend.php/es/postulacion/descargar/hash/5cd5f43de2dc6a7b58c652cf25de1810
11240215;FONDECYT de Iniciación en Investigación 2024;2024;Resumen;https://post.anid.cl/frontend.php/es/postulacion/descargar/hash/1eb839852f74efe9f4f38935a3153f58
11240220;FONDECYT de Iniciación en Investigación 2024;2024;Resumen;https://post.anid.cl/frontend.php/es/postulacion/descargar/hash/d3f7eca68c9e512b4cf84611ec128c21
11240226;FONDECYT de Iniciación en Investigación 2024;2024;Resumen;https://post.anid.cl/frontend.php/es/postulacion/descargar/hash/838e66a9d50a9eb75f51acfb0837a90f
11240227;FONDECYT de Iniciación en Investigación 2024;2024;Resumen;https://post.anid.cl/frontend.php/es/postulacion/descargar/hash/8dd261ea753ce436d0ce952b0fe591a6
11240230;FONDECYT de Iniciación en Investigación 2024;2024;Resumen;https://post.anid.cl/frontend.php/es/postulacion/descargar/hash/bb879bd376ac4061a5beeea22739c558
11240232;FONDECYT de Iniciación en Investigación 2024;2024;Resumen;https://post.anid.cl/frontend.php/es/postulacion/descargar/hash/eefbf002c0034540dc49c650caef2b0a
11240233;FONDECYT de Iniciación en Investigación 2024;2024;Resumen;https://post.anid.cl/frontend.php/es/postulacion/descargar/hash/15071af05be67ec8962859b849fce36e
11240235;FONDECYT de Iniciación en Investigación 2024;2024;Resumen;https://post.anid.cl/frontend.php/es/postulacion/descargar/hash/f6656270d59e16068d5721e5fb367d81
11240245;FONDECYT de Iniciación en Investigación 2024;2024;Resumen;https://post.anid.cl/frontend.php/es/postulacion/descargar/hash/f3355b097e751565f6ade446effdca12
11240249;FONDECYT de Iniciación en Investigación 2024;2024;Resumen;https://post.anid.cl/frontend.php/es/postulacion/descargar/hash/d47af4b593edbe6209fb1f1cfe240ee9
11240252;FONDECYT de Iniciación en Investigación 2024;2024;Resumen;https://post.anid.cl/frontend.php/es/postulacion/descargar/hash/97a78b8d961be5cff25312810d82e466
11240262;FONDECYT de Iniciación en Investigación 2024;2024;Resumen;https://post.anid.cl/frontend.php/es/postulacion/descargar/hash/a15e23a1f88d0b4450a1f683881daa97
11240273;FONDECYT de Iniciación en Investigación 2024;2024;Resumen;https://post.anid.cl/frontend.php/es/postulacion/descargar/hash/a48c921b53ab6dff2067fb1c655bc735
11240275;FONDECYT de Iniciación en Investigación 2024;2024;Resumen;https://post.anid.cl/frontend.php/es/postulacion/descargar/hash/e66b739f96457c54f3001c3471d5a0bf
11240279;FONDECYT de Iniciación en Investigación 2024;2024;Resumen;https://post.anid.cl/frontend.php/es/postulacion/descargar/hash/1d79b764078b74664f36f813b7cea457
11240281;FONDECYT de Iniciación en Investigación 2024;2024;Resumen;https://post.anid.cl/frontend.php/es/postulacion/descargar/hash/7bffbf7b596bf8580669b3809fda11bf
11240283;FONDECYT de Iniciación en Investigación 2024;2024;Resumen;https://post.anid.cl/frontend.php/es/postulacion/descargar/hash/d50bc9540da5174a3b83952522bb9d82
11240285;FONDECYT de Iniciación en Investigación 2024;2024;Resumen;https://post.anid.cl/frontend.php/es/postulacion/descargar/hash/812f46093b19a2bf652e5b9638bb384a
11240287;FONDECYT de Iniciación en Investigación 2024;2024;Resumen;https://post.anid.cl/frontend.php/es/postulacion/descargar/hash/cb9932e74c5926555c70b23527d8e381
11240290;FONDECYT de Iniciación en Investigación 2024;2024;Resumen;https://post.anid.cl/frontend.php/es/postulacion/descargar/hash/e3266421775027984c4e4d66e52226da
11240299;FONDECYT de Iniciación en Investigación 2024;2024;Resumen;https://post.anid.cl/frontend.php/es/postulacion/descargar/hash/5fcc4d24b6fa0dcf4639c41742ae36ae
11240301;FONDECYT de Iniciación en Investigación 2024;2024;Resumen;https://post.anid.cl/frontend.php/es/postulacion/descargar/hash/20c9a67129d7914ba5335287d5ff006b
11240307;FONDECYT de Iniciación en Investigación 2024;2024;Resumen;https://post.anid.cl/frontend.php/es/postulacion/descargar/hash/41a4182add290d383aa30fd56ae69a9e
11240313;FONDECYT de Iniciación en Investigación 2024;2024;Resumen;https://post.anid.cl/frontend.php/es/postulacion/descargar/hash/113a3d8a6cfcedad60170832c252510a
11240321;FONDECYT de Iniciación en Investigación 2024;2024;Resumen;https://post.anid.cl/frontend.php/es/postulacion/descargar/hash/7d4b5e1838254f1923df567fff7f52d3
11240322;FONDECYT de Iniciación en Investigación 2024;2024;Resumen;https://post.anid.cl/frontend.php/es/postulacion/descargar/hash/43380568311647f8d5561f8174440a15
11240325;FONDECYT de Iniciación en Investigación 2024;2024;Resumen;https://post.anid.cl/frontend.php/es/postulacion/descargar/hash/088f9207e5db6cd02569585f90d0feaf
11240326;FONDECYT de Iniciación en Investigación 2024;2024;Resumen;https://post.anid.cl/frontend.php/es/postulacion/descargar/hash/9435e87a8feb99ea058041f6e3eeabe0
11240327;FONDECYT de Iniciación en Investigación 2024;2024;Resumen;https://post.anid.cl/frontend.php/es/postulacion/descargar/hash/1b1ed45508ba9693fceccc1c3a2b7408
11240328;FONDECYT de Iniciación en Investigación 2024;2024;Resumen;https://post.anid.cl/frontend.php/es/postulacion/descargar/hash/e2cc443b6b0d4b87c9d037522f705d4f
11240329;FONDECYT de Iniciación en Investigación 2024;2024;Resumen;https://post.anid.cl/frontend.php/es/postulacion/descargar/hash/1fc4adfb20a041bf8a701b853647edda
11240330;FONDECYT de Iniciación en Investigación 2024;2024;Resumen;https://post.anid.cl/frontend.php/es/postulacion/descargar/hash/4710e996644a0a668ef128389dd18a99
11240331;FONDECYT de Iniciación en Investigación 2024;2024;Resumen;https://post.anid.cl/frontend.php/es/postulacion/descargar/hash/4442fa2765e7ab73e3c65389868047ce
11240332;FONDECYT de Iniciación en Investigación 2024;2024;Resumen;https://post.anid.cl/frontend.php/es/postulacion/descargar/hash/5e9ab4e759f179694f9de740b4da07c8
11240335;FONDECYT de Iniciación en Investigación 2024;2024;Resumen;https://post.anid.cl/frontend.php/es/postulacion/descargar/hash/e85ebd1b1606f1d4566c037203b3aa0a
11240336;FONDECYT de Iniciación en Investigación 2024;2024;Resumen;https://post.anid.cl/frontend.php/es/postulacion/descargar/hash/2c7b70f2c21ab67088b348d53301eafe
11240339;FONDECYT de Iniciación en Investigación 2024;2024;Resumen;https://post.anid.cl/frontend.php/es/postulacion/descargar/hash/2e2edeeb7b2f8e2ad61dd0e267a7b73a
11240343;FONDECYT de Iniciación en Investigación 2024;2024;Resumen;https://post.anid.cl/frontend.php/es/postulacion/descargar/hash/a1d22f8be6ba28881a160042eb507eb2
11240351;FONDECYT de Iniciación en Investigación 2024;2024;Resumen;https://post.anid.cl/frontend.php/es/postulacion/descargar/hash/3d176c79e92b72e4663581538b0e20ae
11240356;FONDECYT de Iniciación en Investigación 2024;2024;Resumen;https://post.anid.cl/frontend.php/es/postulacion/descargar/hash/d71f761439fb651235abc51f48e253f9
11240363;FONDECYT de Iniciación en Investigación 2024;2024;Resumen;https://post.anid.cl/frontend.php/es/postulacion/descargar/hash/3307e023165a81a9422ff3c26e416bf2
11240369;FONDECYT de Iniciación en Investigación 2024;2024;Resumen;https://post.anid.cl/frontend.php/es/postulacion/descargar/hash/91281c36df036344ce4a5d416d46a9e4
11240371;FONDECYT de Iniciación en Investigación 2024;2024;Resumen;https://post.anid.cl/frontend.php/es/postulacion/descargar/hash/b9cdc522b286a0b1b42ada1264516077
11240372;FONDECYT de Iniciación en Investigación 2024;2024;Resumen;https://post.anid.cl/frontend.php/es/postulacion/descargar/hash/e1fe90cc6e6eaa1a4d3c480f2599c743
11240374;FONDECYT de Iniciación en Investigación 2024;2024;Resumen;https://post.anid.cl/frontend.php/es/postulacion/descargar/hash/56988cbd70498522e82f9464eab81551
11240375;FONDECYT de Iniciación en Investigación 2024;2024;Resumen;https://post.anid.cl/frontend.php/es/postulacion/descargar/hash/e85f7a7bf44de7208fb6e1852e602d28
11240378;FONDECYT de Iniciación en Investigación 2024;2024;Resumen;https://post.anid.cl/frontend.php/es/postulacion/descargar/hash/de6a5afb1ad85b83578c4e5b04874459
11240379;FONDECYT de Iniciación en Investigación 2024;2024;Resumen;https://post.anid.cl/frontend.php/es/postulacion/descargar/hash/efa78158073dc59ae26eadcc944daa82
11240383;FONDECYT de Iniciación en Investigación 2024;2024;Resumen;https://post.anid.cl/frontend.php/es/postulacion/descargar/hash/23de3ea8f84419ce0321f9c1bc1f1199
11240385;FONDECYT de Iniciación en Investigación 2024;2024;Resumen;https://post.anid.cl/frontend.php/es/postulacion/descargar/hash/bac09aa0e949abdd8b54e53787ab7a62
11240391;FONDECYT de Iniciación en Investigación 2024;2024;Resumen;https://post.anid.cl/frontend.php/es/postulacion/descargar/hash/6b96dfea5e95154e697287dfbf411852
11240398;FONDECYT de Iniciación en Investigación 2024;2024;Resumen;https://post.anid.cl/frontend.php/es/postulacion/descargar/hash/fed19b33ea7eb9ef0fe35019f4c2e204
11240400;FONDECYT de Iniciación en Investigación 2024;2024;Resumen;https://post.anid.cl/frontend.php/es/postulacion/descargar/hash/81b92ba9efe9b6c930667ad16e07f159
11240401;FONDECYT de Iniciación en Investigación 2024;2024;Resumen;https://post.anid.cl/frontend.php/es/postulacion/descargar/hash/e50ed474ba6e2b9229dd2eab3009e0cf
11240402;FONDECYT de Iniciación en Investigación 2024;2024;Resumen;https://post.anid.cl/frontend.php/es/postulacion/descargar/hash/0136706361e4efe8e250b225179905db
11240404;FONDECYT de Iniciación en Investigación 2024;2024;Resumen;https://post.anid.cl/frontend.php/es/postulacion/descargar/hash/2dbbb99136089b5cb25d638ded5f4d59
11240407;FONDECYT de Iniciación en Investigación 2024;2024;Resumen;https://post.anid.cl/frontend.php/es/postulacion/descargar/hash/88f0b512f8198592cbf5502dd8da956e
11240410;FONDECYT de Iniciación en Investigación 2024;2024;Resumen;https://post.anid.cl/frontend.php/es/postulacion/descargar/hash/1262e96e4f9b1daf45cd141c7a44eda4
11240411;FONDECYT de Iniciación en Investigación 2024;2024;Resumen;https://post.anid.cl/frontend.php/es/postulacion/descargar/hash/0ac2d77012d868fde47fe62612d6a729
11240413;FONDECYT de Iniciación en Investigación 2024;2024;Resumen;https://post.anid.cl/frontend.php/es/postulacion/descargar/hash/514a6c2c0ba4d3bb36d808882873c83a
11240414;FONDECYT de Iniciación en Investigación 2024;2024;Resumen;https://post.anid.cl/frontend.php/es/postulacion/descargar/hash/0d72698b9de7ee487f3104510ec9c30c
11240417;FONDECYT de Iniciación en Investigación 2024;2024;Resumen;https://post.anid.cl/frontend.php/es/postulacion/descargar/hash/4203c562b87d23b0d55e10d62eb16303
11240418;FONDECYT de Iniciación en Investigación 2024;2024;Resumen;https://post.anid.cl/frontend.php/es/postulacion/descargar/hash/15f90086593f5558f6bb2f805be9b21f
11240419;FONDECYT de Iniciación en Investigación 2024;2024;Resumen;https://post.anid.cl/frontend.php/es/postulacion/descargar/hash/6dbee9e7faabd7bec68f92f1051ba9ef
11240427;FONDECYT de Iniciación en Investigación 2024;2024;Resumen;https://post.anid.cl/frontend.php/es/postulacion/descargar/hash/29e8f232f8c7c2f3ecdb9cb6b798e245
11240429;FONDECYT de Iniciación en Investigación 2024;2024;Resumen;https://post.anid.cl/frontend.php/es/postulacion/descargar/hash/d084d22a68aa498009119efce29cf401
11240430;FONDECYT de Iniciación en Investigación 2024;2024;Resumen;https://post.anid.cl/frontend.php/es/postulacion/descargar/hash/f63e18b20206cd5acb1902f2746d940d
11240433;FONDECYT de Iniciación en Investigación 2024;2024;Resumen;https://post.anid.cl/frontend.php/es/postulacion/descargar/hash/ca3cc737bcdea4158fdad97413e578cc
11240436;FONDECYT de Iniciación en Investigación 2024;2024;Resumen;https://post.anid.cl/frontend.php/es/postulacion/descargar/hash/1352d65a2c62dbc17a84be15aef56741
11240437;FONDECYT de Iniciación en Investigación 2024;2024;Resumen;https://post.anid.cl/frontend.php/es/postulacion/descargar/hash/e387687668b832939d066c162ce9112a
11240440;FONDECYT de Iniciación en Investigación 2024;2024;Resumen;https://post.anid.cl/frontend.php/es/postulacion/descargar/hash/8c73162ac41218c0122a50dd19ec2554
11240442;FONDECYT de Iniciación en Investigación 2024;2024;Resumen;https://post.anid.cl/frontend.php/es/postulacion/descargar/hash/81bfb0f1f6bbdacb58ae5f2a0b1807e1
11240453;FONDECYT de Iniciación en Investigación 2024;2024;Resumen;https://post.anid.cl/frontend.php/es/postulacion/descargar/hash/f389fdc9d95ee5033812636a15c18b53
11240454;FONDECYT de Iniciación en Investigación 2024;2024;Resumen;https://post.anid.cl/frontend.php/es/postulacion/descargar/hash/a42037a3e975f7528688c9f5f174c9a6
11240455;FONDECYT de Iniciación en Investigación 2024;2024;Resumen;https://post.anid.cl/frontend.php/es/postulacion/descargar/hash/b51552be60151da523bc91f0d3b06779
11240460;FONDECYT de Iniciación en Investigación 2024;2024;Resumen;https://post.anid.cl/frontend.php/es/postulacion/descargar/hash/7c004048c444666bec434df9fb63c51f
11240462;FONDECYT de Iniciación en Investigación 2024;2024;Resumen;https://post.anid.cl/frontend.php/es/postulacion/descargar/hash/6581f814b9c5f0a0f7eadda57325a367
11240463;FONDECYT de Iniciación en Investigación 2024;2024;Resumen;https://post.anid.cl/frontend.php/es/postulacion/descargar/hash/582fc1d232aa8c0f45935859e7730852
11240466;FONDECYT de Iniciación en Investigación 2024;2024;Resumen;https://post.anid.cl/frontend.php/es/postulacion/descargar/hash/1194d12b6105e2616032bf558fe00459
11240471;FONDECYT de Iniciación en Investigación 2024;2024;Resumen;https://post.anid.cl/frontend.php/es/postulacion/descargar/hash/58c98dbc9cd021edff8e0a5018a6deda
11240481;FONDECYT de Iniciación en Investigación 2024;2024;Resumen;https://post.anid.cl/frontend.php/es/postulacion/descargar/hash/0aebe166113bcd4872e7d33c881430d8
11240482;FONDECYT de Iniciación en Investigación 2024;2024;Resumen;https://post.anid.cl/frontend.php/es/postulacion/descargar/hash/dec8025eeb3b502d8efcaa089d654baa
11240484;FONDECYT de Iniciación en Investigación 2024;2024;Resumen;https://post.anid.cl/frontend.php/es/postulacion/descargar/hash/f775e6d6d6a3d5cd2fad58d6db649e3b
11240494;FONDECYT de Iniciación en Investigación 2024;2024;Resumen;https://post.anid.cl/frontend.php/es/postulacion/descargar/hash/ac38697d173eb5ad90aa931898120017
11240498;FONDECYT de Iniciación en Investigación 2024;2024;Resumen;https://post.anid.cl/frontend.php/es/postulacion/descargar/hash/efac716d29cc9e564dce66571fa32515
11240506;FONDECYT de Iniciación en Investigación 2024;2024;Resumen;https://post.anid.cl/frontend.php/es/postulacion/descargar/hash/7adeb4f723fb512ea2b0d0a7432f9b39
11240509;FONDECYT de Iniciación en Investigación 2024;2024;Resumen;https://post.anid.cl/frontend.php/es/postulacion/descargar/hash/c740b232942e6079fcba96652bdeda72
11240510;FONDECYT de Iniciación en Investigación 2024;2024;Resumen;https://post.anid.cl/frontend.php/es/postulacion/descargar/hash/ad69a6e4e140b3a0d0a6987f7a4d74f6
11240512;FONDECYT de Iniciación en Investigación 2024;2024;Resumen;https://post.anid.cl/frontend.php/es/postulacion/descargar/hash/a7522752e0c7105e60bc39a136d628a7
11240513;FONDECYT de Iniciación en Investigación 2024;2024;Resumen;https://post.anid.cl/frontend.php/es/postulacion/descargar/hash/025ab16982f67333cc633f722e025602
11240516;FONDECYT de Iniciación en Investigación 2024;2024;Resumen;https://post.anid.cl/frontend.php/es/postulacion/descargar/hash/b5315d733ddf29e547e85c36c99be3f6
11240523;FONDECYT de Iniciación en Investigación 2024;2024;Resumen;https://post.anid.cl/frontend.php/es/postulacion/descargar/hash/1cfd24ed9691dffeaa2eb7064181a4a3
11240525;FONDECYT de Iniciación en Investigación 2024;2024;Resumen;https://post.anid.cl/frontend.php/es/postulacion/descargar/hash/3949bb56379640f4e725756551032cea
11240528;FONDECYT de Iniciación en Investigación 2024;2024;Resumen;https://post.anid.cl/frontend.php/es/postulacion/descargar/hash/852f875cf2aaaf6e855b47d571ea7a0c
11240529;FONDECYT de Iniciación en Investigación 2024;2024;Resumen;https://post.anid.cl/frontend.php/es/postulacion/descargar/hash/03eea322e8f9ac1726f6f03aea00365c
11240530;FONDECYT de Iniciación en Investigación 2024;2024;Resumen;https://post.anid.cl/frontend.php/es/postulacion/descargar/hash/e5b729d3f8a161e1c696cdf38ab30c7d
11240532;FONDECYT de Iniciación en Investigación 2024;2024;Resumen;https://post.anid.cl/frontend.php/es/postulacion/descargar/hash/6e7850b4c373f51d3bbf1ff46606bc7c
11240533;FONDECYT de Iniciación en Investigación 2024;2024;Resumen;https://post.anid.cl/frontend.php/es/postulacion/descargar/hash/142e676988bc1bb8ffdfcf53c626e7e1
11240539;FONDECYT de Iniciación en Investigación 2024;2024;Resumen;https://post.anid.cl/frontend.php/es/postulacion/descargar/hash/def7e823c0880ab74bdbd0d5b174fbcb
11240540;FONDECYT de Iniciación en Investigación 2024;2024;Resumen;https://post.anid.cl/frontend.php/es/postulacion/descargar/hash/0959b5667a211f65c7fe3dc33db0a8ab
11240541;FONDECYT de Iniciación en Investigación 2024;2024;Resumen;https://post.anid.cl/frontend.php/es/postulacion/descargar/hash/18d94f7d197458a42be282d97e37b16e
11240544;FONDECYT de Iniciación en Investigación 2024;2024;Resumen;https://post.anid.cl/frontend.php/es/postulacion/descargar/hash/065b57d0930fc2e40c05b4d21323c683
11240547;FONDECYT de Iniciación en Investigación 2024;2024;Resumen;https://post.anid.cl/frontend.php/es/postulacion/descargar/hash/c1c5f943e45841f341177b2227373937
11240548;FONDECYT de Iniciación en Investigación 2024;2024;Resumen;https://post.anid.cl/frontend.php/es/postulacion/descargar/hash/cbebf738750927c125f56adcf2254795
11240551;FONDECYT de Iniciación en Investigación 2024;2024;Resumen;https://post.anid.cl/frontend.php/es/postulacion/descargar/hash/aa832a2d2b846cac9eb8d55bf2498a4c
11240564;FONDECYT de Iniciación en Investigación 2024;2024;Resumen;https://post.anid.cl/frontend.php/es/postulacion/descargar/hash/bd7caa60c8c6fce8988b04dac8a746fc
11240568;FONDECYT de Iniciación en Investigación 2024;2024;Resumen;https://post.anid.cl/frontend.php/es/postulacion/descargar/hash/f8d89276c9e769f6b82b6c37434d7735
11240575;FONDECYT de Iniciación en Investigación 2024;2024;Resumen;https://post.anid.cl/frontend.php/es/postulacion/descargar/hash/a97c0f3acae61fe0fa0666bf69629d1e
11240581;FONDECYT de Iniciación en Investigación 2024;2024;Resumen;https://post.anid.cl/frontend.php/es/postulacion/descargar/hash/95c3251e563f31ca6d2b053a8e713109
11240582;FONDECYT de Iniciación en Investigación 2024;2024;Resumen;https://post.anid.cl/frontend.php/es/postulacion/descargar/hash/04c93ff883cd788a437ce8c36df374e5
11240583;FONDECYT de Iniciación en Investigación 2024;2024;Resumen;https://post.anid.cl/frontend.php/es/postulacion/descargar/hash/64e78f36695e7d12e053d8d90438ba6f
11240593;FONDECYT de Iniciación en Investigación 2024;2024;Resumen;https://post.anid.cl/frontend.php/es/postulacion/descargar/hash/b1ae0c43dc518ffaf2a147cb3eeb7df2
11240600;FONDECYT de Iniciación en Investigación 2024;2024;Resumen;https://post.anid.cl/frontend.php/es/postulacion/descargar/hash/27e882ee93c604e08b100c1005f10472
11240603;FONDECYT de Iniciación en Investigación 2024;2024;Resumen;https://post.anid.cl/frontend.php/es/postulacion/descargar/hash/7280cce8ef109b74571fabf41338902e
11240609;FONDECYT de Iniciación en Investigación 2024;2024;Resumen;https://post.anid.cl/frontend.php/es/postulacion/descargar/hash/9d687d2508dafea79ecf9b9fe4e377b2
11240611;FONDECYT de Iniciación en Investigación 2024;2024;Resumen;https://post.anid.cl/frontend.php/es/postulacion/descargar/hash/480fa7ce2fa37dfcf4672a474b2a975e
11240615;FONDECYT de Iniciación en Investigación 2024;2024;Resumen;https://post.anid.cl/frontend.php/es/postulacion/descargar/hash/294652989964c113315d84688e8858a3
11240621;FONDECYT de Iniciación en Investigación 2024;2024;Resumen;https://post.anid.cl/frontend.php/es/postulacion/descargar/hash/7b4702bd982e78016e43504f66042899
11240623;FONDECYT de Iniciación en Investigación 2024;2024;Resumen;https://post.anid.cl/frontend.php/es/postulacion/descargar/hash/b81295f44b30c2e0ece7e3750b08ccae
11240628;FONDECYT de Iniciación en Investigación 2024;2024;Resumen;https://post.anid.cl/frontend.php/es/postulacion/descargar/hash/2298a443935c5a58e9d098392c8ac567
11240630;FONDECYT de Iniciación en Investigación 2024;2024;Resumen;https://post.anid.cl/frontend.php/es/postulacion/descargar/hash/e2eb06ddeba85f9d21b67903ca16c1cb
11240632;FONDECYT de Iniciación en Investigación 2024;2024;Resumen;https://post.anid.cl/frontend.php/es/postulacion/descargar/hash/07a69af5334b3a28b1511b0a6450eda7
11240633;FONDECYT de Iniciación en Investigación 2024;2024;Resumen;https://post.anid.cl/frontend.php/es/postulacion/descargar/hash/f759ac17db8d6722a48eb5b71f29219a
11240637;FONDECYT de Iniciación en Investigación 2024;2024;Resumen;https://post.anid.cl/frontend.php/es/postulacion/descargar/hash/21d0005d7f16704a82ce435d0d06a8f6
11240645;FONDECYT de Iniciación en Investigación 2024;2024;Resumen;https://post.anid.cl/frontend.php/es/postulacion/descargar/hash/860013dd48d7d2556b9629308434d1b5
11240649;FONDECYT de Iniciación en Investigación 2024;2024;Resumen;https://post.anid.cl/frontend.php/es/postulacion/descargar/hash/5c44b11cad8326aeeb5e6c07f958aacf
11240655;FONDECYT de Iniciación en Investigación 2024;2024;Resumen;https://post.anid.cl/frontend.php/es/postulacion/descargar/hash/1acc76294aae1407d747973ed64886b0
11240660;FONDECYT de Iniciación en Investigación 2024;2024;Resumen;https://post.anid.cl/frontend.php/es/postulacion/descargar/hash/49e91aadd2ec0b72b46e44878aad0c67
11240668;FONDECYT de Iniciación en Investigación 2024;2024;Resumen;https://post.anid.cl/frontend.php/es/postulacion/descargar/hash/91f9c97f00f142ca045e837371ebd61e
11240670;FONDECYT de Iniciación en Investigación 2024;2024;Resumen;https://post.anid.cl/frontend.php/es/postulacion/descargar/hash/edbab41f5853d93cc643bc87667f4a6a
11240671;FONDECYT de Iniciación en Investigación 2024;2024;Resumen;https://post.anid.cl/frontend.php/es/postulacion/descargar/hash/304e6c1a46b0106dcb9aab4aee832c58
11240677;FONDECYT de Iniciación en Investigación 2024;2024;Resumen;https://post.anid.cl/frontend.php/es/postulacion/descargar/hash/90ebf7e40fc9750d1dc848409922710d
11240679;FONDECYT de Iniciación en Investigación 2024;2024;Resumen;https://post.anid.cl/frontend.php/es/postulacion/descargar/hash/7afcf213a043a0cfeec7ea59e61e9155
11240682;FONDECYT de Iniciación en Investigación 2024;2024;Resumen;https://post.anid.cl/frontend.php/es/postulacion/descargar/hash/a790b808c9e0a9a7afd3d48ee3a1c4e0
11240683;FONDECYT de Iniciación en Investigación 2024;2024;Resumen;https://post.anid.cl/frontend.php/es/postulacion/descargar/hash/01d6de26e9d335e7375c7be4220375f4
11240684;FONDECYT de Iniciación en Investigación 2024;2024;Resumen;https://post.anid.cl/frontend.php/es/postulacion/descargar/hash/46c35d3a5447068f16981239130476f8
11240685;FONDECYT de Iniciación en Investigación 2024;2024;Resumen;https://post.anid.cl/frontend.php/es/postulacion/descargar/hash/8e08d4294ebcab2a0978aeaa5f09f972
11240690;FONDECYT de Iniciación en Investigación 2024;2024;Resumen;https://post.anid.cl/frontend.php/es/postulacion/descargar/hash/2da1bd68c736648f89ed5caea514bda1
11240691;FONDECYT de Iniciación en Investigación 2024;2024;Resumen;https://post.anid.cl/frontend.php/es/postulacion/descargar/hash/6ba3de5f4e99746e9be171e4ccac0537
11240693;FONDECYT de Iniciación en Investigación 2024;2024;Resumen;https://post.anid.cl/frontend.php/es/postulacion/descargar/hash/b0f922093be5a96b34ea188828dbd838
11240700;FONDECYT de Iniciación en Investigación 2024;2024;Resumen;https://post.anid.cl/frontend.php/es/postulacion/descargar/hash/37262f4f18a74ba4554d27a6e3ece478
11240701;FONDECYT de Iniciación en Investigación 2024;2024;Resumen;https://post.anid.cl/frontend.php/es/postulacion/descargar/hash/b1e70cbfcfd2808eefbdc0c2a5a4ba4d
11240702;FONDECYT de Iniciación en Investigación 2024;2024;Resumen;https://post.anid.cl/frontend.php/es/postulacion/descargar/hash/93b67ff10ced2f1a8259f5537de21997
11240705;FONDECYT de Iniciación en Investigación 2024;2024;Resumen;https://post.anid.cl/frontend.php/es/postulacion/descargar/hash/f51644b6c6cfd522918342f11be74210
11240710;FONDECYT de Iniciación en Investigación 2024;2024;Resumen;https://post.anid.cl/frontend.php/es/postulacion/descargar/hash/367c9a3a4ee9d986b5b88463ce549673
11240711;FONDECYT de Iniciación en Investigación 2024;2024;Resumen;https://post.anid.cl/frontend.php/es/postulacion/descargar/hash/d86288e40315957873df8932752725c8
11240712;FONDECYT de Iniciación en Investigación 2024;2024;Resumen;https://post.anid.cl/frontend.php/es/postulacion/descargar/hash/36e6525151e9cecc8a6e257dc4b71d53
11240713;FONDECYT de Iniciación en Investigación 2024;2024;Resumen;https://post.anid.cl/frontend.php/es/postulacion/descargar/hash/79294329b57667f881479f9b7f6c24de
11240714;FONDECYT de Iniciación en Investigación 2024;2024;Resumen;https://post.anid.cl/frontend.php/es/postulacion/descargar/hash/d57ae1ce7244774f6b770795f35556ca
11240724;FONDECYT de Iniciación en Investigación 2024;2024;Resumen;https://post.anid.cl/frontend.php/es/postulacion/descargar/hash/ff09551bfa0cffd54f9d465c0325ea0a
11240728;FONDECYT de Iniciación en Investigación 2024;2024;Resumen;https://post.anid.cl/frontend.php/es/postulacion/descargar/hash/a814daffd43a5e6c47fece8dd6c4e912
11240730;FONDECYT de Iniciación en Investigación 2024;2024;Resumen;https://post.anid.cl/frontend.php/es/postulacion/descargar/hash/928d53e34cc38a5ffb6771edcfa9200d
11240731;FONDECYT de Iniciación en Investigación 2024;2024;Resumen;https://post.anid.cl/frontend.php/es/postulacion/descargar/hash/a8c897a38ae63d72daa219dc47aaf666
11240738;FONDECYT de Iniciación en Investigación 2024;2024;Resumen;https://post.anid.cl/frontend.php/es/postulacion/descargar/hash/e85f81661e126385e5c939ac9be40977
11240740;FONDECYT de Iniciación en Investigación 2024;2024;Resumen;https://post.anid.cl/frontend.php/es/postulacion/descargar/hash/3e04aaeaf3cf8dbad178e84431210706
11240745;FONDECYT de Iniciación en Investigación 2024;2024;Resumen;https://post.anid.cl/frontend.php/es/postulacion/descargar/hash/112e213998e8416239aaff411954d329
11240754;FONDECYT de Iniciación en Investigación 2024;2024;Resumen;https://post.anid.cl/frontend.php/es/postulacion/descargar/hash/de54f2eab76d3994588d25cc9c89a6f6
11240755;FONDECYT de Iniciación en Investigación 2024;2024;Resumen;https://post.anid.cl/frontend.php/es/postulacion/descargar/hash/a610d5e3c690ab99ec16091b3d7cd9ef
11240757;FONDECYT de Iniciación en Investigación 2024;2024;Resumen;https://post.anid.cl/frontend.php/es/postulacion/descargar/hash/6e4a7a5023405ba7dc2c74c9aee05b2f
11240762;FONDECYT de Iniciación en Investigación 2024;2024;Resumen;https://post.anid.cl/frontend.php/es/postulacion/descargar/hash/74de1d2596bc3b3d9d4192a486f955b9
11240769;FONDECYT de Iniciación en Investigación 2024;2024;Resumen;https://post.anid.cl/frontend.php/es/postulacion/descargar/hash/3abe3c50bfd98bfe56615003f8947f48
11240771;FONDECYT de Iniciación en Investigación 2024;2024;Resumen;https://post.anid.cl/frontend.php/es/postulacion/descargar/hash/fea5963f55ac9c25b8f5c94eba8f5e0c
11240773;FONDECYT de Iniciación en Investigación 2024;2024;Resumen;https://post.anid.cl/frontend.php/es/postulacion/descargar/hash/67df79a20401418cc460b6bbed030a48
11240778;FONDECYT de Iniciación en Investigación 2024;2024;Resumen;https://post.anid.cl/frontend.php/es/postulacion/descargar/hash/5a8416be09dc09368ffc0cbccfb87bdc
11240784;FONDECYT de Iniciación en Investigación 2024;2024;Resumen;https://post.anid.cl/frontend.php/es/postulacion/descargar/hash/f1c0dbc9e691208461d484b53e4dbf28
11240795;FONDECYT de Iniciación en Investigación 2024;2024;Resumen;https://post.anid.cl/frontend.php/es/postulacion/descargar/hash/3ffefbe39cc75ab608d46b732fdf0101
11240796;FONDECYT de Iniciación en Investigación 2024;2024;Resumen;https://post.anid.cl/frontend.php/es/postulacion/descargar/hash/53f35a478329fbc8e63d4116d921f5b7
11240799;FONDECYT de Iniciación en Investigación 2024;2024;Resumen;https://post.anid.cl/frontend.php/es/postulacion/descargar/hash/77c6103d201c3764bb2cdc42eee750d1
11240804;FONDECYT de Iniciación en Investigación 2024;2024;Resumen;https://post.anid.cl/frontend.php/es/postulacion/descargar/hash/7dda659448fa59edfb5a582edad2ba6a
11240813;FONDECYT de Iniciación en Investigación 2024;2024;Resumen;https://post.anid.cl/frontend.php/es/postulacion/descargar/hash/ae82e742fa1eb6f33a9fd51dbe5f3646
11240814;FONDECYT de Iniciación en Investigación 2024;2024;Resumen;https://post.anid.cl/frontend.php/es/postulacion/descargar/hash/1e7b57b03d22867b32f2b3d3cf689135
11240818;FONDECYT de Iniciación en Investigación 2024;2024;Resumen;https://post.anid.cl/frontend.php/es/postulacion/descargar/hash/64ad68784e40b314a0db1a1b2f6453f6
11240822;FONDECYT de Iniciación en Investigación 2024;2024;Resumen;https://post.anid.cl/frontend.php/es/postulacion/descargar/hash/c4b0f8e24b03e7e84dc8607e4e981efd
11240825;FONDECYT de Iniciación en Investigación 2024;2024;Resumen;https://post.anid.cl/frontend.php/es/postulacion/descargar/hash/6667b754f64813fd68fa16c1d9d6054f
11240828;FONDECYT de Iniciación en Investigación 2024;2024;Resumen;https://post.anid.cl/frontend.php/es/postulacion/descargar/hash/3dd12b7d6706d6015652111da1ed9eb9
11240835;FONDECYT de Iniciación en Investigación 2024;2024;Resumen;https://post.anid.cl/frontend.php/es/postulacion/descargar/hash/67fa262a6fba2b95952950c86c2e4041
11240837;FONDECYT de Iniciación en Investigación 2024;2024;Resumen;https://post.anid.cl/frontend.php/es/postulacion/descargar/hash/0f70cc5da39558b27bc2bab7ee764b5c
11240839;FONDECYT de Iniciación en Investigación 2024;2024;Resumen;https://post.anid.cl/frontend.php/es/postulacion/descargar/hash/d5b2416784ea55d37f32584a720d6250
11240845;FONDECYT de Iniciación en Investigación 2024;2024;Resumen;https://post.anid.cl/frontend.php/es/postulacion/descargar/hash/72ef52d1bfb0ce231c265c501f1ddcad
11240852;FONDECYT de Iniciación en Investigación 2024;2024;Resumen;https://post.anid.cl/frontend.php/es/postulacion/descargar/hash/dfb4db9940a442c111bf1e06fa089eb8
11240853;FONDECYT de Iniciación en Investigación 2024;2024;Resumen;https://post.anid.cl/frontend.php/es/postulacion/descargar/hash/71857469c9a3dbb34e7364175c4cad26
11240854;FONDECYT de Iniciación en Investigación 2024;2024;Resumen;https://post.anid.cl/frontend.php/es/postulacion/descargar/hash/f54f202d8c8af3e2370124e4a3a625e4
11240855;FONDECYT de Iniciación en Investigación 2024;2024;Resumen;https://post.anid.cl/frontend.php/es/postulacion/descargar/hash/e08f976afa4f20bedfe6dedef3299e3e
11240859;FONDECYT de Iniciación en Investigación 2024;2024;Resumen;https://post.anid.cl/frontend.php/es/postulacion/descargar/hash/89a1d8a0b3f59bbd0f2808fd6cf5dbb8
11240860;FONDECYT de Iniciación en Investigación 2024;2024;Resumen;https://post.anid.cl/frontend.php/es/postulacion/descargar/hash/94553d21a33311640fbe021f819bf8b9
11240861;FONDECYT de Iniciación en Investigación 2024;2024;Resumen;https://post.anid.cl/frontend.php/es/postulacion/descargar/hash/7ae9116e0a78e9ed264bee59d565aa13
11240875;FONDECYT de Iniciación en Investigación 2024;2024;Resumen;https://post.anid.cl/frontend.php/es/postulacion/descargar/hash/2941c5e705600f7579f7b8b7c31c049c
11240884;FONDECYT de Iniciación en Investigación 2024;2024;Resumen;https://post.anid.cl/frontend.php/es/postulacion/descargar/hash/a8896c7cb265cce9fd66f09589aa0874
11240886;FONDECYT de Iniciación en Investigación 2024;2024;Resumen;https://post.anid.cl/frontend.php/es/postulacion/descargar/hash/c1da2a1a25a1d95e251461918904a5cd
11240897;FONDECYT de Iniciación en Investigación 2024;2024;Resumen;https://post.anid.cl/frontend.php/es/postulacion/descargar/hash/ed98d7ddfb5647fadad747748110eb17
11240905;FONDECYT de Iniciación en Investigación 2024;2024;Resumen;https://post.anid.cl/frontend.php/es/postulacion/descargar/hash/1270f1d152137a4e3b159fc263a5088f
11240909;FONDECYT de Iniciación en Investigación 2024;2024;Resumen;https://post.anid.cl/frontend.php/es/postulacion/descargar/hash/9cc2cebf6e050e29cfa01264e2673427
11240910;FONDECYT de Iniciación en Investigación 2024;2024;Resumen;https://post.anid.cl/frontend.php/es/postulacion/descargar/hash/1be15a7e01d615e43493fa1a3a096fd8
11240917;FONDECYT de Iniciación en Investigación 2024;2024;Resumen;https://post.anid.cl/frontend.php/es/postulacion/descargar/hash/30dc971498d47b8c8109bc6e0558c2f3
11240921;FONDECYT de Iniciación en Investigación 2024;2024;Resumen;https://post.anid.cl/frontend.php/es/postulacion/descargar/hash/e7178d0586699493990deded28ac0b64
11240924;FONDECYT de Iniciación en Investigación 2024;2024;Resumen;https://post.anid.cl/frontend.php/es/postulacion/descargar/hash/cc324fd7590560107ee94556d5ac7167
11240944;FONDECYT de Iniciación en Investigación 2024;2024;Resumen;https://post.anid.cl/frontend.php/es/postulacion/descargar/hash/ad0907acc6a65cc8ea23ed0f217f6331
11240947;FONDECYT de Iniciación en Investigación 2024;2024;Resumen;https://post.anid.cl/frontend.php/es/postulacion/descargar/hash/2c81289fdc370958e926f9fd4f76eb2b
11240951;FONDECYT de Iniciación en Investigación 2024;2024;Resumen;https://post.anid.cl/frontend.php/es/postulacion/descargar/hash/47ee7c27dc55e5344e1be878f2abf488
11240954;FONDECYT de Iniciación en Investigación 2024;2024;Resumen;https://post.anid.cl/frontend.php/es/postulacion/descargar/hash/57713206fbb03874c73ead4b044be412
11240958;FONDECYT de Iniciación en Investigación 2024;2024;Resumen;https://post.anid.cl/frontend.php/es/postulacion/descargar/hash/c525005649d2e4674778bac76fa2e2f0
11240968;FONDECYT de Iniciación en Investigación 2024;2024;Resumen;https://post.anid.cl/frontend.php/es/postulacion/descargar/hash/4d5bf311a22542ec71278f1852843ce6
11240971;FONDECYT de Iniciación en Investigación 2024;2024;Resumen;https://post.anid.cl/frontend.php/es/postulacion/descargar/hash/bf74fb8d169f49349e83c31ff994b953
11240972;FONDECYT de Iniciación en Investigación 2024;2024;Resumen;https://post.anid.cl/frontend.php/es/postulacion/descargar/hash/2bcc458ae473c3d44d667eef4f557046
11240973;FONDECYT de Iniciación en Investigación 2024;2024;Resumen;https://post.anid.cl/frontend.php/es/postulacion/descargar/hash/f109df8709dada40513796c6430e5e0d
11240976;FONDECYT de Iniciación en Investigación 2024;2024;Resumen;https://post.anid.cl/frontend.php/es/postulacion/descargar/hash/3e4595f373f4641e7ff1ccaba21920ce
11240983;FONDECYT de Iniciación en Investigación 2024;2024;Resumen;https://post.anid.cl/frontend.php/es/postulacion/descargar/hash/4309497eec41ccc90f91371d7d16693a
11240996;FONDECYT de Iniciación en Investigación 2024;2024;Resumen;https://post.anid.cl/frontend.php/es/postulacion/descargar/hash/9c0ccff101d58b1d5e3e2c254805a8d4
11240997;FONDECYT de Iniciación en Investigación 2024;2024;Resumen;https://post.anid.cl/frontend.php/es/postulacion/descargar/hash/19eeba636f8cd02d161627f0f73efcc9
11240998;FONDECYT de Iniciación en Investigación 2024;2024;Resumen;https://post.anid.cl/frontend.php/es/postulacion/descargar/hash/626b0e39cdfb37ed086e09fdd59dae5b
11241006;FONDECYT de Iniciación en Investigación 2024;2024;Resumen;https://post.anid.cl/frontend.php/es/postulacion/descargar/hash/186cd76b6a59d8c82ce555b5b829ce29
11241015;FONDECYT de Iniciación en Investigación 2024;2024;Resumen;https://post.anid.cl/frontend.php/es/postulacion/descargar/hash/2b8a02f7f478301010732d0437821c0b
11241020;FONDECYT de Iniciación en Investigación 2024;2024;Resumen;https://post.anid.cl/frontend.php/es/postulacion/descargar/hash/3b469b4257de5d54f3549c00eaf6b6ec
11241024;FONDECYT de Iniciación en Investigación 2024;2024;Resumen;https://post.anid.cl/frontend.php/es/postulacion/descargar/hash/ae934a850c411d3755c90a75a7d35431
11241026;FONDECYT de Iniciación en Investigación 2024;2024;Resumen;https://post.anid.cl/frontend.php/es/postulacion/descargar/hash/bd9972f0cfd5ccc09cd62dc837320dd9
11241027;FONDECYT de Iniciación en Investigación 2024;2024;Resumen;https://post.anid.cl/frontend.php/es/postulacion/descargar/hash/16d691321efa1b1d09a470b9ad431028
11241033;FONDECYT de Iniciación en Investigación 2024;2024;Resumen;https://post.anid.cl/frontend.php/es/postulacion/descargar/hash/e193de8e24954d2a3603cd1719db86c8
11241036;FONDECYT de Iniciación en Investigación 2024;2024;Resumen;https://post.anid.cl/frontend.php/es/postulacion/descargar/hash/59e454746ada202824800b53d039875c
11241046;FONDECYT de Iniciación en Investigación 2024;2024;Resumen;https://post.anid.cl/frontend.php/es/postulacion/descargar/hash/6264663c3435bdcd976c46e72f2953f6
11241049;FONDECYT de Iniciación en Investigación 2024;2024;Resumen;https://post.anid.cl/frontend.php/es/postulacion/descargar/hash/77cea7ff270a5b7a77e2894e084d361d
11241050;FONDECYT de Iniciación en Investigación 2024;2024;Resumen;https://post.anid.cl/frontend.php/es/postulacion/descargar/hash/c784c5ef5dda9ed4df402d00868e8dba
11241055;FONDECYT de Iniciación en Investigación 2024;2024;Resumen;https://post.anid.cl/frontend.php/es/postulacion/descargar/hash/d77b324c566578857a121eaf443ac61c
11241059;FONDECYT de Iniciación en Investigación 2024;2024;Resumen;https://post.anid.cl/frontend.php/es/postulacion/descargar/hash/19aa0432dc38c99a78a2a51f01d84c93
11241065;FONDECYT de Iniciación en Investigación 2024;2024;Resumen;https://post.anid.cl/frontend.php/es/postulacion/descargar/hash/2fdfbe7319943cd44e101382a78b3c90
11241067;FONDECYT de Iniciación en Investigación 2024;2024;Resumen;https://post.anid.cl/frontend.php/es/postulacion/descargar/hash/d56410121512084816bb118c0faa1d6f
11241068;FONDECYT de Iniciación en Investigación 2024;2024;Resumen;https://post.anid.cl/frontend.php/es/postulacion/descargar/hash/165c3bc210d3e815a238d0df36c8cb89
11241074;FONDECYT de Iniciación en Investigación 2024;2024;Resumen;https://post.anid.cl/frontend.php/es/postulacion/descargar/hash/97ddc1b5d0fd174036c4fcb585740956
11241075;FONDECYT de Iniciación en Investigación 2024;2024;Resumen;https://post.anid.cl/frontend.php/es/postulacion/descargar/hash/177c18b9b617ff69a4b768090f1cd142
11241077;FONDECYT de Iniciación en Investigación 2024;2024;Resumen;https://post.anid.cl/frontend.php/es/postulacion/descargar/hash/c7e810d2f798db91f46d89340343e46e
11241078;FONDECYT de Iniciación en Investigación 2024;2024;Resumen;https://post.anid.cl/frontend.php/es/postulacion/descargar/hash/2005b708b5a96afc16e66020b2253458
11241079;FONDECYT de Iniciación en Investigación 2024;2024;Resumen;https://post.anid.cl/frontend.php/es/postulacion/descargar/hash/d83d50a5685b0993950a43da75c260f8
11241081;FONDECYT de Iniciación en Investigación 2024;2024;Resumen;https://post.anid.cl/frontend.php/es/postulacion/descargar/hash/06d2501147cb9052bbe29ca32942e5d4
11241088;FONDECYT de Iniciación en Investigación 2024;2024;Resumen;https://post.anid.cl/frontend.php/es/postulacion/descargar/hash/7696f8a1ec27ddb12097df8c468d674c
11241090;FONDECYT de Iniciación en Investigación 2024;2024;Resumen;https://post.anid.cl/frontend.php/es/postulacion/descargar/hash/c9bcd3b65eb1a23352459a04fc79a5c0
11241091;FONDECYT de Iniciación en Investigación 2024;2024;Resumen;https://post.anid.cl/frontend.php/es/postulacion/descargar/hash/60411eff33746200db0250613d51e1ac
11241097;FONDECYT de Iniciación en Investigación 2024;2024;Resumen;https://post.anid.cl/frontend.php/es/postulacion/descargar/hash/9a971d97b5afe4440b21657e8265e310
11241098;FONDECYT de Iniciación en Investigación 2024;2024;Resumen;https://post.anid.cl/frontend.php/es/postulacion/descargar/hash/ab564a96e7ca109c461493bb89971285
11241099;FONDECYT de Iniciación en Investigación 2024;2024;Resumen;https://post.anid.cl/frontend.php/es/postulacion/descargar/hash/85e75e65279e19764b3f38927c211028
11241102;FONDECYT de Iniciación en Investigación 2024;2024;Resumen;https://post.anid.cl/frontend.php/es/postulacion/descargar/hash/408c6d03a0e70dfa1980daf4a9085fe3
11241108;FONDECYT de Iniciación en Investigación 2024;2024;Resumen;https://post.anid.cl/frontend.php/es/postulacion/descargar/hash/807ba32531651a9f61630fbd24c43da5
11241111;FONDECYT de Iniciación en Investigación 2024;2024;Resumen;https://post.anid.cl/frontend.php/es/postulacion/descargar/hash/324e521ace01ef3ad8e769dcd1ce38ed
11241113;FONDECYT de Iniciación en Investigación 2024;2024;Resumen;https://post.anid.cl/frontend.php/es/postulacion/descargar/hash/3b99a1021eb56bc5b1adf092dc14c92a
11241123;FONDECYT de Iniciación en Investigación 2024;2024;Resumen;https://post.anid.cl/frontend.php/es/postulacion/descargar/hash/4414627abc775b8b83588b82d685d3b4
11241125;FONDECYT de Iniciación en Investigación 2024;2024;Resumen;https://post.anid.cl/frontend.php/es/postulacion/descargar/hash/0bd71951c543ee7e728f0a29cefc76dd
11241126;FONDECYT de Iniciación en Investigación 2024;2024;Resumen;https://post.anid.cl/frontend.php/es/postulacion/descargar/hash/25e871db82728a43cc8189fb1c9f59fe
11241129;FONDECYT de Iniciación en Investigación 2024;2024;Resumen;https://post.anid.cl/frontend.php/es/postulacion/descargar/hash/c87170f1d9cf20c7b0bfc55101cb2c0c
11241132;FONDECYT de Iniciación en Investigación 2024;2024;Resumen;https://post.anid.cl/frontend.php/es/postulacion/descargar/hash/e16521b0b286f3764b9018911d293822
11241142;FONDECYT de Iniciación en Investigación 2024;2024;Resumen;https://post.anid.cl/frontend.php/es/postulacion/descargar/hash/f627f96bb8af73fa4e5664e99cae3b21
11241149;FONDECYT de Iniciación en Investigación 2024;2024;Resumen;https://post.anid.cl/frontend.php/es/postulacion/descargar/hash/bf9f0c27178792b1493225a327b28acc
11241150;FONDECYT de Iniciación en Investigación 2024;2024;Resumen;https://post.anid.cl/frontend.php/es/postulacion/descargar/hash/bd8d05afd2861592f27eb56ba2a3dd39
11241154;FONDECYT de Iniciación en Investigación 2024;2024;Resumen;https://post.anid.cl/frontend.php/es/postulacion/descargar/hash/17c6900a9ad4ca24791ba6b5834695db
11241160;FONDECYT de Iniciación en Investigación 2024;2024;Resumen;https://post.anid.cl/frontend.php/es/postulacion/descargar/hash/48c0b72d82a4f629efba7a5765ba2c1c
11241164;FONDECYT de Iniciación en Investigación 2024;2024;Resumen;https://post.anid.cl/frontend.php/es/postulacion/descargar/hash/98a5f69429be0a56b5b01c46c0ecb182
11241165;FONDECYT de Iniciación en Investigación 2024;2024;Resumen;https://post.anid.cl/frontend.php/es/postulacion/descargar/hash/73a546410a1f6dd029c5aa64820a314b
11241170;FONDECYT de Iniciación en Investigación 2024;2024;Resumen;https://post.anid.cl/frontend.php/es/postulacion/descargar/hash/37eed6fcd423fa89eb532042a8bcbca1
11241171;FONDECYT de Iniciación en Investigación 2024;2024;Resumen;https://post.anid.cl/frontend.php/es/postulacion/descargar/hash/1848ed5c2f2648e284571f51d7ba1ce8
11241173;FONDECYT de Iniciación en Investigación 2024;2024;Resumen;https://post.anid.cl/frontend.php/es/postulacion/descargar/hash/af331dfef1c457eeebe1e46ac65401fe
11241178;FONDECYT de Iniciación en Investigación 2024;2024;Resumen;https://post.anid.cl/frontend.php/es/postulacion/descargar/hash/136f227d9ddeb2d731a5e41e9263aff6
11241179;FONDECYT de Iniciación en Investigación 2024;2024;Resumen;https://post.anid.cl/frontend.php/es/postulacion/descargar/hash/17d6feab21599fc16600e0472c57999d
11241181;FONDECYT de Iniciación en Investigación 2024;2024;Resumen;https://post.anid.cl/frontend.php/es/postulacion/descargar/hash/93e5ef145c4751778bcbd6c626f7c379
11241183;FONDECYT de Iniciación en Investigación 2024;2024;Resumen;https://post.anid.cl/frontend.php/es/postulacion/descargar/hash/4fdc98927d6b16f249fd35166309140b
11241185;FONDECYT de Iniciación en Investigación 2024;2024;Resumen;https://post.anid.cl/frontend.php/es/postulacion/descargar/hash/583603c46fb2a3d8c64690621d9691d2
11241189;FONDECYT de Iniciación en Investigación 2024;2024;Resumen;https://post.anid.cl/frontend.php/es/postulacion/descargar/hash/560ad6044b7d356f20c817ea1f01318b
11241190;FONDECYT de Iniciación en Investigación 2024;2024;Resumen;https://post.anid.cl/frontend.php/es/postulacion/descargar/hash/c6d5657a14d1d035498f351c916193bd
11241196;FONDECYT de Iniciación en Investigación 2024;2024;Resumen;https://post.anid.cl/frontend.php/es/postulacion/descargar/hash/aed8bb7a0735986548253ef270a1ee1c
11241197;FONDECYT de Iniciación en Investigación 2024;2024;Resumen;https://post.anid.cl/frontend.php/es/postulacion/descargar/hash/c145049736dbd566f837ef9a4c6e6e37
11241200;FONDECYT de Iniciación en Investigación 2024;2024;Resumen;https://post.anid.cl/frontend.php/es/postulacion/descargar/hash/55dea1cdeee656f3f23cc51881c816ee
11241201;FONDECYT de Iniciación en Investigación 2024;2024;Resumen;https://post.anid.cl/frontend.php/es/postulacion/descargar/hash/ac3161988ec06332e52afa5650526252
11241215;FONDECYT de Iniciación en Investigación 2024;2024;Resumen;https://post.anid.cl/frontend.php/es/postulacion/descargar/hash/42f6acdb49341b41502b290f7ba84c4e
11241221;FONDECYT de Iniciación en Investigación 2024;2024;Resumen;https://post.anid.cl/frontend.php/es/postulacion/descargar/hash/2c1913dd3af7c3b6157d6c3fce9b29f2
11241225;FONDECYT de Iniciación en Investigación 2024;2024;Resumen;https://post.anid.cl/frontend.php/es/postulacion/descargar/hash/3dbb12226ba4e910464461f4b0faa111
11241231;FONDECYT de Iniciación en Investigación 2024;2024;Resumen;https://post.anid.cl/frontend.php/es/postulacion/descargar/hash/7d3f4c2309527163bc34fc27784f466f
11241236;FONDECYT de Iniciación en Investigación 2024;2024;Resumen;https://post.anid.cl/frontend.php/es/postulacion/descargar/hash/1e99eac687bd8aa19b6a4bb16ce121b5
11241237;FONDECYT de Iniciación en Investigación 2024;2024;Resumen;https://post.anid.cl/frontend.php/es/postulacion/descargar/hash/18f8cc2a0e08eedf65b9a95f3d2aee2e
11241238;FONDECYT de Iniciación en Investigación 2024;2024;Resumen;https://post.anid.cl/frontend.php/es/postulacion/descargar/hash/9d4ad380f2c5158285248ff21b4dcd6a
11241249;FONDECYT de Iniciación en Investigación 2024;2024;Resumen;https://post.anid.cl/frontend.php/es/postulacion/descargar/hash/6dc8bda75bafe85a213086909d9b1849
11241250;FONDECYT de Iniciación en Investigación 2024;2024;Resumen;https://post.anid.cl/frontend.php/es/postulacion/descargar/hash/68e1c2b92f931aa409b110bd12bf71a3
11241251;FONDECYT de Iniciación en Investigación 2024;2024;Resumen;https://post.anid.cl/frontend.php/es/postulacion/descargar/hash/ab968dc46c346e62bbb059eab8cd22e7
11241253;FONDECYT de Iniciación en Investigación 2024;2024;Resumen;https://post.anid.cl/frontend.php/es/postulacion/descargar/hash/339633ecb8920f966a900aa27dfab589
11241255;FONDECYT de Iniciación en Investigación 2024;2024;Resumen;https://post.anid.cl/frontend.php/es/postulacion/descargar/hash/597658967e6a2184870207831c33de95
11241257;FONDECYT de Iniciación en Investigación 2024;2024;Resumen;https://post.anid.cl/frontend.php/es/postulacion/descargar/hash/1248600f2072fe58270b31de3a7fb0a9
11241259;FONDECYT de Iniciación en Investigación 2024;2024;Resumen;https://post.anid.cl/frontend.php/es/postulacion/descargar/hash/bd919d47ede9a0b2c4d496458fb5d66a
11241261;FONDECYT de Iniciación en Investigación 2024;2024;Resumen;https://post.anid.cl/frontend.php/es/postulacion/descargar/hash/b337b521e05d33f2b73343ca6fe21be5
11241266;FONDECYT de Iniciación en Investigación 2024;2024;Resumen;https://post.anid.cl/frontend.php/es/postulacion/descargar/hash/00c950ac182e6468416136e6f3ab6284
11241268;FONDECYT de Iniciación en Investigación 2024;2024;Resumen;https://post.anid.cl/frontend.php/es/postulacion/descargar/hash/ce7f229e74087ed2ded05d052413a6aa
11241271;FONDECYT de Iniciación en Investigación 2024;2024;Resumen;https://post.anid.cl/frontend.php/es/postulacion/descargar/hash/211e36d921fb1fd4133ab41e1533a575
11241273;FONDECYT de Iniciación en Investigación 2024;2024;Resumen;https://post.anid.cl/frontend.php/es/postulacion/descargar/hash/f7cd263c78c82499a58d89ad50369a16
11241276;FONDECYT de Iniciación en Investigación 2024;2024;Resumen;https://post.anid.cl/frontend.php/es/postulacion/descargar/hash/4db278ca55ce4f374d037fcfa78e7173
11241278;FONDECYT de Iniciación en Investigación 2024;2024;Resumen;https://post.anid.cl/frontend.php/es/postulacion/descargar/hash/0062b6b1fc203e32dda3dbfdc935aea3
11241282;FONDECYT de Iniciación en Investigación 2024;2024;Resumen;https://post.anid.cl/frontend.php/es/postulacion/descargar/hash/e72be44a43b4a9acb7572e361cdbc391
11241284;FONDECYT de Iniciación en Investigación 2024;2024;Resumen;https://post.anid.cl/frontend.php/es/postulacion/descargar/hash/264a2c881de1b12543339283e83c1700
11241285;FONDECYT de Iniciación en Investigación 2024;2024;Resumen;https://post.anid.cl/frontend.php/es/postulacion/descargar/hash/d2c984d5b3de4417749b6e79f449b970
11241286;FONDECYT de Iniciación en Investigación 2024;2024;Resumen;https://post.anid.cl/frontend.php/es/postulacion/descargar/hash/e7e800f36c1579683e78222b40556850
11241293;FONDECYT de Iniciación en Investigación 2024;2024;Resumen;https://post.anid.cl/frontend.php/es/postulacion/descargar/hash/ae900e48327159f631c71c4e63fda309
11241300;FONDECYT de Iniciación en Investigación 2024;2024;Resumen;https://post.anid.cl/frontend.php/es/postulacion/descargar/hash/febb268418be9d4924012226c00f0e9e
11241304;FONDECYT de Iniciación en Investigación 2024;2024;Resumen;https://post.anid.cl/frontend.php/es/postulacion/descargar/hash/b50ae83a94373bef525a1f97cc3e9035
11241307;FONDECYT de Iniciación en Investigación 2024;2024;Resumen;https://post.anid.cl/frontend.php/es/postulacion/descargar/hash/715d3edf9bdfbc7bee7badf294864882
11241320;FONDECYT de Iniciación en Investigación 2024;2024;Resumen;https://post.anid.cl/frontend.php/es/postulacion/descargar/hash/9d53cc25842a157b788c9018a089d627
11241322;FONDECYT de Iniciación en Investigación 2024;2024;Resumen;https://post.anid.cl/frontend.php/es/postulacion/descargar/hash/ff72cdbe996dc1fc6561b91bc4fa25d5
11241325;FONDECYT de Iniciación en Investigación 2024;2024;Resumen;https://post.anid.cl/frontend.php/es/postulacion/descargar/hash/f162f6bdbd20d16e75f77a33fba8f1b1
11241335;FONDECYT de Iniciación en Investigación 2024;2024;Resumen;https://post.anid.cl/frontend.php/es/postulacion/descargar/hash/250230ebf1a210f9ae6ab90a94e669c6
11241337;FONDECYT de Iniciación en Investigación 2024;2024;Resumen;https://post.anid.cl/frontend.php/es/postulacion/descargar/hash/0d868b153adb47347f650e54ab43b0e2
11241340;FONDECYT de Iniciación en Investigación 2024;2024;Resumen;https://post.anid.cl/frontend.php/es/postulacion/descargar/hash/d4e6284a41cb2ec255c5c503b1986bad
11241342;FONDECYT de Iniciación en Investigación 2024;2024;Resumen;https://post.anid.cl/frontend.php/es/postulacion/descargar/hash/1e97e9bf0b2d3140b98279f530689505
11241352;FONDECYT de Iniciación en Investigación 2024;2024;Resumen;https://post.anid.cl/frontend.php/es/postulacion/descargar/hash/d3ba758c96964b4c6414549e916fb97f
11241363;FONDECYT de Iniciación en Investigación 2024;2024;Resumen;https://post.anid.cl/frontend.php/es/postulacion/descargar/hash/6389574978fc36ba28435716a5769743
11241368;FONDECYT de Iniciación en Investigación 2024;2024;Resumen;https://post.anid.cl/frontend.php/es/postulacion/descargar/hash/dd3a39dadaa29c7c10c08bf112fd3341
11241375;FONDECYT de Iniciación en Investigación 2024;2024;Resumen;https://post.anid.cl/frontend.php/es/postulacion/descargar/hash/e512c15c54c405dd2e2f12ce2e62660f
11241376;FONDECYT de Iniciación en Investigación 2024;2024;Resumen;https://post.anid.cl/frontend.php/es/postulacion/descargar/hash/0b1cb7a3373e11bd1a42f55e4892bb0d
11241385;FONDECYT de Iniciación en Investigación 2024;2024;Resumen;https://post.anid.cl/frontend.php/es/postulacion/descargar/hash/8f5f37d0cf9be8d3d4562a2e461b760e
11241390;FONDECYT de Iniciación en Investigación 2024;2024;Resumen;https://post.anid.cl/frontend.php/es/postulacion/descargar/hash/c55322de2827726f7ac0338df14a8cfd
11241394;FONDECYT de Iniciación en Investigación 2024;2024;Resumen;https://post.anid.cl/frontend.php/es/postulacion/descargar/hash/24e68d07fd9bb6b4753269ded1e70210
11241398;FONDECYT de Iniciación en Investigación 2024;2024;Resumen;https://post.anid.cl/frontend.php/es/postulacion/descargar/hash/17992bab37788379dc788f615230a4ae
11241401;FONDECYT de Iniciación en Investigación 2024;2024;Resumen;https://post.anid.cl/frontend.php/es/postulacion/descargar/hash/6f04f418a44e719757fffca93ca5f143
11241417;FONDECYT de Iniciación en Investigación 2024;2024;Resumen;https://post.anid.cl/frontend.php/es/postulacion/descargar/hash/e3b942467fc0c7b769158ca159805dbc
11241418;FONDECYT de Iniciación en Investigación 2024;2024;Resumen;https://post.anid.cl/frontend.php/es/postulacion/descargar/hash/3c7c7a28b3306b738b582c24a6dbe6ba
11241425;FONDECYT de Iniciación en Investigación 2024;2024;Resumen;https://post.anid.cl/frontend.php/es/postulacion/descargar/hash/929c3a5df79fca6f36d2b8274eeca930
11241429;FONDECYT de Iniciación en Investigación 2024;2024;Resumen;https://post.anid.cl/frontend.php/es/postulacion/descargar/hash/2045be841461687e9965f147c4708543
11241435;FONDECYT de Iniciación en Investigación 2024;2024;Resumen;https://post.anid.cl/frontend.php/es/postulacion/descargar/hash/9e88d66d3ffaec52887fb039879eb93f
11241443;FONDECYT de Iniciación en Investigación 2024;2024;Resumen;https://post.anid.cl/frontend.php/es/postulacion/descargar/hash/7b3ab332a60d55e16e32ad505774406d
11241444;FONDECYT de Iniciación en Investigación 2024;2024;Resumen;https://post.anid.cl/frontend.php/es/postulacion/descargar/hash/3517bd5d0093f417d406bec02ff0b505
11241458;FONDECYT de Iniciación en Investigación 2024;2024;Resumen;https://post.anid.cl/frontend.php/es/postulacion/descargar/hash/afb6bd833164c3ee78999fb71bd6ed91
11241472;FONDECYT de Iniciación en Investigación 2024;2024;Resumen;https://post.anid.cl/frontend.php/es/postulacion/descargar/hash/938735b803b7ef5f34127e68e0a160c2
11241473;FONDECYT de Iniciación en Investigación 2024;2024;Resumen;https://post.anid.cl/frontend.php/es/postulacion/descargar/hash/52aab937939b99a6761516cf052bc3b7
11241476;FONDECYT de Iniciación en Investigación 2024;2024;Resumen;https://post.anid.cl/frontend.php/es/postulacion/descargar/hash/bc646b7da3cd3ae3d7ef0ac309a96763
11241477;FONDECYT de Iniciación en Investigación 2024;2024;Resumen;https://post.anid.cl/frontend.php/es/postulacion/descargar/hash/0929859f01f5e47468cd1d9f186b471d
11241481;FONDECYT de Iniciación en Investigación 2024;2024;Resumen;https://post.anid.cl/frontend.php/es/postulacion/descargar/hash/191f16fd4e2dfc0bce8bcabf8f2f027d
11241482;FONDECYT de Iniciación en Investigación 2024;2024;Resumen;https://post.anid.cl/frontend.php/es/postulacion/descargar/hash/1e072078fdafc6a5ab40594cee9512bb
11241484;FONDECYT de Iniciación en Investigación 2024;2024;Resumen;https://post.anid.cl/frontend.php/es/postulacion/descargar/hash/781bbfffbccbfee00f389aa9253fc3aa
11241485;FONDECYT de Iniciación en Investigación 2024;2024;Resumen;https://post.anid.cl/frontend.php/es/postulacion/descargar/hash/dc154de14197c72608bffe38d541b49b
11241495;FONDECYT de Iniciación en Investigación 2024;2024;Resumen;https://post.anid.cl/frontend.php/es/postulacion/descargar/hash/4b6237136b887d5f6e71a5cafd407352
11241496;FONDECYT de Iniciación en Investigación 2024;2024;Resumen;https://post.anid.cl/frontend.php/es/postulacion/descargar/hash/33d800774c4eaefb8a4f0993cfd634d8
11241503;FONDECYT de Iniciación en Investigación 2024;2024;Resumen;https://post.anid.cl/frontend.php/es/postulacion/descargar/hash/db073a6bf31edb89d871d47dd81c2220
11241507;FONDECYT de Iniciación en Investigación 2024;2024;Resumen;https://post.anid.cl/frontend.php/es/postulacion/descargar/hash/b515ef4e006e7e5a87c18c21629f5baa
11241509;FONDECYT de Iniciación en Investigación 2024;2024;Resumen;https://post.anid.cl/frontend.php/es/postulacion/descargar/hash/75670a0055bd451179ef60cc2e9d77a0
11241525;FONDECYT de Iniciación en Investigación 2024;2024;Resumen;https://post.anid.cl/frontend.php/es/postulacion/descargar/hash/19fab8a8c7c273a943504f504555d635
11241526;FONDECYT de Iniciación en Investigación 2024;2024;Resumen;https://post.anid.cl/frontend.php/es/postulacion/descargar/hash/647d53dada52251b9c532976b9e990b9
11241531;FONDECYT de Iniciación en Investigación 2024;2024;Resumen;https://post.anid.cl/frontend.php/es/postulacion/descargar/hash/5612ccc538d3024f634f15ba1d61ce12
11241533;FONDECYT de Iniciación en Investigación 2024;2024;Resumen;https://post.anid.cl/frontend.php/es/postulacion/descargar/hash/2ceb1208d3b19251863fae3f96a793db
11241536;FONDECYT de Iniciación en Investigación 2024;2024;Resumen;https://post.anid.cl/frontend.php/es/postulacion/descargar/hash/cc811b6eb6d84d8c7378bc6c4298d6dd
11241540;FONDECYT de Iniciación en Investigación 2024;2024;Resumen;https://post.anid.cl/frontend.php/es/postulacion/descargar/hash/3df5e32c03a447aeb8fd73dd19acc84f
11241548;FONDECYT de Iniciación en Investigación 2024;2024;Resumen;https://post.anid.cl/frontend.php/es/postulacion/descargar/hash/dce8d183e3047e8c8ae42d18cd0e977b
11241550;FONDECYT de Iniciación en Investigación 2024;2024;Resumen;https://post.anid.cl/frontend.php/es/postulacion/descargar/hash/575b306a23d0d29ba22775b2f41232b7
11241551;FONDECYT de Iniciación en Investigación 2024;2024;Resumen;https://post.anid.cl/frontend.php/es/postulacion/descargar/hash/aa3ae838d255c4637b31fc218259649f
11241552;FONDECYT de Iniciación en Investigación 2024;2024;Resumen;https://post.anid.cl/frontend.php/es/postulacion/descargar/hash/945cd7cebafc1003a107cda3afe9b357
11241561;FONDECYT de Iniciación en Investigación 2024;2024;Resumen;https://post.anid.cl/frontend.php/es/postulacion/descargar/hash/0cb5c4a50afe7ce0a6790c100c612c01
11241564;FONDECYT de Iniciación en Investigación 2024;2024;Resumen;https://post.anid.cl/frontend.php/es/postulacion/descargar/hash/667e4814c72b51408f8242e68307cdb7
11241567;FONDECYT de Iniciación en Investigación 2024;2024;Resumen;https://post.anid.cl/frontend.php/es/postulacion/descargar/hash/88d326b6970ebb63b821f6f678d50621
11241572;FONDECYT de Iniciación en Investigación 2024;2024;Resumen;https://post.anid.cl/frontend.php/es/postulacion/descargar/hash/68555bfcdc5b0ed12be95a28e4d1e64d
11241577;FONDECYT de Iniciación en Investigación 2024;2024;Resumen;https://post.anid.cl/frontend.php/es/postulacion/descargar/hash/3aa79edd00fc17065be316763bf9369c
11250005;FONDECYT de Iniciación en Investigación 2025;2025;RESUMEN;https://post.conicyt.cl/frontend.php/version/6614062ed3a42b7f7fa57076/download/adjuntos?archivo=[5b352658-847d-4619-a758-2ec853c837b1]AbstractIniEng.pdf
11250007;FONDECYT de Iniciación en Investigación 2025;2025;RESUMEN;https://post.conicyt.cl/frontend.php/version/6656334ed2c2516d09bd4289/download/adjuntos?archivo=[0db5ccf5-1f4a-4dd8-8895-bfdfe4c8bd48]AbstractIniEng2.pdf
11250023;FONDECYT de Iniciación en Investigación 2025;2025;RESUMEN;https://post.conicyt.cl/frontend.php/version/66393e8cd2c2516259a653fe/download/adjuntos?archivo=[f206288f-5a6f-4bce-9c44-4a5b18f027af]Abstract Iniciacion 2025.pdf
11250024;FONDECYT de Iniciación en Investigación 2025;2025;RESUMEN;https://post.conicyt.cl/frontend.php/version/6659ec76d568dfe326718f84/download/adjuntos?archivo=[1f0e54e8-5745-4817-a65e-50e84fc801e5]AbstractIniEng.pdf
11250029;FONDECYT de Iniciación en Investigación 2025;2025;RESUMEN;https://post.conicyt.cl/frontend.php/version/66523056d3a42b4921b4dce9/download/adjuntos?archivo=[90b9a028-289f-4100-90ec-c5d1637c3524]ResumenIniEsp.pdf
11250031;FONDECYT de Iniciación en Investigación 2025;2025;RESUMEN;https://post.conicyt.cl/frontend.php/version/664f944ad48605a17ae048d5/download/adjuntos?archivo=[da8945db-2fcb-41fe-8cff-70fc95f06ab2]ResumenIniEsp.pdf
11250036;FONDECYT de Iniciación en Investigación 2025;2025;RESUMEN;https://post.conicyt.cl/frontend.php/version/6659d64cd64ab98716f4ab83/download/adjuntos?archivo=[50d50754-a8fa-458b-b5fc-6166cf24c247]AbstractRegEng.pdf
11250037;FONDECYT de Iniciación en Investigación 2025;2025;RESUMEN;https://post.conicyt.cl/frontend.php/version/66588a4bd64ab9a87cf4ab82/download/adjuntos?archivo=[77cf8d25-9aed-47d1-9674-a4b9cc81b2a2]Resumen.pdf
11250039;FONDECYT de Iniciación en Investigación 2025;2025;RESUMEN;https://post.conicyt.cl/frontend.php/version/664f9975d3a42bf961e0db10/download/adjuntos?archivo=[b53511ef-4b4f-4123-96b2-398036de7d64]AbstractIniEng.pdf
11250043;FONDECYT de Iniciación en Investigación 2025;2025;RESUMEN;https://post.conicyt.cl/frontend.php/version/665880b2d486056d6a684b42/download/adjuntos?archivo=[6dbc1433-2c08-4cff-affe-2390bf195670]AbstractIniEng_2025.pdf
11250049;FONDECYT de Iniciación en Investigación 2025;2025;RESUMEN;https://post.conicyt.cl/frontend.php/version/665627fcd64ab9415cf4ab86/download/adjuntos?archivo=[47730994-ef2e-4898-8b85-585f10c02207]ResumenIniEsp 5.pdf
11250050;FONDECYT de Iniciación en Investigación 2025;2025;RESUMEN;https://post.conicyt.cl/frontend.php/version/663ceeb3d3a42b6f6545a118/download/adjuntos?archivo=[a12fb1fb-ff55-45ec-a98f-d02aa7b589fb]AbstractIniEng.pdf
11250053;FONDECYT de Iniciación en Investigación 2025;2025;RESUMEN;https://post.conicyt.cl/frontend.php/version/6647963cd486058b69c64adf/download/adjuntos?archivo=[fac6a809-47f8-49bd-a50c-63d0647fae0a]AbstractIni.pdf
11250054;FONDECYT de Iniciación en Investigación 2025;2025;RESUMEN;https://post.conicyt.cl/frontend.php/version/664f3c33d3a42b9157e0db0c/download/adjuntos?archivo=[8c8a1a9e-92eb-42fd-b58e-fff45158b2d5]Summary.pdf
11250056;FONDECYT de Iniciación en Investigación 2025;2025;RESUMEN;https://post.conicyt.cl/frontend.php/version/663e3549d64ab9777b6a8ad6/download/adjuntos?archivo=[622a7fad-9cf2-4e7c-82ca-ccda81981916]AbstractIniEng.pdf
11250060;FONDECYT de Iniciación en Investigación 2025;2025;RESUMEN;https://post.conicyt.cl/frontend.php/version/663e5353d568dfae12ac274e/download/adjuntos?archivo=[b0d77d42-43ab-4aee-bca5-3b627f37b877]AbstractIniEng _1_ _1__1.pdf
11250061;FONDECYT de Iniciación en Investigación 2025;2025;RESUMEN;https://post.conicyt.cl/frontend.php/version/663e5424d64ab9707b6a8ad6/download/adjuntos?archivo=[a6300323-2d0d-4890-9816-d8b52eea8176]ResumenIniEsp.pdf
11250063;FONDECYT de Iniciación en Investigación 2025;2025;RESUMEN;https://post.conicyt.cl/frontend.php/version/665634ded2c2516a09bd428a/download/adjuntos?archivo=[e73c7471-8d2e-4a67-b2f4-74c7d773908b]Resumen.pdf
11250064;FONDECYT de Iniciación en Investigación 2025;2025;RESUMEN;https://post.conicyt.cl/frontend.php/version/66576e70d568df260f718f83/download/adjuntos?archivo=[7fd7a306-3724-477f-b525-c848ff226f61]ResumenIniEsp.pdf
11250065;FONDECYT de Iniciación en Investigación 2025;2025;RESUMEN;https://post.conicyt.cl/frontend.php/version/6657e948d486051620684b42/download/adjuntos?archivo=[bb58e49a-f68f-41c7-a026-ee7f928d562e]ResumenIniEsp2025.pdf
11250068;FONDECYT de Iniciación en Investigación 2025;2025;RESUMEN;https://post.conicyt.cl/frontend.php/version/66562b47d64ab9a369f4ab82/download/adjuntos?archivo=[ccd182d4-482e-4bff-ab2c-0ffa0656c50e]AbstractIniEng.pdf
11250071;FONDECYT de Iniciación en Investigación 2025;2025;RESUMEN;https://post.conicyt.cl/frontend.php/version/6654c85cd2c251f23fc2d7c1/download/adjuntos?archivo=[842c48b1-4682-4a98-bf4f-8e984c33bcc0]ResumenIniEsp.pdf
11250075;FONDECYT de Iniciación en Investigación 2025;2025;RESUMEN;https://post.conicyt.cl/frontend.php/version/663ff610d3a42b852b45a118/download/adjuntos?archivo=[08844f5e-0717-434f-8c69-da2fbd795108]ResumenIniEsp.pdf
11250076;FONDECYT de Iniciación en Investigación 2025;2025;RESUMEN;https://post.conicyt.cl/frontend.php/version/664f4cced486056e4be048d6/download/adjuntos?archivo=[30b2de6f-67de-4b5c-b6be-9a574222dafd]ResumenIniEsp.pdf
11250077;FONDECYT de Iniciación en Investigación 2025;2025;RESUMEN;https://post.conicyt.cl/frontend.php/version/664e1fd0d48605fc42e048d9/download/adjuntos?archivo=[3ace1058-8a29-4d77-adba-50a3112df8df]Resumen FINAL.pdf
11250081;FONDECYT de Iniciación en Investigación 2025;2025;RESUMEN;https://post.conicyt.cl/frontend.php/version/66564855d3a42b6e12bdbd1a/download/adjuntos?archivo=[80e0a9ca-ecdc-42d0-9a55-d4ac174f5a7d]0ResumenIniEsp.pdf
11250084;FONDECYT de Iniciación en Investigación 2025;2025;RESUMEN;https://post.conicyt.cl/frontend.php/version/665787e1d48605877b684b40/download/adjuntos?archivo=[02719d2f-26a4-47b1-babc-2c7860b5e7b8]AbstractIniEng.pdf
11250089;FONDECYT de Iniciación en Investigación 2025;2025;RESUMEN;https://post.conicyt.cl/frontend.php/version/664fbb1cd568df0920f0ca94/download/adjuntos?archivo=[766cbcea-0916-4986-8dd0-00223f51b7d6]Resumen anid 2025 _3_ _1_.pdf
11250090;FONDECYT de Iniciación en Investigación 2025;2025;RESUMEN;https://post.conicyt.cl/frontend.php/version/664e429dd2c251df76e3a082/download/adjuntos?archivo=[d10df6b1-ae21-443b-a36f-1117c70fdd34]ProposedAbstract_2025.pdf
11250092;FONDECYT de Iniciación en Investigación 2025;2025;RESUMEN;https://post.conicyt.cl/frontend.php/version/665609ded3a42b8f03bdbd17/download/adjuntos?archivo=[411389f5-4ba8-4f0b-a59f-1085472f1498]ResumenIniEsp.pdf
11250094;FONDECYT de Iniciación en Investigación 2025;2025;RESUMEN;https://post.conicyt.cl/frontend.php/version/6658f6efd48605f518684b43/download/adjuntos?archivo=[dc36c020-cc69-442c-aed5-a44f01862b99]ResumenIniEsp.pdf
11250095;FONDECYT de Iniciación en Investigación 2025;2025;RESUMEN;https://post.conicyt.cl/frontend.php/version/6654bc4ed64ab90d3d0f7842/download/adjuntos?archivo=[8d5e1ce3-3ce6-42e8-9831-d0f01e637d78]AbstractIniEng.pdf
11250099;FONDECYT de Iniciación en Investigación 2025;2025;RESUMEN;https://post.conicyt.cl/frontend.php/version/66571904d568df186d718f81/download/adjuntos?archivo=[200fd8f6-f279-491c-968e-4a679bc51ebd]AbstractIniEng.pdf
11250105;FONDECYT de Iniciación en Investigación 2025;2025;RESUMEN;https://post.conicyt.cl/frontend.php/version/665a108fd568df9a3a718f81/download/adjuntos?archivo=[30e111b3-05d2-4e3e-9914-4cb2e3406c7d]Abstract_blind.pdf
11250106;FONDECYT de Iniciación en Investigación 2025;2025;RESUMEN;https://post.conicyt.cl/frontend.php/version/6658d746d64ab9cd24f4ab83/download/adjuntos?archivo=[e0f7b94f-6a04-4272-aea5-507a840ae27a]AbstractIniEng_2025.pdf
11250109;FONDECYT de Iniciación en Investigación 2025;2025;RESUMEN;https://post.conicyt.cl/frontend.php/version/66579284d568df5128718f81/download/adjuntos?archivo=[cdd092fb-8fd1-404b-9615-5ccd91f11289]AbstractIniEng.pdf
11250114;FONDECYT de Iniciación en Investigación 2025;2025;RESUMEN;https://post.conicyt.cl/frontend.php/version/664272ccd568df54655ce456/download/adjuntos?archivo=[3709c6e6-b557-4e7a-8f89-3bbe685db088]AbstractIniEng.pdf
11250116;FONDECYT de Iniciación en Investigación 2025;2025;RESUMEN;https://post.conicyt.cl/frontend.php/version/66574200d64ab96d66f4ab83/download/adjuntos?archivo=[1ea92a14-136f-4e86-9f9b-44832a77b61b]proposal_abstract.pdf
11250119;FONDECYT de Iniciación en Investigación 2025;2025;RESUMEN;https://post.conicyt.cl/frontend.php/version/665a085ed48605ed0d684b40/download/adjuntos?archivo=[4b045f79-ce51-4f88-918c-2418aaac2ef0]1_AbstractIniEng.pdf
11250125;FONDECYT de Iniciación en Investigación 2025;2025;RESUMEN;https://post.conicyt.cl/frontend.php/version/664bb97ad3a42b7608e0db0f/download/adjuntos?archivo=[58f9b53a-b9d6-49d4-aeda-bf6a6d1915df]ResumenIniEsp.pdf
11250126;FONDECYT de Iniciación en Investigación 2025;2025;RESUMEN;https://post.conicyt.cl/frontend.php/version/664e1d9bd568dfbf70f0ca94/download/adjuntos?archivo=[bad03d33-54b4-4723-bf4d-6633f062e7da]AbstractIniEng.pdf
11250134;FONDECYT de Iniciación en Investigación 2025;2025;RESUMEN;https://post.conicyt.cl/frontend.php/version/66562850d486050a5b684b40/download/adjuntos?archivo=[c34afa0c-4802-41c8-b9ea-eef60ee77e64]AbstractIniEng.pdf
11250136;FONDECYT de Iniciación en Investigación 2025;2025;RESUMEN;https://post.conicyt.cl/frontend.php/version/663e19b9d568df9461ac274f/download/adjuntos?archivo=[7cb74c63-c9b6-4dd1-b3bf-eb67c11e54c4]AbstractIniEng _CC_MT_.pdf
11250137;FONDECYT de Iniciación en Investigación 2025;2025;RESUMEN;https://post.conicyt.cl/frontend.php/version/66551c21d48605c15f0e07f3/download/adjuntos?archivo=[3875d96f-6774-40c8-9e09-97154712b7ac]ResumenIniEsp.pdf
11250141;FONDECYT de Iniciación en Investigación 2025;2025;RESUMEN;https://post.conicyt.cl/frontend.php/version/6658b655d486053504684b40/download/adjuntos?archivo=[a625c133-061e-4a7f-bec2-47d288262f18]AbstractIniEng.pdf
11250144;FONDECYT de Iniciación en Investigación 2025;2025;RESUMEN;https://post.conicyt.cl/frontend.php/version/6650bfd3d2c2510e4691344d/download/adjuntos?archivo=[ea2c59ff-4d86-4c25-b837-8ffef4dd8883]1_AbstractIniEng.pdf
11250149;FONDECYT de Iniciación en Investigación 2025;2025;RESUMEN;https://post.conicyt.cl/frontend.php/version/665793d1d64ab9bf0df4ab83/download/adjuntos?archivo=[352c5184-cc7a-4bb5-bb4c-b944235e861d]2ResumenIniEsp _3_ _1_.pdf
11250150;FONDECYT de Iniciación en Investigación 2025;2025;RESUMEN;https://post.conicyt.cl/frontend.php/version/6655ef75d568df395d29b78e/download/adjuntos?archivo=[0dedd25f-617a-495e-81e5-44868f942f68]ResumenIniEsp.pdf
11250154;FONDECYT de Iniciación en Investigación 2025;2025;RESUMEN;https://post.conicyt.cl/frontend.php/version/66438677d2c25181184596f9/download/adjuntos?archivo=[4bba9975-1e7e-44fd-8077-90c8f7c90c25]ResumenIniEsp.pdf
11250155;FONDECYT de Iniciación en Investigación 2025;2025;RESUMEN;https://post.conicyt.cl/frontend.php/version/66540847d3a42b3407ac8e00/download/adjuntos?archivo=[c31ed0c4-bdea-4737-993d-13877f2785fd]RESUMEN.pdf
11250162;FONDECYT de Iniciación en Investigación 2025;2025;RESUMEN;https://post.conicyt.cl/frontend.php/version/6643910ad568dfef4f5ce457/download/adjuntos?archivo=[21a76de7-373a-4c3c-a134-44f633d12f30]ResumenIniEsp.pdf
11250164;FONDECYT de Iniciación en Investigación 2025;2025;RESUMEN;https://post.conicyt.cl/frontend.php/version/664f9b6ed568df0920f0ca92/download/adjuntos?archivo=[8bae05b9-01de-4e9e-82db-ed8467d4a2d0]abstract.pdf
11250166;FONDECYT de Iniciación en Investigación 2025;2025;RESUMEN;https://post.conicyt.cl/frontend.php/version/6643943bd64ab9e83b1a1e99/download/adjuntos?archivo=[a0d8563c-8275-4a7f-bd88-c029dea99726]AbstractIniEng rev 2024.pdf
11250169;FONDECYT de Iniciación en Investigación 2025;2025;RESUMEN;https://post.conicyt.cl/frontend.php/version/664f79d2d64ab94269c87ca1/download/adjuntos?archivo=[56c0ddb5-b73c-4142-860f-4aa71b6f2b36]Resumen.pdf
11250170;FONDECYT de Iniciación en Investigación 2025;2025;RESUMEN;https://post.conicyt.cl/frontend.php/version/66565daed64ab9787bf4ab85/download/adjuntos?archivo=[c2aad258-5a35-4dcb-b75f-df47d4dcd8b2]1_Abstract_2025.pdf
11250171;FONDECYT de Iniciación en Investigación 2025;2025;RESUMEN;https://post.conicyt.cl/frontend.php/version/6658a4b4d568df2817718f83/download/adjuntos?archivo=[77d69fc5-7462-4012-a9c2-5debffa6db84]AbstractIniEng.pdf
11250177;FONDECYT de Iniciación en Investigación 2025;2025;RESUMEN;https://post.conicyt.cl/frontend.php/version/66563bf8d2c251de0abd428c/download/adjuntos?archivo=[b8bd13ff-e984-46b0-961b-734e2c9e5019]AbstractIniEng.pdf
11250185;FONDECYT de Iniciación en Investigación 2025;2025;RESUMEN;https://post.conicyt.cl/frontend.php/version/6654af2cd48605a1230e07f6/download/adjuntos?archivo=[a06449f0-1383-46ea-abb9-06cc95a91241]Resumen.pdf
11250196;FONDECYT de Iniciación en Investigación 2025;2025;RESUMEN;https://post.conicyt.cl/frontend.php/version/66524892d64ab9660f7a4794/download/adjuntos?archivo=[93181b4b-c3d2-458b-97ee-cebe93e861c8]Resumen Iniciacion 2025..pdf
11250197;FONDECYT de Iniciación en Investigación 2025;2025;RESUMEN;https://post.conicyt.cl/frontend.php/version/664fa10ed64ab92e0ac87ca1/download/adjuntos?archivo=[617bd24b-e4a4-4142-a011-68ad90bf2367]AbstractIniEng.pdf
11250198;FONDECYT de Iniciación en Investigación 2025;2025;RESUMEN;https://post.conicyt.cl/frontend.php/version/66565973d64ab9a569f4ab87/download/adjuntos?archivo=[a1937fb9-86ac-42c7-a951-19424d1d1768]AbstractIniEng.pdf
11250204;FONDECYT de Iniciación en Investigación 2025;2025;RESUMEN;https://post.conicyt.cl/frontend.php/version/66555766d3a42b1b10ac8e03/download/adjuntos?archivo=[eb673ac8-5137-4658-b7dd-b51381b1b385]ResumenIniEsp.pdf
11250210;FONDECYT de Iniciación en Investigación 2025;2025;RESUMEN;https://post.conicyt.cl/frontend.php/version/6643cc40d3a42b1c14e5560e/download/adjuntos?archivo=[61c7b880-17f7-4327-ac45-2b87a6d0407c]AbstractIniEng vf 2024.pdf
11250213;FONDECYT de Iniciación en Investigación 2025;2025;RESUMEN;https://post.conicyt.cl/frontend.php/version/6643cf5ed3a42b1b14e5560f/download/adjuntos?archivo=[d39d9f56-8055-4560-978e-1875775e52e4]2025ResumenIniEsp.pdf
11250216;FONDECYT de Iniciación en Investigación 2025;2025;RESUMEN;https://post.conicyt.cl/frontend.php/version/6643d3f5d486054c51c64adc/download/adjuntos?archivo=[69f7f168-0401-4912-8949-7a38473d2d8b]ResumenIniEsp.pdf
11250217;FONDECYT de Iniciación en Investigación 2025;2025;RESUMEN;https://post.conicyt.cl/frontend.php/version/6643d33bd568df24755ce45a/download/adjuntos?archivo=[a360ed92-17ec-4325-8b94-2fe639a413a3]AbstractIniEng.pdf
11250220;FONDECYT de Iniciación en Investigación 2025;2025;RESUMEN;https://post.conicyt.cl/frontend.php/version/6658c3ead568dfed2d718f82/download/adjuntos?archivo=[90f59461-2134-4ec9-a015-5b88cc9c6edd]ResumenIniEsp.pdf
11250223;FONDECYT de Iniciación en Investigación 2025;2025;RESUMEN;https://post.conicyt.cl/frontend.php/version/664fc65bd3a42b7104e0db10/download/adjuntos?archivo=[00177a85-535c-4197-bf8f-d7794650dc16]01 AbstractIniEng.pdf
11250227;FONDECYT de Iniciación en Investigación 2025;2025;RESUMEN;https://post.conicyt.cl/frontend.php/version/6643e2cbd48605b25cc64adc/download/adjuntos?archivo=[cded108a-2f03-4bc8-87bd-308df836eff1]ResumenIniEsp.pdf
11250229;FONDECYT de Iniciación en Investigación 2025;2025;RESUMEN;https://post.conicyt.cl/frontend.php/version/6657ab8bd64ab90a17f4ab83/download/adjuntos?archivo=[89f1ab63-9c79-4a26-aa6e-d119470df06f]ResumenIniEsp.pdf
11250233;FONDECYT de Iniciación en Investigación 2025;2025;RESUMEN;https://post.conicyt.cl/frontend.php/version/6643e5aad3a42bdb1de5560e/download/adjuntos?archivo=[ba2624fb-6dae-45f1-bdc5-1ffaed9f1ac7]AbstractIniEng.pdf
11250237;FONDECYT de Iniciación en Investigación 2025;2025;RESUMEN;https://post.conicyt.cl/frontend.php/version/66535f78d568df191229b78c/download/adjuntos?archivo=[e261119e-e9cc-45b0-90f4-d7fa197bf07f]AbstractIniEng.pdf
11250238;FONDECYT de Iniciación en Investigación 2025;2025;RESUMEN;https://post.conicyt.cl/frontend.php/version/6659e15dd568df4f28718f83/download/adjuntos?archivo=[9aa88b65-d7d2-4f9d-8d07-941a938f5ec5]AbstractIniEng.pdf
11250243;FONDECYT de Iniciación en Investigación 2025;2025;RESUMEN;https://post.conicyt.cl/frontend.php/version/664f90ced568df257ff0ca93/download/adjuntos?archivo=[79e01527-8b57-48c5-b751-53d20a2ce0e0]AbstractIniEng.pdf
11250252;FONDECYT de Iniciación en Investigación 2025;2025;RESUMEN;https://post.conicyt.cl/frontend.php/version/664e787bd568df4a16f0ca93/download/adjuntos?archivo=[533ca8c7-19fe-4e46-9322-9c894b73c108]Abstract.pdf
11250253;FONDECYT de Iniciación en Investigación 2025;2025;RESUMEN;https://post.conicyt.cl/frontend.php/version/664f5b3fd3a42b465de0db0e/download/adjuntos?archivo=[2eca5033-6e73-4593-9a0a-581acc924bf4]ResumenIniEsp.pdf
11250256;FONDECYT de Iniciación en Investigación 2025;2025;RESUMEN;https://post.conicyt.cl/frontend.php/version/6644044fd2c25100484596fb/download/adjuntos?archivo=[6377c7bc-3cd8-4384-baff-f3537aa4e6df]AbstractIniEng.pdf
11250257;FONDECYT de Iniciación en Investigación 2025;2025;RESUMEN;https://post.conicyt.cl/frontend.php/version/66440561d486052f70c64add/download/adjuntos?archivo=[cc26b66e-f235-4e2d-b46d-ac3c6e664e18]ResumenIniEsp.pdf
11250259;FONDECYT de Iniciación en Investigación 2025;2025;RESUMEN;https://post.conicyt.cl/frontend.php/version/66565716d64ab9a069f4ab8b/download/adjuntos?archivo=[a4c91f96-79eb-4618-b63a-c9b66cb820cd]Resumen.pdf
11250265;FONDECYT de Iniciación en Investigación 2025;2025;RESUMEN;https://post.conicyt.cl/frontend.php/version/664411b3d64ab9937d1a1e99/download/adjuntos?archivo=[1c3a23c6-3535-4940-8c56-e0ddc811a57b]Abstract.pdf
11250266;FONDECYT de Iniciación en Investigación 2025;2025;RESUMEN;https://post.conicyt.cl/frontend.php/version/664fcfe0d2c251dd31e3a084/download/adjuntos?archivo=[869b607b-85dc-4ed7-90d3-173344948fe9]AbstractIniEng.pdf
11250270;FONDECYT de Iniciación en Investigación 2025;2025;RESUMEN;https://post.conicyt.cl/frontend.php/version/66575107d568df9506718f82/download/adjuntos?archivo=[5faad31e-98b4-456f-b63d-45649e2dc5c9]AbstractIniEng.pdf
11250272;FONDECYT de Iniciación en Investigación 2025;2025;RESUMEN;https://post.conicyt.cl/frontend.php/version/6647d2ffd64ab9170a1a1e9a/download/adjuntos?archivo=[2f666eac-8cb1-4f4c-98d4-92e7fdfd16b5]Fondecyt_Initiation_ABSTRACT.pdf
11250273;FONDECYT de Iniciación en Investigación 2025;2025;RESUMEN;https://post.conicyt.cl/frontend.php/version/66576e34d64ab9b677f4ab87/download/adjuntos?archivo=[79f8e97e-33b7-4f0f-b482-5cc419a8ee1c]abstract_INI2025_eng.pdf
11250276;FONDECYT de Iniciación en Investigación 2025;2025;RESUMEN;https://post.conicyt.cl/frontend.php/version/66563e7dd2c2516809bd428a/download/adjuntos?archivo=[b0f77483-deef-43f5-bdb8-ab167c3edded]1 ResumenIniEsp.pdf
11250280;FONDECYT de Iniciación en Investigación 2025;2025;RESUMEN;https://post.conicyt.cl/frontend.php/version/6659002ad568dfdd3c718f83/download/adjuntos?archivo=[045c58dc-6597-4674-9093-c8b870b46774]Abstract.pdf
11250282;FONDECYT de Iniciación en Investigación 2025;2025;RESUMEN;https://post.conicyt.cl/frontend.php/version/664b724ed48605b112e048d7/download/adjuntos?archivo=[e62e83dd-7493-4481-be70-1e1b205e7984]ResumenIniEsp.pdf
11250288;FONDECYT de Iniciación en Investigación 2025;2025;RESUMEN;https://post.conicyt.cl/frontend.php/version/66559c83d568dfe94129b78a/download/adjuntos?archivo=[d16d18ab-fe22-4a99-ac76-2954fc820661]AbstractIniEng.pdf
11250291;FONDECYT de Iniciación en Investigación 2025;2025;RESUMEN;https://post.conicyt.cl/frontend.php/version/66588402d48605de6a684b46/download/adjuntos?archivo=[09cecbe7-b4b0-4601-9a28-8929a4089aea]AbstractIniEng.pdf
11250295;FONDECYT de Iniciación en Investigación 2025;2025;RESUMEN;https://post.conicyt.cl/frontend.php/version/66587a5fd568dff678718f86/download/adjuntos?archivo=[01710222-d57c-4450-a1d5-eb1d7d0da216]AbstractIniEng.pdf
11250298;FONDECYT de Iniciación en Investigación 2025;2025;RESUMEN;https://post.conicyt.cl/frontend.php/version/664f6059d2c251d90de3a083/download/adjuntos?archivo=[3452c7f5-5d96-436b-bbb8-f3cf68e1590c]AbstractIniEng.pdf
11250303;FONDECYT de Iniciación en Investigación 2025;2025;RESUMEN;https://post.conicyt.cl/frontend.php/version/6644bcbcd48605c638c64add/download/adjuntos?archivo=[10a834eb-716e-4b55-9f27-f1a8ad636fe8]AbstractIniEng.pdf
11250308;FONDECYT de Iniciación en Investigación 2025;2025;RESUMEN;https://post.conicyt.cl/frontend.php/version/6658d19ad568dfec2d718f86/download/adjuntos?archivo=[38390c68-a334-42b9-97c6-c66a9398b5a5]AbstractIniEng.pdf
11250310;FONDECYT de Iniciación en Investigación 2025;2025;RESUMEN;https://post.conicyt.cl/frontend.php/version/6654e256d64ab9123d0f7845/download/adjuntos?archivo=[7d63301f-b7e8-482d-8da8-14b3e1f72786]AbstractIniEng.pdf
11250312;FONDECYT de Iniciación en Investigación 2025;2025;RESUMEN;https://post.conicyt.cl/frontend.php/version/664fb120d48605917ae048d5/download/adjuntos?archivo=[8ada8dc0-060c-4845-89eb-f57c45852d90]fi2025_abstract.pdf
11250319;FONDECYT de Iniciación en Investigación 2025;2025;RESUMEN;https://post.conicyt.cl/frontend.php/version/664e1b00d568df9863f0ca97/download/adjuntos?archivo=[a9147c28-7c02-4ad1-a16e-8e0a8eb21e82]1 AbstractIniEng.pdf
11250322;FONDECYT de Iniciación en Investigación 2025;2025;RESUMEN;https://post.conicyt.cl/frontend.php/version/66562d3ad568df8d01718f82/download/adjuntos?archivo=[3e8435ba-bf13-4295-aba1-562320179291]abstract.pdf
11250324;FONDECYT de Iniciación en Investigación 2025;2025;RESUMEN;https://post.conicyt.cl/frontend.php/version/6644d37ad48605294ec64add/download/adjuntos?archivo=[e5c4995f-c2de-4f64-85c2-c63984d1e176]ResumenIniEsp.pdf
11250327;FONDECYT de Iniciación en Investigación 2025;2025;RESUMEN;https://post.conicyt.cl/frontend.php/version/664aa825d64ab99a37c87ca2/download/adjuntos?archivo=[0e24d318-1923-436b-9116-d665d3390eb5]ResumenIniEsp_.pdf
11250331;FONDECYT de Iniciación en Investigación 2025;2025;RESUMEN;https://post.conicyt.cl/frontend.php/version/66549b8bd3a42b1c37ac8e00/download/adjuntos?archivo=[79bc6636-c19c-4a81-a312-6c80308bbbed]AbstractIniEng.pdf
11250340;FONDECYT de Iniciación en Investigación 2025;2025;RESUMEN;https://post.conicyt.cl/frontend.php/version/6658d0ddd568df0629718f85/download/adjuntos?archivo=[028177a3-947d-4e3a-86ad-7bf5266119d2]AbstractIniEng.docx.pdf
11250355;FONDECYT de Iniciación en Investigación 2025;2025;RESUMEN;https://post.conicyt.cl/frontend.php/version/6644e70dd2c251d64b4596f8/download/adjuntos?archivo=[b6051800-d1c5-4095-95c9-6eb87a4e7275]1AbstractIniEng.pdf
11250357;FONDECYT de Iniciación en Investigación 2025;2025;RESUMEN;https://post.conicyt.cl/frontend.php/version/6654d940d48605e92d0e07f8/download/adjuntos?archivo=[e708517c-c38f-43aa-8f32-d1a1767d7909]AbstractIniEng..pdf
11250358;FONDECYT de Iniciación en Investigación 2025;2025;RESUMEN;https://post.conicyt.cl/frontend.php/version/66551f72d2c2514f79c2d7bf/download/adjuntos?archivo=[424d28a3-6069-48e4-a7aa-fee644c5f3fd]resumen propuesta 27.05.2024.pdf
11250361;FONDECYT de Iniciación en Investigación 2025;2025;RESUMEN;https://post.conicyt.cl/frontend.php/version/6654d15ed48605a1230e07f8/download/adjuntos?archivo=[23a80853-388a-4553-88bb-52ae4b3411ae]1 Resumen.pdf
11250364;FONDECYT de Iniciación en Investigación 2025;2025;RESUMEN;https://post.conicyt.cl/frontend.php/version/6657e702d568dfda2c718f84/download/adjuntos?archivo=[0af3b885-1c86-4c71-ac8a-1b708b557793]AbstractIniEng.pdf
11250366;FONDECYT de Iniciación en Investigación 2025;2025;RESUMEN;https://post.conicyt.cl/frontend.php/version/6644e5afd2c25154484596ff/download/adjuntos?archivo=[755c179d-ed29-4c4e-a924-7b3a11f5870c]ResumenIniEsp.pdf
11250371;FONDECYT de Iniciación en Investigación 2025;2025;RESUMEN;https://post.conicyt.cl/frontend.php/version/6654b1bfd64ab90f3d0f7841/download/adjuntos?archivo=[a75631ad-545c-4861-b750-add10a30984f]Resumen Ini Esp.pdf
11250373;FONDECYT de Iniciación en Investigación 2025;2025;RESUMEN;https://post.conicyt.cl/frontend.php/version/6658f022d48605f318684b44/download/adjuntos?archivo=[81da3707-319a-42c5-ab44-4420826918ec]ResumenIniEsp.pdf
11250375;FONDECYT de Iniciación en Investigación 2025;2025;RESUMEN;https://post.conicyt.cl/frontend.php/version/6657a235d568df042d718f81/download/adjuntos?archivo=[847b80b4-07ed-43a7-b084-425113b447ab]AbstractIniEng.pdf
11250377;FONDECYT de Iniciación en Investigación 2025;2025;RESUMEN;https://post.conicyt.cl/frontend.php/version/6655f441d4860514380e07f4/download/adjuntos?archivo=[6faab9df-f136-47ec-8aae-843fe14c8e15]AbstractIniEng.pdf
11250378;FONDECYT de Iniciación en Investigación 2025;2025;RESUMEN;https://post.conicyt.cl/frontend.php/version/665789bdd486051f7b684b41/download/adjuntos?archivo=[fba0b16a-7350-461a-ae38-fe9a30dd14f2]AbstractIniEngV4.pdf
11250384;FONDECYT de Iniciación en Investigación 2025;2025;RESUMEN;https://post.conicyt.cl/frontend.php/version/66509bded2c2511a14e3a082/download/adjuntos?archivo=[c6a9bb32-0639-43a6-aff8-d1ba0665af6d]AbstractIniEng_Listo.pdf
11250391;FONDECYT de Iniciación en Investigación 2025;2025;RESUMEN;https://post.conicyt.cl/frontend.php/version/6644f96ed3a42bd91ee5560e/download/adjuntos?archivo=[eaf44958-cdea-4ed9-953b-75a3adb54147]ResumenIniEsp.pdf
11250396;FONDECYT de Iniciación en Investigación 2025;2025;RESUMEN;https://post.conicyt.cl/frontend.php/version/66579c82d568dff32c718f81/download/adjuntos?archivo=[8091d8bb-926a-4eff-8106-3bf7b514e951]AbstractIniEng.pdf
11250400;FONDECYT de Iniciación en Investigación 2025;2025;RESUMEN;https://post.conicyt.cl/frontend.php/version/665785cbd486059a7a684b40/download/adjuntos?archivo=[c49c6afe-8630-488a-908f-5fc5863e1fab]ResumenIniEsp.pdf
11250407;FONDECYT de Iniciación en Investigación 2025;2025;RESUMEN;https://post.conicyt.cl/frontend.php/version/665933e8d48605302c684b41/download/adjuntos?archivo=[5691c061-dc05-4dde-8e78-c6cc6b736667]ResumenIniEsp.pdf
11250408;FONDECYT de Iniciación en Investigación 2025;2025;RESUMEN;https://post.conicyt.cl/frontend.php/version/6650f363d64ab91f0c7a4795/download/adjuntos?archivo=[71e9c3a0-0dc4-4f49-9baf-a8eb6f96c850]ResumenIniEsp.pdf
11250412;FONDECYT de Iniciación en Investigación 2025;2025;RESUMEN;https://post.conicyt.cl/frontend.php/version/6654ff3bd3a42b7d7cac8dff/download/adjuntos?archivo=[e52c30c6-195a-4227-aefb-4b1591e8dd39]AbstractIniEng.pdf
11250415;FONDECYT de Iniciación en Investigación 2025;2025;RESUMEN;https://post.conicyt.cl/frontend.php/version/6650e2c4d64ab9d6087a4794/download/adjuntos?archivo=[866a43e7-b5ef-4d9b-8104-c3ff845d7a4b]1_AbstractIniEng.pdf
11250421;FONDECYT de Iniciación en Investigación 2025;2025;RESUMEN;https://post.conicyt.cl/frontend.php/version/66450a59d568df1b095ce458/download/adjuntos?archivo=[2be3a488-e8e6-46f0-977d-de730ab7d4cb]Abstract.pdf
11250435;FONDECYT de Iniciación en Investigación 2025;2025;RESUMEN;https://post.conicyt.cl/frontend.php/version/6654a350d3a42bbb4eac8dff/download/adjuntos?archivo=[d1762c02-8163-4dad-824a-0f7e74f0c8db]ResumenIniEsp X.pdf
11250437;FONDECYT de Iniciación en Investigación 2025;2025;RESUMEN;https://post.conicyt.cl/frontend.php/version/664e50ded48605235ae048d6/download/adjuntos?archivo=[dd777bc0-21eb-4e72-b3ec-a3ba614b07a9]AbstractIniEng.pdf
11250446;FONDECYT de Iniciación en Investigación 2025;2025;RESUMEN;https://post.conicyt.cl/frontend.php/version/6645160dd568df41115ce456/download/adjuntos?archivo=[71fc4fae-cb83-489b-852c-7bca1f6e80f0]AbstractIniEng.pdf
11250447;FONDECYT de Iniciación en Investigación 2025;2025;RESUMEN;https://post.conicyt.cl/frontend.php/version/664f7b6ed2c251271ce3a082/download/adjuntos?archivo=[a9215eb6-5eb1-45ba-9473-27f7e5bb3b3d]AbstractIniEng.pdf
11250453;FONDECYT de Iniciación en Investigación 2025;2025;RESUMEN;https://post.conicyt.cl/frontend.php/version/6645155cd2c2515e664596f8/download/adjuntos?archivo=[9f456617-d90d-49a5-91ee-b554f42bf00a]Resumen.pdf
11250456;FONDECYT de Iniciación en Investigación 2025;2025;RESUMEN;https://post.conicyt.cl/frontend.php/version/66593062d48605e83c684b40/download/adjuntos?archivo=[ad5dfa48-1805-4ece-916d-fe3b53a844c6]Resumen.pdf
11250459;FONDECYT de Iniciación en Investigación 2025;2025;RESUMEN;https://post.conicyt.cl/frontend.php/version/66451b75d64ab9ff771a1e9b/download/adjuntos?archivo=[3114a077-1f72-412c-8e97-89ae8576036d]ResumenIniEsp_2025.pdf
11250460;FONDECYT de Iniciación en Investigación 2025;2025;RESUMEN;https://post.conicyt.cl/frontend.php/version/665639c3d64ab99e69f4ab84/download/adjuntos?archivo=[9baab4b5-a48f-435a-b4f1-280c09fd6d65]01_ResumenIniEsp.pdf
11250466;FONDECYT de Iniciación en Investigación 2025;2025;RESUMEN;https://post.conicyt.cl/frontend.php/version/664e523dd3a42b8d66e0db0d/download/adjuntos?archivo=[3c12a614-67cc-4cef-bfb0-02eb46109e56]AbstractIniEng.pdf
11250469;FONDECYT de Iniciación en Investigación 2025;2025;RESUMEN;https://post.conicyt.cl/frontend.php/version/6659d342d64ab9e96df4ab83/download/adjuntos?archivo=[21424433-38af-48ff-8d55-13421c8616b7]Abstract.pdf
11250471;FONDECYT de Iniciación en Investigación 2025;2025;RESUMEN;https://post.conicyt.cl/frontend.php/version/6657932ad64ab99611f4ab83/download/adjuntos?archivo=[384b98ec-abcd-4e34-bae8-e609c9f6c2c0]AbstractIniEng_no_metadata.pdf
11250472;FONDECYT de Iniciación en Investigación 2025;2025;RESUMEN;https://post.conicyt.cl/frontend.php/version/6654b307d64ab90d3d0f783f/download/adjuntos?archivo=[4276859d-01d6-4891-8085-d715b181ec62]Abstract2025.pdf
11250473;FONDECYT de Iniciación en Investigación 2025;2025;RESUMEN;https://post.conicyt.cl/frontend.php/version/6654db6fd64ab9123d0f7843/download/adjuntos?archivo=[e1840766-3752-48b7-bc75-2e6e32dd69c4]Abstract.pdf
11250474;FONDECYT de Iniciación en Investigación 2025;2025;RESUMEN;https://post.conicyt.cl/frontend.php/version/664fd8a7d48605a07ae048d6/download/adjuntos?archivo=[88d1bec5-a654-49a9-92ca-432baccb283c]AbstractIniEng.pdf
11250479;FONDECYT de Iniciación en Investigación 2025;2025;RESUMEN;https://post.conicyt.cl/frontend.php/version/664522d5d2c2519d6b4596f8/download/adjuntos?archivo=[3cea25e4-f311-4172-9516-4b4cc5af6abd]AbstractIniEng.pdf
11250481;FONDECYT de Iniciación en Investigación 2025;2025;RESUMEN;https://post.conicyt.cl/frontend.php/version/6655f981d2c2513a60c2d7c2/download/adjuntos?archivo=[bc7f8b93-97fa-4bff-9915-a26b5719d021]ResumenIniEsp.pdf
11250485;FONDECYT de Iniciación en Investigación 2025;2025;RESUMEN;https://post.conicyt.cl/frontend.php/version/66582a82d64ab9b653f4ab82/download/adjuntos?archivo=[6b8ea081-ce7a-44d1-9a89-134526b59ab3]AbstractIniEng.pdf
11250489;FONDECYT de Iniciación en Investigación 2025;2025;RESUMEN;https://post.conicyt.cl/frontend.php/version/665627d7d64ab93f5cf4ab87/download/adjuntos?archivo=[41cf22e2-e998-4ce1-b8ed-83106f5354fa]Resumen.pdf
11250495;FONDECYT de Iniciación en Investigación 2025;2025;RESUMEN;https://post.conicyt.cl/frontend.php/version/665928e0d486052f2c684b42/download/adjuntos?archivo=[3b74eb0e-c243-4705-a59b-0494b6ae86db]AbstractIniEng _2_.pdf
11250497;FONDECYT de Iniciación en Investigación 2025;2025;RESUMEN;https://post.conicyt.cl/frontend.php/version/6654db84d48605dc2d0e07f9/download/adjuntos?archivo=[f72f11e9-7f3f-43ae-813d-a55de6da9675]AbstractIniEng.pdf
11250503;FONDECYT de Iniciación en Investigación 2025;2025;RESUMEN;https://post.conicyt.cl/frontend.php/version/6655e37dd2c251a25ac2d7c1/download/adjuntos?archivo=[0735877e-52d8-4a01-87df-0cf1d2f72fc0]Resumen 05.28.2024.pdf
11250517;FONDECYT de Iniciación en Investigación 2025;2025;RESUMEN;https://post.conicyt.cl/frontend.php/version/66580cbad64ab90028f4ab88/download/adjuntos?archivo=[d64855af-3176-48b1-9550-b4240c467ab5]2TaxAmnestyAbstract.pdf
11250522;FONDECYT de Iniciación en Investigación 2025;2025;RESUMEN;https://post.conicyt.cl/frontend.php/version/66591dd2d48605f318684b47/download/adjuntos?archivo=[b46c23b3-9387-4f20-90b8-c52dbd168f7f]AbstractIniEng_DONE.pdf
11250527;FONDECYT de Iniciación en Investigación 2025;2025;RESUMEN;https://post.conicyt.cl/frontend.php/version/66588787d64ab92079f4ab83/download/adjuntos?archivo=[f84d41b9-691c-44dd-ac18-b8cca8b16d8b]Resumen.pdf
11250531;FONDECYT de Iniciación en Investigación 2025;2025;RESUMEN;https://post.conicyt.cl/frontend.php/version/6655232dd3a42b017cac8e01/download/adjuntos?archivo=[5d17f3c9-ec40-4b91-8bb7-dcb08c016d0a]ResumenIniEsp.pdf
11250537;FONDECYT de Iniciación en Investigación 2025;2025;RESUMEN;https://post.conicyt.cl/frontend.php/version/665380f0d486054a2c0e07f4/download/adjuntos?archivo=[9b631dbe-f0c1-43f1-95c0-646136461743]Abstract.pdf
11250541;FONDECYT de Iniciación en Investigación 2025;2025;RESUMEN;https://post.conicyt.cl/frontend.php/version/66586d3cd568df6108718f82/download/adjuntos?archivo=[33f5f7d0-3998-4659-8261-3b8c2549364d]AbstractIniEng.pdf
11250542;FONDECYT de Iniciación en Investigación 2025;2025;RESUMEN;https://post.conicyt.cl/frontend.php/version/6645396cd64ab93e081a1e9b/download/adjuntos?archivo=[1f5b2f16-1967-4646-b722-27c4453afa62]AbstractIniEng.pdf
11250544;FONDECYT de Iniciación en Investigación 2025;2025;RESUMEN;https://post.conicyt.cl/frontend.php/version/665265ebd568df582d4b50f2/download/adjuntos?archivo=[926eb9d7-8c2a-487e-be5c-5ff7e2262dcd]2025ResumenIniEsp.pdf
11250547;FONDECYT de Iniciación en Investigación 2025;2025;RESUMEN;https://post.conicyt.cl/frontend.php/version/6656598bd568dfec13718f81/download/adjuntos?archivo=[4c6b7b2b-5533-4470-b2f8-268995934aed]ResumenIniEsp.pdf
11250551;FONDECYT de Iniciación en Investigación 2025;2025;RESUMEN;https://post.conicyt.cl/frontend.php/version/66453d21d3a42bbb3be55614/download/adjuntos?archivo=[4931270e-af39-48a2-af92-bc9676a1a7a5]Abstract.pdf
11250556;FONDECYT de Iniciación en Investigación 2025;2025;RESUMEN;https://post.conicyt.cl/frontend.php/version/664f944ed486058f7ae048d5/download/adjuntos?archivo=[39502637-a8c0-4575-a54e-6a4db381390b]ResumenIniEsp.pdf
11250568;FONDECYT de Iniciación en Investigación 2025;2025;RESUMEN;https://post.conicyt.cl/frontend.php/version/664544d0d3a42bb33be55617/download/adjuntos?archivo=[e9cddb90-698b-4eea-acfa-13ea423b73ec]ResumenIniEsp_2025.pdf
11250569;FONDECYT de Iniciación en Investigación 2025;2025;RESUMEN;https://post.conicyt.cl/frontend.php/version/6658cf5fd568df0929718f85/download/adjuntos?archivo=[8a6885d6-407e-49df-be55-a271ddc91b9f]ResumenIniEsp.pdf
11250573;FONDECYT de Iniciación en Investigación 2025;2025;RESUMEN;https://post.conicyt.cl/frontend.php/version/664f9905d3a42bf961e0db0f/download/adjuntos?archivo=[3d7e9f08-0ea2-4bde-a181-215b5f2db77c]2025 Resumen.pdf
11250577;FONDECYT de Iniciación en Investigación 2025;2025;RESUMEN;https://post.conicyt.cl/frontend.php/version/6650baa2d568dfac204b50f0/download/adjuntos?archivo=[3d362e24-930e-4a16-b8e4-9e29919cc190]AbstractIniEng.pdf
11250579;FONDECYT de Iniciación en Investigación 2025;2025;RESUMEN;https://post.conicyt.cl/frontend.php/version/6659dda6d486055066684b45/download/adjuntos?archivo=[e0673a01-46a5-4b8a-a3fe-c02ed7409b63]AbstractIniEng_1_.pdf
11250587;FONDECYT de Iniciación en Investigación 2025;2025;RESUMEN;https://post.conicyt.cl/frontend.php/version/66454e78d64ab93e101a1e99/download/adjuntos?archivo=[94848dda-428d-4db6-8adf-86bc1273cfc3]ResumenIniEsp.pdf
11250590;FONDECYT de Iniciación en Investigación 2025;2025;RESUMEN;https://post.conicyt.cl/frontend.php/version/6658c7cad64ab92813f4ab8c/download/adjuntos?archivo=[5aee3a90-0428-43d5-bcef-f9eedd6b76fb]ResumenIniEsp.pdf
11250591;FONDECYT de Iniciación en Investigación 2025;2025;RESUMEN;https://post.conicyt.cl/frontend.php/version/66561e70d64ab9415cf4ab85/download/adjuntos?archivo=[b1ed2edf-992c-44bb-b149-20fc478d9814]AbstractIniEng 26_05_2024.pdf
11250596;FONDECYT de Iniciación en Investigación 2025;2025;RESUMEN;https://post.conicyt.cl/frontend.php/version/664f6077d48605475be048d5/download/adjuntos?archivo=[81f4c897-e4e9-40c5-bb7d-38e2cefc2529]ResumenIniEsp.pdf
11250601;FONDECYT de Iniciación en Investigación 2025;2025;RESUMEN;https://post.conicyt.cl/frontend.php/version/6659d777d64ab9a112f4ab83/download/adjuntos?archivo=[1d27c765-a806-400b-bc3f-1f1755ff50c1]AbstractIniEng.pdf
11250602;FONDECYT de Iniciación en Investigación 2025;2025;RESUMEN;https://post.conicyt.cl/frontend.php/version/665785f8d568df8321718f82/download/adjuntos?archivo=[ec3e303c-3662-4726-842d-3dc1dedf0220]AbstractIniEng.pdf
11250606;FONDECYT de Iniciación en Investigación 2025;2025;RESUMEN;https://post.conicyt.cl/frontend.php/version/6650d505d64ab9490b7a4794/download/adjuntos?archivo=[63a1dba6-7b30-47c1-ba0b-06f243756bb4]AbstractIniEng.pdf
11250611;FONDECYT de Iniciación en Investigación 2025;2025;RESUMEN;https://post.conicyt.cl/frontend.php/version/66595df2d48605914d684b41/download/adjuntos?archivo=[b3f373e9-6c70-4b0c-afa0-089508be5193]AbstractIniEng_SV.pdf
11250617;FONDECYT de Iniciación en Investigación 2025;2025;RESUMEN;https://post.conicyt.cl/frontend.php/version/66574fddd568df4808718f82/download/adjuntos?archivo=[8ef4479e-74c6-4fdf-9843-aa75eb8ea4d9]Resumen 2025.pdf
11250621;FONDECYT de Iniciación en Investigación 2025;2025;RESUMEN;https://post.conicyt.cl/frontend.php/version/6655e73dd4860524380e07f4/download/adjuntos?archivo=[fa254f4f-3935-46d0-8399-3377bc76ac48]AbstractIniEng.pdf
11250622;FONDECYT de Iniciación en Investigación 2025;2025;RESUMEN;https://post.conicyt.cl/frontend.php/version/664f6402d48605654be048d8/download/adjuntos?archivo=[be8facc0-a5fc-4068-824a-549097867c17]1._ AbstractIniEng.pdf
11250623;FONDECYT de Iniciación en Investigación 2025;2025;RESUMEN;https://post.conicyt.cl/frontend.php/version/66563c41d48605105b684b42/download/adjuntos?archivo=[25819dca-5eb6-4adb-b11c-c771e0347ffe]ResumenIniEsp.pdf
11250627;FONDECYT de Iniciación en Investigación 2025;2025;RESUMEN;https://post.conicyt.cl/frontend.php/version/66455fb0d64ab94c151a1e9e/download/adjuntos?archivo=[73755278-375c-45d7-83b4-25f21521e46b]AbstractIniEng.pdf
11250631;FONDECYT de Iniciación en Investigación 2025;2025;RESUMEN;https://post.conicyt.cl/frontend.php/version/66561ce7d2c251fc77bd428a/download/adjuntos?archivo=[a395dcb6-a172-4bc9-95e0-4ec42c5affd1]AbstractIniEng.pdf
11250633;FONDECYT de Iniciación en Investigación 2025;2025;RESUMEN;https://post.conicyt.cl/frontend.php/version/6654ea10d568dfb87229b78a/download/adjuntos?archivo=[4e92dd01-6c70-4c6f-9585-f1f16a961c95]Abstract.pdf
11250638;FONDECYT de Iniciación en Investigación 2025;2025;RESUMEN;https://post.conicyt.cl/frontend.php/version/664562acd486054f10c64adc/download/adjuntos?archivo=[d5966dbe-a144-499d-a14f-82974780be46]AbstractIniEng.pdf
11250641;FONDECYT de Iniciación en Investigación 2025;2025;RESUMEN;https://post.conicyt.cl/frontend.php/version/6657a006d486051709684b40/download/adjuntos?archivo=[53ed84e4-1494-4471-95e9-ff26341df899]Resumen 123.pdf
11250644;FONDECYT de Iniciación en Investigación 2025;2025;RESUMEN;https://post.conicyt.cl/frontend.php/version/665746c4d568df9d04718f81/download/adjuntos?archivo=[9fea2db2-a0d2-4355-bbb1-07fbeeab57a0]AbstractIniEng.pdf
11250648;FONDECYT de Iniciación en Investigación 2025;2025;RESUMEN;https://post.conicyt.cl/frontend.php/version/6658a0a4d64ab9f67ff4ab82/download/adjuntos?archivo=[5853bff7-d6d3-4dfc-989b-9a0638e4c93e]ResumenIniEsp.pdf
11250649;FONDECYT de Iniciación en Investigación 2025;2025;RESUMEN;https://post.conicyt.cl/frontend.php/version/6645681ad486056c09c64ade/download/adjuntos?archivo=[bf800d10-8bcc-4335-878d-612a525fad93]ResumenIniEsp 2025.pdf
11250650;FONDECYT de Iniciación en Investigación 2025;2025;RESUMEN;https://post.conicyt.cl/frontend.php/version/664568bad2c251c8034596fb/download/adjuntos?archivo=[4f673688-518d-4ab7-bd01-63bb8554d36b]ResumenIniEsp.pdf
11250652;FONDECYT de Iniciación en Investigación 2025;2025;RESUMEN;https://post.conicyt.cl/frontend.php/version/6658f125d568dfd13c718f84/download/adjuntos?archivo=[79d9937f-07f7-4e37-8233-d243ee1c40b3]AbstractIniEng_2_2025.pdf
11250654;FONDECYT de Iniciación en Investigación 2025;2025;RESUMEN;https://post.conicyt.cl/frontend.php/version/6657c946d48605c108684b47/download/adjuntos?archivo=[8591ec10-7f94-4fa1-b5a4-20087d2677e9]Resumen.pdf
11250656;FONDECYT de Iniciación en Investigación 2025;2025;RESUMEN;https://post.conicyt.cl/frontend.php/version/66575c59d568df460d718f81/download/adjuntos?archivo=[53b6021c-f482-4cb3-935d-8ce7252ca688]ResumenIniEsp.pdf
11250665;FONDECYT de Iniciación en Investigación 2025;2025;RESUMEN;https://post.conicyt.cl/frontend.php/version/665643add3a42b6212bdbd1a/download/adjuntos?archivo=[57a41bf6-7e8b-44cc-93c5-c6a209a48b8c]1_AbstractIniEng_2025.pdf
11250671;FONDECYT de Iniciación en Investigación 2025;2025;RESUMEN;https://post.conicyt.cl/frontend.php/version/6657b8a5d568dfc429718f82/download/adjuntos?archivo=[ced0b547-70d6-45f3-a9cd-a325b4cefe1b]ResumenIniEsp.pdf
11250673;FONDECYT de Iniciación en Investigación 2025;2025;RESUMEN;https://post.conicyt.cl/frontend.php/version/6657e8e2d568dfab3d718f83/download/adjuntos?archivo=[898a4105-dd26-4cce-93fb-15b78fea3953]ResumenIniEsp.pdf
11250674;FONDECYT de Iniciación en Investigación 2025;2025;RESUMEN;https://post.conicyt.cl/frontend.php/version/66457010d568df6e3a5ce456/download/adjuntos?archivo=[c2579530-9429-4236-a868-7cc10c126ef6]Resumen Inclusion 2025.pdf
11250675;FONDECYT de Iniciación en Investigación 2025;2025;RESUMEN;https://post.conicyt.cl/frontend.php/version/66550130d64ab99e5d0f7842/download/adjuntos?archivo=[fab36f57-3e69-4935-950d-aaac5ace09b5]AbstractIniEng.pdf
11250677;FONDECYT de Iniciación en Investigación 2025;2025;RESUMEN;https://post.conicyt.cl/frontend.php/version/66575901d486059a5f684b45/download/adjuntos?archivo=[bd9efe74-f2c6-4ff2-bf37-a6f6be96ec27]AbstractIniEng_2025.pdf
11250678;FONDECYT de Iniciación en Investigación 2025;2025;RESUMEN;https://post.conicyt.cl/frontend.php/version/66552fd8d64ab9866e0f7842/download/adjuntos?archivo=[92d501bc-c269-475c-b18d-42e33a1c3b9a]ResumenIniEsp.pdf
11250681;FONDECYT de Iniciación en Investigación 2025;2025;RESUMEN;https://post.conicyt.cl/frontend.php/version/6657791cd486054376684b40/download/adjuntos?archivo=[dbf83ec2-feab-4713-91eb-120cab3b0184]AbstractIniEng_v2.pdf
11250682;FONDECYT de Iniciación en Investigación 2025;2025;RESUMEN;https://post.conicyt.cl/frontend.php/version/6654ecdad64ab93a5d0f783f/download/adjuntos?archivo=[bded1064-13ea-4ab2-a472-c39f1387e732]AbstractIniEng.pdf
11250683;FONDECYT de Iniciación en Investigación 2025;2025;RESUMEN;https://post.conicyt.cl/frontend.php/version/6658a882d568df2f17718f89/download/adjuntos?archivo=[fe041e20-d8aa-4f65-aa0d-158a878f2f16]AbstractIniEng.pdf
11250685;FONDECYT de Iniciación en Investigación 2025;2025;RESUMEN;https://post.conicyt.cl/frontend.php/version/6658ca7cd64ab92c13f4ab88/download/adjuntos?archivo=[671d3395-1f76-4756-a969-d2ecfd81f641]AbstractIniEng.pdf
11250692;FONDECYT de Iniciación en Investigación 2025;2025;RESUMEN;https://post.conicyt.cl/frontend.php/version/66574f19d64ab9136ff4ab83/download/adjuntos?archivo=[65a76fa7-42c9-408a-a25e-72526e1e32f7]ResumenIniEsp_2025.pdf
11250693;FONDECYT de Iniciación en Investigación 2025;2025;RESUMEN;https://post.conicyt.cl/frontend.php/version/665796f3d568df0a28718f82/download/adjuntos?archivo=[7fc933fd-a442-45e8-a2aa-3907bbd0be5f]ResumenIni.pdf
11250694;FONDECYT de Iniciación en Investigación 2025;2025;RESUMEN;https://post.conicyt.cl/frontend.php/version/6655f26fd2c2513160c2d7c0/download/adjuntos?archivo=[d9826e37-6da4-4eac-b147-ce4a40d453e9]AbstractIniEng.pdf
11250696;FONDECYT de Iniciación en Investigación 2025;2025;RESUMEN;https://post.conicyt.cl/frontend.php/version/6654768ed568df6f0929b78b/download/adjuntos?archivo=[284bd25e-5542-42f8-8c98-8c2269770829]AbstractIniEng.pdf
11250698;FONDECYT de Iniciación en Investigación 2025;2025;RESUMEN;https://post.conicyt.cl/frontend.php/version/665643a6d3a42b7012bdbd18/download/adjuntos?archivo=[5e535936-0811-446e-8f7f-b31f383d81a5]ResumenIniEsp.pdf
11250699;FONDECYT de Iniciación en Investigación 2025;2025;RESUMEN;https://post.conicyt.cl/frontend.php/version/66560485d568dfc16c29b78b/download/adjuntos?archivo=[ff78c16a-77a2-48d0-941b-22a3d0be1953]ResumenIniEsp.pdf
11250700;FONDECYT de Iniciación en Investigación 2025;2025;RESUMEN;https://post.conicyt.cl/frontend.php/version/66457558d2c2513b104596fb/download/adjuntos?archivo=[6ac99a8d-4a64-427d-82bc-022b642f295a]AbstractIniEng.pdf
11250701;FONDECYT de Iniciación en Investigación 2025;2025;RESUMEN;https://post.conicyt.cl/frontend.php/version/665697e9d568dfe328718f83/download/adjuntos?archivo=[368ad686-da5e-49d3-b2aa-40b09b8eeb4a]ResumenIniEsp.pdf
11250702;FONDECYT de Iniciación en Investigación 2025;2025;RESUMEN;https://post.conicyt.cl/frontend.php/version/665837ffd64ab9b753f4ab82/download/adjuntos?archivo=[cc9b98bd-f28a-4646-9fda-238086e9e788]AbstractIniEng.pdf
11250703;FONDECYT de Iniciación en Investigación 2025;2025;RESUMEN;https://post.conicyt.cl/frontend.php/version/6654d72cd48605e92d0e07f7/download/adjuntos?archivo=[11e6cf01-1412-49b2-b23a-f9067146670b]ProposalAbstract.pdf
11250705;FONDECYT de Iniciación en Investigación 2025;2025;RESUMEN;https://post.conicyt.cl/frontend.php/version/6659d6edd64ab98716f4ab84/download/adjuntos?archivo=[75d916a0-cc18-4c44-9c62-25262726effb]AbstractIniEng final.pdf
11250706;FONDECYT de Iniciación en Investigación 2025;2025;RESUMEN;https://post.conicyt.cl/frontend.php/version/6654e47ed568df6f6129b78a/download/adjuntos?archivo=[d4da5b1f-c989-4df7-91cf-72accf41a316]AbstractIniEng.pdf
11250707;FONDECYT de Iniciación en Investigación 2025;2025;RESUMEN;https://post.conicyt.cl/frontend.php/version/6659e1b2d568df4e28718f87/download/adjuntos?archivo=[fda3c9ea-9610-42c1-bbac-f256e5dcd500]ResumenIniEsp.pdf
11250710;FONDECYT de Iniciación en Investigación 2025;2025;RESUMEN;https://post.conicyt.cl/frontend.php/version/6659430bd64ab93d4cf4ab85/download/adjuntos?archivo=[1255e1a5-ac57-4455-91b3-a26b3bcd7060]ResumenIniEsp.pdf
11250715;FONDECYT de Iniciación en Investigación 2025;2025;RESUMEN;https://post.conicyt.cl/frontend.php/version/664f4bc8d2c251b512e3a082/download/adjuntos?archivo=[5dc28e68-c003-4043-ad63-75a1a118b0de]AbstractIniEng.pdf
11250716;FONDECYT de Iniciación en Investigación 2025;2025;RESUMEN;https://post.conicyt.cl/frontend.php/version/66457ba5d48605421bc64adc/download/adjuntos?archivo=[1ced3963-8dc4-4a0b-afc6-1de0daa22bad]Abstract.pdf
11250719;FONDECYT de Iniciación en Investigación 2025;2025;RESUMEN;https://post.conicyt.cl/frontend.php/version/6657c948d64ab92317f4ab87/download/adjuntos?archivo=[ccfd1126-96cf-40b0-bd3d-9fb317704ae8]ResumenIniEsp.pdf
11250720;FONDECYT de Iniciación en Investigación 2025;2025;RESUMEN;https://post.conicyt.cl/frontend.php/version/66587c1dd48605b866684b42/download/adjuntos?archivo=[e4222e2e-342a-4417-991f-0b0718ace1fa]AbstractIniEng.pdf
11250723;FONDECYT de Iniciación en Investigación 2025;2025;RESUMEN;https://post.conicyt.cl/frontend.php/version/6657b604d568dff32c718f83/download/adjuntos?archivo=[cb1c62a0-2080-4ab3-b390-8a6e4769da6c]AbstractIniEng_v1.pdf
11250725;FONDECYT de Iniciación en Investigación 2025;2025;RESUMEN;https://post.conicyt.cl/frontend.php/version/66554324d568dfc10529b78d/download/adjuntos?archivo=[cd4808b1-ac6e-44d5-8055-c2c2e3b53e8b]AbstractIniEng_initiation_2025.pdf
11250726;FONDECYT de Iniciación en Investigación 2025;2025;RESUMEN;https://post.conicyt.cl/frontend.php/version/6653e6b9d568dfb37729b78c/download/adjuntos?archivo=[34725558-5e63-4c88-9504-72a223291e53]ResumenIniEsp.pdf
11250727;FONDECYT de Iniciación en Investigación 2025;2025;RESUMEN;https://post.conicyt.cl/frontend.php/version/66457c30d568df403f5ce456/download/adjuntos?archivo=[5a3164f1-4bf9-48dd-85d9-73e0fc724b4c]AbstractIniEng.pdf
11250729;FONDECYT de Iniciación en Investigación 2025;2025;RESUMEN;https://post.conicyt.cl/frontend.php/version/665816acd568dfab3d718f89/download/adjuntos?archivo=[2874babc-5ac7-4222-a165-fa5d8112cb88]AbstractIniEng.pdf
11250730;FONDECYT de Iniciación en Investigación 2025;2025;RESUMEN;https://post.conicyt.cl/frontend.php/version/66562ae6d3a42b6f12bdbd15/download/adjuntos?archivo=[be65870c-4613-4e24-824d-06497081b1cf]AbstractIniEng.pdf
11250731;FONDECYT de Iniciación en Investigación 2025;2025;RESUMEN;https://post.conicyt.cl/frontend.php/version/6647e46dd48605b379c64ae0/download/adjuntos?archivo=[62d3fe85-e750-4d4f-938a-d8684ee49e4b]Abstract.pdf
11250733;FONDECYT de Iniciación en Investigación 2025;2025;RESUMEN;https://post.conicyt.cl/frontend.php/version/66457ed7d568df413f5ce459/download/adjuntos?archivo=[3fb8fd24-f2fb-4176-a0e8-8594bde5ae9f]AbstractIniEng.pdf
11250735;FONDECYT de Iniciación en Investigación 2025;2025;RESUMEN;https://post.conicyt.cl/frontend.php/version/664e9f54d64ab9f17ec87ca3/download/adjuntos?archivo=[30f139bc-95b6-4a9c-ba7b-2ee89542636c]ResumenIniEsp.pdf
11250739;FONDECYT de Iniciación en Investigación 2025;2025;RESUMEN;https://post.conicyt.cl/frontend.php/version/6658a38dd568df4017718f84/download/adjuntos?archivo=[0d9faf42-8038-437a-8e63-a73651450a50]AbstractIniEng.pdf
11250742;FONDECYT de Iniciación en Investigación 2025;2025;RESUMEN;https://post.conicyt.cl/frontend.php/version/6654c995d3a42b4869ac8dfe/download/adjuntos?archivo=[0c40a911-ff8d-4ade-8325-1d7a41db728b]ResumenIniEsp.pdf
11250743;FONDECYT de Iniciación en Investigación 2025;2025;RESUMEN;https://post.conicyt.cl/frontend.php/version/66573d2fd64ab91b66f4ab82/download/adjuntos?archivo=[e2b11ada-f653-4c79-8e43-1ca15e6db342]AbstractIniEng.pdf
11250744;FONDECYT de Iniciación en Investigación 2025;2025;RESUMEN;https://post.conicyt.cl/frontend.php/version/66547f02d486058b1b0e07f3/download/adjuntos?archivo=[1da0debd-806e-4a87-98cc-7fc60ef04510]ResumenIniEsp2025.pdf
11250748;FONDECYT de Iniciación en Investigación 2025;2025;RESUMEN;https://post.conicyt.cl/frontend.php/version/6655e873d4860523380e07f3/download/adjuntos?archivo=[81335a47-eec6-40b6-91ed-feeea5423734]Resumen Proyecto.pdf
11250759;FONDECYT de Iniciación en Investigación 2025;2025;RESUMEN;https://post.conicyt.cl/frontend.php/version/6645847fd568df563a5ce45d/download/adjuntos?archivo=[2b194cf8-c59e-4fd9-b352-fe4e7b71821b]AbstractIniEng.pdf
11250766;FONDECYT de Iniciación en Investigación 2025;2025;RESUMEN;https://post.conicyt.cl/frontend.php/version/66550205d3a42b757cac8dff/download/adjuntos?archivo=[a630dd6e-2f36-4152-be31-59c12208b588]ResumenIniEsp_2025.pdf
11250771;FONDECYT de Iniciación en Investigación 2025;2025;RESUMEN;https://post.conicyt.cl/frontend.php/version/66588ad9d568df6c13718f82/download/adjuntos?archivo=[1c43f353-81a1-4be7-9e28-2cda1ada26aa]ResumenIniEsp_27may.pdf
11250777;FONDECYT de Iniciación en Investigación 2025;2025;RESUMEN;https://post.conicyt.cl/frontend.php/version/66576042d568df0e0d718f83/download/adjuntos?archivo=[fd531fa0-62bf-486b-b672-41d1fd45640d]ResumenIniEsp.pdf
11250780;FONDECYT de Iniciación en Investigación 2025;2025;RESUMEN;https://post.conicyt.cl/frontend.php/version/66554df0d568dfc10529b78f/download/adjuntos?archivo=[0ee6023a-d4aa-47b2-bfa0-be97c01d3edf]AbstractIniEng.pdf
11250783;FONDECYT de Iniciación en Investigación 2025;2025;RESUMEN;https://post.conicyt.cl/frontend.php/version/66552605d2c2513765c2d7c3/download/adjuntos?archivo=[bdc6323d-0518-4c39-ada8-a1e3ab52925b]AbstractIniEng.pdf
11250784;FONDECYT de Iniciación en Investigación 2025;2025;RESUMEN;https://post.conicyt.cl/frontend.php/version/6657aed5d486050b08684b41/download/adjuntos?archivo=[90fd7206-3fee-4470-9253-b57319279696]RESUMEN.pdf
11250786;FONDECYT de Iniciación en Investigación 2025;2025;RESUMEN;https://post.conicyt.cl/frontend.php/version/665745b1d64ab91f68f4ab85/download/adjuntos?archivo=[f18e6227-cfdc-4b23-a1ef-2739fdb11b92]resumen_2024_c_.pdf
11250791;FONDECYT de Iniciación en Investigación 2025;2025;RESUMEN;https://post.conicyt.cl/frontend.php/version/6659ed2dd568df9f32718f81/download/adjuntos?archivo=[b65f41b9-954f-4dc9-91fe-498cbf6f61ee]Resumen.pdf
11250799;FONDECYT de Iniciación en Investigación 2025;2025;RESUMEN;https://post.conicyt.cl/frontend.php/version/66548dd7d486059a210e07f3/download/adjuntos?archivo=[bad317b6-a88e-4592-a901-8af1714b639f]ResumenIniEsp.pdf
11250801;FONDECYT de Iniciación en Investigación 2025;2025;RESUMEN;https://post.conicyt.cl/frontend.php/version/665209bad3a42b3b11b4dce9/download/adjuntos?archivo=[0d6a7b7b-148a-4747-8534-793556187c11]1. Resumen.pdf
11250804;FONDECYT de Iniciación en Investigación 2025;2025;RESUMEN;https://post.conicyt.cl/frontend.php/version/66563550d486050d5b684b42/download/adjuntos?archivo=[5ea7c74d-8209-4163-86bd-064fc1580b08]ResumenIniEsp_2025.pdf
11250805;FONDECYT de Iniciación en Investigación 2025;2025;RESUMEN;https://post.conicyt.cl/frontend.php/version/66556780d568dfa70529b790/download/adjuntos?archivo=[707dadaf-9b17-49d3-8b28-4e807705c19d]PROPOSAL ABSTRACT.pdf
11250807;FONDECYT de Iniciación en Investigación 2025;2025;RESUMEN;https://post.conicyt.cl/frontend.php/version/66458f1dd3a42bc662e55613/download/adjuntos?archivo=[43bd8968-e1b3-48e9-a204-82a8b7f3fe03]AbstractIniEng.pdf
11250820;FONDECYT de Iniciación en Investigación 2025;2025;RESUMEN;https://post.conicyt.cl/frontend.php/version/66566637d64ab96c7bf4ab87/download/adjuntos?archivo=[17629f1a-ec39-41d6-b65f-b0eea6697d32]Resumen.pdf
11250823;FONDECYT de Iniciación en Investigación 2025;2025;RESUMEN;https://post.conicyt.cl/frontend.php/version/6659cc54d486055066684b44/download/adjuntos?archivo=[ebc8634d-2134-4493-9c69-60f627a95a82]AbstractIniEng _1_.pdf
11250829;FONDECYT de Iniciación en Investigación 2025;2025;RESUMEN;https://post.conicyt.cl/frontend.php/version/6654d8c2d64ab9153d0f7843/download/adjuntos?archivo=[a08dd5ba-967c-4011-8550-53598f5197a0]1_ResumenIniEsp_proyecto.pdf
11250831;FONDECYT de Iniciación en Investigación 2025;2025;RESUMEN;https://post.conicyt.cl/frontend.php/version/6659caa1d48605b45f684b43/download/adjuntos?archivo=[676c566a-9c75-49a8-82f8-c6cc9d42d26e]AbstractIniEng.pdf
11250833;FONDECYT de Iniciación en Investigación 2025;2025;RESUMEN;https://post.conicyt.cl/frontend.php/version/66559bc4d48605fb7e0e07f5/download/adjuntos?archivo=[a93d6d94-98a3-450c-8636-d56c1d1a24ed]ResumenIniEsp.pdf
11250835;FONDECYT de Iniciación en Investigación 2025;2025;RESUMEN;https://post.conicyt.cl/frontend.php/version/665a13d2d568df582c718f86/download/adjuntos?archivo=[29423e96-591a-45b1-b51f-3a2756396428]AbstractIniEng.pdf
11250842;FONDECYT de Iniciación en Investigación 2025;2025;RESUMEN;https://post.conicyt.cl/frontend.php/version/66567eb4d568dfdd28718f83/download/adjuntos?archivo=[6d15d180-1802-40ac-8620-5ea8b378c4a6]AbstractIniEng.pdf
11250843;FONDECYT de Iniciación en Investigación 2025;2025;RESUMEN;https://post.conicyt.cl/frontend.php/version/6659f234d64ab9f91cf4ab82/download/adjuntos?archivo=[26a81ef7-9c53-44db-a5ad-ddc5f7985cda]Abstract.pdf
11250844;FONDECYT de Iniciación en Investigación 2025;2025;RESUMEN;https://post.conicyt.cl/frontend.php/version/6657be0ed64ab90915f4ab86/download/adjuntos?archivo=[fc8a1cad-72c0-40e0-84e9-28ba47a6aa1f]AbstractIniEng.pdf
11250853;FONDECYT de Iniciación en Investigación 2025;2025;RESUMEN;https://post.conicyt.cl/frontend.php/version/66459ae3d2c251d0274596f9/download/adjuntos?archivo=[cf74adc4-8629-4033-a9aa-a6173dc0e568]AbstractIniEng.pdf
11250854;FONDECYT de Iniciación en Investigación 2025;2025;RESUMEN;https://post.conicyt.cl/frontend.php/version/6654f167d48605a64e0e07f3/download/adjuntos?archivo=[c5851082-23fa-4e6c-be89-755c0c10bfa5]AbstractIniEng.pdf
11250856;FONDECYT de Iniciación en Investigación 2025;2025;RESUMEN;https://post.conicyt.cl/frontend.php/version/6654fc4bd2c2513e65c2d7c0/download/adjuntos?archivo=[b05eb25a-2b55-4342-95d6-715536709d55]AbstractIniEng.pdf
11250865;FONDECYT de Iniciación en Investigación 2025;2025;RESUMEN;https://post.conicyt.cl/frontend.php/version/6653ba4ed2c2517128c2d7c2/download/adjuntos?archivo=[3a5869ef-e8a2-49a5-9301-ea6761553dff]AbstractIniEng.pdf
11250867;FONDECYT de Iniciación en Investigación 2025;2025;RESUMEN;https://post.conicyt.cl/frontend.php/version/6654ea27d64ab9395d0f783f/download/adjuntos?archivo=[7bfc926b-e501-43f2-8c70-ce3f49302ca5]AbstractIniEng.pdf
11250868;FONDECYT de Iniciación en Investigación 2025;2025;RESUMEN;https://post.conicyt.cl/frontend.php/version/66592fb1d486051a3c684b40/download/adjuntos?archivo=[7cffe673-ae0d-477b-8544-063058365f4e]AbstractIniEng.pdf
11250870;FONDECYT de Iniciación en Investigación 2025;2025;RESUMEN;https://post.conicyt.cl/frontend.php/version/6656458dd3a42b6412bdbd16/download/adjuntos?archivo=[93e1624d-d5c4-4fa3-8e4e-1f413b44f356]1 ResumenIniEsp.pdf
11250878;FONDECYT de Iniciación en Investigación 2025;2025;RESUMEN;https://post.conicyt.cl/frontend.php/version/6654e6efd2c251203bc2d7c6/download/adjuntos?archivo=[5f56305a-320b-4dc7-93bc-88c066035f55]AbstractIniEng _3_.pdf
11250888;FONDECYT de Iniciación en Investigación 2025;2025;RESUMEN;https://post.conicyt.cl/frontend.php/version/6655149fd3a42ba011ac8dfe/download/adjuntos?archivo=[9b1048a6-7437-49a0-a9ba-cad143b83e00]AbstractIniEng.pdf
11250892;FONDECYT de Iniciación en Investigación 2025;2025;RESUMEN;https://post.conicyt.cl/frontend.php/version/6652159ad486050009cc2c60/download/adjuntos?archivo=[c9f7c009-3d65-4787-b4ce-18dafdb2bb71]Abstract_In_iEng.pdf
11250893;FONDECYT de Iniciación en Investigación 2025;2025;RESUMEN;https://post.conicyt.cl/frontend.php/version/66561b30d3a42b9503bdbd1a/download/adjuntos?archivo=[c1e33bf3-bad6-4a6d-860c-b8fa144db9eb]0_AbstractIniEng.pdf
11250894;FONDECYT de Iniciación en Investigación 2025;2025;RESUMEN;https://post.conicyt.cl/frontend.php/version/66575d13d48605b269684b40/download/adjuntos?archivo=[9f0a3c0d-2a10-4438-9684-ab4f731c4ea6]AbstractIniEng.pdf
11250901;FONDECYT de Iniciación en Investigación 2025;2025;RESUMEN;https://post.conicyt.cl/frontend.php/version/6658ad77d64ab92413f4ab82/download/adjuntos?archivo=[f890fa11-69ad-49ce-82ba-60f5e88eb321]AbstractIniEng.pdf
11250903;FONDECYT de Iniciación en Investigación 2025;2025;RESUMEN;https://post.conicyt.cl/frontend.php/version/66548b75d568dfb22b29b78d/download/adjuntos?archivo=[32bf5d29-2f51-46b0-9ed4-b5a242f72c58]AbstractIniEng.pdf
11250908;FONDECYT de Iniciación en Investigación 2025;2025;RESUMEN;https://post.conicyt.cl/frontend.php/version/6656ed20d64ab95f2af4ab86/download/adjuntos?archivo=[ec792a10-759e-42b2-8b77-87870caaa044]ResumenIniEsp 150524.pdf
11250909;FONDECYT de Iniciación en Investigación 2025;2025;RESUMEN;https://post.conicyt.cl/frontend.php/version/664e84f2d486051e5ae048d8/download/adjuntos?archivo=[c36723b8-08c3-49ac-88c5-cb072005d38c]AbstractIniEng.pdf
11250910;FONDECYT de Iniciación en Investigación 2025;2025;RESUMEN;https://post.conicyt.cl/frontend.php/version/6654ac63d48605e21b0e07f6/download/adjuntos?archivo=[42b61500-34e2-4a68-92e6-e6dd93d4365f]AbstractIniEng.pdf
11250914;FONDECYT de Iniciación en Investigación 2025;2025;RESUMEN;https://post.conicyt.cl/frontend.php/version/66596b5fd64ab9fb63f4ab82/download/adjuntos?archivo=[865e3e6a-dba8-4008-93dd-125e67dc1033]AbstractIniEng_2025.pdf
11250923;FONDECYT de Iniciación en Investigación 2025;2025;RESUMEN;https://post.conicyt.cl/frontend.php/version/6658dc81d64ab9ee26f4ab83/download/adjuntos?archivo=[d2dd3b91-f38b-41ba-a230-79aefa9b7a8f]ResumenIniEsp.pdf
11250933;FONDECYT de Iniciación en Investigación 2025;2025;RESUMEN;https://post.conicyt.cl/frontend.php/version/6652cf5fd64ab9fe547a4794/download/adjuntos?archivo=[fdea8647-74c1-4b56-ab1d-7e8f97525d67]Resumen proyecto.pdf
11250935;FONDECYT de Iniciación en Investigación 2025;2025;RESUMEN;https://post.conicyt.cl/frontend.php/version/6645e6d2d64ab956541a1e99/download/adjuntos?archivo=[f8eb89f3-1ce7-45e2-ab7d-4870906abcda]AbstractIniEng.pdf
11250944;FONDECYT de Iniciación en Investigación 2025;2025;RESUMEN;https://post.conicyt.cl/frontend.php/version/66554aa2d2c2513765c2d7c5/download/adjuntos?archivo=[629e61d8-536f-40e7-9bc1-9686d0e26a83]AbstractIniEng.pdf
11250946;FONDECYT de Iniciación en Investigación 2025;2025;RESUMEN;https://post.conicyt.cl/frontend.php/version/665622f5d2c251f577bd4291/download/adjuntos?archivo=[57ac6d0a-3bdd-4954-99eb-107e05e6ac0c]1. ResumenIni.pdf
11250947;FONDECYT de Iniciación en Investigación 2025;2025;RESUMEN;https://post.conicyt.cl/frontend.php/version/6658de6ad568dfd43c718f82/download/adjuntos?archivo=[95c4fdaf-2301-4a32-9120-f9f80b8b19e2]ResumenIniEsp.pdf
11250950;FONDECYT de Iniciación en Investigación 2025;2025;RESUMEN;https://post.conicyt.cl/frontend.php/version/6654bc82d568dffa5229b78d/download/adjuntos?archivo=[528f8dc7-0b03-4954-ad95-20600eb5983b]AbstractIniEng_15052024.pdf
11250951;FONDECYT de Iniciación en Investigación 2025;2025;RESUMEN;https://post.conicyt.cl/frontend.php/version/665475b3d48605911b0e07f3/download/adjuntos?archivo=[721a5428-175f-4860-83c4-efd377cc4b7c]ResumenIniEsp.pdf
11250962;FONDECYT de Iniciación en Investigación 2025;2025;RESUMEN;https://post.conicyt.cl/frontend.php/version/6658db55d568dfc63c718f81/download/adjuntos?archivo=[a6817275-1281-41c3-a2ba-f12258454b86]AbstractIniEng.pdf
11250968;FONDECYT de Iniciación en Investigación 2025;2025;RESUMEN;https://post.conicyt.cl/frontend.php/version/6657cf93d64ab91f17f4ab85/download/adjuntos?archivo=[27a5ad92-510f-43ad-8590-e10c4166f6c4]1 AbstractIniEng 240516.pdf
11250969;FONDECYT de Iniciación en Investigación 2025;2025;RESUMEN;https://post.conicyt.cl/frontend.php/version/664f4453d64ab9705ec87ca1/download/adjuntos?archivo=[d2137627-34df-4274-a5e8-5575efb84604]AbstractIniEng.pdf
11250974;FONDECYT de Iniciación en Investigación 2025;2025;RESUMEN;https://post.conicyt.cl/frontend.php/version/6654ef17d64ab99e5d0f783f/download/adjuntos?archivo=[66fbdaf5-e229-40f1-863d-945d01c15348]VF ResumenIniEsp.pdf
11250976;FONDECYT de Iniciación en Investigación 2025;2025;RESUMEN;https://post.conicyt.cl/frontend.php/version/6650a21fd3a42b0a76e0db0c/download/adjuntos?archivo=[792ed89a-232d-44b4-bf9a-bfb82238744a]AbstractIniEng.pdf
11250981;FONDECYT de Iniciación en Investigación 2025;2025;RESUMEN;https://post.conicyt.cl/frontend.php/version/6658f964d568dfcf3c718f84/download/adjuntos?archivo=[43783499-89a7-4855-b967-9743346cc1f8]ResumenIniEsp.pdf
11250991;FONDECYT de Iniciación en Investigación 2025;2025;RESUMEN;https://post.conicyt.cl/frontend.php/version/66565771d64ab9757bf4ab84/download/adjuntos?archivo=[753fe846-fe24-4b04-843c-3e4a0834a9a1]AbstractIniEng _2_.pdf
11250993;FONDECYT de Iniciación en Investigación 2025;2025;RESUMEN;https://post.conicyt.cl/frontend.php/version/66509d87d3a42b065fe0db0c/download/adjuntos?archivo=[ede48276-81da-4ca4-8128-723b8ab50629]Abstract Fond inicio24.pdf
11250997;FONDECYT de Iniciación en Investigación 2025;2025;RESUMEN;https://post.conicyt.cl/frontend.php/version/66460e07d64ab9ab651a1e99/download/adjuntos?archivo=[0cbdb1d4-a05e-4eba-9e2e-24f199e41973]AbstractIniEng.pdf
11251002;FONDECYT de Iniciación en Investigación 2025;2025;RESUMEN;https://post.conicyt.cl/frontend.php/version/66460f9ad64ab9d6671a1e9a/download/adjuntos?archivo=[0fa2700d-ef15-414a-b0c8-109a01e34dac]AbstractIniEng_final.pdf
11251003;FONDECYT de Iniciación en Investigación 2025;2025;RESUMEN;https://post.conicyt.cl/frontend.php/version/665a215bd568df043b718f82/download/adjuntos?archivo=[35ee89de-5424-4cf5-8a60-7eea152dfef5]AbstractIniEng_Final.pdf
11251012;FONDECYT de Iniciación en Investigación 2025;2025;RESUMEN;https://post.conicyt.cl/frontend.php/version/6658e84bd48605f718684b40/download/adjuntos?archivo=[4a5b9fdd-7bd7-40b8-968c-59468dd8ff2d]AbstractIniEng.pdf
11251013;FONDECYT de Iniciación en Investigación 2025;2025;RESUMEN;https://post.conicyt.cl/frontend.php/version/6655ff8ad64ab9d1550f783f/download/adjuntos?archivo=[1e8f4176-e1c3-4ddf-babe-457f5bcbb884]1. AbstractIniEng.pdf
11251014;FONDECYT de Iniciación en Investigación 2025;2025;RESUMEN;https://post.conicyt.cl/frontend.php/version/6657e699d568dfd72c718f83/download/adjuntos?archivo=[b9c65b60-09cc-43cc-b2eb-b5989f6b4d3a]Abstract_final.pdf
11251017;FONDECYT de Iniciación en Investigación 2025;2025;RESUMEN;https://post.conicyt.cl/frontend.php/version/6655ec28d568df924129b78c/download/adjuntos?archivo=[b49ace1a-3669-4813-9f27-fa6dc5a464c9]AbstractIniEng16.pdf
11251022;FONDECYT de Iniciación en Investigación 2025;2025;RESUMEN;https://post.conicyt.cl/frontend.php/version/66461402d486054859c64adf/download/adjuntos?archivo=[f45ac775-b220-4157-aef7-806c01d2948e]ResumenIniEsp.pdf
11251024;FONDECYT de Iniciación en Investigación 2025;2025;RESUMEN;https://post.conicyt.cl/frontend.php/version/6654ce5cd2c251bc31c2d7c4/download/adjuntos?archivo=[5330d57d-f27c-4e1e-a967-0f4c0d52025a]AbstractIniEng_2024.pdf
11251027;FONDECYT de Iniciación en Investigación 2025;2025;RESUMEN;https://post.conicyt.cl/frontend.php/version/664f5418d2c251df0de3a082/download/adjuntos?archivo=[f2248498-12fe-4f23-be7f-7a9454c1922f]AbstractIniEng.pdf
11251032;FONDECYT de Iniciación en Investigación 2025;2025;RESUMEN;https://post.conicyt.cl/frontend.php/version/66576bb0d64ab9b677f4ab86/download/adjuntos?archivo=[7913198d-c9b5-4e1f-aa56-7d44cc21a6e0]Resumen.pdf
11251033;FONDECYT de Iniciación en Investigación 2025;2025;RESUMEN;https://post.conicyt.cl/frontend.php/version/6654f3d8d568df6b7329b78b/download/adjuntos?archivo=[bcc49139-bde4-47de-a3f0-31e6fece6789]ResumenIniEsp.pdf
11251036;FONDECYT de Iniciación en Investigación 2025;2025;RESUMEN;https://post.conicyt.cl/frontend.php/version/665659edd568dfeb13718f84/download/adjuntos?archivo=[91488415-5534-47a8-bfcf-6547724e8660]Abstract_Ini_2025.pdf
11251041;FONDECYT de Iniciación en Investigación 2025;2025;RESUMEN;https://post.conicyt.cl/frontend.php/version/665649b3d64ab9757bf4ab82/download/adjuntos?archivo=[9cee5417-9eaa-4870-84bc-86223d8e9fc9]ResumenIniEsp.pdf
11251042;FONDECYT de Iniciación en Investigación 2025;2025;RESUMEN;https://post.conicyt.cl/frontend.php/version/66578cabd568dfcd23718f81/download/adjuntos?archivo=[2248696b-8d08-4681-afa1-a3deb5313865]AbstractIniEng.pdf
11251043;FONDECYT de Iniciación en Investigación 2025;2025;RESUMEN;https://post.conicyt.cl/frontend.php/version/6658db96d64ab90c27f4ab83/download/adjuntos?archivo=[eccf74ea-b5bf-497d-8c9d-52780d753935]Abstract.pdf
11251044;FONDECYT de Iniciación en Investigación 2025;2025;RESUMEN;https://post.conicyt.cl/frontend.php/version/6657aa5ed64ab9c00df4ab87/download/adjuntos?archivo=[61625c37-fafe-4e84-a724-bab4036aef09]ResumenIniEsp.pdf
11251046;FONDECYT de Iniciación en Investigación 2025;2025;RESUMEN;https://post.conicyt.cl/frontend.php/version/66563c38d2c2518a79bd428c/download/adjuntos?archivo=[e2fca936-6c04-479d-a725-c49fff462266]ResumenIniEsp.pdf
11251048;FONDECYT de Iniciación en Investigación 2025;2025;RESUMEN;https://post.conicyt.cl/frontend.php/version/6659c308d568dfeb04718f82/download/adjuntos?archivo=[0b2a800e-2947-46cc-9ea4-2ea93887db92]AbstractIniEngFinal.pdf
11251049;FONDECYT de Iniciación en Investigación 2025;2025;RESUMEN;https://post.conicyt.cl/frontend.php/version/6655dae6d48605712d0e07f3/download/adjuntos?archivo=[0cd82587-7d8b-4b46-a9c0-b32ccf323628]ResumenIniEsp.pdf
11251052;FONDECYT de Iniciación en Investigación 2025;2025;RESUMEN;https://post.conicyt.cl/frontend.php/version/6658a602d486051f71684b41/download/adjuntos?archivo=[9c6282ab-7b99-4208-9a07-edc90d05573c]01_AbstractIniEng _ 672336.pdf
11251055;FONDECYT de Iniciación en Investigación 2025;2025;RESUMEN;https://post.conicyt.cl/frontend.php/version/66579be0d568df282b718f82/download/adjuntos?archivo=[038382d5-9ed9-48fd-b9ab-ccc64a143b89]AbstractIniEng 14_05 Fondecyt Inicio.pdf
11251057;FONDECYT de Iniciación en Investigación 2025;2025;RESUMEN;https://post.conicyt.cl/frontend.php/version/665787f7d486058a7b684b40/download/adjuntos?archivo=[19f55129-60a0-4da3-9524-791f3babda3d]Abstract.pdf
11251065;FONDECYT de Iniciación en Investigación 2025;2025;RESUMEN;https://post.conicyt.cl/frontend.php/version/6657d581d48605bc08684b46/download/adjuntos?archivo=[191e5981-5d3a-430f-8e7a-30f0ab2953bb]ResumenIniEsp.pdf
11251068;FONDECYT de Iniciación en Investigación 2025;2025;RESUMEN;https://post.conicyt.cl/frontend.php/version/6658906ed486052871684b40/download/adjuntos?archivo=[0a21ef5d-8416-4bbb-b1ad-bc449705fe2d]ResumenIniEsp 15.05.pdf
11251070;FONDECYT de Iniciación en Investigación 2025;2025;RESUMEN;https://post.conicyt.cl/frontend.php/version/66590c5dd64ab9dd26f4ab86/download/adjuntos?archivo=[503c19a0-d61d-4ac6-91ac-8e6e2de8cfda]AbstractIniEng.pdf
11251073;FONDECYT de Iniciación en Investigación 2025;2025;RESUMEN;https://post.conicyt.cl/frontend.php/version/664ec6a5d568df4716f0ca95/download/adjuntos?archivo=[0c121d23-2a4d-40ee-b1b1-98b76e4b8ce9]AbstractIniEng.pdf
11251074;FONDECYT de Iniciación en Investigación 2025;2025;RESUMEN;https://post.conicyt.cl/frontend.php/version/6658b799d48605fb70684b44/download/adjuntos?archivo=[5e132d87-5e21-46f1-921f-3ec7bf2ec577]AbstractIniEng1.pdf
11251076;FONDECYT de Iniciación en Investigación 2025;2025;RESUMEN;https://post.conicyt.cl/frontend.php/version/6657845cd48605aa7a684b41/download/adjuntos?archivo=[0835d58a-3b46-44b1-9a85-46872885062c]ResumenIniEsp1.pdf
11251077;FONDECYT de Iniciación en Investigación 2025;2025;RESUMEN;https://post.conicyt.cl/frontend.php/version/6657b523d64ab90a17f4ab84/download/adjuntos?archivo=[c12137fc-eb27-46c4-b040-c2f3dd12c984]AbstractIniEng.pdf
11251078;FONDECYT de Iniciación en Investigación 2025;2025;RESUMEN;https://post.conicyt.cl/frontend.php/version/665833b4d568df5250718f83/download/adjuntos?archivo=[3026344a-7183-4b9d-8668-25187542850f]Abstract.pdf
11251086;FONDECYT de Iniciación en Investigación 2025;2025;RESUMEN;https://post.conicyt.cl/frontend.php/version/6655e50fd2c2515860c2d7bf/download/adjuntos?archivo=[60da52dc-a85d-4afa-a0b6-218db539804c]AbstractIniEng.pdf
11251088;FONDECYT de Iniciación en Investigación 2025;2025;RESUMEN;https://post.conicyt.cl/frontend.php/version/665898d9d64ab9a47cf4ab86/download/adjuntos?archivo=[dc82aef1-f886-4919-8e4f-c5dad14d7b33]AbstractIniEng_2025.pdf
11251090;FONDECYT de Iniciación en Investigación 2025;2025;RESUMEN;https://post.conicyt.cl/frontend.php/version/66461a09d2c251ed674596fb/download/adjuntos?archivo=[c9ba4603-3268-46a7-85ab-2a95b8bc3553]AbstractIniEng_filled.pdf
11251091;FONDECYT de Iniciación en Investigación 2025;2025;RESUMEN;https://post.conicyt.cl/frontend.php/version/6658fdb5d486050219684b4a/download/adjuntos?archivo=[c21231ec-f3d3-4f04-811a-8124b03fd3b1]ResumenIniEsp 1.pdf
11251092;FONDECYT de Iniciación en Investigación 2025;2025;RESUMEN;https://post.conicyt.cl/frontend.php/version/6654e98fd3a42b0b7cac8dfe/download/adjuntos?archivo=[4601d073-4cc2-4721-afb3-af531f0605f0]AbstractIniEng.pdf
11251097;FONDECYT de Iniciación en Investigación 2025;2025;RESUMEN;https://post.conicyt.cl/frontend.php/version/6654f835d64ab99e5d0f7841/download/adjuntos?archivo=[b502c247-ec20-416d-a538-1b7c8e14ea42]AbstractIniEng.pdf
11251098;FONDECYT de Iniciación en Investigación 2025;2025;RESUMEN;https://post.conicyt.cl/frontend.php/version/66461bc5d3a42b3129e5560e/download/adjuntos?archivo=[8047f0f7-067e-4894-a0a0-0cf5a6e80cae]Abstract.pdf
11251100;FONDECYT de Iniciación en Investigación 2025;2025;RESUMEN;https://post.conicyt.cl/frontend.php/version/66554051d568df677329b793/download/adjuntos?archivo=[0e19f8a4-68b2-483c-9af4-73e179f19f02]ResumenIniEsp 2025.pdf
11251103;FONDECYT de Iniciación en Investigación 2025;2025;RESUMEN;https://post.conicyt.cl/frontend.php/version/66574188d64ab91b66f4ab83/download/adjuntos?archivo=[7d5101e5-c7b5-4956-8f89-16862ef73bfb]AbstractIniEng 15.04.24.pdf
11251104;FONDECYT de Iniciación en Investigación 2025;2025;RESUMEN;https://post.conicyt.cl/frontend.php/version/66563ca4d568df8901718f85/download/adjuntos?archivo=[be37b76e-1d9f-4d66-b237-3d7f29af540d]ResumenIniEsp.pdf
11251105;FONDECYT de Iniciación en Investigación 2025;2025;RESUMEN;https://post.conicyt.cl/frontend.php/version/66461cadd568dfe6065ce457/download/adjuntos?archivo=[d0d9e8db-568c-48ef-be93-a950dd70738d]AbstractIniEng_2025.pdf
11251108;FONDECYT de Iniciación en Investigación 2025;2025;RESUMEN;https://post.conicyt.cl/frontend.php/version/6657d159d64ab9f716f4ab86/download/adjuntos?archivo=[ab1e0a1e-0520-458d-b646-3dcc2481aa9e]AbstractIniEng.pdf
11251109;FONDECYT de Iniciación en Investigación 2025;2025;RESUMEN;https://post.conicyt.cl/frontend.php/version/6658bf99d64ab92b13f4ab85/download/adjuntos?archivo=[30303fc0-0f5e-43d4-a640-64b3e56aa895]AbstractIniEng.pdf
11251110;FONDECYT de Iniciación en Investigación 2025;2025;RESUMEN;https://post.conicyt.cl/frontend.php/version/6658fb6ed48605f818684b40/download/adjuntos?archivo=[a51e755b-4b19-4472-9fe2-82a0bae6a7d2]ResumenIniEsp.pdf
11251113;FONDECYT de Iniciación en Investigación 2025;2025;RESUMEN;https://post.conicyt.cl/frontend.php/version/6654a00bd486059a210e07f6/download/adjuntos?archivo=[f984df75-33c9-4374-9a87-13d379b4f702]AbstractIniEng vf.pdf
11251115;FONDECYT de Iniciación en Investigación 2025;2025;RESUMEN;https://post.conicyt.cl/frontend.php/version/66579fc7d568df012b718f82/download/adjuntos?archivo=[ae679352-c1bd-4f38-8810-c07d68319a0d]ResumenIniEsp.pdf
11251116;FONDECYT de Iniciación en Investigación 2025;2025;RESUMEN;https://post.conicyt.cl/frontend.php/version/6658ad71d568df4517718f84/download/adjuntos?archivo=[4699055f-9930-4823-a645-d4d00a09745c]Resumen 28 mayo.pdf
11251120;FONDECYT de Iniciación en Investigación 2025;2025;RESUMEN;https://post.conicyt.cl/frontend.php/version/6651768cd3a42b1d53b4dce8/download/adjuntos?archivo=[7dfaf6a9-04c9-4326-8399-c54abaf31f9e]01_Abstract.pdf
11251121;FONDECYT de Iniciación en Investigación 2025;2025;RESUMEN;https://post.conicyt.cl/frontend.php/version/6659d1dfd64ab9d36df4ab83/download/adjuntos?archivo=[40109ae8-195c-408f-9e14-9b064e410116]AbstractIniEng.pdf
11251123;FONDECYT de Iniciación en Investigación 2025;2025;RESUMEN;https://post.conicyt.cl/frontend.php/version/66461dfad3a42b4a29e5560e/download/adjuntos?archivo=[1b3e636c-cd0f-4e6f-b2af-311a9c835340]AbstractIniEng.pdf
11251132;FONDECYT de Iniciación en Investigación 2025;2025;RESUMEN;https://post.conicyt.cl/frontend.php/version/66550b68d64ab99f5d0f7844/download/adjuntos?archivo=[6ca2844a-9825-494f-a502-c9ec9f226b62]AbstractIniEng.pdf
11251133;FONDECYT de Iniciación en Investigación 2025;2025;RESUMEN;https://post.conicyt.cl/frontend.php/version/66587df4d568df7a0f718f81/download/adjuntos?archivo=[89e54eaf-e6df-48f2-bb9e-dd9fbc7c29de]AbstractIniEngFINAL.pdf
11251134;FONDECYT de Iniciación en Investigación 2025;2025;RESUMEN;https://post.conicyt.cl/frontend.php/version/6657d216d64ab90b17f4ab88/download/adjuntos?archivo=[7bcd5fca-875a-4e95-8ea0-699827525efe]Resumen.pdf
11251136;FONDECYT de Iniciación en Investigación 2025;2025;RESUMEN;https://post.conicyt.cl/frontend.php/version/665a0c4fd568df9b32718f86/download/adjuntos?archivo=[4d6fc9eb-b692-41b6-ac4e-1e67324d4856]AbstractIniEng.pdf
11251140;FONDECYT de Iniciación en Investigación 2025;2025;RESUMEN;https://post.conicyt.cl/frontend.php/version/66566ee7d48605f16d684b42/download/adjuntos?archivo=[ce661990-1807-4d2e-b637-c445bfdd7ce7]ResumenIniEsp.pdf
11251150;FONDECYT de Iniciación en Investigación 2025;2025;RESUMEN;https://post.conicyt.cl/frontend.php/version/664f7db6d3a42bf861e0db0d/download/adjuntos?archivo=[9c4b5777-71d9-4cda-b702-31db35834cb7]AbstractIniEng.pdf
11251156;FONDECYT de Iniciación en Investigación 2025;2025;RESUMEN;https://post.conicyt.cl/frontend.php/version/664f64c0d3a42bf961e0db0d/download/adjuntos?archivo=[fc7ec527-c5d5-4f7b-9af5-853ced796ed2]AbstractIniEng_2025.pdf
11251162;FONDECYT de Iniciación en Investigación 2025;2025;RESUMEN;https://post.conicyt.cl/frontend.php/version/6658d704d48605ab13684b43/download/adjuntos?archivo=[27ff0433-fb95-49b7-b5f7-0e91ce495022]AbstractIniEng_Final.pdf
11251163;FONDECYT de Iniciación en Investigación 2025;2025;RESUMEN;https://post.conicyt.cl/frontend.php/version/665998b8d48605c74f684b42/download/adjuntos?archivo=[6375274d-98a5-4153-b012-b32a21693b2e]Abstract.pdf
11251166;FONDECYT de Iniciación en Investigación 2025;2025;RESUMEN;https://post.conicyt.cl/frontend.php/version/6655e0b1d568df904129b78e/download/adjuntos?archivo=[9af9280f-f1c0-4b7a-9cd8-6418e874576a]AbstractIniEng .pdf
11251172;FONDECYT de Iniciación en Investigación 2025;2025;RESUMEN;https://post.conicyt.cl/frontend.php/version/665a20d1d568df013b718f83/download/adjuntos?archivo=[4a12592f-d193-4c95-8c7d-156ece863567]ResumenIniEsp.pdf
11251174;FONDECYT de Iniciación en Investigación 2025;2025;RESUMEN;https://post.conicyt.cl/frontend.php/version/664623b0d3a42bf82ce5560e/download/adjuntos?archivo=[10a81f37-da04-43f5-af1e-50a1dc19f39d]AbstractIniEng.pdf
11251177;FONDECYT de Iniciación en Investigación 2025;2025;RESUMEN;https://post.conicyt.cl/frontend.php/version/664fa809d48605a17ae048d6/download/adjuntos?archivo=[d9dd643c-4039-49ea-be53-7fb110ddceed]AbstractIni Proyecto_2025.pdf
11251179;FONDECYT de Iniciación en Investigación 2025;2025;RESUMEN;https://post.conicyt.cl/frontend.php/version/6654d270d48605e32d0e07f9/download/adjuntos?archivo=[8ea4db83-b24d-40af-aace-3fd27df1bf2d]Abstract.pdf
11251180;FONDECYT de Iniciación en Investigación 2025;2025;RESUMEN;https://post.conicyt.cl/frontend.php/version/6658b08bd486053271684b44/download/adjuntos?archivo=[ce245195-bb46-4008-9998-80fbbbb4eb78]AbstractIniEng.pdf
11251181;FONDECYT de Iniciación en Investigación 2025;2025;RESUMEN;https://post.conicyt.cl/frontend.php/version/6655eb0ad3a42bdf48ac8e05/download/adjuntos?archivo=[9ad02272-b315-4a27-8f8b-6001cbe2f077]AbstractIniEng.pdf
11251185;FONDECYT de Iniciación en Investigación 2025;2025;RESUMEN;https://post.conicyt.cl/frontend.php/version/66590d1dd64ab90c27f4ab8b/download/adjuntos?archivo=[0f271978-f2bd-4056-b239-e7bfc409a676]Resu_men.pdf
11251187;FONDECYT de Iniciación en Investigación 2025;2025;RESUMEN;https://post.conicyt.cl/frontend.php/version/66579fd1d64ab90915f4ab82/download/adjuntos?archivo=[09baa948-2549-4588-92f8-918e8b645d76]AbstractIniEng.pdf
11251191;FONDECYT de Iniciación en Investigación 2025;2025;RESUMEN;https://post.conicyt.cl/frontend.php/version/6654b2b0d64ab9173d0f7841/download/adjuntos?archivo=[cb31b696-cb56-4001-ae1d-2b13da4a1815]Resumen.pdf
11251195;FONDECYT de Iniciación en Investigación 2025;2025;RESUMEN;https://post.conicyt.cl/frontend.php/version/665636c8d568df9101718f83/download/adjuntos?archivo=[98e4ab4f-93f0-4fad-b6cb-c139e7b8ecb0]AbstractIniEng.pdf
11251198;FONDECYT de Iniciación en Investigación 2025;2025;RESUMEN;https://post.conicyt.cl/frontend.php/version/6652094ad568df6f1a4b50f1/download/adjuntos?archivo=[70d52d40-3dfa-4dc5-903f-e7508660aa13]AbstractIniEng.pdf
11251201;FONDECYT de Iniciación en Investigación 2025;2025;RESUMEN;https://post.conicyt.cl/frontend.php/version/66553e9ad568dfa60529b78f/download/adjuntos?archivo=[fe921364-ee60-4196-953f-050d3c604aa4]AbstractIniEng.pdf
11251202;FONDECYT de Iniciación en Investigación 2025;2025;RESUMEN;https://post.conicyt.cl/frontend.php/version/66554b84d568dfbf0529b78e/download/adjuntos?archivo=[6bed2866-cf11-46e7-a680-eb0f76099951]Resumen.pdf
11251207;FONDECYT de Iniciación en Investigación 2025;2025;RESUMEN;https://post.conicyt.cl/frontend.php/version/66589cfad486052e71684b40/download/adjuntos?archivo=[81cf27dc-a0db-43e6-b4cc-781f054a2293]AbstractIniEng_v2.pdf
11251213;FONDECYT de Iniciación en Investigación 2025;2025;RESUMEN;https://post.conicyt.cl/frontend.php/version/66597ad3d64ab9e86df4ab82/download/adjuntos?archivo=[8dc169f3-b44f-4d24-bbbe-3531c47028e9]Resumen3.pdf
11251214;FONDECYT de Iniciación en Investigación 2025;2025;RESUMEN;https://post.conicyt.cl/frontend.php/version/66593e9bd568df5350718f85/download/adjuntos?archivo=[789c59fd-96d1-4f10-a299-e3f2ed814171]ResumenIniEsp25.pdf
11251216;FONDECYT de Iniciación en Investigación 2025;2025;RESUMEN;https://post.conicyt.cl/frontend.php/version/6657d4c0d486051909684b42/download/adjuntos?archivo=[7fb6beab-712e-4575-a3af-a7a9fbc737d7]AbstractIniEng.pdf
11251217;FONDECYT de Iniciación en Investigación 2025;2025;RESUMEN;https://post.conicyt.cl/frontend.php/version/66540ac7d568dfb47729b78b/download/adjuntos?archivo=[1ef06894-191b-4af9-8b8e-f7a7ca6ddb2f]AbstractIniEng.pdf
11251219;FONDECYT de Iniciación en Investigación 2025;2025;RESUMEN;https://post.conicyt.cl/frontend.php/version/66550ed0d568dfb47229b790/download/adjuntos?archivo=[bc0d0962-7f5a-47c9-9e00-0f2e505ac839]ResumenIniEsp _2_.pdf
11251220;FONDECYT de Iniciación en Investigación 2025;2025;RESUMEN;https://post.conicyt.cl/frontend.php/version/665913efd64ab9fd26f4ab8a/download/adjuntos?archivo=[4a9e1390-0bf2-401b-a469-ad6bf328553b]ResumenIniEsp.pdf
11251226;FONDECYT de Iniciación en Investigación 2025;2025;RESUMEN;https://post.conicyt.cl/frontend.php/version/66567f1dd486056e04684b41/download/adjuntos?archivo=[7235308a-ff74-4e4d-9310-20f4a3ec9604]AbstractIniEng_658721.pdf
11251229;FONDECYT de Iniciación en Investigación 2025;2025;RESUMEN;https://post.conicyt.cl/frontend.php/version/66501176d2c251db31e3a087/download/adjuntos?archivo=[80eb744e-297d-493b-a42d-459b45f66329]AbstractIniEng.pdf
11251230;FONDECYT de Iniciación en Investigación 2025;2025;RESUMEN;https://post.conicyt.cl/frontend.php/version/6658a054d64ab9e07ff4ab82/download/adjuntos?archivo=[17601b33-b37f-4fba-b9ae-ed9a28260e4c]1.ResumenIniEsp.pdf
11251231;FONDECYT de Iniciación en Investigación 2025;2025;RESUMEN;https://post.conicyt.cl/frontend.php/version/6655eef1d2c2513960c2d7bf/download/adjuntos?archivo=[04be515b-87ec-4eff-a3a0-77e7814d5f2e]Abstract.pdf
11251234;FONDECYT de Iniciación en Investigación 2025;2025;RESUMEN;https://post.conicyt.cl/frontend.php/version/664e0cdfd2c2516f04e3a085/download/adjuntos?archivo=[211db637-41e2-4155-b7f2-bffcf97a14ae]AbstractIniEng.pdf
11251242;FONDECYT de Iniciación en Investigación 2025;2025;RESUMEN;https://post.conicyt.cl/frontend.php/version/66575215d568df5506718f81/download/adjuntos?archivo=[16bd46b5-ca5f-4ea2-8180-8fbe333d1f7f]ResumenIniEsp.pdf
11251245;FONDECYT de Iniciación en Investigación 2025;2025;RESUMEN;https://post.conicyt.cl/frontend.php/version/66551d6ad48605124f0e07f9/download/adjuntos?archivo=[181fb004-72ae-46bd-befa-87715f1a4cfa]Abstract.pdf
11251252;FONDECYT de Iniciación en Investigación 2025;2025;RESUMEN;https://post.conicyt.cl/frontend.php/version/66462b0bd2c25109724596fa/download/adjuntos?archivo=[a96e1db7-d157-45d3-85c3-daf7d12428a6]Abstract_Fondecyt_Ini_2025.pdf
11251253;FONDECYT de Iniciación en Investigación 2025;2025;RESUMEN;https://post.conicyt.cl/frontend.php/version/6650ecb0d2c251d04491344f/download/adjuntos?archivo=[20fb1937-818c-4e3f-822f-4a5b6045ad65]ProposedResearch_INI_eng_v20_abstract.pdf
11251254;FONDECYT de Iniciación en Investigación 2025;2025;RESUMEN;https://post.conicyt.cl/frontend.php/version/6656ca1fd48605891d684b41/download/adjuntos?archivo=[dd38abe6-76ce-44d9-96c5-936ad8958689]1.AbstractIniEng_2025.pdf
11251256;FONDECYT de Iniciación en Investigación 2025;2025;RESUMEN;https://post.conicyt.cl/frontend.php/version/66579a1fd568dfc329718f81/download/adjuntos?archivo=[aba3af03-ed0f-42a2-825d-cca9bea5cbca]Resumen Iniciacio__n 2025.pdf
11251258;FONDECYT de Iniciación en Investigación 2025;2025;RESUMEN;https://post.conicyt.cl/frontend.php/version/66569e08d568dfd728718f82/download/adjuntos?archivo=[cd4285fc-16e1-4c14-9e54-23f88d92d067]ResumenIniEsp .pdf
11251266;FONDECYT de Iniciación en Investigación 2025;2025;RESUMEN;https://post.conicyt.cl/frontend.php/version/66573b75d48605015a684b42/download/adjuntos?archivo=[d00ba513-55a4-436a-b725-5b05610d0dc6]Resumen Ini Esp.pdf
11251267;FONDECYT de Iniciación en Investigación 2025;2025;RESUMEN;https://post.conicyt.cl/frontend.php/version/66462d9bd3a42b7230e5560f/download/adjuntos?archivo=[a811bfe8-99a8-4038-bd48-dc6954dd23c5]AbstractIniEng.pdf
11251268;FONDECYT de Iniciación en Investigación 2025;2025;RESUMEN;https://post.conicyt.cl/frontend.php/version/66582171d568df5350718f83/download/adjuntos?archivo=[8695e50d-a9a5-4646-8360-8e6b1335255f]ResumenIniEspsocpro.pdf
11251269;FONDECYT de Iniciación en Investigación 2025;2025;RESUMEN;https://post.conicyt.cl/frontend.php/version/66589035d486053771684b40/download/adjuntos?archivo=[d0bcd302-5f05-4ddd-b74c-2a1145646a4c]AbstractIniEng.pdf
11251276;FONDECYT de Iniciación en Investigación 2025;2025;RESUMEN;https://post.conicyt.cl/frontend.php/version/665621ecd64ab93e5cf4ab83/download/adjuntos?archivo=[01a14ca7-866d-4f63-9856-61bc1b76089a]ResumenIniEsp _2025 FONDECYT_INI__ .pdf
11251278;FONDECYT de Iniciación en Investigación 2025;2025;RESUMEN;https://post.conicyt.cl/frontend.php/version/66585a81d64ab9fc50f4ab83/download/adjuntos?archivo=[c61c9544-2e0d-4ede-a517-39f0fbbabf5c]AbstractIniEng.pdf
11251279;FONDECYT de Iniciación en Investigación 2025;2025;RESUMEN;https://post.conicyt.cl/frontend.php/version/66579174d568df0927718f81/download/adjuntos?archivo=[4930f348-1380-40e5-8054-a491b0c03bd3]AbstractIniEng.pdf
11251282;FONDECYT de Iniciación en Investigación 2025;2025;RESUMEN;https://post.conicyt.cl/frontend.php/version/665a1fcfd486052b16684b40/download/adjuntos?archivo=[2827526d-1e3f-4de8-85aa-34c48fe74b9e]AbstractIniEng.pdf
11251283;FONDECYT de Iniciación en Investigación 2025;2025;RESUMEN;https://post.conicyt.cl/frontend.php/version/66462e8fd64ab958731a1e9f/download/adjuntos?archivo=[4ba1e06b-dd3c-4682-9dec-2216cecc3641]AbstractIniEng_2025.pdf
11251287;FONDECYT de Iniciación en Investigación 2025;2025;RESUMEN;https://post.conicyt.cl/frontend.php/version/665656d3d568dfdd13718f87/download/adjuntos?archivo=[91073787-8bb8-41cd-9740-776eb039ab56]ResumenIniEsp.pdf
11251291;FONDECYT de Iniciación en Investigación 2025;2025;RESUMEN;https://post.conicyt.cl/frontend.php/version/66575372d486055456684b44/download/adjuntos?archivo=[8732f670-5a21-4c1e-b9d3-bfa53424c350]ResumenIniEsp.pdf
11251294;FONDECYT de Iniciación en Investigación 2025;2025;RESUMEN;https://post.conicyt.cl/frontend.php/version/6655f0f5d64ab9ab460f7840/download/adjuntos?archivo=[cfb1cfd1-418f-43f8-b8f7-fc7dc88a3a34]ResumenIniEsp.pdf
11251299;FONDECYT de Iniciación en Investigación 2025;2025;RESUMEN;https://post.conicyt.cl/frontend.php/version/66576844d64ab9c277f4ab84/download/adjuntos?archivo=[433ae91c-c5eb-475c-a96d-173d1f8d49b1]proposal abstract.pdf
11251301;FONDECYT de Iniciación en Investigación 2025;2025;RESUMEN;https://post.conicyt.cl/frontend.php/version/6656805ad486057404684b41/download/adjuntos?archivo=[e528e22e-c48c-4cc6-b545-55ac6c261feb]AbstractIniEng_24.pdf
11251306;FONDECYT de Iniciación en Investigación 2025;2025;RESUMEN;https://post.conicyt.cl/frontend.php/version/6658b859d64ab92813f4ab84/download/adjuntos?archivo=[9019e177-b52f-4c0c-95ea-dc8ff67bf9d8]AbstractIniEng.pdf
11251307;FONDECYT de Iniciación en Investigación 2025;2025;RESUMEN;https://post.conicyt.cl/frontend.php/version/6655d8a8d568dfe94129b78f/download/adjuntos?archivo=[01e185b1-25aa-48ba-9603-79b4fff7183a]ResumenIniEsp.pdf
11251309;FONDECYT de Iniciación en Investigación 2025;2025;RESUMEN;https://post.conicyt.cl/frontend.php/version/66548336d3a42b1737ac8dfe/download/adjuntos?archivo=[9a0ebb4f-15bc-40b4-b376-9a0020616bc4]AbstractIniEng.pdf
11251311;FONDECYT de Iniciación en Investigación 2025;2025;RESUMEN;https://post.conicyt.cl/frontend.php/version/664631cbd3a42bea2de55617/download/adjuntos?archivo=[755422e6-99e5-448e-8453-f382cdfc3e40]AbstractIniEng.pdf
11251312;FONDECYT de Iniciación en Investigación 2025;2025;RESUMEN;https://post.conicyt.cl/frontend.php/version/6657e9f5d64ab9582ef4ab84/download/adjuntos?archivo=[6aa194ba-16da-4d49-956d-9b0fe6350f36]ResumenFI.pdf
11251313;FONDECYT de Iniciación en Investigación 2025;2025;RESUMEN;https://post.conicyt.cl/frontend.php/version/66562f03d64ab9ab5ef4ab86/download/adjuntos?archivo=[a2a666a1-d077-480c-8c92-fc4cc497db23]Resumen2024.pdf
11251318;FONDECYT de Iniciación en Investigación 2025;2025;RESUMEN;https://post.conicyt.cl/frontend.php/version/66581ec3d486051620684b46/download/adjuntos?archivo=[8663021e-290c-4d28-88c6-307c474da438]AbstractIniEng.pdf
11251322;FONDECYT de Iniciación en Investigación 2025;2025;RESUMEN;https://post.conicyt.cl/frontend.php/version/66525a32d3a42b7e22b4dce7/download/adjuntos?archivo=[a78b9c1c-cba3-4f64-ac37-37ed024411b3]Abstract.pdf
11251324;FONDECYT de Iniciación en Investigación 2025;2025;RESUMEN;https://post.conicyt.cl/frontend.php/version/665672ecd64ab96d7bf4ab86/download/adjuntos?archivo=[e33d5f79-827a-43f2-937e-78259b4e91a5]Resumenfinal _ copia.pdf
11251333;FONDECYT de Iniciación en Investigación 2025;2025;RESUMEN;https://post.conicyt.cl/frontend.php/version/66563c32d2c2516509bd428b/download/adjuntos?archivo=[907ccfbc-9736-4245-bacb-646960999c0d]clean ResumenIniEsp.pdf
11251346;FONDECYT de Iniciación en Investigación 2025;2025;RESUMEN;https://post.conicyt.cl/frontend.php/version/66579ad3d64ab91415f4ab85/download/adjuntos?archivo=[80302ed3-88dd-4225-a4da-2d52cadba4d0]AbstractIniEng.pdf
11251351;FONDECYT de Iniciación en Investigación 2025;2025;RESUMEN;https://post.conicyt.cl/frontend.php/version/6658a80bd3a42bba34fd1860/download/adjuntos?archivo=[e21257fa-6fc8-4f3d-832a-cb865da1f1bf]ResumenIniEsp2025.pdf
11251354;FONDECYT de Iniciación en Investigación 2025;2025;RESUMEN;https://post.conicyt.cl/frontend.php/version/664f6ef7d64ab96f5ec87ca3/download/adjuntos?archivo=[747bdc39-280e-4110-82f6-659e8e978b10]AbstractIniEng.pdf
11251355;FONDECYT de Iniciación en Investigación 2025;2025;RESUMEN;https://post.conicyt.cl/frontend.php/version/665908a3d568dfd93c718f87/download/adjuntos?archivo=[5084a66b-e70b-4b3d-b557-150e6af3ce68]AbstractIniEng2025.pdf
11251361;FONDECYT de Iniciación en Investigación 2025;2025;RESUMEN;https://post.conicyt.cl/frontend.php/version/66463764d2c251ee744596fc/download/adjuntos?archivo=[90836f0b-bcc9-49aa-979f-f4109b73822b]AbstractIniEng.pdf
11251362;FONDECYT de Iniciación en Investigación 2025;2025;RESUMEN;https://post.conicyt.cl/frontend.php/version/66585c7fd64ab9b753f4ab83/download/adjuntos?archivo=[1721e300-6708-4c53-a734-a1cea10768a8]123_AbstractIniEng.pdf
11251364;FONDECYT de Iniciación en Investigación 2025;2025;RESUMEN;https://post.conicyt.cl/frontend.php/version/6658add5d568df0929718f81/download/adjuntos?archivo=[d7dba2ab-9339-48e7-b5e5-24ed5efd9d58]Abstract.pdf
11251366;FONDECYT de Iniciación en Investigación 2025;2025;RESUMEN;https://post.conicyt.cl/frontend.php/version/66549544d486052d1f0e07f4/download/adjuntos?archivo=[e921fb56-b8b1-4e6f-99da-d15e37b8fa14]AbstractIniEng.pdf
11251375;FONDECYT de Iniciación en Investigación 2025;2025;RESUMEN;https://post.conicyt.cl/frontend.php/version/66463818d2c25159794596fc/download/adjuntos?archivo=[4d71ebda-0456-4502-bf95-9095da070198]AbstractIniEng_2025.pdf
11251380;FONDECYT de Iniciación en Investigación 2025;2025;RESUMEN;https://post.conicyt.cl/frontend.php/version/66572ecdd568df7277718f82/download/adjuntos?archivo=[308f391c-f0c8-48ee-bda2-429115d3765a]AbstractIniEng_2025.pdf
11251391;FONDECYT de Iniciación en Investigación 2025;2025;RESUMEN;https://post.conicyt.cl/frontend.php/version/66463691d64ab9db761a1e9d/download/adjuntos?archivo=[6bd28d26-5d52-4b67-8476-b7ebe227af9d]AbstractIniEng.pdf
11251393;FONDECYT de Iniciación en Investigación 2025;2025;RESUMEN;https://post.conicyt.cl/frontend.php/version/66588a80d64ab9a67cf4ab83/download/adjuntos?archivo=[1d2df584-273b-416b-996a-f07c30db041f]AbstractIniEng1.pdf
11251395;FONDECYT de Iniciación en Investigación 2025;2025;RESUMEN;https://post.conicyt.cl/frontend.php/version/6658b089d568df3717718f88/download/adjuntos?archivo=[6fcc7d86-fbd1-4e91-892b-8d4ae0cea269]ResumenIniEsp .pdf
11251397;FONDECYT de Iniciación en Investigación 2025;2025;RESUMEN;https://post.conicyt.cl/frontend.php/version/66568e5ed64ab93512f4ab87/download/adjuntos?archivo=[2c1c8d68-c037-4f48-95a2-1bbdf780231c]AbstractIniEng.pdf
11251402;FONDECYT de Iniciación en Investigación 2025;2025;RESUMEN;https://post.conicyt.cl/frontend.php/version/665541f2d64ab9945d0f7846/download/adjuntos?archivo=[ff30acae-c4df-44e2-a923-d9add325c615]ResumenIniEsp.pdf
11251404;FONDECYT de Iniciación en Investigación 2025;2025;RESUMEN;https://post.conicyt.cl/frontend.php/version/6659a61cd64ab9d16df4ab83/download/adjuntos?archivo=[7cf9d851-56e1-4777-a5c6-222348430c02]Abstract.pdf
11251407;FONDECYT de Iniciación en Investigación 2025;2025;RESUMEN;https://post.conicyt.cl/frontend.php/version/6658ab61d486052271684b49/download/adjuntos?archivo=[cd72e889-a7dd-4975-9993-d2d65b3b79de]AbstractIniEng.pdf
11251411;FONDECYT de Iniciación en Investigación 2025;2025;RESUMEN;https://post.conicyt.cl/frontend.php/version/6658e01cd64ab9ff26f4ab82/download/adjuntos?archivo=[ff1893a1-1965-4815-901d-3e7a5c2caa07]AbstractIniEng_2025.pdf
11251423;FONDECYT de Iniciación en Investigación 2025;2025;RESUMEN;https://post.conicyt.cl/frontend.php/version/66463fb2d64ab9f07d1a1e98/download/adjuntos?archivo=[15ba3ddd-3429-4f6f-99e9-313a5e90cd7b]ResumenIniEsp.pdf
11251432;FONDECYT de Iniciación en Investigación 2025;2025;RESUMEN;https://post.conicyt.cl/frontend.php/version/665891a0d486056d6a684b45/download/adjuntos?archivo=[60efc11d-09bf-4ae7-a3e6-947ce91f7220]abstract_INI2025.pdf
11251445;FONDECYT de Iniciación en Investigación 2025;2025;RESUMEN;https://post.conicyt.cl/frontend.php/version/6653f1aad64ab95a350f783f/download/adjuntos?archivo=[4cb52b9a-bf7e-452b-9360-779967d04e24]Resumen 2025.pdf
11251447;FONDECYT de Iniciación en Investigación 2025;2025;RESUMEN;https://post.conicyt.cl/frontend.php/version/66589c60d486053171684b42/download/adjuntos?archivo=[95c59ce3-ec9c-40f1-927e-414316ff0713]ResumenIniEsp.pdf
11251448;FONDECYT de Iniciación en Investigación 2025;2025;RESUMEN;https://post.conicyt.cl/frontend.php/version/6657866ad64ab9790af4ab85/download/adjuntos?archivo=[91e114f0-814a-4566-b690-e7b59f5ca315]ResumenIniEsp_1.pdf
11251455;FONDECYT de Iniciación en Investigación 2025;2025;RESUMEN;https://post.conicyt.cl/frontend.php/version/664e1143d64ab97d46c87ca4/download/adjuntos?archivo=[00a52c92-990a-4f97-a485-0d865fc50d56]ResumenIniEsp.pdf
11251457;FONDECYT de Iniciación en Investigación 2025;2025;RESUMEN;https://post.conicyt.cl/frontend.php/version/6657dd99d568dfb03d718f83/download/adjuntos?archivo=[e58187b1-0408-4490-85fd-8347df95465f]Resumen .pdf
11251459;FONDECYT de Iniciación en Investigación 2025;2025;RESUMEN;https://post.conicyt.cl/frontend.php/version/66554336d3a42b2110ac8dfe/download/adjuntos?archivo=[c3bc58fb-75fc-4800-b143-fab26bbd56d3]AbstractIniEng.pdf
11251464;FONDECYT de Iniciación en Investigación 2025;2025;RESUMEN;https://post.conicyt.cl/frontend.php/version/6657b06bd486051709684b44/download/adjuntos?archivo=[8e302669-608d-4ba2-a602-a0ffbe457499]AbstractIniEng.pdf
11251471;FONDECYT de Iniciación en Investigación 2025;2025;RESUMEN;https://post.conicyt.cl/frontend.php/version/66587fc3d48605de6a684b40/download/adjuntos?archivo=[88758dad-4161-4ac0-998a-5bf5781c6daa]Abstract.pdf
11251477;FONDECYT de Iniciación en Investigación 2025;2025;RESUMEN;https://post.conicyt.cl/frontend.php/version/6656260fd64ab93c5cf4ab84/download/adjuntos?archivo=[8357550f-817c-4c03-b11b-1aaeb00de5e5]AbstractIniEng.pdf
11251478;FONDECYT de Iniciación en Investigación 2025;2025;RESUMEN;https://post.conicyt.cl/frontend.php/version/6657acddd48605c808684b40/download/adjuntos?archivo=[fd99e8c7-bef1-41b9-8247-f48878fd82ad]_Resumen_2024.pdf
11251481;FONDECYT de Iniciación en Investigación 2025;2025;RESUMEN;https://post.conicyt.cl/frontend.php/version/66568523d486057604684b41/download/adjuntos?archivo=[edfdb886-f003-46fe-bf80-d31659bc7b16]AbstractIniEng.pdf
11251482;FONDECYT de Iniciación en Investigación 2025;2025;RESUMEN;https://post.conicyt.cl/frontend.php/version/6659f73ed568dfc42b718f83/download/adjuntos?archivo=[707005c6-1d09-47dd-911b-328e39519f2e]AbstractIniEng.pdf
11251486;FONDECYT de Iniciación en Investigación 2025;2025;RESUMEN;https://post.conicyt.cl/frontend.php/version/665a08fcd48605e60d684b43/download/adjuntos?archivo=[504322a7-5a1e-48ab-9157-5428cb7ab990]Abstract_FondIni2025_v2.pdf
11251488;FONDECYT de Iniciación en Investigación 2025;2025;RESUMEN;https://post.conicyt.cl/frontend.php/version/665754fdd568df440a718f81/download/adjuntos?archivo=[6f9f0f3d-663b-4b29-a9b1-9319ccf1c458]ResumenIniEsp.pdf
11251489;FONDECYT de Iniciación en Investigación 2025;2025;RESUMEN;https://post.conicyt.cl/frontend.php/version/66578590d64ab9790af4ab84/download/adjuntos?archivo=[90f93d58-f034-4665-9588-4c4393b394fd]AbstractIniEng.pdf
11251490;FONDECYT de Iniciación en Investigación 2025;2025;RESUMEN;https://post.conicyt.cl/frontend.php/version/66572d0cd486055553684b40/download/adjuntos?archivo=[fb764706-6def-41ff-a180-0f297d2e60bd]Abstract_Iniciacion_2025.pdf
11251493;FONDECYT de Iniciación en Investigación 2025;2025;RESUMEN;https://post.conicyt.cl/frontend.php/version/66464846d568df7b115ce45f/download/adjuntos?archivo=[e7336ce2-3590-4f8e-a5ce-306ec58313c4]ResumenIniEsp _1_.pdf
11251504;FONDECYT de Iniciación en Investigación 2025;2025;RESUMEN;https://post.conicyt.cl/frontend.php/version/66549cffd48605571f0e07f8/download/adjuntos?archivo=[ecbdc536-559b-4a27-96b9-f0ebc468a681]AbstractIniEng .pdf
11251506;FONDECYT de Iniciación en Investigación 2025;2025;RESUMEN;https://post.conicyt.cl/frontend.php/version/6658a872d568df3a17718f82/download/adjuntos?archivo=[b24061d7-699b-465e-bbbc-9f0d598d6da8]AbstractIniEng.pdf
11251508;FONDECYT de Iniciación en Investigación 2025;2025;RESUMEN;https://post.conicyt.cl/frontend.php/version/6659e8eed64ab9001df4ab83/download/adjuntos?archivo=[c4d57657-ef86-4fac-a3c0-6fd0dd9ed18c]Abstract.pdf
11251511;FONDECYT de Iniciación en Investigación 2025;2025;RESUMEN;https://post.conicyt.cl/frontend.php/version/665618d5d2c251f877bd428a/download/adjuntos?archivo=[7fd9c691-bdaf-4387-8bfe-cde65a57f2cc]AbstractIniEng.pdf
11251516;FONDECYT de Iniciación en Investigación 2025;2025;RESUMEN;https://post.conicyt.cl/frontend.php/version/6657b796d568dfe72c718f83/download/adjuntos?archivo=[152749aa-d4be-4eee-ad0a-a7c481247145]Resumen final.pdf
11251528;FONDECYT de Iniciación en Investigación 2025;2025;RESUMEN;https://post.conicyt.cl/frontend.php/version/6659f013d568df9c32718f82/download/adjuntos?archivo=[ea9ef846-e091-4ecc-971b-e6b0e4cf8b4f]AbstractIniEng.pdf
11251530;FONDECYT de Iniciación en Investigación 2025;2025;RESUMEN;https://post.conicyt.cl/frontend.php/version/6656163fd48605bb4d684b43/download/adjuntos?archivo=[08c2d63d-a60e-4295-84cb-24d55609e41a]ResumenIniEsp.pdf
11251532;FONDECYT de Iniciación en Investigación 2025;2025;RESUMEN;https://post.conicyt.cl/frontend.php/version/6655ba6ad3a42be548ac8e00/download/adjuntos?archivo=[602bf8f3-6775-4a9c-9801-13ad4aec4b49]ResumenIniEsp.pdf
11251536;FONDECYT de Iniciación en Investigación 2025;2025;RESUMEN;https://post.conicyt.cl/frontend.php/version/66597fa6d64ab9e96df4ab82/download/adjuntos?archivo=[382966aa-4795-430f-a5de-26098c3c7ad3]AbstractIniEng.pdf
11251547;FONDECYT de Iniciación en Investigación 2025;2025;RESUMEN;https://post.conicyt.cl/frontend.php/version/6657558bd64ab9a76df4ab85/download/adjuntos?archivo=[6001f394-6f8b-4346-8b23-b215e01ba183]AbstractIniEng.pdf
11251554;FONDECYT de Iniciación en Investigación 2025;2025;RESUMEN;https://post.conicyt.cl/frontend.php/version/66576931d64ab9e875f4ab85/download/adjuntos?archivo=[7209b1ad-e832-429e-a812-30339629c3cf]AbstractIniEng.pdf
11251563;FONDECYT de Iniciación en Investigación 2025;2025;RESUMEN;https://post.conicyt.cl/frontend.php/version/6650e5b2d486052279cc2c63/download/adjuntos?archivo=[650a2024-42b8-4b33-a35b-c6fc8cb8a38b]ResumenIniEsp.pdf
11251567;FONDECYT de Iniciación en Investigación 2025;2025;RESUMEN;https://post.conicyt.cl/frontend.php/version/6656079cd2c251f677bd4289/download/adjuntos?archivo=[81582b44-dc79-48f8-9bd0-aa6dc5633df2]AbstractIniEng_2025.pdf
11251573;FONDECYT de Iniciación en Investigación 2025;2025;RESUMEN;https://post.conicyt.cl/frontend.php/version/6654afddd64ab90e3d0f7843/download/adjuntos?archivo=[364334de-a789-4865-9a2a-78d0ba5da636]AbstractIniEng.pdf
11251578;FONDECYT de Iniciación en Investigación 2025;2025;RESUMEN;https://post.conicyt.cl/frontend.php/version/6658a4bcd64ab9e17ff4ab83/download/adjuntos?archivo=[a2a08010-1554-4f10-9fca-c7a852ddd870]AbstractIniEng.pdf
11251579;FONDECYT de Iniciación en Investigación 2025;2025;RESUMEN;https://post.conicyt.cl/frontend.php/version/6656ae1bd48605841d684b40/download/adjuntos?archivo=[ac052c61-b6c7-4709-b394-2955d6d98a5f]ResumenIniEsp.pdf
11251581;FONDECYT de Iniciación en Investigación 2025;2025;RESUMEN;https://post.conicyt.cl/frontend.php/version/6657d13fd64ab91f1af4ab87/download/adjuntos?archivo=[dfd42db9-fceb-4fc7-9a8f-bddd281a0f9a]AbstractIniEng.pdf
11251585;FONDECYT de Iniciación en Investigación 2025;2025;RESUMEN;https://post.conicyt.cl/frontend.php/version/665763b7d568dfa004718f86/download/adjuntos?archivo=[cf9e1037-b9ca-495c-802d-6b70f9c226ca]AbstractIniEng.pdf
11251589;FONDECYT de Iniciación en Investigación 2025;2025;RESUMEN;https://post.conicyt.cl/frontend.php/version/6650cabbd3a42b4b0cb4dce8/download/adjuntos?archivo=[dba5937d-5c6d-40f3-b7a0-8a2a01e4f11e]AbstractIniEng.pdf
11251591;FONDECYT de Iniciación en Investigación 2025;2025;RESUMEN;https://post.conicyt.cl/frontend.php/version/66542554d2c2514a56c2d7c2/download/adjuntos?archivo=[59bc032a-76bc-4c51-860c-515d43540fbc]AbstractIniEng.pdf
11251596;FONDECYT de Iniciación en Investigación 2025;2025;RESUMEN;https://post.conicyt.cl/frontend.php/version/6658c0c7d486053d04684b41/download/adjuntos?archivo=[d8943d03-def9-40aa-acf9-796dedd13362]ResumenIniEsp_1_.pdf
11251597;FONDECYT de Iniciación en Investigación 2025;2025;RESUMEN;https://post.conicyt.cl/frontend.php/version/6657bdf8d568dff82c718f82/download/adjuntos?archivo=[62a9870e-71bd-4f1e-a7b5-844da44095a8]ResumenIniEsp.pdf
11251601;FONDECYT de Iniciación en Investigación 2025;2025;RESUMEN;https://post.conicyt.cl/frontend.php/version/664e1c23d568dfbf70f0ca93/download/adjuntos?archivo=[527049e6-1e0e-4e16-9bba-e2d8d579187e]AbstractIniEngv1.pdf
11251604;FONDECYT de Iniciación en Investigación 2025;2025;RESUMEN;https://post.conicyt.cl/frontend.php/version/6656414ad568df8801718f82/download/adjuntos?archivo=[c58ebdac-28c2-4e53-b293-23e8d4a485d5]AbstractIniEng.pdf
11251605;FONDECYT de Iniciación en Investigación 2025;2025;RESUMEN;https://post.conicyt.cl/frontend.php/version/6654bc79d2c251f63fc2d7c1/download/adjuntos?archivo=[898282f8-a711-432b-bedf-4e241923eac5]AbstractIniEng.pdf
11251606;FONDECYT de Iniciación en Investigación 2025;2025;RESUMEN;https://post.conicyt.cl/frontend.php/version/66573753d64ab99063f4ab84/download/adjuntos?archivo=[693a00f3-d8e7-44b5-9529-2937cc6c8853]AbstractIniEng.docx.pdf
11251613;FONDECYT de Iniciación en Investigación 2025;2025;RESUMEN;https://post.conicyt.cl/frontend.php/version/66565b31d486050e5b684b44/download/adjuntos?archivo=[89303204-95c9-4b0b-b4da-636e959da790]RESUMEN DEFINITIVO.pdf
11251618;FONDECYT de Iniciación en Investigación 2025;2025;RESUMEN;https://post.conicyt.cl/frontend.php/version/664e8444d568df5616f0ca93/download/adjuntos?archivo=[b5fd67d5-f643-48ca-8a08-8ae1d11e95c4]AbstractIniEng.pdf
11251620;FONDECYT de Iniciación en Investigación 2025;2025;RESUMEN;https://post.conicyt.cl/frontend.php/version/6655f640d64ab9292c0f7843/download/adjuntos?archivo=[cf285d98-cfb0-4c5f-8f43-7239305239e3]AbstractIniEng.pdf
11251622;FONDECYT de Iniciación en Investigación 2025;2025;RESUMEN;https://post.conicyt.cl/frontend.php/version/66588b58d64ab9a67cf4ab84/download/adjuntos?archivo=[4b21f525-c316-436b-a62f-647adfc0ccd4]ResumenIniEsp.pdf
11251627;FONDECYT de Iniciación en Investigación 2025;2025;RESUMEN;https://post.conicyt.cl/frontend.php/version/665798a1d64ab9e313f4ab83/download/adjuntos?archivo=[6242e19a-cc36-4a53-92cb-21b10ee1f736]ResumenIniEsp.pdf
11251628;FONDECYT de Iniciación en Investigación 2025;2025;RESUMEN;https://post.conicyt.cl/frontend.php/version/6659d603d568df4f28718f81/download/adjuntos?archivo=[29eac7b2-331f-4e98-b536-65b8763f77f0]Resumen.pdf
11251638;FONDECYT de Iniciación en Investigación 2025;2025;RESUMEN;https://post.conicyt.cl/frontend.php/version/66584413d64ab9484ef4ab83/download/adjuntos?archivo=[712a6c4d-e875-4ba7-a626-bce404503a62]ResumenIniEsp2024 ok.pdf
11251640;FONDECYT de Iniciación en Investigación 2025;2025;RESUMEN;https://post.conicyt.cl/frontend.php/version/665885a7d568df6c13718f81/download/adjuntos?archivo=[3ce06097-0418-41d7-92a5-21a63fc38a04]ResumenIniEsp _4_.pdf
11251641;FONDECYT de Iniciación en Investigación 2025;2025;RESUMEN;https://post.conicyt.cl/frontend.php/version/6658dd69d48605df18684b40/download/adjuntos?archivo=[0c094ea0-3738-41bc-8a4e-ef21554897da]AbstractIniEng.pdf
11251643;FONDECYT de Iniciación en Investigación 2025;2025;RESUMEN;https://post.conicyt.cl/frontend.php/version/66564422d3a42b6f12bdbd1b/download/adjuntos?archivo=[94b3c36a-9470-45c4-8020-a5f4ad8f760f]1_AbstractIniEng.pdf
11251644;FONDECYT de Iniciación en Investigación 2025;2025;RESUMEN;https://post.conicyt.cl/frontend.php/version/6656c272d48605881d684b44/download/adjuntos?archivo=[e558bb3d-8a86-4ad4-96fc-a896ed1328ef]AbstractIniEng_check.pdf
11251646;FONDECYT de Iniciación en Investigación 2025;2025;RESUMEN;https://post.conicyt.cl/frontend.php/version/6657eec7d486051420684b43/download/adjuntos?archivo=[0df38e1a-a371-41e7-8c2d-0f69e90dbc94]AbstractIniEng_3.pdf
11251650;FONDECYT de Iniciación en Investigación 2025;2025;RESUMEN;https://post.conicyt.cl/frontend.php/version/664659a2d64ab92c071a1e9a/download/adjuntos?archivo=[36528dec-c294-4113-8d15-29ca3d471483]AbstractIniEng.docx.pdf
11251656;FONDECYT de Iniciación en Investigación 2025;2025;RESUMEN;https://post.conicyt.cl/frontend.php/version/66599f1bd64ab9ee65f4ab83/download/adjuntos?archivo=[5c4c9886-742d-45d2-bdf4-efafde1742d7]AbstractIniEng.pdf
11251658;FONDECYT de Iniciación en Investigación 2025;2025;RESUMEN;https://post.conicyt.cl/frontend.php/version/6657a2c2d48605a608684b41/download/adjuntos?archivo=[6b2d7227-ae5f-4ffe-a216-d63586939750]Resumen fondecyt .pdf
11251660;FONDECYT de Iniciación en Investigación 2025;2025;RESUMEN;https://post.conicyt.cl/frontend.php/version/66556589d568dfa70529b78f/download/adjuntos?archivo=[cbda2e3f-251f-48b2-8f90-634da821c922]AbstractIniEng.pdf
11251662;FONDECYT de Iniciación en Investigación 2025;2025;RESUMEN;https://post.conicyt.cl/frontend.php/version/6658d0d8d64ab93218f4ab86/download/adjuntos?archivo=[fc33aba4-59bf-4548-ba2a-eedab6064017]1. Resumen Ini 2024.pdf
11251668;FONDECYT de Iniciación en Investigación 2025;2025;RESUMEN;https://post.conicyt.cl/frontend.php/version/6654f96cd568dfb47229b78c/download/adjuntos?archivo=[2986dad4-8f24-44a9-86c6-fa7535fae4c1]Abstract.pdf
11251670;FONDECYT de Iniciación en Investigación 2025;2025;RESUMEN;https://post.conicyt.cl/frontend.php/version/66465b60d48605667bc64adc/download/adjuntos?archivo=[6eed2b06-bc36-41f2-99ab-c45e6b07b338]AbstractIniEng.pdf
11251672;FONDECYT de Iniciación en Investigación 2025;2025;RESUMEN;https://post.conicyt.cl/frontend.php/version/6655f6b4d2c2513760c2d7c2/download/adjuntos?archivo=[ffc0c323-4026-4836-8641-b10223251a53]ResumenIniEsp.pdf
11251675;FONDECYT de Iniciación en Investigación 2025;2025;RESUMEN;https://post.conicyt.cl/frontend.php/version/66577718d48605c369684b42/download/adjuntos?archivo=[e4333d5c-293a-49a6-9525-50cd66e17c4d]AbstractIniEng _1_.pdf
11251676;FONDECYT de Iniciación en Investigación 2025;2025;RESUMEN;https://post.conicyt.cl/frontend.php/version/66502380d2c251da31e3a082/download/adjuntos?archivo=[92e78f26-6041-4a0c-b959-4cff18e188d7]AbstractIniEng.pdf
11251681;FONDECYT de Iniciación en Investigación 2025;2025;RESUMEN;https://post.conicyt.cl/frontend.php/version/66588319d64ab9b853f4ab83/download/adjuntos?archivo=[2f370bc3-1e50-4d81-b597-f943c605c00e]ResumenIniEsp _1_.pdf
11251686;FONDECYT de Iniciación en Investigación 2025;2025;RESUMEN;https://post.conicyt.cl/frontend.php/version/6658a9d7d2c251841dbd4289/download/adjuntos?archivo=[c137df65-872e-4a72-ac0c-a0ac2f402cb5]Resumen.pdf
11251691;FONDECYT de Iniciación en Investigación 2025;2025;RESUMEN;https://post.conicyt.cl/frontend.php/version/66575bf5d64ab94773f4ab83/download/adjuntos?archivo=[75497381-273a-4b14-828b-bf2edf77aea0]AbstractIniEng.pdf
11251696;FONDECYT de Iniciación en Investigación 2025;2025;RESUMEN;https://post.conicyt.cl/frontend.php/version/6659d4fcd48605fe07684b40/download/adjuntos?archivo=[2c4093b9-a3a8-4ae6-92df-1778ce501717]AbstractIniEng_2025.pdf
11251698;FONDECYT de Iniciación en Investigación 2025;2025;RESUMEN;https://post.conicyt.cl/frontend.php/version/6656abd0d486057604684b47/download/adjuntos?archivo=[023a6773-1b19-41b3-81c7-7b5a0f2d0724]AbstractIniEng.pdf
11251721;FONDECYT de Iniciación en Investigación 2025;2025;RESUMEN;https://post.conicyt.cl/frontend.php/version/665a00ddd64ab9031df4ab84/download/adjuntos?archivo=[6eeb09b8-4599-4a1c-b24a-d2b8e08f1607]Abstract.pdf
11251723;FONDECYT de Iniciación en Investigación 2025;2025;RESUMEN;https://post.conicyt.cl/frontend.php/version/66569884d64ab93512f4ab89/download/adjuntos?archivo=[9a1e4bb6-0717-48cd-9d62-3ca6955593c7]AbstractIniEng.pdf
11251725;FONDECYT de Iniciación en Investigación 2025;2025;RESUMEN;https://post.conicyt.cl/frontend.php/version/6657a83bd64ab9c00df4ab86/download/adjuntos?archivo=[252f6681-fe9b-4655-a88c-33c5065d1ec7]PROPOSAL ABSTRACT.pdf
11251726;FONDECYT de Iniciación en Investigación 2025;2025;RESUMEN;https://post.conicyt.cl/frontend.php/version/66555c93d48605f25f0e07f8/download/adjuntos?archivo=[170a31d1-a2de-4f80-ae5d-f1dcaa980e68]AbstractIniEng.pdf
11251728;FONDECYT de Iniciación en Investigación 2025;2025;RESUMEN;https://post.conicyt.cl/frontend.php/version/6658a2e5d64ab9f67ff4ab83/download/adjuntos?archivo=[24c6308d-ff99-4eeb-b215-ca86518c5555]1_AbstractIniEng.pdf
11251729;FONDECYT de Iniciación en Investigación 2025;2025;RESUMEN;https://post.conicyt.cl/frontend.php/version/665538d2d2c2515179c2d7c3/download/adjuntos?archivo=[c9d8d741-7170-4512-a7af-63998837f90e]01_AbstractIniEng.pdf
11251735;FONDECYT de Iniciación en Investigación 2025;2025;RESUMEN;https://post.conicyt.cl/frontend.php/version/66577da7d48605be78684b40/download/adjuntos?archivo=[ca5b36c2-5cf1-41db-b01e-3cd0805f63dc]AbstractIniEng.pdf
11251740;FONDECYT de Iniciación en Investigación 2025;2025;RESUMEN;https://post.conicyt.cl/frontend.php/version/665762acd64ab96876f4ab84/download/adjuntos?archivo=[6ffa9152-6d3c-4f74-ad61-6de8ae6720bf]RESUMEN_2025.pdf
11251741;FONDECYT de Iniciación en Investigación 2025;2025;RESUMEN;https://post.conicyt.cl/frontend.php/version/66588b45d568df0914718f84/download/adjuntos?archivo=[6c094b34-d68b-41db-840d-2e731a31d88e]ResumenIniEsp.pdf
11251742;FONDECYT de Iniciación en Investigación 2025;2025;RESUMEN;https://post.conicyt.cl/frontend.php/version/6657b947d48605a608684b44/download/adjuntos?archivo=[84e9ca3f-5c84-49e3-8f96-09cf03a6229b]Resumen..pdf
11251749;FONDECYT de Iniciación en Investigación 2025;2025;RESUMEN;https://post.conicyt.cl/frontend.php/version/6646620dd2c251f007459700/download/adjuntos?archivo=[55487eec-01e9-46e3-9b92-051a39f3cf18]Resumen Iniciacion.pdf
11251750;FONDECYT de Iniciación en Investigación 2025;2025;RESUMEN;https://post.conicyt.cl/frontend.php/version/665102a3d2c2517e45913451/download/adjuntos?archivo=[49162e6f-ce73-420b-b7bc-c90a1e491d3b]ResumenRofTec.pdf
11251762;FONDECYT de Iniciación en Investigación 2025;2025;RESUMEN;https://post.conicyt.cl/frontend.php/version/6655c8ebd64ab9280a0f7844/download/adjuntos?archivo=[9ec0ae2a-de8a-4205-8c1a-081860ab0b69]AbstractIniEng.pdf
11251766;FONDECYT de Iniciación en Investigación 2025;2025;RESUMEN;https://post.conicyt.cl/frontend.php/version/66466367d3a42beb44e55611/download/adjuntos?archivo=[b2aa03b7-0cfe-444b-b6e8-9afcd518d2d5]AbstractIniEng.pdf
11251767;FONDECYT de Iniciación en Investigación 2025;2025;RESUMEN;https://post.conicyt.cl/frontend.php/version/66561d71d3a42b9803bdbd1a/download/adjuntos?archivo=[c334cb91-8eb5-47ef-86d5-4bb28a47508a]1. AbstractIniEng_Parenting.pdf
11251768;FONDECYT de Iniciación en Investigación 2025;2025;RESUMEN;https://post.conicyt.cl/frontend.php/version/6653f5e4d568dfb57729b78b/download/adjuntos?archivo=[caf2cec8-341d-4bcb-bb00-116cbd0aa2f3]ResumenIniEsp v.2.pdf
11251799;FONDECYT de Iniciación en Investigación 2025;2025;RESUMEN;https://post.conicyt.cl/frontend.php/version/6658e772d568dfce3c718f82/download/adjuntos?archivo=[895d6e33-99e2-4039-a9a2-2f1831b4036d]01. Resumen.pdf
11251801;FONDECYT de Iniciación en Investigación 2025;2025;RESUMEN;https://post.conicyt.cl/frontend.php/version/665a052fd568dfac32718f84/download/adjuntos?archivo=[02a68520-93a2-4daf-982c-1c3c40a6fbc7]AbstractIniEng.pdf
11251802;FONDECYT de Iniciación en Investigación 2025;2025;RESUMEN;https://post.conicyt.cl/frontend.php/version/6655548ed3a42b8a7cac8e03/download/adjuntos?archivo=[20e1f305-ab89-4b6d-8d29-e8d599b28b26]25_Abstract.pdf
11251803;FONDECYT de Iniciación en Investigación 2025;2025;RESUMEN;https://post.conicyt.cl/frontend.php/version/66598fb5d64ab9d26df4ab83/download/adjuntos?archivo=[8346414d-a1a3-4778-a6da-5ac9d9d944ba]ResumenIniEsp .pdf
11251807;FONDECYT de Iniciación en Investigación 2025;2025;RESUMEN;https://post.conicyt.cl/frontend.php/version/6657b053d568df282b718f84/download/adjuntos?archivo=[1dd4947d-0f2c-41f1-886f-512f9d5c4eb2]AbstractIniEng.pdf
11251809;FONDECYT de Iniciación en Investigación 2025;2025;RESUMEN;https://post.conicyt.cl/frontend.php/version/66579a09d568df012b718f81/download/adjuntos?archivo=[2a6353c3-ec12-4547-80bc-bdf1d552ce69]Abstract.pdf
11251813;FONDECYT de Iniciación en Investigación 2025;2025;RESUMEN;https://post.conicyt.cl/frontend.php/version/6656b966d568dfd241718f81/download/adjuntos?archivo=[6e826ac1-407c-4a8d-b6a8-69b40d9b459d]ResumenIniEsp_2.pdf
11251815;FONDECYT de Iniciación en Investigación 2025;2025;RESUMEN;https://post.conicyt.cl/frontend.php/version/6656161ad568dffb72718f84/download/adjuntos?archivo=[4b76587d-8eb3-4715-b6aa-0459e4363f0e]AbstractIniEng2024.pdf
11251816;FONDECYT de Iniciación en Investigación 2025;2025;RESUMEN;https://post.conicyt.cl/frontend.php/version/6654150cd3a42b3307ac8dfe/download/adjuntos?archivo=[5197d803-49bc-4772-9ce1-9c7d6e79bc54]AbstractIniEng_v4.pdf
11251818;FONDECYT de Iniciación en Investigación 2025;2025;RESUMEN;https://post.conicyt.cl/frontend.php/version/664676a0d2c2517c194596f8/download/adjuntos?archivo=[3ee4111f-24ef-42d7-8d79-422461c09845]AbstractIniEng.pdf
11251819;FONDECYT de Iniciación en Investigación 2025;2025;RESUMEN;https://post.conicyt.cl/frontend.php/version/665549b1d3a42ba011ac8e04/download/adjuntos?archivo=[338612ad-ee6b-4c9a-b089-ca5c891db31c]Resumen.pdf
11251827;FONDECYT de Iniciación en Investigación 2025;2025;RESUMEN;https://post.conicyt.cl/frontend.php/version/6659f39ad64ab9fb1cf4ab84/download/adjuntos?archivo=[51a27d37-3bcc-4a53-bb0b-1d7c3921cdbe]AbstractIniEng.pdf
11251840;FONDECYT de Iniciación en Investigación 2025;2025;RESUMEN;https://post.conicyt.cl/frontend.php/version/66587dc3d64ab92451f4ab85/download/adjuntos?archivo=[fe4d54aa-5ccf-42b9-a4e0-2ce4ec2cf731]AbstractIniEng_final.pdf
11251848;FONDECYT de Iniciación en Investigación 2025;2025;RESUMEN;https://post.conicyt.cl/frontend.php/version/66588998d64ab9a67cf4ab82/download/adjuntos?archivo=[2e6c999b-b361-427a-ba0e-e8946729bb38]ResumenIniEsp_.pdf
11251858;FONDECYT de Iniciación en Investigación 2025;2025;RESUMEN;https://post.conicyt.cl/frontend.php/version/6659e8d5d48605f10d684b40/download/adjuntos?archivo=[95c496e6-1974-4a01-9844-70fda771e4d1]1. ResumenIniEsp.pdf
11251860;FONDECYT de Iniciación en Investigación 2025;2025;RESUMEN;https://post.conicyt.cl/frontend.php/version/665505bfd3a42b5769ac8e08/download/adjuntos?archivo=[8f1c15aa-f444-415d-8a98-ba80d7f35093]Abstract_final.pdf
11251862;FONDECYT de Iniciación en Investigación 2025;2025;RESUMEN;https://post.conicyt.cl/frontend.php/version/665750f4d64ab91a6ff4ab82/download/adjuntos?archivo=[d934461c-f420-4515-b4fb-4cba86f5081c]Abstract_FondecytINI.pdf
11251865;FONDECYT de Iniciación en Investigación 2025;2025;RESUMEN;https://post.conicyt.cl/frontend.php/version/66587421d486055644684b40/download/adjuntos?archivo=[011e733a-8739-45aa-b555-b3acae520542]ProposedResearch_FONDECYT_Iniciacion2025_abstract.pdf
11251874;FONDECYT de Iniciación en Investigación 2025;2025;RESUMEN;https://post.conicyt.cl/frontend.php/version/6657b69cd568dfdb2c718f85/download/adjuntos?archivo=[7fa86f1c-e6b6-4476-ab59-7af6d81c54d3]2025_ResumenIniEsp_1_.pdf
11251881;FONDECYT de Iniciación en Investigación 2025;2025;RESUMEN;https://post.conicyt.cl/frontend.php/version/6658db34d48605f318684b40/download/adjuntos?archivo=[64972d8a-384a-4658-98ac-c0b79ee47e21]ResumenIniEsp.pdf
11251884;FONDECYT de Iniciación en Investigación 2025;2025;RESUMEN;https://post.conicyt.cl/frontend.php/version/6657aef9d48605a608684b43/download/adjuntos?archivo=[ad5f6b9a-e858-486f-861b-a65c485c8a4d]AbstractIniEng.pdf
11251887;FONDECYT de Iniciación en Investigación 2025;2025;RESUMEN;https://post.conicyt.cl/frontend.php/version/6654d736d568df005329b78b/download/adjuntos?archivo=[2b755bba-f3b9-48cf-93db-103363159522]ResumenIniEsp.pdf
11251889;FONDECYT de Iniciación en Investigación 2025;2025;RESUMEN;https://post.conicyt.cl/frontend.php/version/6657a2d8d64ab92317f4ab82/download/adjuntos?archivo=[76951ec9-c133-490c-ad80-8f85ecd88323]ResumenIniEsp 2025.pdf
11251891;FONDECYT de Iniciación en Investigación 2025;2025;RESUMEN;https://post.conicyt.cl/frontend.php/version/66590045d568dfd63c718f86/download/adjuntos?archivo=[20b812cc-1610-4f0b-af86-a9be4c738a1e]ResumenIniEsp.pdf
11251892;FONDECYT de Iniciación en Investigación 2025;2025;RESUMEN;https://post.conicyt.cl/frontend.php/version/66577917d568dfeb1b718f81/download/adjuntos?archivo=[45d994b1-fc05-4632-a9d3-cc5952835794]1. AbstractIniEng.pdf
11251898;FONDECYT de Iniciación en Investigación 2025;2025;RESUMEN;https://post.conicyt.cl/frontend.php/version/6658d373d48605de15684b41/download/adjuntos?archivo=[ede8cd09-f2a7-4237-8287-bf99aecca93d]AbstractIniEng para platafroma _1_.pdf
11251903;FONDECYT de Iniciación en Investigación 2025;2025;RESUMEN;https://post.conicyt.cl/frontend.php/version/6647a282d486058e69c64adc/download/adjuntos?archivo=[382698f9-8730-4363-b9af-05af4e0470a8]Abstract.pdf
11251905;FONDECYT de Iniciación en Investigación 2025;2025;RESUMEN;https://post.conicyt.cl/frontend.php/version/6647a7d6d3a42b1339e55614/download/adjuntos?archivo=[b9e09e11-4135-464f-9bc9-26888d5852f7]AbstractIniEng.pdf
11251906;FONDECYT de Iniciación en Investigación 2025;2025;RESUMEN;https://post.conicyt.cl/frontend.php/version/6655c786d568dfe94129b78b/download/adjuntos?archivo=[9f009898-cf61-4832-bc7c-33e9ea560567]AbstractIniEng.pdf
11251909;FONDECYT de Iniciación en Investigación 2025;2025;RESUMEN;https://post.conicyt.cl/frontend.php/version/6654e9b6d568df6c6129b78c/download/adjuntos?archivo=[0689877b-ae84-402b-bc72-04058ef5b3bf]ResumenIniEsp.pdf
11251911;FONDECYT de Iniciación en Investigación 2025;2025;RESUMEN;https://post.conicyt.cl/frontend.php/version/6659d194d568df4e28718f83/download/adjuntos?archivo=[30028824-61db-4999-9058-6935cc5894cc]ResumenIniEsp_final.pdf
11251912;FONDECYT de Iniciación en Investigación 2025;2025;RESUMEN;https://post.conicyt.cl/frontend.php/version/6647aaa7d64ab953781a1e9c/download/adjuntos?archivo=[6217dea2-ab25-4ac7-a5d1-a43548dd7c30]AbstractIniEng.docx.pdf
11251914;FONDECYT de Iniciación en Investigación 2025;2025;RESUMEN;https://post.conicyt.cl/frontend.php/version/66562e7fd64ab9ab5ef4ab85/download/adjuntos?archivo=[b8b5fbe4-9d9e-41ba-9d6e-83ac5d832c99]AbstractIniEng.pdf
11251916;FONDECYT de Iniciación en Investigación 2025;2025;RESUMEN;https://post.conicyt.cl/frontend.php/version/6654b400d568dffb5229b78a/download/adjuntos?archivo=[9ffafb2e-b027-4984-aaf5-046730bebf10]AbstractIniEng.pdf
11251923;FONDECYT de Iniciación en Investigación 2025;2025;RESUMEN;https://post.conicyt.cl/frontend.php/version/66583062d568df4769718f81/download/adjuntos?archivo=[c6d04ad2-e6e6-4b23-ae01-c8099a685559]AbstractIniEng.pdf
11251924;FONDECYT de Iniciación en Investigación 2025;2025;RESUMEN;https://post.conicyt.cl/frontend.php/version/665643c5d2c2516809bd428c/download/adjuntos?archivo=[98f66755-e1f8-4f78-9679-4e52e60b92df]ResumenIniEsp.pdf
11251927;FONDECYT de Iniciación en Investigación 2025;2025;RESUMEN;https://post.conicyt.cl/frontend.php/version/664e1aced486050d45e048d8/download/adjuntos?archivo=[7e227e2b-23a7-4e6e-9987-9290f23335e7]AbstractIniEngR.pdf
11251931;FONDECYT de Iniciación en Investigación 2025;2025;RESUMEN;https://post.conicyt.cl/frontend.php/version/6647b19dd48605970dc64adc/download/adjuntos?archivo=[979b7d0c-1642-4c87-86e1-b555f56b3928]Resumen FI25.pdf
11251936;FONDECYT de Iniciación en Investigación 2025;2025;RESUMEN;https://post.conicyt.cl/frontend.php/version/6659e3d8d568dfb325718f83/download/adjuntos?archivo=[ab8daf8c-7ec1-4e2f-877d-58282b134910]AbstractIniEng _ anon.pdf
11251938;FONDECYT de Iniciación en Investigación 2025;2025;RESUMEN;https://post.conicyt.cl/frontend.php/version/6654b6fcd3a42b9f59ac8e00/download/adjuntos?archivo=[f204e7ce-35c4-4915-b79c-4def985a4058]Abstract.pdf
11251943;FONDECYT de Iniciación en Investigación 2025;2025;RESUMEN;https://post.conicyt.cl/frontend.php/version/6657c3bbd568dff32c718f84/download/adjuntos?archivo=[c6b49c6b-eb77-49da-9b62-bd0ccbece045]AbstractIniEng_final.pdf
11251944;FONDECYT de Iniciación en Investigación 2025;2025;RESUMEN;https://post.conicyt.cl/frontend.php/version/665913e4d48605312c684b41/download/adjuntos?archivo=[763d479f-f5e0-4ead-abb4-f3dccba8dab0]Abstract.pdf
