codigo_proyecto;nombre_concurso;agno_fallo;nombre_archivo;url (acceso)
3160002;FONDECYT de Postdoctorado 2016;2016;Resumen;https://post.anid.cl/frontend.php/es/postulacion/descargar/hash/3f21f2ec7cd1d1bbb2c4e20fa23c488c
3160005;FONDECYT de Postdoctorado 2016;2016;Resumen;https://post.anid.cl/frontend.php/es/postulacion/descargar/hash/896d24edbcff53d7dc799c71ea33c2c2
3160008;FONDECYT de Postdoctorado 2016;2016;Resumen;https://post.anid.cl/frontend.php/es/postulacion/descargar/hash/41ebb91fd76fc095d00e09db4ea117ac
3160010;FONDECYT de Postdoctorado 2016;2016;Resumen;https://post.anid.cl/frontend.php/es/postulacion/descargar/hash/e034fcb09b57f73b0543751ad81de1a3
3160016;FONDECYT de Postdoctorado 2016;2016;Resumen;https://post.anid.cl/frontend.php/es/postulacion/descargar/hash/7de66889dd5f4c6fb0746e3dd434f5de
3160017;FONDECYT de Postdoctorado 2016;2016;Resumen;https://post.anid.cl/frontend.php/es/postulacion/descargar/hash/0197ba40497bf2dca2b7ed1b9cd691bd
3160019;FONDECYT de Postdoctorado 2016;2016;Resumen;https://post.anid.cl/frontend.php/es/postulacion/descargar/hash/2be7d6087dfd90eb4a323e0b7db11f3c
3160022;FONDECYT de Postdoctorado 2016;2016;Resumen;https://post.anid.cl/frontend.php/es/postulacion/descargar/hash/aeb98b6b4293c02b37cbe3e03c126512
3160032;FONDECYT de Postdoctorado 2016;2016;Resumen;https://post.anid.cl/frontend.php/es/postulacion/descargar/hash/0a31c4879bdf2da7a1632654bcfcb5f9
3160037;FONDECYT de Postdoctorado 2016;2016;Resumen;https://post.anid.cl/frontend.php/es/postulacion/descargar/hash/54d988bc6aa80e622c660ad8a36340b3
3160038;FONDECYT de Postdoctorado 2016;2016;Resumen;https://post.anid.cl/frontend.php/es/postulacion/descargar/hash/58e38a618412b8fbc5782bc4180828af
3160039;FONDECYT de Postdoctorado 2016;2016;Resumen;https://post.anid.cl/frontend.php/es/postulacion/descargar/hash/ac0514289f1aa41314d7374d2c5b9324
3160042;FONDECYT de Postdoctorado 2016;2016;Resumen;https://post.anid.cl/frontend.php/es/postulacion/descargar/hash/3070ee0bf591bc5b4220c30f69663808
3160043;FONDECYT de Postdoctorado 2016;2016;Resumen;https://post.anid.cl/frontend.php/es/postulacion/descargar/hash/99d57f32719f25e9f278b47df1f78a7c
3160044;FONDECYT de Postdoctorado 2016;2016;Resumen;https://post.anid.cl/frontend.php/es/postulacion/descargar/hash/5b123d817127fbad47eec5d62400aaa4
3160048;FONDECYT de Postdoctorado 2016;2016;Resumen;https://post.anid.cl/frontend.php/es/postulacion/descargar/hash/513efde3f8a10ba14e669eddd10de4f7
3160049;FONDECYT de Postdoctorado 2016;2016;Resumen;https://post.anid.cl/frontend.php/es/postulacion/descargar/hash/bd16021df3bb96ca30192c540fbb8e80
3160051;FONDECYT de Postdoctorado 2016;2016;Resumen;https://post.anid.cl/frontend.php/es/postulacion/descargar/hash/ac24617f4d469365d311ccbeaf882671
3160053;FONDECYT de Postdoctorado 2016;2016;Resumen;https://post.anid.cl/frontend.php/es/postulacion/descargar/hash/78bca9056c3cee0ea49e7d6b32df9232
3160055;FONDECYT de Postdoctorado 2016;2016;Resumen;https://post.anid.cl/frontend.php/es/postulacion/descargar/hash/e8d159fd1e3c3f06ca8673edbfcb39e2
3160056;FONDECYT de Postdoctorado 2016;2016;Resumen;https://post.anid.cl/frontend.php/es/postulacion/descargar/hash/539fc2f95cee2cae900c03a79d692228
3160059;FONDECYT de Postdoctorado 2016;2016;Resumen;https://post.anid.cl/frontend.php/es/postulacion/descargar/hash/5ef1b71cdc866c12b1a2b84ae37e0085
3160077;FONDECYT de Postdoctorado 2016;2016;Resumen;https://post.anid.cl/frontend.php/es/postulacion/descargar/hash/6d887f53f9315d166ed4a00188df6cf2
3160080;FONDECYT de Postdoctorado 2016;2016;Resumen;https://post.anid.cl/frontend.php/es/postulacion/descargar/hash/d4351a19a6bc76f0afda95885cb9e6e8
3160082;FONDECYT de Postdoctorado 2016;2016;Resumen;https://post.anid.cl/frontend.php/es/postulacion/descargar/hash/7008c6245b410007e8cfb7f7d5126054
3160084;FONDECYT de Postdoctorado 2016;2016;Resumen;https://post.anid.cl/frontend.php/es/postulacion/descargar/hash/0f2fc44376c8fc915d24b8023f5d2624
3160086;FONDECYT de Postdoctorado 2016;2016;Resumen;https://post.anid.cl/frontend.php/es/postulacion/descargar/hash/63df80d507a85a2f6c80d07344b83c27
3160088;FONDECYT de Postdoctorado 2016;2016;Resumen;https://post.anid.cl/frontend.php/es/postulacion/descargar/hash/c8511d0dc2ecbd0c0c3e7465c37b3740
3160091;FONDECYT de Postdoctorado 2016;2016;Resumen;https://post.anid.cl/frontend.php/es/postulacion/descargar/hash/17b423d9cf39c14ce32c3b4ae11ba995
3160095;FONDECYT de Postdoctorado 2016;2016;Resumen;https://post.anid.cl/frontend.php/es/postulacion/descargar/hash/c707bccede7a946a7ea5687de6313066
3160096;FONDECYT de Postdoctorado 2016;2016;Resumen;https://post.anid.cl/frontend.php/es/postulacion/descargar/hash/b583d7a744ee97b0ee19bf0cd391e547
3160104;FONDECYT de Postdoctorado 2016;2016;Resumen;https://post.anid.cl/frontend.php/es/postulacion/descargar/hash/4358bf8c941b57f4311e466018ac3a17
3160106;FONDECYT de Postdoctorado 2016;2016;Resumen;https://post.anid.cl/frontend.php/es/postulacion/descargar/hash/b6b36065831a9adfab35e92397f31bcc
3160114;FONDECYT de Postdoctorado 2016;2016;Resumen;https://post.anid.cl/frontend.php/es/postulacion/descargar/hash/c70575703c94b32f6ae7b531ac4d5b29
3160117;FONDECYT de Postdoctorado 2016;2016;Resumen;https://post.anid.cl/frontend.php/es/postulacion/descargar/hash/01e10c1d1c4e1d77e6d57467d0c08f6a
3160121;FONDECYT de Postdoctorado 2016;2016;Resumen;https://post.anid.cl/frontend.php/es/postulacion/descargar/hash/9303589342fc5ca6e0cea5749b6c4e6b
3160122;FONDECYT de Postdoctorado 2016;2016;Resumen;https://post.anid.cl/frontend.php/es/postulacion/descargar/hash/65b86e93f03cd64b2336977e076c6ba9
3160124;FONDECYT de Postdoctorado 2016;2016;Resumen;https://post.anid.cl/frontend.php/es/postulacion/descargar/hash/252d7b48b264443e75f56f5e4872d147
3160129;FONDECYT de Postdoctorado 2016;2016;Resumen;https://post.anid.cl/frontend.php/es/postulacion/descargar/hash/9bd48bba828783da633e05ca22f874e4
3160130;FONDECYT de Postdoctorado 2016;2016;Resumen;https://post.anid.cl/frontend.php/es/postulacion/descargar/hash/0b4bbd727d4f5b9674d519bfc19a550d
3160131;FONDECYT de Postdoctorado 2016;2016;Resumen;https://post.anid.cl/frontend.php/es/postulacion/descargar/hash/4dd7214057c80f015f5cf4493fc1aaec
3160133;FONDECYT de Postdoctorado 2016;2016;Resumen;https://post.anid.cl/frontend.php/es/postulacion/descargar/hash/e1ee698250258204df400cc88511395b
3160134;FONDECYT de Postdoctorado 2016;2016;Resumen;https://post.anid.cl/frontend.php/es/postulacion/descargar/hash/9142fa843d795224948570f65358b4a4
3160136;FONDECYT de Postdoctorado 2016;2016;Resumen;https://post.anid.cl/frontend.php/es/postulacion/descargar/hash/e73eec521f21f9adab6c6fd3d5ac7898
3160139;FONDECYT de Postdoctorado 2016;2016;Resumen;https://post.anid.cl/frontend.php/es/postulacion/descargar/hash/958a39cdb50c8a0e45221dd5b99a1649
3160140;FONDECYT de Postdoctorado 2016;2016;Resumen;https://post.anid.cl/frontend.php/es/postulacion/descargar/hash/93a1f42eb8bccbb7f4d0e82387b6afa7
3160142;FONDECYT de Postdoctorado 2016;2016;Resumen;https://post.anid.cl/frontend.php/es/postulacion/descargar/hash/4b9b8522384c054e032c9a090411f2a5
3160144;FONDECYT de Postdoctorado 2016;2016;Resumen;https://post.anid.cl/frontend.php/es/postulacion/descargar/hash/1789ea3d6d1debc9f9a267830654d44a
3160146;FONDECYT de Postdoctorado 2016;2016;Resumen;https://post.anid.cl/frontend.php/es/postulacion/descargar/hash/b494776d802d937011f03744640bcbc6
3160150;FONDECYT de Postdoctorado 2016;2016;Resumen;https://post.anid.cl/frontend.php/es/postulacion/descargar/hash/8f4937874b228ca15d644e44057c029d
3160151;FONDECYT de Postdoctorado 2016;2016;Resumen;https://post.anid.cl/frontend.php/es/postulacion/descargar/hash/ceb115b8d867c918b0c09a2336007408
3160152;FONDECYT de Postdoctorado 2016;2016;Resumen;https://post.anid.cl/frontend.php/es/postulacion/descargar/hash/219f8f2ab72bda0e37566a83958e388e
3160153;FONDECYT de Postdoctorado 2016;2016;Resumen;https://post.anid.cl/frontend.php/es/postulacion/descargar/hash/dc44d59f0ebf20cd0ea7c203808fbeeb
3160154;FONDECYT de Postdoctorado 2016;2016;Resumen;https://post.anid.cl/frontend.php/es/postulacion/descargar/hash/b877d03a756d72cc9c4b07726b1b6a98
3160158;FONDECYT de Postdoctorado 2016;2016;Resumen;https://post.anid.cl/frontend.php/es/postulacion/descargar/hash/6db967cedd9fd2ea3c0f526c67d6920e
3160163;FONDECYT de Postdoctorado 2016;2016;Resumen;https://post.anid.cl/frontend.php/es/postulacion/descargar/hash/ba8a9000aa919f2e390eb1614b4a8d6d
3160164;FONDECYT de Postdoctorado 2016;2016;Resumen;https://post.anid.cl/frontend.php/es/postulacion/descargar/hash/8413eb20164d8830f3c32b3936e5d805
3160165;FONDECYT de Postdoctorado 2016;2016;Resumen;https://post.anid.cl/frontend.php/es/postulacion/descargar/hash/e6e27c2fcf2128e9bd6338763b705f8f
3160167;FONDECYT de Postdoctorado 2016;2016;Resumen;https://post.anid.cl/frontend.php/es/postulacion/descargar/hash/c1aa29fbecd3fb311e84cbb49a7f1982
3160170;FONDECYT de Postdoctorado 2016;2016;Resumen;https://post.anid.cl/frontend.php/es/postulacion/descargar/hash/37af20699e15e8f7685f8d4536d10545
3160171;FONDECYT de Postdoctorado 2016;2016;Resumen;https://post.anid.cl/frontend.php/es/postulacion/descargar/hash/7785e114511c7a6e8b2c1ecd939c587d
3160172;FONDECYT de Postdoctorado 2016;2016;Resumen;https://post.anid.cl/frontend.php/es/postulacion/descargar/hash/096df527a0bf7b9bf95b6bcdf7d8c5fa
3160177;FONDECYT de Postdoctorado 2016;2016;Resumen;https://post.anid.cl/frontend.php/es/postulacion/descargar/hash/b3dd45d1eea0e27bb4fb2de1ebc8c489
3160178;FONDECYT de Postdoctorado 2016;2016;Resumen;https://post.anid.cl/frontend.php/es/postulacion/descargar/hash/129c19e43bfc7bf7cce2957378bc64d5
3160179;FONDECYT de Postdoctorado 2016;2016;Resumen;https://post.anid.cl/frontend.php/es/postulacion/descargar/hash/a2f5b71d8c33ead425e1c7e1e457928b
3160180;FONDECYT de Postdoctorado 2016;2016;Resumen;https://post.anid.cl/frontend.php/es/postulacion/descargar/hash/77667ff74992f5e1d7de605f2f3a34bc
3160182;FONDECYT de Postdoctorado 2016;2016;Resumen;https://post.anid.cl/frontend.php/es/postulacion/descargar/hash/2e467321c5bed5e6a1b98da2fc7f7f31
3160188;FONDECYT de Postdoctorado 2016;2016;Resumen;https://post.anid.cl/frontend.php/es/postulacion/descargar/hash/53f80bb08a3003b70024fe0e6f46fa05
3160189;FONDECYT de Postdoctorado 2016;2016;Resumen;https://post.anid.cl/frontend.php/es/postulacion/descargar/hash/2eb3540681bd1ff0a9eaf2fb2bcb239b
3160190;FONDECYT de Postdoctorado 2016;2016;Resumen;https://post.anid.cl/frontend.php/es/postulacion/descargar/hash/c760247f6a5c49968f9714c01f40d4dd
3160191;FONDECYT de Postdoctorado 2016;2016;Resumen;https://post.anid.cl/frontend.php/es/postulacion/descargar/hash/e1ce648b37f869a739d0c4076fb70f42
3160194;FONDECYT de Postdoctorado 2016;2016;Resumen;https://post.anid.cl/frontend.php/es/postulacion/descargar/hash/bccfda26b2b3cfde59735694fa6f5ec9
3160195;FONDECYT de Postdoctorado 2016;2016;Resumen;https://post.anid.cl/frontend.php/es/postulacion/descargar/hash/8dfa78955da27fe66858990dfc3bf659
3160197;FONDECYT de Postdoctorado 2016;2016;Resumen;https://post.anid.cl/frontend.php/es/postulacion/descargar/hash/aa6150b3a675442c7a4866dda3065217
3160200;FONDECYT de Postdoctorado 2016;2016;Resumen;https://post.anid.cl/frontend.php/es/postulacion/descargar/hash/f507392334e365e9a460b604914b0f8d
3160201;FONDECYT de Postdoctorado 2016;2016;Resumen;https://post.anid.cl/frontend.php/es/postulacion/descargar/hash/11c1de799ad54cf861fcb78c78df4bfb
3160203;FONDECYT de Postdoctorado 2016;2016;Resumen;https://post.anid.cl/frontend.php/es/postulacion/descargar/hash/6a56629ae3a6a0053cd0afcf00b1f342
3160205;FONDECYT de Postdoctorado 2016;2016;Resumen;https://post.anid.cl/frontend.php/es/postulacion/descargar/hash/633fddc6ab38787ba4ff1db5bc492db6
3160207;FONDECYT de Postdoctorado 2016;2016;Resumen;https://post.anid.cl/frontend.php/es/postulacion/descargar/hash/cb359e1a3001804fd311e862e4e17646
3160208;FONDECYT de Postdoctorado 2016;2016;Resumen;https://post.anid.cl/frontend.php/es/postulacion/descargar/hash/d8707033af2358a2f9cbfa4768f13e13
3160209;FONDECYT de Postdoctorado 2016;2016;Resumen;https://post.anid.cl/frontend.php/es/postulacion/descargar/hash/ac9873c729e64560d567bd830cd8e73c
3160211;FONDECYT de Postdoctorado 2016;2016;Resumen;https://post.anid.cl/frontend.php/es/postulacion/descargar/hash/430b42553e7b3a8765477513d2fe0897
3160214;FONDECYT de Postdoctorado 2016;2016;Resumen;https://post.anid.cl/frontend.php/es/postulacion/descargar/hash/11cc51af63d857a7e5eca8957615e05e
3160217;FONDECYT de Postdoctorado 2016;2016;Resumen;https://post.anid.cl/frontend.php/es/postulacion/descargar/hash/44ba1c11fe6483371b7c825b19bd2bbe
3160219;FONDECYT de Postdoctorado 2016;2016;Resumen;https://post.anid.cl/frontend.php/es/postulacion/descargar/hash/caff06c23d4a3c1cbb5e2f320043b62d
3160224;FONDECYT de Postdoctorado 2016;2016;Resumen;https://post.anid.cl/frontend.php/es/postulacion/descargar/hash/07f8781a36e6589931ae9e9a00c8a82c
3160225;FONDECYT de Postdoctorado 2016;2016;Resumen;https://post.anid.cl/frontend.php/es/postulacion/descargar/hash/ccb4c531b90b8c823eeb0a796f8caa75
3160226;FONDECYT de Postdoctorado 2016;2016;Resumen;https://post.anid.cl/frontend.php/es/postulacion/descargar/hash/3ec1463787f70cbc41861c05ee5ec2b9
3160228;FONDECYT de Postdoctorado 2016;2016;Resumen;https://post.anid.cl/frontend.php/es/postulacion/descargar/hash/8b9bbdeddf3c0d1c3c77d282f8f0d349
3160229;FONDECYT de Postdoctorado 2016;2016;Resumen;https://post.anid.cl/frontend.php/es/postulacion/descargar/hash/8dd6adfd42fe1f3d3e27de2727549da1
3160230;FONDECYT de Postdoctorado 2016;2016;Resumen;https://post.anid.cl/frontend.php/es/postulacion/descargar/hash/4c72eb34aa9590ff244b6d6bf2b53df0
3160233;FONDECYT de Postdoctorado 2016;2016;Resumen;https://post.anid.cl/frontend.php/es/postulacion/descargar/hash/20c15298f426abe8d7a60cf203fe925e
3160241;FONDECYT de Postdoctorado 2016;2016;Resumen;https://post.anid.cl/frontend.php/es/postulacion/descargar/hash/55bcbdeb13b5fc9d7cfdbb571122cba7
3160244;FONDECYT de Postdoctorado 2016;2016;Resumen;https://post.anid.cl/frontend.php/es/postulacion/descargar/hash/0df129d424f243523524bb74b7886ed1
3160248;FONDECYT de Postdoctorado 2016;2016;Resumen;https://post.anid.cl/frontend.php/es/postulacion/descargar/hash/785ba88ea4379a788bba3bea147c39ff
3160249;FONDECYT de Postdoctorado 2016;2016;Resumen;https://post.anid.cl/frontend.php/es/postulacion/descargar/hash/56c0bdcef2f178f3be2e8b03dfac2eb2
3160250;FONDECYT de Postdoctorado 2016;2016;Resumen;https://post.anid.cl/frontend.php/es/postulacion/descargar/hash/0f8834a94561ec4c5bfffc035bdd8344
3160252;FONDECYT de Postdoctorado 2016;2016;Resumen;https://post.anid.cl/frontend.php/es/postulacion/descargar/hash/2320489e1ea9a737c563cba549212d0a
3160256;FONDECYT de Postdoctorado 2016;2016;Resumen;https://post.anid.cl/frontend.php/es/postulacion/descargar/hash/d24df1a155e29bc4612d9e940a1502d5
3160258;FONDECYT de Postdoctorado 2016;2016;Resumen;https://post.anid.cl/frontend.php/es/postulacion/descargar/hash/fedbde788fa4fc3e5eb94875a79f9bae
3160270;FONDECYT de Postdoctorado 2016;2016;Resumen;https://post.anid.cl/frontend.php/es/postulacion/descargar/hash/8d1fcf64a34bb23bb9363b3e5087dcf4
3160272;FONDECYT de Postdoctorado 2016;2016;Resumen;https://post.anid.cl/frontend.php/es/postulacion/descargar/hash/9280b045ccdde53c38d4698a6c83e243
3160273;FONDECYT de Postdoctorado 2016;2016;Resumen;https://post.anid.cl/frontend.php/es/postulacion/descargar/hash/ea42935cae1a7bf0ab96c0f7b9c8e69b
3160274;FONDECYT de Postdoctorado 2016;2016;Resumen;https://post.anid.cl/frontend.php/es/postulacion/descargar/hash/5f5ef201d219249c3ec5f73979d0fc2c
3160278;FONDECYT de Postdoctorado 2016;2016;Resumen;https://post.anid.cl/frontend.php/es/postulacion/descargar/hash/708df8c5999bde5c5799e7d224647940
3160285;FONDECYT de Postdoctorado 2016;2016;Resumen;https://post.anid.cl/frontend.php/es/postulacion/descargar/hash/0a89f597a8c62bd49c3e89e1ccd5a015
3160286;FONDECYT de Postdoctorado 2016;2016;Resumen;https://post.anid.cl/frontend.php/es/postulacion/descargar/hash/d03a8ef01a724de1ae4d1fe128719f6f
3160287;FONDECYT de Postdoctorado 2016;2016;Resumen;https://post.anid.cl/frontend.php/es/postulacion/descargar/hash/a53350500925fdb4f4b42ec5f1838a84
3160292;FONDECYT de Postdoctorado 2016;2016;Resumen;https://post.anid.cl/frontend.php/es/postulacion/descargar/hash/2e0f1709b6484bae742a69f7c08396a2
3160294;FONDECYT de Postdoctorado 2016;2016;Resumen;https://post.anid.cl/frontend.php/es/postulacion/descargar/hash/43774ab2bcccc437cd9ae22cb8ec7b4d
3160296;FONDECYT de Postdoctorado 2016;2016;Resumen;https://post.anid.cl/frontend.php/es/postulacion/descargar/hash/6d3bacf4a98b44442741505e5ce05ce4
3160298;FONDECYT de Postdoctorado 2016;2016;Resumen;https://post.anid.cl/frontend.php/es/postulacion/descargar/hash/f9677e376f28461697dac5aa5586cc7d
3160299;FONDECYT de Postdoctorado 2016;2016;Resumen;https://post.anid.cl/frontend.php/es/postulacion/descargar/hash/93e328dbe0568392aca09a9a0b47aabb
3160301;FONDECYT de Postdoctorado 2016;2016;Resumen;https://post.anid.cl/frontend.php/es/postulacion/descargar/hash/91915027cba408a538c77ecedc0303e1
3160304;FONDECYT de Postdoctorado 2016;2016;Resumen;https://post.anid.cl/frontend.php/es/postulacion/descargar/hash/1a36979242a96803b4c0a64b7bd4ac5f
3160305;FONDECYT de Postdoctorado 2016;2016;Resumen;https://post.anid.cl/frontend.php/es/postulacion/descargar/hash/ca41b08a47334acca4ddfed1e9e6f62b
3160308;FONDECYT de Postdoctorado 2016;2016;Resumen;https://post.anid.cl/frontend.php/es/postulacion/descargar/hash/61e1fe73628a30902169539113c6d59d
3160311;FONDECYT de Postdoctorado 2016;2016;Resumen;https://post.anid.cl/frontend.php/es/postulacion/descargar/hash/543d010692be53bc0a24206e1a48748b
3160316;FONDECYT de Postdoctorado 2016;2016;Resumen;https://post.anid.cl/frontend.php/es/postulacion/descargar/hash/bea0b616ac5ddc3f18ed1a1e6097b0a4
3160321;FONDECYT de Postdoctorado 2016;2016;Resumen;https://post.anid.cl/frontend.php/es/postulacion/descargar/hash/3cc5c03e909b79a6a885941c85181546
3160323;FONDECYT de Postdoctorado 2016;2016;Resumen;https://post.anid.cl/frontend.php/es/postulacion/descargar/hash/7277c000cb7051f5a79a3b5abe6d367e
3160324;FONDECYT de Postdoctorado 2016;2016;Resumen;https://post.anid.cl/frontend.php/es/postulacion/descargar/hash/a1e3acc2a4ff68d682471fe7cad943b0
3160325;FONDECYT de Postdoctorado 2016;2016;Resumen;https://post.anid.cl/frontend.php/es/postulacion/descargar/hash/7818f48290dde784e69604c6569dd724
3160326;FONDECYT de Postdoctorado 2016;2016;Resumen;https://post.anid.cl/frontend.php/es/postulacion/descargar/hash/2e10fb15a55a8224c6dfbe4e8d8a78e0
3160327;FONDECYT de Postdoctorado 2016;2016;Resumen;https://post.anid.cl/frontend.php/es/postulacion/descargar/hash/018c8970665942bac797ea78c372a933
3160328;FONDECYT de Postdoctorado 2016;2016;Resumen;https://post.anid.cl/frontend.php/es/postulacion/descargar/hash/5f96028c9031562eb14bc45e500e1821
3160330;FONDECYT de Postdoctorado 2016;2016;Resumen;https://post.anid.cl/frontend.php/es/postulacion/descargar/hash/c0d83d606bb96df783443ca9cd8d2f4b
3160331;FONDECYT de Postdoctorado 2016;2016;Resumen;https://post.anid.cl/frontend.php/es/postulacion/descargar/hash/bae3b89e6a848ede802ec359dd26d959
3160332;FONDECYT de Postdoctorado 2016;2016;Resumen;https://post.anid.cl/frontend.php/es/postulacion/descargar/hash/63ff2ae0a057c1768c200ad09aef6a2c
3160333;FONDECYT de Postdoctorado 2016;2016;Resumen;https://post.anid.cl/frontend.php/es/postulacion/descargar/hash/ad949f645599a8cd349c49e158598d09
3160336;FONDECYT de Postdoctorado 2016;2016;Resumen;https://post.anid.cl/frontend.php/es/postulacion/descargar/hash/7c8e4cb01c131240a1d82e14bb55956b
3160341;FONDECYT de Postdoctorado 2016;2016;Resumen;https://post.anid.cl/frontend.php/es/postulacion/descargar/hash/5d9e12ed66ecc13cfba8a76e52b3355d
3160342;FONDECYT de Postdoctorado 2016;2016;Resumen;https://post.anid.cl/frontend.php/es/postulacion/descargar/hash/d15c9f4883c0e76adab491da94e681bc
3160344;FONDECYT de Postdoctorado 2016;2016;Resumen;https://post.anid.cl/frontend.php/es/postulacion/descargar/hash/d3164d717c5edefaba9bb96755bdd7da
3160348;FONDECYT de Postdoctorado 2016;2016;Resumen;https://post.anid.cl/frontend.php/es/postulacion/descargar/hash/441a375e2905b5b37796bf91fa79bae4
3160349;FONDECYT de Postdoctorado 2016;2016;Resumen;https://post.anid.cl/frontend.php/es/postulacion/descargar/hash/28e591c4cb0ab4e86d511cfc5a84bdbc
3160350;FONDECYT de Postdoctorado 2016;2016;Resumen;https://post.anid.cl/frontend.php/es/postulacion/descargar/hash/0d527b0f0f7384bf57591ca12fc36db9
3160352;FONDECYT de Postdoctorado 2016;2016;Resumen;https://post.anid.cl/frontend.php/es/postulacion/descargar/hash/e31c0d1bb829ffff0bcc700b6d81affa
3160354;FONDECYT de Postdoctorado 2016;2016;Resumen;https://post.anid.cl/frontend.php/es/postulacion/descargar/hash/a8b252e674233affff830e7f9c1fda7c
3160355;FONDECYT de Postdoctorado 2016;2016;Resumen;https://post.anid.cl/frontend.php/es/postulacion/descargar/hash/d6d5d962cbd4b82a90412e502f771729
3160356;FONDECYT de Postdoctorado 2016;2016;Resumen;https://post.anid.cl/frontend.php/es/postulacion/descargar/hash/15471439d99f475cc64c7be476ae8c19
3160357;FONDECYT de Postdoctorado 2016;2016;Resumen;https://post.anid.cl/frontend.php/es/postulacion/descargar/hash/39872779ccc67e2caf187ab6ad9083cd
3160364;FONDECYT de Postdoctorado 2016;2016;Resumen;https://post.anid.cl/frontend.php/es/postulacion/descargar/hash/7e5239c7fb1e7d5181bf131afa09c0e9
3160366;FONDECYT de Postdoctorado 2016;2016;Resumen;https://post.anid.cl/frontend.php/es/postulacion/descargar/hash/f328285599a0d6b663106d295c41e013
3160370;FONDECYT de Postdoctorado 2016;2016;Resumen;https://post.anid.cl/frontend.php/es/postulacion/descargar/hash/5db7583ed93a8f501a6fe890efa71956
3160373;FONDECYT de Postdoctorado 2016;2016;Resumen;https://post.anid.cl/frontend.php/es/postulacion/descargar/hash/1ee0412316e0df724958610e23ed8652
3160374;FONDECYT de Postdoctorado 2016;2016;Resumen;https://post.anid.cl/frontend.php/es/postulacion/descargar/hash/d5dc18ca3a8e097f91ad150a17318bea
3160375;FONDECYT de Postdoctorado 2016;2016;Resumen;https://post.anid.cl/frontend.php/es/postulacion/descargar/hash/3d1d0789f770aae6b3215f9f16bd7a01
3160378;FONDECYT de Postdoctorado 2016;2016;Resumen;https://post.anid.cl/frontend.php/es/postulacion/descargar/hash/a5e7af1ddf7156770f72b4555c284f8a
3160383;FONDECYT de Postdoctorado 2016;2016;Resumen;https://post.anid.cl/frontend.php/es/postulacion/descargar/hash/4ae536b3239a9ec2a1600f5d92fd2b61
3160384;FONDECYT de Postdoctorado 2016;2016;Resumen;https://post.anid.cl/frontend.php/es/postulacion/descargar/hash/14b1b8c9667bde9bc840c547dc1e1e15
3160388;FONDECYT de Postdoctorado 2016;2016;Resumen;https://post.anid.cl/frontend.php/es/postulacion/descargar/hash/592db5102096d321e0d56e90e40d7729
3160392;FONDECYT de Postdoctorado 2016;2016;Resumen;https://post.anid.cl/frontend.php/es/postulacion/descargar/hash/c91b1f3c69967221330a435a5e0cf3b1
3160397;FONDECYT de Postdoctorado 2016;2016;Resumen;https://post.anid.cl/frontend.php/es/postulacion/descargar/hash/14ae456d072fb9a75f9d4f61e1c54828
3160398;FONDECYT de Postdoctorado 2016;2016;Resumen;https://post.anid.cl/frontend.php/es/postulacion/descargar/hash/32ba876a524e6843cbce61e9818e9d70
3160399;FONDECYT de Postdoctorado 2016;2016;Resumen;https://post.anid.cl/frontend.php/es/postulacion/descargar/hash/706b7018d2fce689baa6b0c10bc7ff61
3160400;FONDECYT de Postdoctorado 2016;2016;Resumen;https://post.anid.cl/frontend.php/es/postulacion/descargar/hash/9605780755615785d07dfb2d6abf6086
3160402;FONDECYT de Postdoctorado 2016;2016;Resumen;https://post.anid.cl/frontend.php/es/postulacion/descargar/hash/adc955345985061f4cf39bc525684dd2
3160403;FONDECYT de Postdoctorado 2016;2016;Resumen;https://post.anid.cl/frontend.php/es/postulacion/descargar/hash/a835c25386c3417234ed18a7e2fd5b55
3160412;FONDECYT de Postdoctorado 2016;2016;Resumen;https://post.anid.cl/frontend.php/es/postulacion/descargar/hash/f06181770b24875ee5356271c595d68a
3160414;FONDECYT de Postdoctorado 2016;2016;Resumen;https://post.anid.cl/frontend.php/es/postulacion/descargar/hash/618dc17de57eabf9a0baf998e9f6c811
3160416;FONDECYT de Postdoctorado 2016;2016;Resumen;https://post.anid.cl/frontend.php/es/postulacion/descargar/hash/54ece91ccfdfd8313dc8955a3552603f
3160421;FONDECYT de Postdoctorado 2016;2016;Resumen;https://post.anid.cl/frontend.php/es/postulacion/descargar/hash/7fea6f0e6244c10251f8f3fab41c0c07
3160424;FONDECYT de Postdoctorado 2016;2016;Resumen;https://post.anid.cl/frontend.php/es/postulacion/descargar/hash/e0fee92882a65460826bbde4f8049e88
3160427;FONDECYT de Postdoctorado 2016;2016;Resumen;https://post.anid.cl/frontend.php/es/postulacion/descargar/hash/6bae9600b81c2e19e792540a1562a762
3160431;FONDECYT de Postdoctorado 2016;2016;Resumen;https://post.anid.cl/frontend.php/es/postulacion/descargar/hash/343fc2c6ab786bb89ea5997d67eca890
3160432;FONDECYT de Postdoctorado 2016;2016;Resumen;https://post.anid.cl/frontend.php/es/postulacion/descargar/hash/66de09c13e0632d84453336358f08eed
3160435;FONDECYT de Postdoctorado 2016;2016;Resumen;https://post.anid.cl/frontend.php/es/postulacion/descargar/hash/585bcde09eeb3621345dc44cdd07fc4c
3160437;FONDECYT de Postdoctorado 2016;2016;Resumen;https://post.anid.cl/frontend.php/es/postulacion/descargar/hash/820dbbc122b99b86bcb502b24cbd3a69
3160439;FONDECYT de Postdoctorado 2016;2016;Resumen;https://post.anid.cl/frontend.php/es/postulacion/descargar/hash/dae5ca24bc9de78a6fd0cd143eb6992d
3160440;FONDECYT de Postdoctorado 2016;2016;Resumen;https://post.anid.cl/frontend.php/es/postulacion/descargar/hash/564b538432a52b312314f078bdae1094
3160442;FONDECYT de Postdoctorado 2016;2016;Resumen;https://post.anid.cl/frontend.php/es/postulacion/descargar/hash/f9e11c85c81315bd6e8f7878c8f49222
3160443;FONDECYT de Postdoctorado 2016;2016;Resumen;https://post.anid.cl/frontend.php/es/postulacion/descargar/hash/67be8935f86c13c10d767f70c91ed5ba
3160445;FONDECYT de Postdoctorado 2016;2016;Resumen;https://post.anid.cl/frontend.php/es/postulacion/descargar/hash/f34279d739fec30cd5d1265cc0d3b645
3160446;FONDECYT de Postdoctorado 2016;2016;Resumen;https://post.anid.cl/frontend.php/es/postulacion/descargar/hash/803cdcf468cb5ffb1edffdc7f68fc86e
3160447;FONDECYT de Postdoctorado 2016;2016;Resumen;https://post.anid.cl/frontend.php/es/postulacion/descargar/hash/1d6e17e9f66ab4799fc1fbbf7a53c099
3160453;FONDECYT de Postdoctorado 2016;2016;Resumen;https://post.anid.cl/frontend.php/es/postulacion/descargar/hash/206e08988fb0e4a84799f5509f3e2bb3
3160460;FONDECYT de Postdoctorado 2016;2016;Resumen;https://post.anid.cl/frontend.php/es/postulacion/descargar/hash/a6793658aae3fc53111a94cbda016f18
3160461;FONDECYT de Postdoctorado 2016;2016;Resumen;https://post.anid.cl/frontend.php/es/postulacion/descargar/hash/f29cd8619a745b02c8ae35b9adff2637
3160468;FONDECYT de Postdoctorado 2016;2016;Resumen;https://post.anid.cl/frontend.php/es/postulacion/descargar/hash/d5f3e2366f8cea0dba67006863003b00
3160469;FONDECYT de Postdoctorado 2016;2016;Resumen;https://post.anid.cl/frontend.php/es/postulacion/descargar/hash/ea74993cf0bd5c2e2a1da55a0d6b55ba
3160471;FONDECYT de Postdoctorado 2016;2016;Resumen;https://post.anid.cl/frontend.php/es/postulacion/descargar/hash/76135a233dbb814a923592ee717b0644
3160472;FONDECYT de Postdoctorado 2016;2016;Resumen;https://post.anid.cl/frontend.php/es/postulacion/descargar/hash/6560257ee0bc7c6a927ec28b6811055e
3160473;FONDECYT de Postdoctorado 2016;2016;Resumen;https://post.anid.cl/frontend.php/es/postulacion/descargar/hash/7751f80c541f86e7c7ab0b8244f5940e
3160474;FONDECYT de Postdoctorado 2016;2016;Resumen;https://post.anid.cl/frontend.php/es/postulacion/descargar/hash/52a3267be4c0287c0e3aa4e842c63a6c
3160478;FONDECYT de Postdoctorado 2016;2016;Resumen;https://post.anid.cl/frontend.php/es/postulacion/descargar/hash/cd49da896e584674e46585806d2cb465
3160480;FONDECYT de Postdoctorado 2016;2016;Resumen;https://post.anid.cl/frontend.php/es/postulacion/descargar/hash/b3dce4c02467c93b768d52aae18b3106
3160481;FONDECYT de Postdoctorado 2016;2016;Resumen;https://post.anid.cl/frontend.php/es/postulacion/descargar/hash/4be419b4cc30316d1ae73d2e4c506cd4
3160483;FONDECYT de Postdoctorado 2016;2016;Resumen;https://post.anid.cl/frontend.php/es/postulacion/descargar/hash/b915fed61a5a0bd38255d8ee12c18e58
3160486;FONDECYT de Postdoctorado 2016;2016;Resumen;https://post.anid.cl/frontend.php/es/postulacion/descargar/hash/880b2cdc207ffcb4c95ec22800238c5f
3160488;FONDECYT de Postdoctorado 2016;2016;Resumen;https://post.anid.cl/frontend.php/es/postulacion/descargar/hash/39ddf3e09be80469f1129b9344317155
3160491;FONDECYT de Postdoctorado 2016;2016;Resumen;https://post.anid.cl/frontend.php/es/postulacion/descargar/hash/5146ba38f694f5761e07157c6ab17764
3160492;FONDECYT de Postdoctorado 2016;2016;Resumen;https://post.anid.cl/frontend.php/es/postulacion/descargar/hash/f503d31426346965dd915b8d7cd6bd9e
3160493;FONDECYT de Postdoctorado 2016;2016;Resumen;https://post.anid.cl/frontend.php/es/postulacion/descargar/hash/fb1140377928817d3f6a24ff6d71db6f
3160499;FONDECYT de Postdoctorado 2016;2016;Resumen;https://post.anid.cl/frontend.php/es/postulacion/descargar/hash/e0a39de15b40dde8d39c55573e5ec6dd
3160502;FONDECYT de Postdoctorado 2016;2016;Resumen;https://post.anid.cl/frontend.php/es/postulacion/descargar/hash/b8834d67639e6d86240e1154b4de9ce1
3160504;FONDECYT de Postdoctorado 2016;2016;Resumen;https://post.anid.cl/frontend.php/es/postulacion/descargar/hash/b5d73884c9fc3d3a7404870dad0cd5bc
3160509;FONDECYT de Postdoctorado 2016;2016;Resumen;https://post.anid.cl/frontend.php/es/postulacion/descargar/hash/22240e175d1aa406b3e0c3a155bc160b
3160510;FONDECYT de Postdoctorado 2016;2016;Resumen;https://post.anid.cl/frontend.php/es/postulacion/descargar/hash/7cc26a8a9bdd01b45bba004f206bb8bc
3160513;FONDECYT de Postdoctorado 2016;2016;Resumen;https://post.anid.cl/frontend.php/es/postulacion/descargar/hash/d18a2672bce4814e544319403963046e
3160520;FONDECYT de Postdoctorado 2016;2016;Resumen;https://post.anid.cl/frontend.php/es/postulacion/descargar/hash/03508eba1a4e7232c5d427efb5ad0ef8
3160521;FONDECYT de Postdoctorado 2016;2016;Resumen;https://post.anid.cl/frontend.php/es/postulacion/descargar/hash/9dba6ba73c4bb322ec9f020d5bf1fe08
3160522;FONDECYT de Postdoctorado 2016;2016;Resumen;https://post.anid.cl/frontend.php/es/postulacion/descargar/hash/53bb6f236296c3672dd510be34ec6242
3160525;FONDECYT de Postdoctorado 2016;2016;Resumen;https://post.anid.cl/frontend.php/es/postulacion/descargar/hash/45bd25a9386772f1d4dbd9639b874b4a
3160530;FONDECYT de Postdoctorado 2016;2016;Resumen;https://post.anid.cl/frontend.php/es/postulacion/descargar/hash/05e2562346b3d05537b2c546258bce11
3160533;FONDECYT de Postdoctorado 2016;2016;Resumen;https://post.anid.cl/frontend.php/es/postulacion/descargar/hash/3f234ca3ec1d07cb8fb51613ae28bd05
3160538;FONDECYT de Postdoctorado 2016;2016;Resumen;https://post.anid.cl/frontend.php/es/postulacion/descargar/hash/f6501aae528009fa9223447d4e0dee2d
3160540;FONDECYT de Postdoctorado 2016;2016;Resumen;https://post.anid.cl/frontend.php/es/postulacion/descargar/hash/fa930c8687403165b2e71948b567a870
3160542;FONDECYT de Postdoctorado 2016;2016;Resumen;https://post.anid.cl/frontend.php/es/postulacion/descargar/hash/38ba27f7fd6cedc8bddca314fa13a7f4
3160549;FONDECYT de Postdoctorado 2016;2016;Resumen;https://post.anid.cl/frontend.php/es/postulacion/descargar/hash/ea09deafb05cb9d24852dc8daa504d44
3160551;FONDECYT de Postdoctorado 2016;2016;Resumen;https://post.anid.cl/frontend.php/es/postulacion/descargar/hash/ed29b2c68d002d0a286d5c340187f864
3160555;FONDECYT de Postdoctorado 2016;2016;Resumen;https://post.anid.cl/frontend.php/es/postulacion/descargar/hash/c225afae76af9b77eb3864067c15da7e
3160556;FONDECYT de Postdoctorado 2016;2016;Resumen;https://post.anid.cl/frontend.php/es/postulacion/descargar/hash/825f150ab94a62382e14c17eed0396b6
3160558;FONDECYT de Postdoctorado 2016;2016;Resumen;https://post.anid.cl/frontend.php/es/postulacion/descargar/hash/ab636a257e6fcdf8703b49db4e557388
3160559;FONDECYT de Postdoctorado 2016;2016;Resumen;https://post.anid.cl/frontend.php/es/postulacion/descargar/hash/b84b9ed66f882f754178a0dbf6542fe5
3160565;FONDECYT de Postdoctorado 2016;2016;Resumen;https://post.anid.cl/frontend.php/es/postulacion/descargar/hash/008b0b9655437c20d13bb38ff05ef6fc
3160567;FONDECYT de Postdoctorado 2016;2016;Resumen;https://post.anid.cl/frontend.php/es/postulacion/descargar/hash/614554e8be1caca1d6241a0be21c80d1
3160568;FONDECYT de Postdoctorado 2016;2016;Resumen;https://post.anid.cl/frontend.php/es/postulacion/descargar/hash/87069590e23d36d3d9170d2604e4838e
3160572;FONDECYT de Postdoctorado 2016;2016;Resumen;https://post.anid.cl/frontend.php/es/postulacion/descargar/hash/a4fabcd70ec04da5c0fe272f1593687f
3160574;FONDECYT de Postdoctorado 2016;2016;Resumen;https://post.anid.cl/frontend.php/es/postulacion/descargar/hash/7e77bc4e26a266c9f89c46fe37c1193b
3160581;FONDECYT de Postdoctorado 2016;2016;Resumen;https://post.anid.cl/frontend.php/es/postulacion/descargar/hash/35ecbcabd19099522effbe749a9080a1
3160589;FONDECYT de Postdoctorado 2016;2016;Resumen;https://post.anid.cl/frontend.php/es/postulacion/descargar/hash/4d3719704e7a78b1fedf91ad2dab2258
3160591;FONDECYT de Postdoctorado 2016;2016;Resumen;https://post.anid.cl/frontend.php/es/postulacion/descargar/hash/544be41782b43e5869d28e0616404990
3160592;FONDECYT de Postdoctorado 2016;2016;Resumen;https://post.anid.cl/frontend.php/es/postulacion/descargar/hash/4f2f8af6ac4bddd272012571b2afc303
3160594;FONDECYT de Postdoctorado 2016;2016;Resumen;https://post.anid.cl/frontend.php/es/postulacion/descargar/hash/7c671c69b2f91c1efe6f8d3440f3503f
3160595;FONDECYT de Postdoctorado 2016;2016;Resumen;https://post.anid.cl/frontend.php/es/postulacion/descargar/hash/a73b84c54a7aa1a37a3a05a4870c2eab
3160604;FONDECYT de Postdoctorado 2016;2016;Resumen;https://post.anid.cl/frontend.php/es/postulacion/descargar/hash/bd822e9a6aba09bd53b499a8fe760003
3160606;FONDECYT de Postdoctorado 2016;2016;Resumen;https://post.anid.cl/frontend.php/es/postulacion/descargar/hash/b9ad82a327b9085f8fc9a22eb8c940c9
3160611;FONDECYT de Postdoctorado 2016;2016;Resumen;https://post.anid.cl/frontend.php/es/postulacion/descargar/hash/282597a1c29b201478b0a667c3c2193b
3160622;FONDECYT de Postdoctorado 2016;2016;Resumen;https://post.anid.cl/frontend.php/es/postulacion/descargar/hash/cb453c36b2eab3bc81054f2a13c957dc
3160626;FONDECYT de Postdoctorado 2016;2016;Resumen;https://post.anid.cl/frontend.php/es/postulacion/descargar/hash/c33bd346bf90b7a62eafa7269d2024cb
3160630;FONDECYT de Postdoctorado 2016;2016;Resumen;https://post.anid.cl/frontend.php/es/postulacion/descargar/hash/d1b81454eabc82e2bd95ff94b45bb155
3160634;FONDECYT de Postdoctorado 2016;2016;Resumen;https://post.anid.cl/frontend.php/es/postulacion/descargar/hash/e3516df81ac22664e902b00616663b56
3160635;FONDECYT de Postdoctorado 2016;2016;Resumen;https://post.anid.cl/frontend.php/es/postulacion/descargar/hash/f91a32dbce22e2a7c057ebc8488ea188
3160639;FONDECYT de Postdoctorado 2016;2016;Resumen;https://post.anid.cl/frontend.php/es/postulacion/descargar/hash/90f09e896f230396bf1f5b553b1bd4f8
3160641;FONDECYT de Postdoctorado 2016;2016;Resumen;https://post.anid.cl/frontend.php/es/postulacion/descargar/hash/ef25f941c780e19a36446504cba8ab5d
3160642;FONDECYT de Postdoctorado 2016;2016;Resumen;https://post.anid.cl/frontend.php/es/postulacion/descargar/hash/4c50d8d8acd41c653a02e86bbfa90503
3160643;FONDECYT de Postdoctorado 2016;2016;Resumen;https://post.anid.cl/frontend.php/es/postulacion/descargar/hash/280018bb2aa575d622da0e1e53409918
3160644;FONDECYT de Postdoctorado 2016;2016;Resumen;https://post.anid.cl/frontend.php/es/postulacion/descargar/hash/d876451308576843c036b8b2fb46aa4c
3160645;FONDECYT de Postdoctorado 2016;2016;Resumen;https://post.anid.cl/frontend.php/es/postulacion/descargar/hash/442ffcc2305350f5014d28b25dae5424
3160646;FONDECYT de Postdoctorado 2016;2016;Resumen;https://post.anid.cl/frontend.php/es/postulacion/descargar/hash/f99c6d9368077b086ffcf8c77e7466d4
3160648;FONDECYT de Postdoctorado 2016;2016;Resumen;https://post.anid.cl/frontend.php/es/postulacion/descargar/hash/09a24c123bfd1ff2076eb932a07e7ea0
3160657;FONDECYT de Postdoctorado 2016;2016;Resumen;https://post.anid.cl/frontend.php/es/postulacion/descargar/hash/20ff5af7109bed689e07354de3e32902
3160658;FONDECYT de Postdoctorado 2016;2016;Resumen;https://post.anid.cl/frontend.php/es/postulacion/descargar/hash/3463db706afc729b1c32a6094ae3216f
3160659;FONDECYT de Postdoctorado 2016;2016;Resumen;https://post.anid.cl/frontend.php/es/postulacion/descargar/hash/9a5a9035b9d4e4099a75f8c0203382ff
3160663;FONDECYT de Postdoctorado 2016;2016;Resumen;https://post.anid.cl/frontend.php/es/postulacion/descargar/hash/7dc71b7571ab83134f97f792cf64f449
3160665;FONDECYT de Postdoctorado 2016;2016;Resumen;https://post.anid.cl/frontend.php/es/postulacion/descargar/hash/a58541b30a2cccf27dff8dc177cf7e7b
3160666;FONDECYT de Postdoctorado 2016;2016;Resumen;https://post.anid.cl/frontend.php/es/postulacion/descargar/hash/b3b67e69352a10b62a980fff51865e0a
3160669;FONDECYT de Postdoctorado 2016;2016;Resumen;https://post.anid.cl/frontend.php/es/postulacion/descargar/hash/f8d489dbd0b34fb775bb5276db71dc58
3160673;FONDECYT de Postdoctorado 2016;2016;Resumen;https://post.anid.cl/frontend.php/es/postulacion/descargar/hash/01c53ae91ead86d0c2085d36f9fda954
3160674;FONDECYT de Postdoctorado 2016;2016;Resumen;https://post.anid.cl/frontend.php/es/postulacion/descargar/hash/94dec383aaff27c0c22959d837df359e
3160676;FONDECYT de Postdoctorado 2016;2016;Resumen;https://post.anid.cl/frontend.php/es/postulacion/descargar/hash/06c8cdfb1f975cfba5f404952413f931
3160679;FONDECYT de Postdoctorado 2016;2016;Resumen;https://post.anid.cl/frontend.php/es/postulacion/descargar/hash/2a64c1b2e3253d1c7e74df906306a7d8
3160680;FONDECYT de Postdoctorado 2016;2016;Resumen;https://post.anid.cl/frontend.php/es/postulacion/descargar/hash/a9116d5520e59873e41f588507274cfb
3160682;FONDECYT de Postdoctorado 2016;2016;Resumen;https://post.anid.cl/frontend.php/es/postulacion/descargar/hash/424635f6b0ec56a0fefd23f4ad5d7f67
3160684;FONDECYT de Postdoctorado 2016;2016;Resumen;https://post.anid.cl/frontend.php/es/postulacion/descargar/hash/6f74306bcef480ea28f035f17272c28e
3160687;FONDECYT de Postdoctorado 2016;2016;Resumen;https://post.anid.cl/frontend.php/es/postulacion/descargar/hash/b325d842bdd4e52170c35d313bb1f119
3160692;FONDECYT de Postdoctorado 2016;2016;Resumen;https://post.anid.cl/frontend.php/es/postulacion/descargar/hash/1b55fa615201fbe0ba41bdfbe24b609a
3160694;FONDECYT de Postdoctorado 2016;2016;Resumen;https://post.anid.cl/frontend.php/es/postulacion/descargar/hash/2b2c2bd6f52dcaa0fd2165aa772d36c1
3160695;FONDECYT de Postdoctorado 2016;2016;Resumen;https://post.anid.cl/frontend.php/es/postulacion/descargar/hash/1dc12b011d95f3c92d056033d63d4bfa
3160696;FONDECYT de Postdoctorado 2016;2016;Resumen;https://post.anid.cl/frontend.php/es/postulacion/descargar/hash/ad4faebeedd4bdebfd9f66310d158798
3160699;FONDECYT de Postdoctorado 2016;2016;Resumen;https://post.anid.cl/frontend.php/es/postulacion/descargar/hash/cdd4252cdc0e19ba39d0896f3684d11d
3160700;FONDECYT de Postdoctorado 2016;2016;Resumen;https://post.anid.cl/frontend.php/es/postulacion/descargar/hash/4940a001abf494ff0724978bdf6fc377
3160705;FONDECYT de Postdoctorado 2016;2016;Resumen;https://post.anid.cl/frontend.php/es/postulacion/descargar/hash/26a6fe68362be820bc21b1b46919a904
3160707;FONDECYT de Postdoctorado 2016;2016;Resumen;https://post.anid.cl/frontend.php/es/postulacion/descargar/hash/bc2c447eb2b7c32279cf49d0191b1edc
3160710;FONDECYT de Postdoctorado 2016;2016;Resumen;https://post.anid.cl/frontend.php/es/postulacion/descargar/hash/09173071789403f161077d60580a1ba6
3160715;FONDECYT de Postdoctorado 2016;2016;Resumen;https://post.anid.cl/frontend.php/es/postulacion/descargar/hash/877be9d9d63219d04400a265f917937d
3160717;FONDECYT de Postdoctorado 2016;2016;Resumen;https://post.anid.cl/frontend.php/es/postulacion/descargar/hash/4baa73a6609bb36bca489d7fa070b58f
3160718;FONDECYT de Postdoctorado 2016;2016;Resumen;https://post.anid.cl/frontend.php/es/postulacion/descargar/hash/8f00bcb2fe3f8ce5e1f7b4fac032992d
3160724;FONDECYT de Postdoctorado 2016;2016;Resumen;https://post.anid.cl/frontend.php/es/postulacion/descargar/hash/7c06409944069c2214891fd6ccd81147
3160725;FONDECYT de Postdoctorado 2016;2016;Resumen;https://post.anid.cl/frontend.php/es/postulacion/descargar/hash/81bb0f7bf89e788dca01d9e35780e1c3
3160734;FONDECYT de Postdoctorado 2016;2016;Resumen;https://post.anid.cl/frontend.php/es/postulacion/descargar/hash/f103a58d0b39462c43d3f1f49d2e7ea8
3160738;FONDECYT de Postdoctorado 2016;2016;Resumen;https://post.anid.cl/frontend.php/es/postulacion/descargar/hash/c13dbb75c9a0ca620b4e71b237328963
3160740;FONDECYT de Postdoctorado 2016;2016;Resumen;https://post.anid.cl/frontend.php/es/postulacion/descargar/hash/89df580c2beed7a32dc7c1f5e4666d9b
3160743;FONDECYT de Postdoctorado 2016;2016;Resumen;https://post.anid.cl/frontend.php/es/postulacion/descargar/hash/36f9b511bc17f3d8a2160f21800a0d9e
3160747;FONDECYT de Postdoctorado 2016;2016;Resumen;https://post.anid.cl/frontend.php/es/postulacion/descargar/hash/ac68b1bb554804cb180974e8d3439db6
3160750;FONDECYT de Postdoctorado 2016;2016;Resumen;https://post.anid.cl/frontend.php/es/postulacion/descargar/hash/7b81b98ed9a95fcc97d1a68510ba2fa6
3160753;FONDECYT de Postdoctorado 2016;2016;Resumen;https://post.anid.cl/frontend.php/es/postulacion/descargar/hash/e29df50c5b41db65d38e156b8286aba8
3160759;FONDECYT de Postdoctorado 2016;2016;Resumen;https://post.anid.cl/frontend.php/es/postulacion/descargar/hash/c8a5c7d5a58f4b8853086abe8104e61c
3160762;FONDECYT de Postdoctorado 2016;2016;Resumen;https://post.anid.cl/frontend.php/es/postulacion/descargar/hash/c3bafc39283aba3fdf5148c003f5c0cc
3160763;FONDECYT de Postdoctorado 2016;2016;Resumen;https://post.anid.cl/frontend.php/es/postulacion/descargar/hash/f40ee3522150b3fa72f063b85c42dbf7
3160767;FONDECYT de Postdoctorado 2016;2016;Resumen;https://post.anid.cl/frontend.php/es/postulacion/descargar/hash/be4a82aca441bcbdfbb71167d0278435
3160772;FONDECYT de Postdoctorado 2016;2016;Resumen;https://post.anid.cl/frontend.php/es/postulacion/descargar/hash/d5df621aed51b8ce973fd6928b79ee36
3160773;FONDECYT de Postdoctorado 2016;2016;Resumen;https://post.anid.cl/frontend.php/es/postulacion/descargar/hash/73eba448e956a28ca7551a5b9f127a3a
3160776;FONDECYT de Postdoctorado 2016;2016;Resumen;https://post.anid.cl/frontend.php/es/postulacion/descargar/hash/f6055aa19c08a0e86d485231eea7402f
3160779;FONDECYT de Postdoctorado 2016;2016;Resumen;https://post.anid.cl/frontend.php/es/postulacion/descargar/hash/a3134ad00935673c87c9c52feec393ba
3160781;FONDECYT de Postdoctorado 2016;2016;Resumen;https://post.anid.cl/frontend.php/es/postulacion/descargar/hash/4e2bdddff06ccd0e64b4175da2ee0dab
3160782;FONDECYT de Postdoctorado 2016;2016;Resumen;https://post.anid.cl/frontend.php/es/postulacion/descargar/hash/9287cc85b5070ddaeb9a4cf60cf4b960
3160798;FONDECYT de Postdoctorado 2016;2016;Resumen;https://post.anid.cl/frontend.php/es/postulacion/descargar/hash/7f44cde09cccce31fb5f66ccdeb97f11
3160799;FONDECYT de Postdoctorado 2016;2016;Resumen;https://post.anid.cl/frontend.php/es/postulacion/descargar/hash/90db43cad7d5a071a8e9d63204283618
3160803;FONDECYT de Postdoctorado 2016;2016;Resumen;https://post.anid.cl/frontend.php/es/postulacion/descargar/hash/eaf6bc8050c5d54a2c75fb35c16eab0c
3160804;FONDECYT de Postdoctorado 2016;2016;Resumen;https://post.anid.cl/frontend.php/es/postulacion/descargar/hash/77ee0c6629d06ded93d0056320d505fb
3160806;FONDECYT de Postdoctorado 2016;2016;Resumen;https://post.anid.cl/frontend.php/es/postulacion/descargar/hash/5fe37238bfa4f801825810526203468e
3160809;FONDECYT de Postdoctorado 2016;2016;Resumen;https://post.anid.cl/frontend.php/es/postulacion/descargar/hash/9164db2cdb6316e9c390b697e34b5cc3
3160824;FONDECYT de Postdoctorado 2016;2016;Resumen;https://post.anid.cl/frontend.php/es/postulacion/descargar/hash/1ed85c64002dd48c7e65c4d330310bc8
3160835;FONDECYT de Postdoctorado 2016;2016;Resumen;https://post.anid.cl/frontend.php/es/postulacion/descargar/hash/09c52d7c06e65107a39ad9097e80a76c
3160837;FONDECYT de Postdoctorado 2016;2016;Resumen;https://post.anid.cl/frontend.php/es/postulacion/descargar/hash/8e6cab0576f1516f9baef5e8ae0d3041
3160843;FONDECYT de Postdoctorado 2016;2016;Resumen;https://post.anid.cl/frontend.php/es/postulacion/descargar/hash/951d8b2e8fdab65c33491a2968cf8f04
3160849;FONDECYT de Postdoctorado 2016;2016;Resumen;https://post.anid.cl/frontend.php/es/postulacion/descargar/hash/0bae12462d5c17a4a8fe726b088cf735
3170003;FONDECYT de Postdoctorado 2017;2017;Resumen;https://post.anid.cl/frontend.php/es/postulacion/descargar/hash/9fe6498804cd086612f821faa357233e
3170007;FONDECYT de Postdoctorado 2017;2017;Resumen;https://post.anid.cl/frontend.php/es/postulacion/descargar/hash/47d395cddf4fde1fecb980812221e24b
3170010;FONDECYT de Postdoctorado 2017;2017;Resumen;https://post.anid.cl/frontend.php/es/postulacion/descargar/hash/3acf6c6d8deeeeb009a4009fc42cca33
3170011;FONDECYT de Postdoctorado 2017;2017;Resumen;https://post.anid.cl/frontend.php/es/postulacion/descargar/hash/3e778067d65a662dc1819c8bfdf591db
3170012;FONDECYT de Postdoctorado 2017;2017;Resumen;https://post.anid.cl/frontend.php/es/postulacion/descargar/hash/07b8bd034bea542c18edcb2304a54824
3170014;FONDECYT de Postdoctorado 2017;2017;Resumen;https://post.anid.cl/frontend.php/es/postulacion/descargar/hash/ed78b0073966ad472c87837c1d8e7ef7
3170016;FONDECYT de Postdoctorado 2017;2017;Resumen;https://post.anid.cl/frontend.php/es/postulacion/descargar/hash/3eb8876a14d77072442800dcefe64f39
3170021;FONDECYT de Postdoctorado 2017;2017;Resumen;https://post.anid.cl/frontend.php/es/postulacion/descargar/hash/f6a2864c74b8a3cf374daefe3eb780c6
3170023;FONDECYT de Postdoctorado 2017;2017;Resumen;https://post.anid.cl/frontend.php/es/postulacion/descargar/hash/df8d3355a892d1ef5a395ced38af9555
3170025;FONDECYT de Postdoctorado 2017;2017;Resumen;https://post.anid.cl/frontend.php/es/postulacion/descargar/hash/8f08d02b7374f9e9c5593fc063c25112
3170029;FONDECYT de Postdoctorado 2017;2017;Resumen;https://post.anid.cl/frontend.php/es/postulacion/descargar/hash/64739cca1cd6c1691a7714615bad01cb
3170031;FONDECYT de Postdoctorado 2017;2017;Resumen;https://post.anid.cl/frontend.php/es/postulacion/descargar/hash/aabe6953ba49a57d8e58d3f89180bf0e
3170035;FONDECYT de Postdoctorado 2017;2017;Resumen;https://post.anid.cl/frontend.php/es/postulacion/descargar/hash/b3cc981ade64598ceea03fcfdb089e08
3170037;FONDECYT de Postdoctorado 2017;2017;Resumen;https://post.anid.cl/frontend.php/es/postulacion/descargar/hash/49a58b3432b3ecb1286ea1e53ec5080d
3170038;FONDECYT de Postdoctorado 2017;2017;Resumen;https://post.anid.cl/frontend.php/es/postulacion/descargar/hash/64faefa31784c59172933f3785b0778a
3170040;FONDECYT de Postdoctorado 2017;2017;Resumen;https://post.anid.cl/frontend.php/es/postulacion/descargar/hash/b004b3bdc7d9dc4382e8268156626ddd
3170043;FONDECYT de Postdoctorado 2017;2017;Resumen;https://post.anid.cl/frontend.php/es/postulacion/descargar/hash/025d72dd58840ec304a5080e173a198a
3170049;FONDECYT de Postdoctorado 2017;2017;Resumen;https://post.anid.cl/frontend.php/es/postulacion/descargar/hash/7e2f78dc2b4b39036cca79d29885aad0
3170051;FONDECYT de Postdoctorado 2017;2017;Resumen;https://post.anid.cl/frontend.php/es/postulacion/descargar/hash/6f2688bc952305814698d3eb7902e217
3170052;FONDECYT de Postdoctorado 2017;2017;Resumen;https://post.anid.cl/frontend.php/es/postulacion/descargar/hash/ef31105fcf487d8437e74fced47302d5
3170061;FONDECYT de Postdoctorado 2017;2017;Resumen;https://post.anid.cl/frontend.php/es/postulacion/descargar/hash/2039815c7024efaa006e2a585f4bfed3
3170062;FONDECYT de Postdoctorado 2017;2017;Resumen;https://post.anid.cl/frontend.php/es/postulacion/descargar/hash/ac16f0b55e971cca5b34de4c5803d585
3170063;FONDECYT de Postdoctorado 2017;2017;Resumen;https://post.anid.cl/frontend.php/es/postulacion/descargar/hash/afa0f7cd1dc4f8f0d9aea002304fd0f9
3170065;FONDECYT de Postdoctorado 2017;2017;Resumen;https://post.anid.cl/frontend.php/es/postulacion/descargar/hash/98a9a67c78beba0c1ae6d933dcb4af71
3170067;FONDECYT de Postdoctorado 2017;2017;Resumen;https://post.anid.cl/frontend.php/es/postulacion/descargar/hash/b338123d69faa1c4bc3fe7e5756dba4c
3170068;FONDECYT de Postdoctorado 2017;2017;Resumen;https://post.anid.cl/frontend.php/es/postulacion/descargar/hash/da0bf0e640ccdff87b3333032de47fbe
3170071;FONDECYT de Postdoctorado 2017;2017;Resumen;https://post.anid.cl/frontend.php/es/postulacion/descargar/hash/8168a0646f90c1c85add5549de6ef62f
3170072;FONDECYT de Postdoctorado 2017;2017;Resumen;https://post.anid.cl/frontend.php/es/postulacion/descargar/hash/15e98661cc3f0e36825afbc3ee3a34da
3170076;FONDECYT de Postdoctorado 2017;2017;Resumen;https://post.anid.cl/frontend.php/es/postulacion/descargar/hash/1f59d0171f0a90ac8446fbf7e3cd0454
3170077;FONDECYT de Postdoctorado 2017;2017;Resumen;https://post.anid.cl/frontend.php/es/postulacion/descargar/hash/0f477e061b399ddf97f40b4f5a87197d
3170079;FONDECYT de Postdoctorado 2017;2017;Resumen;https://post.anid.cl/frontend.php/es/postulacion/descargar/hash/eee98365e4cf5bb18a11b9bb14e31052
3170082;FONDECYT de Postdoctorado 2017;2017;Resumen;https://post.anid.cl/frontend.php/es/postulacion/descargar/hash/6396f9cb08824293bc0aa0fe6d14e95e
3170089;FONDECYT de Postdoctorado 2017;2017;Resumen;https://post.anid.cl/frontend.php/es/postulacion/descargar/hash/712b21744156016dbf52337cd4a17597
3170099;FONDECYT de Postdoctorado 2017;2017;Resumen;https://post.anid.cl/frontend.php/es/postulacion/descargar/hash/cabc5a483dddbc83c063b9b853749084
3170100;FONDECYT de Postdoctorado 2017;2017;Resumen;https://post.anid.cl/frontend.php/es/postulacion/descargar/hash/f020c5e0d3cc63961a4388acf3033f33
3170103;FONDECYT de Postdoctorado 2017;2017;Resumen;https://post.anid.cl/frontend.php/es/postulacion/descargar/hash/4e8db4450dab5af2d6406a1ea30f0a14
3170104;FONDECYT de Postdoctorado 2017;2017;Resumen;https://post.anid.cl/frontend.php/es/postulacion/descargar/hash/64fa8a94fd3518de33b6ce515bda0a4e
3170107;FONDECYT de Postdoctorado 2017;2017;Resumen;https://post.anid.cl/frontend.php/es/postulacion/descargar/hash/ba455ef4dbb7aacb55dba054cd2d8c10
3170108;FONDECYT de Postdoctorado 2017;2017;Resumen;https://post.anid.cl/frontend.php/es/postulacion/descargar/hash/83d29c0412d48f2254a536e1573855a2
3170111;FONDECYT de Postdoctorado 2017;2017;Resumen;https://post.anid.cl/frontend.php/es/postulacion/descargar/hash/12ae0b5b6cdb0a268d7c0c1dc9815bdf
3170112;FONDECYT de Postdoctorado 2017;2017;Resumen;https://post.anid.cl/frontend.php/es/postulacion/descargar/hash/9a3cd62c190e0ec5d404e923af65ebb1
3170116;FONDECYT de Postdoctorado 2017;2017;Resumen;https://post.anid.cl/frontend.php/es/postulacion/descargar/hash/57bc9e7147c424d2bc35c3d4ea1ba049
3170117;FONDECYT de Postdoctorado 2017;2017;Resumen;https://post.anid.cl/frontend.php/es/postulacion/descargar/hash/9a93a08b2170006085d1872a35400ec8
3170120;FONDECYT de Postdoctorado 2017;2017;Resumen;https://post.anid.cl/frontend.php/es/postulacion/descargar/hash/1efa73c41c4550713b3044a3832107f5
3170122;FONDECYT de Postdoctorado 2017;2017;Resumen;https://post.anid.cl/frontend.php/es/postulacion/descargar/hash/bdfbc11c4e5384256c92482ef625cb65
3170123;FONDECYT de Postdoctorado 2017;2017;Resumen;https://post.anid.cl/frontend.php/es/postulacion/descargar/hash/88e8e74803a432d574ab2b4fdc4b4e50
3170124;FONDECYT de Postdoctorado 2017;2017;Resumen;https://post.anid.cl/frontend.php/es/postulacion/descargar/hash/ea37ddc1dc8c137335ec2875695d0cb2
3170126;FONDECYT de Postdoctorado 2017;2017;Resumen;https://post.anid.cl/frontend.php/es/postulacion/descargar/hash/9f9a6860ea33becbba850f4ed8c8e72c
3170133;FONDECYT de Postdoctorado 2017;2017;Resumen;https://post.anid.cl/frontend.php/es/postulacion/descargar/hash/ec87572b1bb9cdea87939ac35ded34e2
3170134;FONDECYT de Postdoctorado 2017;2017;Resumen;https://post.anid.cl/frontend.php/es/postulacion/descargar/hash/33d3df12837981d5031bc92510bed051
3170135;FONDECYT de Postdoctorado 2017;2017;Resumen;https://post.anid.cl/frontend.php/es/postulacion/descargar/hash/59f72506b7e00d3fa8737accc5f233a8
3170139;FONDECYT de Postdoctorado 2017;2017;Resumen;https://post.anid.cl/frontend.php/es/postulacion/descargar/hash/a9628c4ef3f1e97f9c16305176c968b2
3170140;FONDECYT de Postdoctorado 2017;2017;Resumen;https://post.anid.cl/frontend.php/es/postulacion/descargar/hash/243909a4efd30a5b029abc453ee97229
3170141;FONDECYT de Postdoctorado 2017;2017;Resumen;https://post.anid.cl/frontend.php/es/postulacion/descargar/hash/b6d4a054178a288e177245fee262c274
3170143;FONDECYT de Postdoctorado 2017;2017;Resumen;https://post.anid.cl/frontend.php/es/postulacion/descargar/hash/48b6bf79b3d5f65c0a44dd0f3ee08dbe
3170144;FONDECYT de Postdoctorado 2017;2017;Resumen;https://post.anid.cl/frontend.php/es/postulacion/descargar/hash/9ffca994aadeae7242efb7866089b277
3170149;FONDECYT de Postdoctorado 2017;2017;Resumen;https://post.anid.cl/frontend.php/es/postulacion/descargar/hash/bdc68c611df6dd2d1ed85f846b7a06b8
3170152;FONDECYT de Postdoctorado 2017;2017;Resumen;https://post.anid.cl/frontend.php/es/postulacion/descargar/hash/b9aab2018ad4320e70e030f21e5d9bd7
3170154;FONDECYT de Postdoctorado 2017;2017;Resumen;https://post.anid.cl/frontend.php/es/postulacion/descargar/hash/ecf4480578096abad291175cd89c5b8d
3170155;FONDECYT de Postdoctorado 2017;2017;Resumen;https://post.anid.cl/frontend.php/es/postulacion/descargar/hash/373198a9fe324599d5d58b12fe544a36
3170156;FONDECYT de Postdoctorado 2017;2017;Resumen;https://post.anid.cl/frontend.php/es/postulacion/descargar/hash/ffac425e98c9af4c4ac9c3937c4e63a9
3170158;FONDECYT de Postdoctorado 2017;2017;Resumen;https://post.anid.cl/frontend.php/es/postulacion/descargar/hash/9342b160af1974bf65d78ea238f45213
3170159;FONDECYT de Postdoctorado 2017;2017;Resumen;https://post.anid.cl/frontend.php/es/postulacion/descargar/hash/facc6ad7d8f0a1b4c68a16f956ba27ad
3170164;FONDECYT de Postdoctorado 2017;2017;Resumen;https://post.anid.cl/frontend.php/es/postulacion/descargar/hash/77d3b6c9e4418a3c36d03e47a3acc116
3170166;FONDECYT de Postdoctorado 2017;2017;Resumen;https://post.anid.cl/frontend.php/es/postulacion/descargar/hash/026e93a43ad2851c4eac2627456d59ab
3170169;FONDECYT de Postdoctorado 2017;2017;Resumen;https://post.anid.cl/frontend.php/es/postulacion/descargar/hash/dd945b32e010ccfa4147ef1339806f59
3170170;FONDECYT de Postdoctorado 2017;2017;Resumen;https://post.anid.cl/frontend.php/es/postulacion/descargar/hash/2412edf459a13d7e0519a0694c4a471b
3170175;FONDECYT de Postdoctorado 2017;2017;Resumen;https://post.anid.cl/frontend.php/es/postulacion/descargar/hash/1fb6e5867b8040a54513ba4e17abc971
3170176;FONDECYT de Postdoctorado 2017;2017;Resumen;https://post.anid.cl/frontend.php/es/postulacion/descargar/hash/7a365ab74dc3462e2404510c41718fb8
3170179;FONDECYT de Postdoctorado 2017;2017;Resumen;https://post.anid.cl/frontend.php/es/postulacion/descargar/hash/3612ae5cfe2ff2b729642218ab390f7b
3170186;FONDECYT de Postdoctorado 2017;2017;Resumen;https://post.anid.cl/frontend.php/es/postulacion/descargar/hash/84b77045d731917cf1d722de69ee9383
3170187;FONDECYT de Postdoctorado 2017;2017;Resumen;https://post.anid.cl/frontend.php/es/postulacion/descargar/hash/8727d830adaa45c4827387ef8e2e6bba
3170191;FONDECYT de Postdoctorado 2017;2017;Resumen;https://post.anid.cl/frontend.php/es/postulacion/descargar/hash/f8fd5a76852b05d1c7b1f34a80524f8c
3170193;FONDECYT de Postdoctorado 2017;2017;Resumen;https://post.anid.cl/frontend.php/es/postulacion/descargar/hash/6e99d57d70e6ea88996cbd2126f7e9b1
3170194;FONDECYT de Postdoctorado 2017;2017;Resumen;https://post.anid.cl/frontend.php/es/postulacion/descargar/hash/702a74304007714dc44288bc7fc5a57f
3170198;FONDECYT de Postdoctorado 2017;2017;Resumen;https://post.anid.cl/frontend.php/es/postulacion/descargar/hash/c2a09b78922323caa37a9800c066d299
3170204;FONDECYT de Postdoctorado 2017;2017;Resumen;https://post.anid.cl/frontend.php/es/postulacion/descargar/hash/83021448f5afa218f163402d35258397
3170206;FONDECYT de Postdoctorado 2017;2017;Resumen;https://post.anid.cl/frontend.php/es/postulacion/descargar/hash/5bd6a827e18b8bb382e76f4270a52c6a
3170210;FONDECYT de Postdoctorado 2017;2017;Resumen;https://post.anid.cl/frontend.php/es/postulacion/descargar/hash/76b63c71d899cdf88f8a6e8b48bda011
3170211;FONDECYT de Postdoctorado 2017;2017;Resumen;https://post.anid.cl/frontend.php/es/postulacion/descargar/hash/c49e4da94485ffd340f10c8eb69eff73
3170214;FONDECYT de Postdoctorado 2017;2017;Resumen;https://post.anid.cl/frontend.php/es/postulacion/descargar/hash/4a42099d642de2b97e8853e1a8d8e8ed
3170225;FONDECYT de Postdoctorado 2017;2017;Resumen;https://post.anid.cl/frontend.php/es/postulacion/descargar/hash/de488e5af3cec5ad6e10057561ee05a8
3170227;FONDECYT de Postdoctorado 2017;2017;Resumen;https://post.anid.cl/frontend.php/es/postulacion/descargar/hash/122e2682eb134e8ec76f744bf3b0718b
3170237;FONDECYT de Postdoctorado 2017;2017;Resumen;https://post.anid.cl/frontend.php/es/postulacion/descargar/hash/bbb7f71a8323540c8cb562b8560a028a
3170240;FONDECYT de Postdoctorado 2017;2017;Resumen;https://post.anid.cl/frontend.php/es/postulacion/descargar/hash/c88b22ebab6a98acedaa3bb5cbdd67cf
3170246;FONDECYT de Postdoctorado 2017;2017;Resumen;https://post.anid.cl/frontend.php/es/postulacion/descargar/hash/e38b97dc54acb4da9520473b7c0f4ea7
3170249;FONDECYT de Postdoctorado 2017;2017;Resumen;https://post.anid.cl/frontend.php/es/postulacion/descargar/hash/87402883349cd6db47988cb9b5ccf73c
3170253;FONDECYT de Postdoctorado 2017;2017;Resumen;https://post.anid.cl/frontend.php/es/postulacion/descargar/hash/e3b00d3c51006e29bcebcc1f103cff3b
3170258;FONDECYT de Postdoctorado 2017;2017;Resumen;https://post.anid.cl/frontend.php/es/postulacion/descargar/hash/a5be9a0e502cdfcbe998b1581ed5604a
3170264;FONDECYT de Postdoctorado 2017;2017;Resumen;https://post.anid.cl/frontend.php/es/postulacion/descargar/hash/db02698f7c85385666c2dfee815e8516
3170270;FONDECYT de Postdoctorado 2017;2017;Resumen;https://post.anid.cl/frontend.php/es/postulacion/descargar/hash/7049a0626da1f89a4f3fc47e4a5a4e8a
3170272;FONDECYT de Postdoctorado 2017;2017;Resumen;https://post.anid.cl/frontend.php/es/postulacion/descargar/hash/1dc8a6b5921e443981e545cba2e19036
3170274;FONDECYT de Postdoctorado 2017;2017;Resumen;https://post.anid.cl/frontend.php/es/postulacion/descargar/hash/9dd94f659a727f35912c9bf3ee817cae
3170276;FONDECYT de Postdoctorado 2017;2017;Resumen;https://post.anid.cl/frontend.php/es/postulacion/descargar/hash/309756f8afa296ed509c768d240195b3
3170278;FONDECYT de Postdoctorado 2017;2017;Resumen;https://post.anid.cl/frontend.php/es/postulacion/descargar/hash/f369f290b8123fc6b061a843e315d39e
3170279;FONDECYT de Postdoctorado 2017;2017;Resumen;https://post.anid.cl/frontend.php/es/postulacion/descargar/hash/6e3747b6fc4e24e3545d14c8fa1dd324
3170280;FONDECYT de Postdoctorado 2017;2017;Resumen;https://post.anid.cl/frontend.php/es/postulacion/descargar/hash/5a41fa69a3b73fe87dfdb6ffe05eeaef
3170293;FONDECYT de Postdoctorado 2017;2017;Resumen;https://post.anid.cl/frontend.php/es/postulacion/descargar/hash/9a0dea4cfb69802fbea5bbfeba68d952
3170295;FONDECYT de Postdoctorado 2017;2017;Resumen;https://post.anid.cl/frontend.php/es/postulacion/descargar/hash/c7ddc014b7042812f0ef3cb45c423a7f
3170298;FONDECYT de Postdoctorado 2017;2017;Resumen;https://post.anid.cl/frontend.php/es/postulacion/descargar/hash/c79be0c3037fd49077f4062e1049b746
3170307;FONDECYT de Postdoctorado 2017;2017;Resumen;https://post.anid.cl/frontend.php/es/postulacion/descargar/hash/e8386694219747ee2b6e40607652833f
3170311;FONDECYT de Postdoctorado 2017;2017;Resumen;https://post.anid.cl/frontend.php/es/postulacion/descargar/hash/b933085bd1fa3e56775ce66ce3c556df
3170313;FONDECYT de Postdoctorado 2017;2017;Resumen;https://post.anid.cl/frontend.php/es/postulacion/descargar/hash/af6ddd1536811a6d2a275942ea64deef
3170325;FONDECYT de Postdoctorado 2017;2017;Resumen;https://post.anid.cl/frontend.php/es/postulacion/descargar/hash/0af2604275db502ded8451095a40f822
3170328;FONDECYT de Postdoctorado 2017;2017;Resumen;https://post.anid.cl/frontend.php/es/postulacion/descargar/hash/6153365a04d52a3f4198a2a12c6681a3
3170330;FONDECYT de Postdoctorado 2017;2017;Resumen;https://post.anid.cl/frontend.php/es/postulacion/descargar/hash/4a0965b7a03b2014e472ae89bcef3d33
3170333;FONDECYT de Postdoctorado 2017;2017;Resumen;https://post.anid.cl/frontend.php/es/postulacion/descargar/hash/2572ddc02bb32203437aaccf9e4a8eb6
3170338;FONDECYT de Postdoctorado 2017;2017;Resumen;https://post.anid.cl/frontend.php/es/postulacion/descargar/hash/02d90ef9545baa047ff5c734f8e777f9
3170340;FONDECYT de Postdoctorado 2017;2017;Resumen;https://post.anid.cl/frontend.php/es/postulacion/descargar/hash/d05e8d33567d9dfd5665ed29f18c33dd
3170342;FONDECYT de Postdoctorado 2017;2017;Resumen;https://post.anid.cl/frontend.php/es/postulacion/descargar/hash/6608c93fc4d2a3732faeaf0deb6e5cfb
3170348;FONDECYT de Postdoctorado 2017;2017;Resumen;https://post.anid.cl/frontend.php/es/postulacion/descargar/hash/5d930edbd39062f3fad610499f791e10
3170349;FONDECYT de Postdoctorado 2017;2017;Resumen;https://post.anid.cl/frontend.php/es/postulacion/descargar/hash/41f381f228f96160a05da8ccb592549f
3170352;FONDECYT de Postdoctorado 2017;2017;Resumen;https://post.anid.cl/frontend.php/es/postulacion/descargar/hash/866856c1ed6c3ce7cfda39181e803e40
3170356;FONDECYT de Postdoctorado 2017;2017;Resumen;https://post.anid.cl/frontend.php/es/postulacion/descargar/hash/b033c69dc668f99606ed7bbaecb9fe3a
3170360;FONDECYT de Postdoctorado 2017;2017;Resumen;https://post.anid.cl/frontend.php/es/postulacion/descargar/hash/31ec5989a88a9f693043834ca994ef01
3170365;FONDECYT de Postdoctorado 2017;2017;Resumen;https://post.anid.cl/frontend.php/es/postulacion/descargar/hash/b63f80d0212e66b36681fcfb261204a5
3170373;FONDECYT de Postdoctorado 2017;2017;Resumen;https://post.anid.cl/frontend.php/es/postulacion/descargar/hash/cdded55884a60f7376affedc1c0005db
3170390;FONDECYT de Postdoctorado 2017;2017;Resumen;https://post.anid.cl/frontend.php/es/postulacion/descargar/hash/ce11b8ebcfdb9d9d2665fccfd94a5229
3170392;FONDECYT de Postdoctorado 2017;2017;Resumen;https://post.anid.cl/frontend.php/es/postulacion/descargar/hash/0935d43f6d8ead059de31da1bc7c9bb4
3170397;FONDECYT de Postdoctorado 2017;2017;Resumen;https://post.anid.cl/frontend.php/es/postulacion/descargar/hash/bc4d31809dab8d767c16f033453bc5e2
3170398;FONDECYT de Postdoctorado 2017;2017;Resumen;https://post.anid.cl/frontend.php/es/postulacion/descargar/hash/aa6ec59193a746704ee4e488e84ae5ae
3170399;FONDECYT de Postdoctorado 2017;2017;Resumen;https://post.anid.cl/frontend.php/es/postulacion/descargar/hash/2ccca37f01abd0c2c8bb1d6c464bc8f0
3170400;FONDECYT de Postdoctorado 2017;2017;Resumen;https://post.anid.cl/frontend.php/es/postulacion/descargar/hash/a547305e44258be7802282f38e4d9d35
3170402;FONDECYT de Postdoctorado 2017;2017;Resumen;https://post.anid.cl/frontend.php/es/postulacion/descargar/hash/18cfbc736a05ac8d3d60e9e458b3e226
3170404;FONDECYT de Postdoctorado 2017;2017;Resumen;https://post.anid.cl/frontend.php/es/postulacion/descargar/hash/c4754a5524829632fa108368ba2cad89
3170411;FONDECYT de Postdoctorado 2017;2017;Resumen;https://post.anid.cl/frontend.php/es/postulacion/descargar/hash/37d75853ae574f88e9ba0b34c4eb7152
3170420;FONDECYT de Postdoctorado 2017;2017;Resumen;https://post.anid.cl/frontend.php/es/postulacion/descargar/hash/f2d07fdc314f132d19138801ab0d42d3
3170423;FONDECYT de Postdoctorado 2017;2017;Resumen;https://post.anid.cl/frontend.php/es/postulacion/descargar/hash/9f69bb30c3da9620cc779ccb12de3ca5
3170424;FONDECYT de Postdoctorado 2017;2017;Resumen;https://post.anid.cl/frontend.php/es/postulacion/descargar/hash/842e0fb53e34ce8238490cd98ccd8fdf
3170428;FONDECYT de Postdoctorado 2017;2017;Resumen;https://post.anid.cl/frontend.php/es/postulacion/descargar/hash/1bb61bc6e70d615c22695d0329457988
3170433;FONDECYT de Postdoctorado 2017;2017;Resumen;https://post.anid.cl/frontend.php/es/postulacion/descargar/hash/e753bb36dd11ced2e0ef03ec3c54d2d9
3170434;FONDECYT de Postdoctorado 2017;2017;Resumen;https://post.anid.cl/frontend.php/es/postulacion/descargar/hash/11d4f97d85a7c47fd4611ec85188f14c
3170435;FONDECYT de Postdoctorado 2017;2017;Resumen;https://post.anid.cl/frontend.php/es/postulacion/descargar/hash/ed4bdc3d4f7b59fac6d2e9c90cf34e48
3170437;FONDECYT de Postdoctorado 2017;2017;Resumen;https://post.anid.cl/frontend.php/es/postulacion/descargar/hash/4de0d835d8d23e4632c077e6fa2f577b
3170438;FONDECYT de Postdoctorado 2017;2017;Resumen;https://post.anid.cl/frontend.php/es/postulacion/descargar/hash/5528caafafe5a87f06a6ee3bdcf1356b
3170443;FONDECYT de Postdoctorado 2017;2017;Resumen;https://post.anid.cl/frontend.php/es/postulacion/descargar/hash/b5876757b356a2e29c70b59ef09a5d8c
3170446;FONDECYT de Postdoctorado 2017;2017;Resumen;https://post.anid.cl/frontend.php/es/postulacion/descargar/hash/83ec24acc6dc51a70c91edb55be3d7b0
3170449;FONDECYT de Postdoctorado 2017;2017;Resumen;https://post.anid.cl/frontend.php/es/postulacion/descargar/hash/e3aa54656e24e9e019895915a64b286d
3170453;FONDECYT de Postdoctorado 2017;2017;Resumen;https://post.anid.cl/frontend.php/es/postulacion/descargar/hash/e654f6cd819de3f8a07f6cce1c87ee96
3170455;FONDECYT de Postdoctorado 2017;2017;Resumen;https://post.anid.cl/frontend.php/es/postulacion/descargar/hash/1cc1fefc26460a6a76abb865c60dd017
3170459;FONDECYT de Postdoctorado 2017;2017;Resumen;https://post.anid.cl/frontend.php/es/postulacion/descargar/hash/219d7bef5a5cc07fc1a57caad77db187
3170464;FONDECYT de Postdoctorado 2017;2017;Resumen;https://post.anid.cl/frontend.php/es/postulacion/descargar/hash/5bc38382dcfac900a54176c9ca375deb
3170468;FONDECYT de Postdoctorado 2017;2017;Resumen;https://post.anid.cl/frontend.php/es/postulacion/descargar/hash/fa29eb857c104cae1f393a99b4786bd9
3170473;FONDECYT de Postdoctorado 2017;2017;Resumen;https://post.anid.cl/frontend.php/es/postulacion/descargar/hash/1283e193e25f5fbbb8dc3b7237aa3247
3170474;FONDECYT de Postdoctorado 2017;2017;Resumen;https://post.anid.cl/frontend.php/es/postulacion/descargar/hash/fddc6b1042d660bda2c63c96649ff112
3170476;FONDECYT de Postdoctorado 2017;2017;Resumen;https://post.anid.cl/frontend.php/es/postulacion/descargar/hash/853cd0aa64e8e1cf776b62aa8db166ce
3170478;FONDECYT de Postdoctorado 2017;2017;Resumen;https://post.anid.cl/frontend.php/es/postulacion/descargar/hash/e6f9330dc6170297e8f3987d75951dde
3170480;FONDECYT de Postdoctorado 2017;2017;Resumen;https://post.anid.cl/frontend.php/es/postulacion/descargar/hash/0c018e970d2b012f8e1b013747df97e1
3170484;FONDECYT de Postdoctorado 2017;2017;Resumen;https://post.anid.cl/frontend.php/es/postulacion/descargar/hash/125cf59d88c86addde37b11b1d06cfe7
3170485;FONDECYT de Postdoctorado 2017;2017;Resumen;https://post.anid.cl/frontend.php/es/postulacion/descargar/hash/1701fa93222b874ab631681c767f4ca4
3170488;FONDECYT de Postdoctorado 2017;2017;Resumen;https://post.anid.cl/frontend.php/es/postulacion/descargar/hash/98b7dadc14725bc5f3f16d15ce845ddd
3170490;FONDECYT de Postdoctorado 2017;2017;Resumen;https://post.anid.cl/frontend.php/es/postulacion/descargar/hash/cf73989f3e3ebb4b3689994b0224f8c0
3170495;FONDECYT de Postdoctorado 2017;2017;Resumen;https://post.anid.cl/frontend.php/es/postulacion/descargar/hash/e6697bc7e554097836504852a4a544bc
3170497;FONDECYT de Postdoctorado 2017;2017;Resumen;https://post.anid.cl/frontend.php/es/postulacion/descargar/hash/7fdf8a76cf1759c6fe6e33106e0e95f6
3170500;FONDECYT de Postdoctorado 2017;2017;Resumen;https://post.anid.cl/frontend.php/es/postulacion/descargar/hash/1e405f8c926481efa01bed440e826091
3170502;FONDECYT de Postdoctorado 2017;2017;Resumen;https://post.anid.cl/frontend.php/es/postulacion/descargar/hash/9ebab22714547de734b0de712dc9d9e9
3170504;FONDECYT de Postdoctorado 2017;2017;Resumen;https://post.anid.cl/frontend.php/es/postulacion/descargar/hash/3433335931a0c05a5e6a2cd99bfe3d90
3170505;FONDECYT de Postdoctorado 2017;2017;Resumen;https://post.anid.cl/frontend.php/es/postulacion/descargar/hash/c1f71727c7d5fe97f70e936dc101bcc8
3170507;FONDECYT de Postdoctorado 2017;2017;Resumen;https://post.anid.cl/frontend.php/es/postulacion/descargar/hash/a98f7409be05c4cf9503361b2e884351
3170509;FONDECYT de Postdoctorado 2017;2017;Resumen;https://post.anid.cl/frontend.php/es/postulacion/descargar/hash/efb2864c85241e28e4d845df34ea5b62
3170511;FONDECYT de Postdoctorado 2017;2017;Resumen;https://post.anid.cl/frontend.php/es/postulacion/descargar/hash/6a26cc57d3ba629a2e0efefca4df94eb
3170512;FONDECYT de Postdoctorado 2017;2017;Resumen;https://post.anid.cl/frontend.php/es/postulacion/descargar/hash/7255b07ace14f9d7434a8f5c17ce8d17
3170513;FONDECYT de Postdoctorado 2017;2017;Resumen;https://post.anid.cl/frontend.php/es/postulacion/descargar/hash/ec0a71546119978755d5d3a594cf8c33
3170516;FONDECYT de Postdoctorado 2017;2017;Resumen;https://post.anid.cl/frontend.php/es/postulacion/descargar/hash/cc359e22ede457b8c02f6b5c6683a791
3170518;FONDECYT de Postdoctorado 2017;2017;Resumen;https://post.anid.cl/frontend.php/es/postulacion/descargar/hash/9e66a3f7c8b893323d72f46546af76b2
3170521;FONDECYT de Postdoctorado 2017;2017;Resumen;https://post.anid.cl/frontend.php/es/postulacion/descargar/hash/6561d6a8cd198f1339b24138595be546
3170522;FONDECYT de Postdoctorado 2017;2017;Resumen;https://post.anid.cl/frontend.php/es/postulacion/descargar/hash/62d7dea570ec4a127a2d0c291f891d3d
3170523;FONDECYT de Postdoctorado 2017;2017;Resumen;https://post.anid.cl/frontend.php/es/postulacion/descargar/hash/2c2cebe25425fd0f116c946697ac04ba
3170525;FONDECYT de Postdoctorado 2017;2017;Resumen;https://post.anid.cl/frontend.php/es/postulacion/descargar/hash/8ccb264e9c2013573dcc6cdd514624a5
3170527;FONDECYT de Postdoctorado 2017;2017;Resumen;https://post.anid.cl/frontend.php/es/postulacion/descargar/hash/ccca6e9169b658008c0dd0eb9ca674f3
3170528;FONDECYT de Postdoctorado 2017;2017;Resumen;https://post.anid.cl/frontend.php/es/postulacion/descargar/hash/b0aa6321c995f913c81d69d084c0d7de
3170529;FONDECYT de Postdoctorado 2017;2017;Resumen;https://post.anid.cl/frontend.php/es/postulacion/descargar/hash/3d7b6cc7843eafe31ef877be02c736da
3170533;FONDECYT de Postdoctorado 2017;2017;Resumen;https://post.anid.cl/frontend.php/es/postulacion/descargar/hash/f25afb19d76209f12cafb289617a5481
3170534;FONDECYT de Postdoctorado 2017;2017;Resumen;https://post.anid.cl/frontend.php/es/postulacion/descargar/hash/af4906aed8d96402e5dc04e138ef1811
3170544;FONDECYT de Postdoctorado 2017;2017;Resumen;https://post.anid.cl/frontend.php/es/postulacion/descargar/hash/7432da7ca04aee9e7f72f14cea7f0fbd
3170551;FONDECYT de Postdoctorado 2017;2017;Resumen;https://post.anid.cl/frontend.php/es/postulacion/descargar/hash/0d673fa939364605c7a8e774ef10ab85
3170556;FONDECYT de Postdoctorado 2017;2017;Resumen;https://post.anid.cl/frontend.php/es/postulacion/descargar/hash/862d5c8e4108cebd051d05dc778424be
3170557;FONDECYT de Postdoctorado 2017;2017;Resumen;https://post.anid.cl/frontend.php/es/postulacion/descargar/hash/d9c0b9203b113bf319af09b5fcdd9987
3170558;FONDECYT de Postdoctorado 2017;2017;Resumen;https://post.anid.cl/frontend.php/es/postulacion/descargar/hash/206db42e3ad7bf62f25184129e5f72ba
3170560;FONDECYT de Postdoctorado 2017;2017;Resumen;https://post.anid.cl/frontend.php/es/postulacion/descargar/hash/bd6976d41ac29541bed54a3d0b924aa3
3170567;FONDECYT de Postdoctorado 2017;2017;Resumen;https://post.anid.cl/frontend.php/es/postulacion/descargar/hash/17321ba01fb75de44d545b25a21dd94b
3170568;FONDECYT de Postdoctorado 2017;2017;Resumen;https://post.anid.cl/frontend.php/es/postulacion/descargar/hash/a9df2b9a36e9ae33ccdf201b863c4540
3170569;FONDECYT de Postdoctorado 2017;2017;Resumen;https://post.anid.cl/frontend.php/es/postulacion/descargar/hash/32971a9b86c0a3917992c284931e1937
3170570;FONDECYT de Postdoctorado 2017;2017;Resumen;https://post.anid.cl/frontend.php/es/postulacion/descargar/hash/4d20defccdb7f96384a60f2578082303
3170577;FONDECYT de Postdoctorado 2017;2017;Resumen;https://post.anid.cl/frontend.php/es/postulacion/descargar/hash/d0a3844dbd10e0bbcca350091c7ec5f9
3170578;FONDECYT de Postdoctorado 2017;2017;Resumen;https://post.anid.cl/frontend.php/es/postulacion/descargar/hash/ebe48ee1f399d8c80139b44689cb44cb
3170590;FONDECYT de Postdoctorado 2017;2017;Resumen;https://post.anid.cl/frontend.php/es/postulacion/descargar/hash/02f901c7cab5fe2f3ffb86569275cacb
3170596;FONDECYT de Postdoctorado 2017;2017;Resumen;https://post.anid.cl/frontend.php/es/postulacion/descargar/hash/8b2bc3630af8c69c05d7f4b58872d531
3170597;FONDECYT de Postdoctorado 2017;2017;Resumen;https://post.anid.cl/frontend.php/es/postulacion/descargar/hash/14fd6b3016dc3ba0abafbdf1cf09edc8
3170598;FONDECYT de Postdoctorado 2017;2017;Resumen;https://post.anid.cl/frontend.php/es/postulacion/descargar/hash/c716856bb9a362233cf09b99e3e8949c
3170599;FONDECYT de Postdoctorado 2017;2017;Resumen;https://post.anid.cl/frontend.php/es/postulacion/descargar/hash/514e2c4d579ed863a5031439a9a74947
3170600;FONDECYT de Postdoctorado 2017;2017;Resumen;https://post.anid.cl/frontend.php/es/postulacion/descargar/hash/1d77eb5a2a2f9409b1b4f47108ec9942
3170601;FONDECYT de Postdoctorado 2017;2017;Resumen;https://post.anid.cl/frontend.php/es/postulacion/descargar/hash/e9613f06aa4fb71dba051aae29355042
3170609;FONDECYT de Postdoctorado 2017;2017;Resumen;https://post.anid.cl/frontend.php/es/postulacion/descargar/hash/4fc17724f1a037244669d7707e8ccf3c
3170610;FONDECYT de Postdoctorado 2017;2017;Resumen;https://post.anid.cl/frontend.php/es/postulacion/descargar/hash/455c1c6b56eb26bb2489e5d3a8f13102
3170611;FONDECYT de Postdoctorado 2017;2017;Resumen;https://post.anid.cl/frontend.php/es/postulacion/descargar/hash/1e56e488c9f9826301a536ddb4832203
3170622;FONDECYT de Postdoctorado 2017;2017;Resumen;https://post.anid.cl/frontend.php/es/postulacion/descargar/hash/d98e6f2b4bfac16787f4c84a9700e3e3
3170629;FONDECYT de Postdoctorado 2017;2017;Resumen;https://post.anid.cl/frontend.php/es/postulacion/descargar/hash/0f0ccdbee042f1ee397e4d1006b1c38e
3170630;FONDECYT de Postdoctorado 2017;2017;Resumen;https://post.anid.cl/frontend.php/es/postulacion/descargar/hash/06229e74bb534fef3c206dd395b9ba55
3170640;FONDECYT de Postdoctorado 2017;2017;Resumen;https://post.anid.cl/frontend.php/es/postulacion/descargar/hash/663bd6f0e19536f51131ad8df0c415c0
3170645;FONDECYT de Postdoctorado 2017;2017;Resumen;https://post.anid.cl/frontend.php/es/postulacion/descargar/hash/7a690da5074b36e70f8d2b9d49ed3da4
3170647;FONDECYT de Postdoctorado 2017;2017;Resumen;https://post.anid.cl/frontend.php/es/postulacion/descargar/hash/bf2c97b1904446af4ed7a17fcb303822
3170651;FONDECYT de Postdoctorado 2017;2017;Resumen;https://post.anid.cl/frontend.php/es/postulacion/descargar/hash/4e59d279415d6b7641db3d50595f8b63
3170653;FONDECYT de Postdoctorado 2017;2017;Resumen;https://post.anid.cl/frontend.php/es/postulacion/descargar/hash/b033755d74428360466bffdae852d26a
3170657;FONDECYT de Postdoctorado 2017;2017;Resumen;https://post.anid.cl/frontend.php/es/postulacion/descargar/hash/f1bf75f3d53df1d5730d74f6bef647e6
3170660;FONDECYT de Postdoctorado 2017;2017;Resumen;https://post.anid.cl/frontend.php/es/postulacion/descargar/hash/69321da39606e1203db5e161cb88d385
3170661;FONDECYT de Postdoctorado 2017;2017;Resumen;https://post.anid.cl/frontend.php/es/postulacion/descargar/hash/ce6dc845de14a1e2706cf2768cc48815
3170663;FONDECYT de Postdoctorado 2017;2017;Resumen;https://post.anid.cl/frontend.php/es/postulacion/descargar/hash/0365049e934dc0f0fe79c466a33fb3f3
3170673;FONDECYT de Postdoctorado 2017;2017;Resumen;https://post.anid.cl/frontend.php/es/postulacion/descargar/hash/c2129c2542d46f00b63dc684cf6aa6b3
3170674;FONDECYT de Postdoctorado 2017;2017;Resumen;https://post.anid.cl/frontend.php/es/postulacion/descargar/hash/b2bd1058f6fa17d12c7b336b0fed3a66
3170676;FONDECYT de Postdoctorado 2017;2017;Resumen;https://post.anid.cl/frontend.php/es/postulacion/descargar/hash/d0aaa597e0c6b62ececd99941b1663da
3170677;FONDECYT de Postdoctorado 2017;2017;Resumen;https://post.anid.cl/frontend.php/es/postulacion/descargar/hash/0aa4b80baa0b55c6741ae8054e6f625c
3170680;FONDECYT de Postdoctorado 2017;2017;Resumen;https://post.anid.cl/frontend.php/es/postulacion/descargar/hash/cee3795ab95fdb90d6c15204d4d6d048
3170681;FONDECYT de Postdoctorado 2017;2017;Resumen;https://post.anid.cl/frontend.php/es/postulacion/descargar/hash/b007b755831b39dea5d619cb40f2cd51
3170685;FONDECYT de Postdoctorado 2017;2017;Resumen;https://post.anid.cl/frontend.php/es/postulacion/descargar/hash/d89e616ba2cd2ebcd4fbcf95e0892f0c
3170689;FONDECYT de Postdoctorado 2017;2017;Resumen;https://post.anid.cl/frontend.php/es/postulacion/descargar/hash/1c2f5750cd87708aceac64fc12364100
3170690;FONDECYT de Postdoctorado 2017;2017;Resumen;https://post.anid.cl/frontend.php/es/postulacion/descargar/hash/bd7e52fa5b2669f2eb07e769d86501f2
3170694;FONDECYT de Postdoctorado 2017;2017;Resumen;https://post.anid.cl/frontend.php/es/postulacion/descargar/hash/31ec70b75bb96a2d2dffeb2a8953bf19
3170695;FONDECYT de Postdoctorado 2017;2017;Resumen;https://post.anid.cl/frontend.php/es/postulacion/descargar/hash/58a1ceeb48cee066f86812d3b4a7f9fd
3170696;FONDECYT de Postdoctorado 2017;2017;Resumen;https://post.anid.cl/frontend.php/es/postulacion/descargar/hash/83c18a31e777b4b72271f460a1702271
3170699;FONDECYT de Postdoctorado 2017;2017;Resumen;https://post.anid.cl/frontend.php/es/postulacion/descargar/hash/f0165e716b8a7138100d7485b5f51ce1
3170703;FONDECYT de Postdoctorado 2017;2017;Resumen;https://post.anid.cl/frontend.php/es/postulacion/descargar/hash/d63cafca3a904991ddad516889f2784e
3170706;FONDECYT de Postdoctorado 2017;2017;Resumen;https://post.anid.cl/frontend.php/es/postulacion/descargar/hash/7a0bfccd900dd923a92ed691f3b79f28
3170707;FONDECYT de Postdoctorado 2017;2017;Resumen;https://post.anid.cl/frontend.php/es/postulacion/descargar/hash/6b621b64136f68c465f2b3a82866ad5a
3170710;FONDECYT de Postdoctorado 2017;2017;Resumen;https://post.anid.cl/frontend.php/es/postulacion/descargar/hash/e1f8c07742869ea194ab869a7d90ebbe
3170718;FONDECYT de Postdoctorado 2017;2017;Resumen;https://post.anid.cl/frontend.php/es/postulacion/descargar/hash/e81418e5175f0e94b309c6035eee85f2
3170732;FONDECYT de Postdoctorado 2017;2017;Resumen;https://post.anid.cl/frontend.php/es/postulacion/descargar/hash/aca5308c19e3c94ec6c591fce1be3e4f
3170733;FONDECYT de Postdoctorado 2017;2017;Resumen;https://post.anid.cl/frontend.php/es/postulacion/descargar/hash/11633df3675e5bd8f8996829e62b4222
3170734;FONDECYT de Postdoctorado 2017;2017;Resumen;https://post.anid.cl/frontend.php/es/postulacion/descargar/hash/4a0eee1cfd7d862779299f942f178645
3170737;FONDECYT de Postdoctorado 2017;2017;Resumen;https://post.anid.cl/frontend.php/es/postulacion/descargar/hash/e7b9df9040d718fa5213fe897e5dced5
3170740;FONDECYT de Postdoctorado 2017;2017;Resumen;https://post.anid.cl/frontend.php/es/postulacion/descargar/hash/62ac92289fd8792edd327bbbd0b3af03
3170744;FONDECYT de Postdoctorado 2017;2017;Resumen;https://post.anid.cl/frontend.php/es/postulacion/descargar/hash/90b31a380e88bd878ff00430a24cac03
3170757;FONDECYT de Postdoctorado 2017;2017;Resumen;https://post.anid.cl/frontend.php/es/postulacion/descargar/hash/a8f65b2c0cadc6c929ebc568f9942cbc
3170761;FONDECYT de Postdoctorado 2017;2017;Resumen;https://post.anid.cl/frontend.php/es/postulacion/descargar/hash/a23c497faf8fac168fa9abc548d560aa
3170764;FONDECYT de Postdoctorado 2017;2017;Resumen;https://post.anid.cl/frontend.php/es/postulacion/descargar/hash/a101021801c82ebefc6556b282a97cd0
3170768;FONDECYT de Postdoctorado 2017;2017;Resumen;https://post.anid.cl/frontend.php/es/postulacion/descargar/hash/b4c4736a8f42a6406f7485a89552dbea
3170772;FONDECYT de Postdoctorado 2017;2017;Resumen;https://post.anid.cl/frontend.php/es/postulacion/descargar/hash/6b04f9d40f67f73c543e636b47364736
3170773;FONDECYT de Postdoctorado 2017;2017;Resumen;https://post.anid.cl/frontend.php/es/postulacion/descargar/hash/ef49c2c716b2f5b94c87d80d19f66bcc
3170774;FONDECYT de Postdoctorado 2017;2017;Resumen;https://post.anid.cl/frontend.php/es/postulacion/descargar/hash/afa9f57aeaf1797d7739a7f2e6af84d6
3170775;FONDECYT de Postdoctorado 2017;2017;Resumen;https://post.anid.cl/frontend.php/es/postulacion/descargar/hash/f9e0f08bb209232875646edf98de6d0e
3170777;FONDECYT de Postdoctorado 2017;2017;Resumen;https://post.anid.cl/frontend.php/es/postulacion/descargar/hash/e188faba69714fb07e945767a95f94a3
3170778;FONDECYT de Postdoctorado 2017;2017;Resumen;https://post.anid.cl/frontend.php/es/postulacion/descargar/hash/2f585bb490adcae7abf9cc5ff5f28d0f
3170783;FONDECYT de Postdoctorado 2017;2017;Resumen;https://post.anid.cl/frontend.php/es/postulacion/descargar/hash/c54377fb60cc9715787eb4d95c52364b
3170784;FONDECYT de Postdoctorado 2017;2017;Resumen;https://post.anid.cl/frontend.php/es/postulacion/descargar/hash/d8da04a433da4d225f7e1197c14bf7a2
3170785;FONDECYT de Postdoctorado 2017;2017;Resumen;https://post.anid.cl/frontend.php/es/postulacion/descargar/hash/25eb97f6a0d9e266dd34afb93a42ddbf
3170795;FONDECYT de Postdoctorado 2017;2017;Resumen;https://post.anid.cl/frontend.php/es/postulacion/descargar/hash/b164debf9cff6c1ac74989d4b104ef8f
3170796;FONDECYT de Postdoctorado 2017;2017;Resumen;https://post.anid.cl/frontend.php/es/postulacion/descargar/hash/ecf453df197ad024d2adda948bd8aec7
3170799;FONDECYT de Postdoctorado 2017;2017;Resumen;https://post.anid.cl/frontend.php/es/postulacion/descargar/hash/c661a06b5787625465929439b78e8a7f
3170801;FONDECYT de Postdoctorado 2017;2017;Resumen;https://post.anid.cl/frontend.php/es/postulacion/descargar/hash/11c13429571c22eee75212f4406744c2
3170806;FONDECYT de Postdoctorado 2017;2017;Resumen;https://post.anid.cl/frontend.php/es/postulacion/descargar/hash/f6f485e4ba0e615ce144228905b602b5
3170807;FONDECYT de Postdoctorado 2017;2017;Resumen;https://post.anid.cl/frontend.php/es/postulacion/descargar/hash/ed3309cad6748082a754b3d2b38e215c
3170812;FONDECYT de Postdoctorado 2017;2017;Resumen;https://post.anid.cl/frontend.php/es/postulacion/descargar/hash/7a4eb9bbddd7e3336716328ffb621d00
3170813;FONDECYT de Postdoctorado 2017;2017;Resumen;https://post.anid.cl/frontend.php/es/postulacion/descargar/hash/54bb03b9542292dc968fe7eb3f234ee0
3170814;FONDECYT de Postdoctorado 2017;2017;Resumen;https://post.anid.cl/frontend.php/es/postulacion/descargar/hash/a6829c478c413e9c9303482ab03bd49a
3170826;FONDECYT de Postdoctorado 2017;2017;Resumen;https://post.anid.cl/frontend.php/es/postulacion/descargar/hash/8b177fa4c162bbdebe4f6bf44a262b92
3170829;FONDECYT de Postdoctorado 2017;2017;Resumen;https://post.anid.cl/frontend.php/es/postulacion/descargar/hash/e448676770102794fcd598905cc15dcc
3170838;FONDECYT de Postdoctorado 2017;2017;Resumen;https://post.anid.cl/frontend.php/es/postulacion/descargar/hash/e23cf299459633a253b51f98bcc0ab41
3170845;FONDECYT de Postdoctorado 2017;2017;Resumen;https://post.anid.cl/frontend.php/es/postulacion/descargar/hash/8cc8d2fa320c5b8a04d9932049022e49
3170846;FONDECYT de Postdoctorado 2017;2017;Resumen;https://post.anid.cl/frontend.php/es/postulacion/descargar/hash/9621fe50b749074a2a500d5e4df5b1f4
3170851;FONDECYT de Postdoctorado 2017;2017;Resumen;https://post.anid.cl/frontend.php/es/postulacion/descargar/hash/4c495c38d05f66509f439f6ec5c8d4d8
3170852;FONDECYT de Postdoctorado 2017;2017;Resumen;https://post.anid.cl/frontend.php/es/postulacion/descargar/hash/81357f8157b03fb0da9effa69730f1da
3170867;FONDECYT de Postdoctorado 2017;2017;Resumen;https://post.anid.cl/frontend.php/es/postulacion/descargar/hash/1635faa1cfae2e50c4c5a71f0595fbdd
3170869;FONDECYT de Postdoctorado 2017;2017;Resumen;https://post.anid.cl/frontend.php/es/postulacion/descargar/hash/aeb48f459f44f8f8226765b9a5175ead
3170870;FONDECYT de Postdoctorado 2017;2017;Resumen;https://post.anid.cl/frontend.php/es/postulacion/descargar/hash/351401a7d9ceda7e90242d1868ea02df
3170874;FONDECYT de Postdoctorado 2017;2017;Resumen;https://post.anid.cl/frontend.php/es/postulacion/descargar/hash/fafd4c100a01e72551c79aadc4146485
3170875;FONDECYT de Postdoctorado 2017;2017;Resumen;https://post.anid.cl/frontend.php/es/postulacion/descargar/hash/79fae1811a3420542e11b9aa039e7b23
3170877;FONDECYT de Postdoctorado 2017;2017;Resumen;https://post.anid.cl/frontend.php/es/postulacion/descargar/hash/126bee9a138b97991746894646b7c565
3170878;FONDECYT de Postdoctorado 2017;2017;Resumen;https://post.anid.cl/frontend.php/es/postulacion/descargar/hash/d5cff9fae48d02d05a0d370c70a3ef07
3170881;FONDECYT de Postdoctorado 2017;2017;Resumen;https://post.anid.cl/frontend.php/es/postulacion/descargar/hash/0a35c17e08654b8c4534a08eee4b29ea
3170887;FONDECYT de Postdoctorado 2017;2017;Resumen;https://post.anid.cl/frontend.php/es/postulacion/descargar/hash/e1cc5a77f31b2c6b416dac7477d1bc3f
3170895;FONDECYT de Postdoctorado 2017;2017;Resumen;https://post.anid.cl/frontend.php/es/postulacion/descargar/hash/3bdc3e4c33068585f8cf1be23a231b4d
3170897;FONDECYT de Postdoctorado 2017;2017;Resumen;https://post.anid.cl/frontend.php/es/postulacion/descargar/hash/99c731a84a0448d09fc5ea7fd7032505
3170905;FONDECYT de Postdoctorado 2017;2017;Resumen;https://post.anid.cl/frontend.php/es/postulacion/descargar/hash/c152e07f9aa32d5279e6a93a71f1d381
3170906;FONDECYT de Postdoctorado 2017;2017;Resumen;https://post.anid.cl/frontend.php/es/postulacion/descargar/hash/873c43980e197c91b6c876044b8723c9
3170907;FONDECYT de Postdoctorado 2017;2017;Resumen;https://post.anid.cl/frontend.php/es/postulacion/descargar/hash/56b666ffc134d6004062ca3855b796f0
3170908;FONDECYT de Postdoctorado 2017;2017;Resumen;https://post.anid.cl/frontend.php/es/postulacion/descargar/hash/fa2dde99b0e6f87c93f3e99bab06f5c8
3170909;FONDECYT de Postdoctorado 2017;2017;Resumen;https://post.anid.cl/frontend.php/es/postulacion/descargar/hash/0ace69c1ce3ca1e8c7321ab92725e356
3170912;FONDECYT de Postdoctorado 2017;2017;Resumen;https://post.anid.cl/frontend.php/es/postulacion/descargar/hash/1d23ed7a1eadb60241bff6bed715c9ba
3170913;FONDECYT de Postdoctorado 2017;2017;Resumen;https://post.anid.cl/frontend.php/es/postulacion/descargar/hash/cd2fa9f5cfcf091c82334c4ba98edc2b
3170914;FONDECYT de Postdoctorado 2017;2017;Resumen;https://post.anid.cl/frontend.php/es/postulacion/descargar/hash/dd03903658ed20db7c8be9ca30b5f569
3170917;FONDECYT de Postdoctorado 2017;2017;Resumen;https://post.anid.cl/frontend.php/es/postulacion/descargar/hash/6dc73e715a02ce0f3524de4c2c8f9fce
3170922;FONDECYT de Postdoctorado 2017;2017;Resumen;https://post.anid.cl/frontend.php/es/postulacion/descargar/hash/c32adc6ab5794e8255292464bc1f1f5d
3170936;FONDECYT de Postdoctorado 2017;2017;Resumen;https://post.anid.cl/frontend.php/es/postulacion/descargar/hash/80e13a13c736b87e805d4426970c1325
3170937;FONDECYT de Postdoctorado 2017;2017;Resumen;https://post.anid.cl/frontend.php/es/postulacion/descargar/hash/23b544c6710bd28449f8934179b5ccb1
3170938;FONDECYT de Postdoctorado 2017;2017;Resumen;https://post.anid.cl/frontend.php/es/postulacion/descargar/hash/4b85e727c748dd8452b08f61cd9a3546
3170939;FONDECYT de Postdoctorado 2017;2017;Resumen;https://post.anid.cl/frontend.php/es/postulacion/descargar/hash/0440b62c548057d9a34a51c0985942ee
3170942;FONDECYT de Postdoctorado 2017;2017;Resumen;https://post.anid.cl/frontend.php/es/postulacion/descargar/hash/052ac39b750c468dcd32b9d3e2dd0c76
3170958;FONDECYT de Postdoctorado 2017;2017;Resumen;https://post.anid.cl/frontend.php/es/postulacion/descargar/hash/9422b4cc8badf7b6cf16b1431bd81c59
3170966;FONDECYT de Postdoctorado 2017;2017;Resumen;https://post.anid.cl/frontend.php/es/postulacion/descargar/hash/e15d8c9d02dac5c94574e6ddd0ce2276
3170971;FONDECYT de Postdoctorado 2017;2017;Resumen;https://post.anid.cl/frontend.php/es/postulacion/descargar/hash/37ac4ea72cf357a3d39730d90c7f3a24
3170974;FONDECYT de Postdoctorado 2017;2017;Resumen;https://post.anid.cl/frontend.php/es/postulacion/descargar/hash/3cac3ebd1eb0292c4dfc552387634670
3180006;FONDECYT de Postdoctorado 2018;2018;Resumen;https://post.anid.cl/frontend.php/es/postulacion/descargar/hash/6217edfd1605014cbe9719ab6a1bd54e
3180009;FONDECYT de Postdoctorado 2018;2018;Resumen;https://post.anid.cl/frontend.php/es/postulacion/descargar/hash/d1ffad12388dee435edff14357afc742
3180012;FONDECYT de Postdoctorado 2018;2018;Resumen;https://post.anid.cl/frontend.php/es/postulacion/descargar/hash/aa1b092e20a8b675ef5a81a9112776cd
3180013;FONDECYT de Postdoctorado 2018;2018;Resumen;https://post.anid.cl/frontend.php/es/postulacion/descargar/hash/07b8b5996ead3b27845856e2543fe3db
3180014;FONDECYT de Postdoctorado 2018;2018;Resumen;https://post.anid.cl/frontend.php/es/postulacion/descargar/hash/fc7ee9bc5c798601b5a49179461ae360
3180019;FONDECYT de Postdoctorado 2018;2018;Resumen;https://post.anid.cl/frontend.php/es/postulacion/descargar/hash/1b5d005dab457de1a0bec43632e4e3cc
3180028;FONDECYT de Postdoctorado 2018;2018;Resumen;https://post.anid.cl/frontend.php/es/postulacion/descargar/hash/e789384fb71aac7076f30efc27db915c
3180032;FONDECYT de Postdoctorado 2018;2018;Resumen;https://post.anid.cl/frontend.php/es/postulacion/descargar/hash/6391bb389eee62fa6fbf60c71759669d
3180033;FONDECYT de Postdoctorado 2018;2018;Resumen;https://post.anid.cl/frontend.php/es/postulacion/descargar/hash/c24eb7280d0a83c87c85c43698bf2db0
3180041;FONDECYT de Postdoctorado 2018;2018;Resumen;https://post.anid.cl/frontend.php/es/postulacion/descargar/hash/2bbc928db8e4c60bc524b02db9acab8f
3180042;FONDECYT de Postdoctorado 2018;2018;Resumen;https://post.anid.cl/frontend.php/es/postulacion/descargar/hash/9f638f6ccdcdfc5cddde9889e35b5cba
3180055;FONDECYT de Postdoctorado 2018;2018;Resumen;https://post.anid.cl/frontend.php/es/postulacion/descargar/hash/aee508420c5c616cacc1d032c203f395
3180056;FONDECYT de Postdoctorado 2018;2018;Resumen;https://post.anid.cl/frontend.php/es/postulacion/descargar/hash/a97429a623be109311df795b97c6d6e8
3180059;FONDECYT de Postdoctorado 2018;2018;Resumen;https://post.anid.cl/frontend.php/es/postulacion/descargar/hash/aede0d89038df6427f51b4fa51ab6605
3180061;FONDECYT de Postdoctorado 2018;2018;Resumen;https://post.anid.cl/frontend.php/es/postulacion/descargar/hash/783d90d71568bb7991e330bd8fb32731
3180062;FONDECYT de Postdoctorado 2018;2018;Resumen;https://post.anid.cl/frontend.php/es/postulacion/descargar/hash/f7dc5d1b4cd5d8beb2576faaa26707ea
3180063;FONDECYT de Postdoctorado 2018;2018;Resumen;https://post.anid.cl/frontend.php/es/postulacion/descargar/hash/13f1161935ae9e102c3c4b1b99f92bdb
3180064;FONDECYT de Postdoctorado 2018;2018;Resumen;https://post.anid.cl/frontend.php/es/postulacion/descargar/hash/482bb3035db842f661d6f0d66273f166
3180071;FONDECYT de Postdoctorado 2018;2018;Resumen;https://post.anid.cl/frontend.php/es/postulacion/descargar/hash/67750a71ef9f7b0f35e329183ad3624e
3180073;FONDECYT de Postdoctorado 2018;2018;Resumen;https://post.anid.cl/frontend.php/es/postulacion/descargar/hash/22b7f942ae05ae0d32bde0cceacfec3c
3180079;FONDECYT de Postdoctorado 2018;2018;Resumen;https://post.anid.cl/frontend.php/es/postulacion/descargar/hash/e0a1b9afe91ca92c4e0c44131aed90c1
3180080;FONDECYT de Postdoctorado 2018;2018;Resumen;https://post.anid.cl/frontend.php/es/postulacion/descargar/hash/c1f37d1a199a3deff10a02438f11a316
3180085;FONDECYT de Postdoctorado 2018;2018;Resumen;https://post.anid.cl/frontend.php/es/postulacion/descargar/hash/43fce3413687045e6a02fbea3df9a882
3180086;FONDECYT de Postdoctorado 2018;2018;Resumen;https://post.anid.cl/frontend.php/es/postulacion/descargar/hash/943e9aff6ea7195b419278027c472c39
3180089;FONDECYT de Postdoctorado 2018;2018;Resumen;https://post.anid.cl/frontend.php/es/postulacion/descargar/hash/fe77c7dae7e44aeef68122d2beaf473d
3180093;FONDECYT de Postdoctorado 2018;2018;Resumen;https://post.anid.cl/frontend.php/es/postulacion/descargar/hash/3fbd32c4f7e690448166d2bf21625f17
3180096;FONDECYT de Postdoctorado 2018;2018;Resumen;https://post.anid.cl/frontend.php/es/postulacion/descargar/hash/33ca9b0a7a422aa499cfc715260d79b3
3180097;FONDECYT de Postdoctorado 2018;2018;Resumen;https://post.anid.cl/frontend.php/es/postulacion/descargar/hash/0ec504b2eda9ccc70332f0df31fae4cc
3180100;FONDECYT de Postdoctorado 2018;2018;Resumen;https://post.anid.cl/frontend.php/es/postulacion/descargar/hash/93f205620a3c5de20c1872a6f945bdb0
3180106;FONDECYT de Postdoctorado 2018;2018;Resumen;https://post.anid.cl/frontend.php/es/postulacion/descargar/hash/3287675bc88f74765cba6e9203612000
3180107;FONDECYT de Postdoctorado 2018;2018;Resumen;https://post.anid.cl/frontend.php/es/postulacion/descargar/hash/b5cea5a6410d3ead161260333d6d3efd
3180108;FONDECYT de Postdoctorado 2018;2018;Resumen;https://post.anid.cl/frontend.php/es/postulacion/descargar/hash/42cae315e7720573d74425d925a156b0
3180109;FONDECYT de Postdoctorado 2018;2018;Resumen;https://post.anid.cl/frontend.php/es/postulacion/descargar/hash/4c3b4afe69ae3b5be091189ea8d88e9c
3180111;FONDECYT de Postdoctorado 2018;2018;Resumen;https://post.anid.cl/frontend.php/es/postulacion/descargar/hash/ea78907b27210b9ee4eb0a9c21fc748f
3180112;FONDECYT de Postdoctorado 2018;2018;Resumen;https://post.anid.cl/frontend.php/es/postulacion/descargar/hash/c020b92ccc429b25be620f480d86ce3a
3180114;FONDECYT de Postdoctorado 2018;2018;Resumen;https://post.anid.cl/frontend.php/es/postulacion/descargar/hash/3070b75dfec09a35cf312ce37bbf6d53
3180115;FONDECYT de Postdoctorado 2018;2018;Resumen;https://post.anid.cl/frontend.php/es/postulacion/descargar/hash/891e3901f3749db3cedf314136cc4cfc
3180117;FONDECYT de Postdoctorado 2018;2018;Resumen;https://post.anid.cl/frontend.php/es/postulacion/descargar/hash/45455be0d71f065c22cf46c62e745fbf
3180118;FONDECYT de Postdoctorado 2018;2018;Resumen;https://post.anid.cl/frontend.php/es/postulacion/descargar/hash/cc41cb8a6d29f33042b94bc827dd52fa
3180119;FONDECYT de Postdoctorado 2018;2018;Resumen;https://post.anid.cl/frontend.php/es/postulacion/descargar/hash/2e5ca5daf2cc0477738f0cf8f7e4d2ff
3180128;FONDECYT de Postdoctorado 2018;2018;Resumen;https://post.anid.cl/frontend.php/es/postulacion/descargar/hash/3b8b8b104874316597e048de1cbcafd3
3180130;FONDECYT de Postdoctorado 2018;2018;Resumen;https://post.anid.cl/frontend.php/es/postulacion/descargar/hash/6817912f6f5f7bedb9a924612649b045
3180131;FONDECYT de Postdoctorado 2018;2018;Resumen;https://post.anid.cl/frontend.php/es/postulacion/descargar/hash/3f4c9022697eecc133daf2ae4fc81bc9
3180134;FONDECYT de Postdoctorado 2018;2018;Resumen;https://post.anid.cl/frontend.php/es/postulacion/descargar/hash/e47a593a4f338c14de302a2ad46563ac
3180138;FONDECYT de Postdoctorado 2018;2018;Resumen;https://post.anid.cl/frontend.php/es/postulacion/descargar/hash/7ccf1aa50fc211a239c8de140d562af2
3180139;FONDECYT de Postdoctorado 2018;2018;Resumen;https://post.anid.cl/frontend.php/es/postulacion/descargar/hash/9c4d7b667768efd28c8ae1a90a5ea167
3180140;FONDECYT de Postdoctorado 2018;2018;Resumen;https://post.anid.cl/frontend.php/es/postulacion/descargar/hash/4b983741f37b598703150cfac9f468af
3180141;FONDECYT de Postdoctorado 2018;2018;Resumen;https://post.anid.cl/frontend.php/es/postulacion/descargar/hash/b8d462684d4846ca292e90c781efeb51
3180143;FONDECYT de Postdoctorado 2018;2018;Resumen;https://post.anid.cl/frontend.php/es/postulacion/descargar/hash/d5a07d32069487365a2560000cf338a2
3180145;FONDECYT de Postdoctorado 2018;2018;Resumen;https://post.anid.cl/frontend.php/es/postulacion/descargar/hash/8e9baeab0b449a7eeb187aad6b2abb9a
3180146;FONDECYT de Postdoctorado 2018;2018;Resumen;https://post.anid.cl/frontend.php/es/postulacion/descargar/hash/689970e845dbbde0b038c88fe5e8a98c
3180149;FONDECYT de Postdoctorado 2018;2018;Resumen;https://post.anid.cl/frontend.php/es/postulacion/descargar/hash/0dfef424b4d14b86ac016b27528bfe1a
3180152;FONDECYT de Postdoctorado 2018;2018;Resumen;https://post.anid.cl/frontend.php/es/postulacion/descargar/hash/613cfd35558bb7db2a01ce6c727f1c28
3180153;FONDECYT de Postdoctorado 2018;2018;Resumen;https://post.anid.cl/frontend.php/es/postulacion/descargar/hash/bb9e1bdfd8da0e83b181a75874ed105c
3180155;FONDECYT de Postdoctorado 2018;2018;Resumen;https://post.anid.cl/frontend.php/es/postulacion/descargar/hash/c9079b39bc02fabfcb42c0474a070267
3180159;FONDECYT de Postdoctorado 2018;2018;Resumen;https://post.anid.cl/frontend.php/es/postulacion/descargar/hash/69063679ee77afbf46e573d27ed890fc
3180160;FONDECYT de Postdoctorado 2018;2018;Resumen;https://post.anid.cl/frontend.php/es/postulacion/descargar/hash/704970a9b6df2bb5dff1724a34d47bdf
3180167;FONDECYT de Postdoctorado 2018;2018;Resumen;https://post.anid.cl/frontend.php/es/postulacion/descargar/hash/669579666615afbb55d39d6665d857f1
3180172;FONDECYT de Postdoctorado 2018;2018;Resumen;https://post.anid.cl/frontend.php/es/postulacion/descargar/hash/cbbd14950ab5049f0f1bfe25f77d7d10
3180173;FONDECYT de Postdoctorado 2018;2018;Resumen;https://post.anid.cl/frontend.php/es/postulacion/descargar/hash/50321c8be25c9a500ac0f78deb235086
3180174;FONDECYT de Postdoctorado 2018;2018;Resumen;https://post.anid.cl/frontend.php/es/postulacion/descargar/hash/fd59e4a8c973dfcf1be7e92742be1b60
3180176;FONDECYT de Postdoctorado 2018;2018;Resumen;https://post.anid.cl/frontend.php/es/postulacion/descargar/hash/08ced865b216c058ef40749fc4a0d681
3180177;FONDECYT de Postdoctorado 2018;2018;Resumen;https://post.anid.cl/frontend.php/es/postulacion/descargar/hash/d12afa6a9d70adb5fd0bbac1dda7241e
3180179;FONDECYT de Postdoctorado 2018;2018;Resumen;https://post.anid.cl/frontend.php/es/postulacion/descargar/hash/6feebae15fc934dd2d1bca5920843bf3
3180180;FONDECYT de Postdoctorado 2018;2018;Resumen;https://post.anid.cl/frontend.php/es/postulacion/descargar/hash/6b400fbb57916b1a7488dfc8a9b8b80b
3180181;FONDECYT de Postdoctorado 2018;2018;Resumen;https://post.anid.cl/frontend.php/es/postulacion/descargar/hash/ad1173d90bb9a944e4c6ab2ff00df9b7
3180182;FONDECYT de Postdoctorado 2018;2018;Resumen;https://post.anid.cl/frontend.php/es/postulacion/descargar/hash/7020c57f28dc7b15e78ecda8447b4fd9
3180184;FONDECYT de Postdoctorado 2018;2018;Resumen;https://post.anid.cl/frontend.php/es/postulacion/descargar/hash/63ff06db6e1745945fa5e31d8deba53c
3180185;FONDECYT de Postdoctorado 2018;2018;Resumen;https://post.anid.cl/frontend.php/es/postulacion/descargar/hash/07d2f059e0d44866fa6f220ff948f50e
3180189;FONDECYT de Postdoctorado 2018;2018;Resumen;https://post.anid.cl/frontend.php/es/postulacion/descargar/hash/ecb456453c4ecb71d314e4f87759c481
3180193;FONDECYT de Postdoctorado 2018;2018;Resumen;https://post.anid.cl/frontend.php/es/postulacion/descargar/hash/9eb98c7f52f44d1801b97fb0573f20f0
3180195;FONDECYT de Postdoctorado 2018;2018;Resumen;https://post.anid.cl/frontend.php/es/postulacion/descargar/hash/7081a8a63881c89e45047377fce66721
3180197;FONDECYT de Postdoctorado 2018;2018;Resumen;https://post.anid.cl/frontend.php/es/postulacion/descargar/hash/7cdf1911480931d2f75c4d4d48705d45
3180198;FONDECYT de Postdoctorado 2018;2018;Resumen;https://post.anid.cl/frontend.php/es/postulacion/descargar/hash/7f837ababc5110aebfe40da16e3478a4
3180199;FONDECYT de Postdoctorado 2018;2018;Resumen;https://post.anid.cl/frontend.php/es/postulacion/descargar/hash/449ebbc1692034f973304e576d060199
3180202;FONDECYT de Postdoctorado 2018;2018;Resumen;https://post.anid.cl/frontend.php/es/postulacion/descargar/hash/f9b9a970ca43224d4798159494c9a87f
3180203;FONDECYT de Postdoctorado 2018;2018;Resumen;https://post.anid.cl/frontend.php/es/postulacion/descargar/hash/27c33981ba501e7ce0b4846a27970d09
3180204;FONDECYT de Postdoctorado 2018;2018;Resumen;https://post.anid.cl/frontend.php/es/postulacion/descargar/hash/1c06aae62c387af162c642dc488ce290
3180208;FONDECYT de Postdoctorado 2018;2018;Resumen;https://post.anid.cl/frontend.php/es/postulacion/descargar/hash/a854508b67ed57c85d6902cf9b724ae6
3180209;FONDECYT de Postdoctorado 2018;2018;Resumen;https://post.anid.cl/frontend.php/es/postulacion/descargar/hash/3622cc2d896e3349a3a296cba6d3f762
3180210;FONDECYT de Postdoctorado 2018;2018;Resumen;https://post.anid.cl/frontend.php/es/postulacion/descargar/hash/30744b8eee8a3ac91554d0e8ed8b2c2c
3180215;FONDECYT de Postdoctorado 2018;2018;Resumen;https://post.anid.cl/frontend.php/es/postulacion/descargar/hash/47cb3f43d78786c4de4bd0e52fc95121
3180219;FONDECYT de Postdoctorado 2018;2018;Resumen;https://post.anid.cl/frontend.php/es/postulacion/descargar/hash/d1aa4fe908d2946fd9861a311fcb9734
3180221;FONDECYT de Postdoctorado 2018;2018;Resumen;https://post.anid.cl/frontend.php/es/postulacion/descargar/hash/3d7a3f7f006d77d2aeebe0481a884b28
3180227;FONDECYT de Postdoctorado 2018;2018;Resumen;https://post.anid.cl/frontend.php/es/postulacion/descargar/hash/de3052f906883682d4dfd29d956b2e94
3180228;FONDECYT de Postdoctorado 2018;2018;Resumen;https://post.anid.cl/frontend.php/es/postulacion/descargar/hash/b98958ef47bd806dea8b1c3dd5d67727
3180232;FONDECYT de Postdoctorado 2018;2018;Resumen;https://post.anid.cl/frontend.php/es/postulacion/descargar/hash/2cd4a00d5b65f8656223372ec6d6bab9
3180237;FONDECYT de Postdoctorado 2018;2018;Resumen;https://post.anid.cl/frontend.php/es/postulacion/descargar/hash/30fe0b75df49e54da383ca7f6a22f3d3
3180238;FONDECYT de Postdoctorado 2018;2018;Resumen;https://post.anid.cl/frontend.php/es/postulacion/descargar/hash/30b28ba5813372bc610e7c3c4b5bfeab
3180240;FONDECYT de Postdoctorado 2018;2018;Resumen;https://post.anid.cl/frontend.php/es/postulacion/descargar/hash/cf9feb39046340e920ec2c0717c5472a
3180246;FONDECYT de Postdoctorado 2018;2018;Resumen;https://post.anid.cl/frontend.php/es/postulacion/descargar/hash/ad1d72305df378319097417759bcb126
3180250;FONDECYT de Postdoctorado 2018;2018;Resumen;https://post.anid.cl/frontend.php/es/postulacion/descargar/hash/b4f49495b7a1f83e93475c692d92296d
3180251;FONDECYT de Postdoctorado 2018;2018;Resumen;https://post.anid.cl/frontend.php/es/postulacion/descargar/hash/6521c6ba82ac3fba49dd2c502cf4706c
3180252;FONDECYT de Postdoctorado 2018;2018;Resumen;https://post.anid.cl/frontend.php/es/postulacion/descargar/hash/57c7269112982569e29ce756d3a89472
3180255;FONDECYT de Postdoctorado 2018;2018;Resumen;https://post.anid.cl/frontend.php/es/postulacion/descargar/hash/f06eb55ed46816f08916dd77784cc3a1
3180257;FONDECYT de Postdoctorado 2018;2018;Resumen;https://post.anid.cl/frontend.php/es/postulacion/descargar/hash/f5ce4c2fe955f05a3c9c3d4517a8f819
3180267;FONDECYT de Postdoctorado 2018;2018;Resumen;https://post.anid.cl/frontend.php/es/postulacion/descargar/hash/4ae5b2089f31803b1204edcd31d99271
3180269;FONDECYT de Postdoctorado 2018;2018;Resumen;https://post.anid.cl/frontend.php/es/postulacion/descargar/hash/9a52bcb78e430119cfb71748d5309fca
3180272;FONDECYT de Postdoctorado 2018;2018;Resumen;https://post.anid.cl/frontend.php/es/postulacion/descargar/hash/b4756f4aa41502c02c79dabb1fc8c08b
3180276;FONDECYT de Postdoctorado 2018;2018;Resumen;https://post.anid.cl/frontend.php/es/postulacion/descargar/hash/5daf02f4716391454b2ac713bb3ca7bb
3180279;FONDECYT de Postdoctorado 2018;2018;Resumen;https://post.anid.cl/frontend.php/es/postulacion/descargar/hash/7034b94bd2dbf8266ee488ee18b1af42
3180280;FONDECYT de Postdoctorado 2018;2018;Resumen;https://post.anid.cl/frontend.php/es/postulacion/descargar/hash/532c4085a8fdc452983409d68aad1a45
3180283;FONDECYT de Postdoctorado 2018;2018;Resumen;https://post.anid.cl/frontend.php/es/postulacion/descargar/hash/d3c6171028d910a726e9cefc1b7d0bbb
3180287;FONDECYT de Postdoctorado 2018;2018;Resumen;https://post.anid.cl/frontend.php/es/postulacion/descargar/hash/88ae0aaf73560340228ce98132e67744
3180289;FONDECYT de Postdoctorado 2018;2018;Resumen;https://post.anid.cl/frontend.php/es/postulacion/descargar/hash/3ab83ac2e5a7dc7fcf40fd8b8cef7f7b
3180291;FONDECYT de Postdoctorado 2018;2018;Resumen;https://post.anid.cl/frontend.php/es/postulacion/descargar/hash/7f1a860d2119e1d377fe7995d4a81945
3180295;FONDECYT de Postdoctorado 2018;2018;Resumen;https://post.anid.cl/frontend.php/es/postulacion/descargar/hash/71424dc9c05abf465608ce24b22efad4
3180297;FONDECYT de Postdoctorado 2018;2018;Resumen;https://post.anid.cl/frontend.php/es/postulacion/descargar/hash/296b635943007b36b8228d7e07767cd6
3180300;FONDECYT de Postdoctorado 2018;2018;Resumen;https://post.anid.cl/frontend.php/es/postulacion/descargar/hash/a687c341777fe6c65e3e220651425aca
3180306;FONDECYT de Postdoctorado 2018;2018;Resumen;https://post.anid.cl/frontend.php/es/postulacion/descargar/hash/19da1708e5dfde44db18436e6a4d4a70
3180307;FONDECYT de Postdoctorado 2018;2018;Resumen;https://post.anid.cl/frontend.php/es/postulacion/descargar/hash/a5aa3cc647fe1c67ba41295d494c4c11
3180312;FONDECYT de Postdoctorado 2018;2018;Resumen;https://post.anid.cl/frontend.php/es/postulacion/descargar/hash/f07b6e93c319707dc2d0ef2f0fa0437b
3180313;FONDECYT de Postdoctorado 2018;2018;Resumen;https://post.anid.cl/frontend.php/es/postulacion/descargar/hash/1b5d78334dd9c41926ee61bfb39a6bc5
3180315;FONDECYT de Postdoctorado 2018;2018;Resumen;https://post.anid.cl/frontend.php/es/postulacion/descargar/hash/4a54bf72c1aad2b2e1bb8b877777e4be
3180316;FONDECYT de Postdoctorado 2018;2018;Resumen;https://post.anid.cl/frontend.php/es/postulacion/descargar/hash/4b18871fe42822568c819bf08629c823
3180317;FONDECYT de Postdoctorado 2018;2018;Resumen;https://post.anid.cl/frontend.php/es/postulacion/descargar/hash/1a7d128decc86025cefff5e2a10b191d
3180319;FONDECYT de Postdoctorado 2018;2018;Resumen;https://post.anid.cl/frontend.php/es/postulacion/descargar/hash/f2db945c537ae470f2df1267b9137ee8
3180321;FONDECYT de Postdoctorado 2018;2018;Resumen;https://post.anid.cl/frontend.php/es/postulacion/descargar/hash/4e226cf81b70ab24a4a7fea11f0c4a85
3180322;FONDECYT de Postdoctorado 2018;2018;Resumen;https://post.anid.cl/frontend.php/es/postulacion/descargar/hash/38d26a9fc1dc612ecd58ba72413830a9
3180323;FONDECYT de Postdoctorado 2018;2018;Resumen;https://post.anid.cl/frontend.php/es/postulacion/descargar/hash/ddc8743640c017342e68886e1f378393
3180324;FONDECYT de Postdoctorado 2018;2018;Resumen;https://post.anid.cl/frontend.php/es/postulacion/descargar/hash/8cabe344746d01ddbadfa26164ccdc7b
3180327;FONDECYT de Postdoctorado 2018;2018;Resumen;https://post.anid.cl/frontend.php/es/postulacion/descargar/hash/4e6bc0c82dc4674b456d03b6970f2875
3180328;FONDECYT de Postdoctorado 2018;2018;Resumen;https://post.anid.cl/frontend.php/es/postulacion/descargar/hash/5a0e9726b76311538afd37eddaede12e
3180331;FONDECYT de Postdoctorado 2018;2018;Resumen;https://post.anid.cl/frontend.php/es/postulacion/descargar/hash/3a387da0e9c71a9b33f4e7344c00719c
3180332;FONDECYT de Postdoctorado 2018;2018;Resumen;https://post.anid.cl/frontend.php/es/postulacion/descargar/hash/0359c8cd1e77cf014423f1688e73b243
3180333;FONDECYT de Postdoctorado 2018;2018;Resumen;https://post.anid.cl/frontend.php/es/postulacion/descargar/hash/3f7c96c2ad1d7a9df404f33f0a91d0b1
3180338;FONDECYT de Postdoctorado 2018;2018;Resumen;https://post.anid.cl/frontend.php/es/postulacion/descargar/hash/a9ac6d6b4bc29f9e72986634901b74d3
3180341;FONDECYT de Postdoctorado 2018;2018;Resumen;https://post.anid.cl/frontend.php/es/postulacion/descargar/hash/584b73fc0c7bc16cd93ddd58b4a65e39
3180342;FONDECYT de Postdoctorado 2018;2018;Resumen;https://post.anid.cl/frontend.php/es/postulacion/descargar/hash/25b5bd08f4248dfaf8c48d8b3780b582
3180344;FONDECYT de Postdoctorado 2018;2018;Resumen;https://post.anid.cl/frontend.php/es/postulacion/descargar/hash/3e5236c1413dcf11f14ea69282f6da8a
3180346;FONDECYT de Postdoctorado 2018;2018;Resumen;https://post.anid.cl/frontend.php/es/postulacion/descargar/hash/c6896ff54cf79831bf0485a406a789b8
3180352;FONDECYT de Postdoctorado 2018;2018;Resumen;https://post.anid.cl/frontend.php/es/postulacion/descargar/hash/42d2e1b3fe69a5ed5cf61b01e411e641
3180356;FONDECYT de Postdoctorado 2018;2018;Resumen;https://post.anid.cl/frontend.php/es/postulacion/descargar/hash/468601d13e2d6d863cc8d500854fe420
3180359;FONDECYT de Postdoctorado 2018;2018;Resumen;https://post.anid.cl/frontend.php/es/postulacion/descargar/hash/6611cec09989d48bbe520eefe6455fe7
3180363;FONDECYT de Postdoctorado 2018;2018;Resumen;https://post.anid.cl/frontend.php/es/postulacion/descargar/hash/f61e0bb93d28bc1e5b9c9d7daad218ba
3180364;FONDECYT de Postdoctorado 2018;2018;Resumen;https://post.anid.cl/frontend.php/es/postulacion/descargar/hash/9c6038c54f4ad78a4c23c32a029def30
3180367;FONDECYT de Postdoctorado 2018;2018;Resumen;https://post.anid.cl/frontend.php/es/postulacion/descargar/hash/b6d75f4eea8e717f655fea4bca810f1b
3180368;FONDECYT de Postdoctorado 2018;2018;Resumen;https://post.anid.cl/frontend.php/es/postulacion/descargar/hash/9c309ee62eda14c433b24ae0ca3c1810
3180374;FONDECYT de Postdoctorado 2018;2018;Resumen;https://post.anid.cl/frontend.php/es/postulacion/descargar/hash/9df527c96766b8e3e811ae6ea824ed78
3180375;FONDECYT de Postdoctorado 2018;2018;Resumen;https://post.anid.cl/frontend.php/es/postulacion/descargar/hash/3d25a61850977f71d8dd4a6e612cd99d
3180384;FONDECYT de Postdoctorado 2018;2018;Resumen;https://post.anid.cl/frontend.php/es/postulacion/descargar/hash/f17f1787b75ce91359403d71a2e4bc6c
3180386;FONDECYT de Postdoctorado 2018;2018;Resumen;https://post.anid.cl/frontend.php/es/postulacion/descargar/hash/39ee7335078d51ca5be55138d8be081b
3180389;FONDECYT de Postdoctorado 2018;2018;Resumen;https://post.anid.cl/frontend.php/es/postulacion/descargar/hash/c4ea2f3a2da9afdd315411a77783a11a
3180390;FONDECYT de Postdoctorado 2018;2018;Resumen;https://post.anid.cl/frontend.php/es/postulacion/descargar/hash/539f59c98e11fa82d896e11a99667032
3180394;FONDECYT de Postdoctorado 2018;2018;Resumen;https://post.anid.cl/frontend.php/es/postulacion/descargar/hash/b6ed4a446ba74d7107651765ff27abe1
3180399;FONDECYT de Postdoctorado 2018;2018;Resumen;https://post.anid.cl/frontend.php/es/postulacion/descargar/hash/53e24f921a88e936a13a7b5459cb26a1
3180403;FONDECYT de Postdoctorado 2018;2018;Resumen;https://post.anid.cl/frontend.php/es/postulacion/descargar/hash/3bb3b2a8b647f463c80594a7f71089fb
3180405;FONDECYT de Postdoctorado 2018;2018;Resumen;https://post.anid.cl/frontend.php/es/postulacion/descargar/hash/9cb413a0245ab71b064d0b8bd793b856
3180406;FONDECYT de Postdoctorado 2018;2018;Resumen;https://post.anid.cl/frontend.php/es/postulacion/descargar/hash/7334f42e5101636dcf58702103ed990c
3180408;FONDECYT de Postdoctorado 2018;2018;Resumen;https://post.anid.cl/frontend.php/es/postulacion/descargar/hash/3fd89e9cdd14e62096575552ba2c908f
3180416;FONDECYT de Postdoctorado 2018;2018;Resumen;https://post.anid.cl/frontend.php/es/postulacion/descargar/hash/30374327105bdcc81ed652cb22fad07c
3180417;FONDECYT de Postdoctorado 2018;2018;Resumen;https://post.anid.cl/frontend.php/es/postulacion/descargar/hash/32aa9706b6a698c28fc03548b4a3bc76
3180421;FONDECYT de Postdoctorado 2018;2018;Resumen;https://post.anid.cl/frontend.php/es/postulacion/descargar/hash/37f4f9328d14e9051389b9558614fe00
3180422;FONDECYT de Postdoctorado 2018;2018;Resumen;https://post.anid.cl/frontend.php/es/postulacion/descargar/hash/e0328d70d73e0ac889c309c71b356a76
3180427;FONDECYT de Postdoctorado 2018;2018;Resumen;https://post.anid.cl/frontend.php/es/postulacion/descargar/hash/b42105f10a4c8aa481ad2144b6185a7f
3180429;FONDECYT de Postdoctorado 2018;2018;Resumen;https://post.anid.cl/frontend.php/es/postulacion/descargar/hash/ec508676c7f40b6730733db21e6880a2
3180431;FONDECYT de Postdoctorado 2018;2018;Resumen;https://post.anid.cl/frontend.php/es/postulacion/descargar/hash/53e0e0fd5b5b8d3c617d73dd42123146
3180432;FONDECYT de Postdoctorado 2018;2018;Resumen;https://post.anid.cl/frontend.php/es/postulacion/descargar/hash/5a12717e329b7048866b94f6a4fde759
3180433;FONDECYT de Postdoctorado 2018;2018;Resumen;https://post.anid.cl/frontend.php/es/postulacion/descargar/hash/072e9a442fab8fe56635d5b4dba20197
3180437;FONDECYT de Postdoctorado 2018;2018;Resumen;https://post.anid.cl/frontend.php/es/postulacion/descargar/hash/f47faa11eb0d63173036a177af83f4e6
3180441;FONDECYT de Postdoctorado 2018;2018;Resumen;https://post.anid.cl/frontend.php/es/postulacion/descargar/hash/9814f49dcff639d39bbab4186b258350
3180442;FONDECYT de Postdoctorado 2018;2018;Resumen;https://post.anid.cl/frontend.php/es/postulacion/descargar/hash/ccf724722ec1c595936c04c8802068b5
3180447;FONDECYT de Postdoctorado 2018;2018;Resumen;https://post.anid.cl/frontend.php/es/postulacion/descargar/hash/db69d642c8927dbb1e93e2e4cd1bb309
3180449;FONDECYT de Postdoctorado 2018;2018;Resumen;https://post.anid.cl/frontend.php/es/postulacion/descargar/hash/80867e0c9ff5dc4bb722f6a594d2ef0d
3180452;FONDECYT de Postdoctorado 2018;2018;Resumen;https://post.anid.cl/frontend.php/es/postulacion/descargar/hash/8bf8f2d9846c6784bd2c57e04dbe288a
3180454;FONDECYT de Postdoctorado 2018;2018;Resumen;https://post.anid.cl/frontend.php/es/postulacion/descargar/hash/354f776963f74af144226cfb83eabfc9
3180458;FONDECYT de Postdoctorado 2018;2018;Resumen;https://post.anid.cl/frontend.php/es/postulacion/descargar/hash/835e97a11d87c52b1fbc876b84f055ef
3180464;FONDECYT de Postdoctorado 2018;2018;Resumen;https://post.anid.cl/frontend.php/es/postulacion/descargar/hash/39f0daee1b2f7b59357d3563cd8e438c
3180468;FONDECYT de Postdoctorado 2018;2018;Resumen;https://post.anid.cl/frontend.php/es/postulacion/descargar/hash/5cac2cfb6e75a0d2d3f42ddcb0a36d54
3180470;FONDECYT de Postdoctorado 2018;2018;Resumen;https://post.anid.cl/frontend.php/es/postulacion/descargar/hash/f78748853b2f61e5097ce4cda423bc38
3180471;FONDECYT de Postdoctorado 2018;2018;Resumen;https://post.anid.cl/frontend.php/es/postulacion/descargar/hash/3d48fc4a9a0b7b0ea75cae990d948ecc
3180472;FONDECYT de Postdoctorado 2018;2018;Resumen;https://post.anid.cl/frontend.php/es/postulacion/descargar/hash/9d9c1d53657f672f9c40ecd9eab8e0b4
3180484;FONDECYT de Postdoctorado 2018;2018;Resumen;https://post.anid.cl/frontend.php/es/postulacion/descargar/hash/3d331bb0b696355a9db2884b4992e2b3
3180486;FONDECYT de Postdoctorado 2018;2018;Resumen;https://post.anid.cl/frontend.php/es/postulacion/descargar/hash/d94b1d6000d66c22380a63b34f4a2161
3180488;FONDECYT de Postdoctorado 2018;2018;Resumen;https://post.anid.cl/frontend.php/es/postulacion/descargar/hash/48d58e596963ac967da446ae5daaa0b7
3180494;FONDECYT de Postdoctorado 2018;2018;Resumen;https://post.anid.cl/frontend.php/es/postulacion/descargar/hash/fe2d31703702c5a4bea0dd5e3e28c09b
3180496;FONDECYT de Postdoctorado 2018;2018;Resumen;https://post.anid.cl/frontend.php/es/postulacion/descargar/hash/aa6d05795aad780b364c209d6cd731a1
3180500;FONDECYT de Postdoctorado 2018;2018;Resumen;https://post.anid.cl/frontend.php/es/postulacion/descargar/hash/787eae703c2b74eb87d55b57c3db7dfe
3180503;FONDECYT de Postdoctorado 2018;2018;Resumen;https://post.anid.cl/frontend.php/es/postulacion/descargar/hash/80ed2a7de7c13b106ea15199aa1ff5b9
3180506;FONDECYT de Postdoctorado 2018;2018;Resumen;https://post.anid.cl/frontend.php/es/postulacion/descargar/hash/1792a4d0bfdcf3bc680af735f315767a
3180508;FONDECYT de Postdoctorado 2018;2018;Resumen;https://post.anid.cl/frontend.php/es/postulacion/descargar/hash/f22d65ee0ec3b1a64a5ec459684c836b
3180509;FONDECYT de Postdoctorado 2018;2018;Resumen;https://post.anid.cl/frontend.php/es/postulacion/descargar/hash/fb976ecf103a27a472124714c2ee0fc0
3180511;FONDECYT de Postdoctorado 2018;2018;Resumen;https://post.anid.cl/frontend.php/es/postulacion/descargar/hash/61f8daaf2729930ced800f85ea6cd358
3180518;FONDECYT de Postdoctorado 2018;2018;Resumen;https://post.anid.cl/frontend.php/es/postulacion/descargar/hash/0f66b675788945aad1ced7dc96a390b8
3180519;FONDECYT de Postdoctorado 2018;2018;Resumen;https://post.anid.cl/frontend.php/es/postulacion/descargar/hash/7021bad9ddacdad64d8d55c9256218e3
3180528;FONDECYT de Postdoctorado 2018;2018;Resumen;https://post.anid.cl/frontend.php/es/postulacion/descargar/hash/ccc3296dbe4a14cca09051a172556d6d
3180531;FONDECYT de Postdoctorado 2018;2018;Resumen;https://post.anid.cl/frontend.php/es/postulacion/descargar/hash/d0003037d51e9a0c966d79d147eee236
3180532;FONDECYT de Postdoctorado 2018;2018;Resumen;https://post.anid.cl/frontend.php/es/postulacion/descargar/hash/8b19c0a23c1358c662f3f47c50a5a855
3180534;FONDECYT de Postdoctorado 2018;2018;Resumen;https://post.anid.cl/frontend.php/es/postulacion/descargar/hash/54cbbc3b1100ecee953608680747be27
3180537;FONDECYT de Postdoctorado 2018;2018;Resumen;https://post.anid.cl/frontend.php/es/postulacion/descargar/hash/69b506728ca078e6f05122f8b081030d
3180539;FONDECYT de Postdoctorado 2018;2018;Resumen;https://post.anid.cl/frontend.php/es/postulacion/descargar/hash/dd784b28a9fcfdd362b6551df9204eed
3180547;FONDECYT de Postdoctorado 2018;2018;Resumen;https://post.anid.cl/frontend.php/es/postulacion/descargar/hash/10df804cca68f53775ab35ff22fa4989
3180550;FONDECYT de Postdoctorado 2018;2018;Resumen;https://post.anid.cl/frontend.php/es/postulacion/descargar/hash/258d10f5e8e19c6b03bc7378346b840b
3180551;FONDECYT de Postdoctorado 2018;2018;Resumen;https://post.anid.cl/frontend.php/es/postulacion/descargar/hash/06182d567841bb3289c6e39bcd921647
3180553;FONDECYT de Postdoctorado 2018;2018;Resumen;https://post.anid.cl/frontend.php/es/postulacion/descargar/hash/803f073013c5b93715890d18cc601866
3180556;FONDECYT de Postdoctorado 2018;2018;Resumen;https://post.anid.cl/frontend.php/es/postulacion/descargar/hash/f59ff6fb405624ddfbd4da97a5f29ecc
3180557;FONDECYT de Postdoctorado 2018;2018;Resumen;https://post.anid.cl/frontend.php/es/postulacion/descargar/hash/a0d184fa56354a46d1950772ab147350
3180560;FONDECYT de Postdoctorado 2018;2018;Resumen;https://post.anid.cl/frontend.php/es/postulacion/descargar/hash/0a188bdac030a92f604a48edb8f9eba3
3180561;FONDECYT de Postdoctorado 2018;2018;Resumen;https://post.anid.cl/frontend.php/es/postulacion/descargar/hash/6bb4feec8624aa54c63f636d8177c0d5
3180563;FONDECYT de Postdoctorado 2018;2018;Resumen;https://post.anid.cl/frontend.php/es/postulacion/descargar/hash/b4e50774e4508d8c1ee0fd511ffe6919
3180566;FONDECYT de Postdoctorado 2018;2018;Resumen;https://post.anid.cl/frontend.php/es/postulacion/descargar/hash/1e2010425fe1d12728e45779dbeca4ae
3180569;FONDECYT de Postdoctorado 2018;2018;Resumen;https://post.anid.cl/frontend.php/es/postulacion/descargar/hash/7cbbfb83de1b5f83c338397abc5e6152
3180570;FONDECYT de Postdoctorado 2018;2018;Resumen;https://post.anid.cl/frontend.php/es/postulacion/descargar/hash/e606e8957b621c0f23ac8b624127b87b
3180572;FONDECYT de Postdoctorado 2018;2018;Resumen;https://post.anid.cl/frontend.php/es/postulacion/descargar/hash/c74d31d42c68ffe75d7bb7fe882844d1
3180579;FONDECYT de Postdoctorado 2018;2018;Resumen;https://post.anid.cl/frontend.php/es/postulacion/descargar/hash/ad5c712a8a436c995b8a07ee35c85f1b
3180580;FONDECYT de Postdoctorado 2018;2018;Resumen;https://post.anid.cl/frontend.php/es/postulacion/descargar/hash/a69654410a37551fe293345d5b3b63c8
3180585;FONDECYT de Postdoctorado 2018;2018;Resumen;https://post.anid.cl/frontend.php/es/postulacion/descargar/hash/e5d4942805004e77282aa944c5551573
3180590;FONDECYT de Postdoctorado 2018;2018;Resumen;https://post.anid.cl/frontend.php/es/postulacion/descargar/hash/3d29674d9eb5f3ee5cc7c6c78a29611f
3180592;FONDECYT de Postdoctorado 2018;2018;Resumen;https://post.anid.cl/frontend.php/es/postulacion/descargar/hash/fa463c6b37deedf63a47a2c5e4ee950a
3180593;FONDECYT de Postdoctorado 2018;2018;Resumen;https://post.anid.cl/frontend.php/es/postulacion/descargar/hash/6af6ee21562531c6f1a9447c5ec9419a
3180594;FONDECYT de Postdoctorado 2018;2018;Resumen;https://post.anid.cl/frontend.php/es/postulacion/descargar/hash/6fb742baf09179fd77a71e9a2f82f38b
3180602;FONDECYT de Postdoctorado 2018;2018;Resumen;https://post.anid.cl/frontend.php/es/postulacion/descargar/hash/67be73ea0b228045aeb7d56979b34b03
3180609;FONDECYT de Postdoctorado 2018;2018;Resumen;https://post.anid.cl/frontend.php/es/postulacion/descargar/hash/18f4397c223c64eacb50d677c29736aa
3180610;FONDECYT de Postdoctorado 2018;2018;Resumen;https://post.anid.cl/frontend.php/es/postulacion/descargar/hash/b00705a844511eb5e9f34af61ec2ad29
3180612;FONDECYT de Postdoctorado 2018;2018;Resumen;https://post.anid.cl/frontend.php/es/postulacion/descargar/hash/df4fc8b1b5e79e7f881af035d6f1c081
3180614;FONDECYT de Postdoctorado 2018;2018;Resumen;https://post.anid.cl/frontend.php/es/postulacion/descargar/hash/369e905243d2e8fd58982f7e6e24e9fb
3180620;FONDECYT de Postdoctorado 2018;2018;Resumen;https://post.anid.cl/frontend.php/es/postulacion/descargar/hash/3adc3978c79566e4635bf49184f28ea5
3180621;FONDECYT de Postdoctorado 2018;2018;Resumen;https://post.anid.cl/frontend.php/es/postulacion/descargar/hash/ce05886cf4c40e22326fe8a648e59c7f
3180629;FONDECYT de Postdoctorado 2018;2018;Resumen;https://post.anid.cl/frontend.php/es/postulacion/descargar/hash/936cd695684bf7d9feb3c6acd5d611a3
3180633;FONDECYT de Postdoctorado 2018;2018;Resumen;https://post.anid.cl/frontend.php/es/postulacion/descargar/hash/bc6911c7fb37a362f332e567d61459f7
3180635;FONDECYT de Postdoctorado 2018;2018;Resumen;https://post.anid.cl/frontend.php/es/postulacion/descargar/hash/452ea50802b3d40aae95b01d3c0b0c70
3180640;FONDECYT de Postdoctorado 2018;2018;Resumen;https://post.anid.cl/frontend.php/es/postulacion/descargar/hash/6d6f6e863339662984f48c24da30fe12
3180643;FONDECYT de Postdoctorado 2018;2018;Resumen;https://post.anid.cl/frontend.php/es/postulacion/descargar/hash/a22b6b2a7c4e3d86e386a6fd3c75f2ad
3180648;FONDECYT de Postdoctorado 2018;2018;Resumen;https://post.anid.cl/frontend.php/es/postulacion/descargar/hash/aec630d201b28576c099d3da0898954a
3180651;FONDECYT de Postdoctorado 2018;2018;Resumen;https://post.anid.cl/frontend.php/es/postulacion/descargar/hash/9fea9714445bd7747b1de10a5ff1e035
3180653;FONDECYT de Postdoctorado 2018;2018;Resumen;https://post.anid.cl/frontend.php/es/postulacion/descargar/hash/eecc41c22fce380ce99ef9e46d47812a
3180654;FONDECYT de Postdoctorado 2018;2018;Resumen;https://post.anid.cl/frontend.php/es/postulacion/descargar/hash/8e55dbf7d14975d586be7c369c9b1de7
3180655;FONDECYT de Postdoctorado 2018;2018;Resumen;https://post.anid.cl/frontend.php/es/postulacion/descargar/hash/360fa3d5db2332ee4c58bf3603b57a5b
3180656;FONDECYT de Postdoctorado 2018;2018;Resumen;https://post.anid.cl/frontend.php/es/postulacion/descargar/hash/dc3dd424bd658af4325dd22a98860573
3180660;FONDECYT de Postdoctorado 2018;2018;Resumen;https://post.anid.cl/frontend.php/es/postulacion/descargar/hash/59aef9dd84ca6eafaaf40c5c8d79d3f7
3180662;FONDECYT de Postdoctorado 2018;2018;Resumen;https://post.anid.cl/frontend.php/es/postulacion/descargar/hash/c8dfabd35cfb1ddf24c2294343c4369c
3180667;FONDECYT de Postdoctorado 2018;2018;Resumen;https://post.anid.cl/frontend.php/es/postulacion/descargar/hash/e52097dd784cb0fc42534604bf825e29
3180668;FONDECYT de Postdoctorado 2018;2018;Resumen;https://post.anid.cl/frontend.php/es/postulacion/descargar/hash/7c358894103744643ee89e7d0735ac12
3180673;FONDECYT de Postdoctorado 2018;2018;Resumen;https://post.anid.cl/frontend.php/es/postulacion/descargar/hash/fe82d49808755121dab23b52c789556b
3180675;FONDECYT de Postdoctorado 2018;2018;Resumen;https://post.anid.cl/frontend.php/es/postulacion/descargar/hash/ff09190e991136060910b121068ad5ab
3180679;FONDECYT de Postdoctorado 2018;2018;Resumen;https://post.anid.cl/frontend.php/es/postulacion/descargar/hash/0bca2a5a3613a3664d7fdce73ab395b4
3180682;FONDECYT de Postdoctorado 2018;2018;Resumen;https://post.anid.cl/frontend.php/es/postulacion/descargar/hash/1bb59c29a1a7d69a44ace2ed8c3f6d90
3180683;FONDECYT de Postdoctorado 2018;2018;Resumen;https://post.anid.cl/frontend.php/es/postulacion/descargar/hash/cac5e8e2d975836ad770231983fd56a4
3180684;FONDECYT de Postdoctorado 2018;2018;Resumen;https://post.anid.cl/frontend.php/es/postulacion/descargar/hash/36570d6fdbd9b80f89f8822fcf7ef988
3180686;FONDECYT de Postdoctorado 2018;2018;Resumen;https://post.anid.cl/frontend.php/es/postulacion/descargar/hash/6478db336066122fd33381c13807802c
3180689;FONDECYT de Postdoctorado 2018;2018;Resumen;https://post.anid.cl/frontend.php/es/postulacion/descargar/hash/ea7cb4f039076f03a90f5949b091b7ff
3180692;FONDECYT de Postdoctorado 2018;2018;Resumen;https://post.anid.cl/frontend.php/es/postulacion/descargar/hash/8891027d2c4ebe681110e2e38608c99e
3180694;FONDECYT de Postdoctorado 2018;2018;Resumen;https://post.anid.cl/frontend.php/es/postulacion/descargar/hash/864fb2dbca68db95ca507a9a3faad6cc
3180696;FONDECYT de Postdoctorado 2018;2018;Resumen;https://post.anid.cl/frontend.php/es/postulacion/descargar/hash/117543063badcba1c70261d9d508fc2d
3180697;FONDECYT de Postdoctorado 2018;2018;Resumen;https://post.anid.cl/frontend.php/es/postulacion/descargar/hash/12e40c374ffad74dad8a620db7dd4042
3180700;FONDECYT de Postdoctorado 2018;2018;Resumen;https://post.anid.cl/frontend.php/es/postulacion/descargar/hash/b212e0ae1d24fe216e2b086a7245aa66
3180702;FONDECYT de Postdoctorado 2018;2018;Resumen;https://post.anid.cl/frontend.php/es/postulacion/descargar/hash/5da962bf2a3399f4a9113ea093aca39c
3180705;FONDECYT de Postdoctorado 2018;2018;Resumen;https://post.anid.cl/frontend.php/es/postulacion/descargar/hash/4261db4960de48ad6f9ade1b8b81bf04
3180706;FONDECYT de Postdoctorado 2018;2018;Resumen;https://post.anid.cl/frontend.php/es/postulacion/descargar/hash/10171252b94df921c17ff7c013af67ee
3180707;FONDECYT de Postdoctorado 2018;2018;Resumen;https://post.anid.cl/frontend.php/es/postulacion/descargar/hash/bfcf6fee11e2a4b05578cf9e690ce426
3180710;FONDECYT de Postdoctorado 2018;2018;Resumen;https://post.anid.cl/frontend.php/es/postulacion/descargar/hash/519f6652e1fdbe26483c59a9c22c264a
3180712;FONDECYT de Postdoctorado 2018;2018;Resumen;https://post.anid.cl/frontend.php/es/postulacion/descargar/hash/64f5c11fbac88fbab68e1e8fdf87116b
3180714;FONDECYT de Postdoctorado 2018;2018;Resumen;https://post.anid.cl/frontend.php/es/postulacion/descargar/hash/e9c8cd14d9f6d2c7d10f43425b3677e4
3180716;FONDECYT de Postdoctorado 2018;2018;Resumen;https://post.anid.cl/frontend.php/es/postulacion/descargar/hash/d5b6da59f596c3acb64b69735d29715f
3180721;FONDECYT de Postdoctorado 2018;2018;Resumen;https://post.anid.cl/frontend.php/es/postulacion/descargar/hash/be1e4086a33d4e0842471d40dc3181f4
3180722;FONDECYT de Postdoctorado 2018;2018;Resumen;https://post.anid.cl/frontend.php/es/postulacion/descargar/hash/e1224051ff3182f2efbe0999eda568f9
3180724;FONDECYT de Postdoctorado 2018;2018;Resumen;https://post.anid.cl/frontend.php/es/postulacion/descargar/hash/87d44dcb6808ee95717ac7784d5d2525
3180742;FONDECYT de Postdoctorado 2018;2018;Resumen;https://post.anid.cl/frontend.php/es/postulacion/descargar/hash/02c440a16718fec71a35f73337a2c279
3180749;FONDECYT de Postdoctorado 2018;2018;Resumen;https://post.anid.cl/frontend.php/es/postulacion/descargar/hash/10544c937006ef83cff82f9de7bb7b41
3180752;FONDECYT de Postdoctorado 2018;2018;Resumen;https://post.anid.cl/frontend.php/es/postulacion/descargar/hash/b8c5b13ea9f5710a2ce1304b63113fd8
3180753;FONDECYT de Postdoctorado 2018;2018;Resumen;https://post.anid.cl/frontend.php/es/postulacion/descargar/hash/c16898ced1c66a32658f009b46fb3410
3180754;FONDECYT de Postdoctorado 2018;2018;Resumen;https://post.anid.cl/frontend.php/es/postulacion/descargar/hash/fd1f831d62d70892c6df9ef870906f6d
3180762;FONDECYT de Postdoctorado 2018;2018;Resumen;https://post.anid.cl/frontend.php/es/postulacion/descargar/hash/1826440386ee7d5df665f9b4248285b1
3180765;FONDECYT de Postdoctorado 2018;2018;Resumen;https://post.anid.cl/frontend.php/es/postulacion/descargar/hash/e41516e8ebb06c4e3ba1926706359366
3180767;FONDECYT de Postdoctorado 2018;2018;Resumen;https://post.anid.cl/frontend.php/es/postulacion/descargar/hash/85a4d9804c13bb9309d986580f674e56
3180771;FONDECYT de Postdoctorado 2018;2018;Resumen;https://post.anid.cl/frontend.php/es/postulacion/descargar/hash/7c74adf1815b9a47d3eb86f4f124b5bb
3180774;FONDECYT de Postdoctorado 2018;2018;Resumen;https://post.anid.cl/frontend.php/es/postulacion/descargar/hash/e7e96c4b535dcfffa5dd38216af2cce8
3180777;FONDECYT de Postdoctorado 2018;2018;Resumen;https://post.anid.cl/frontend.php/es/postulacion/descargar/hash/19920cdb554e14979444fd7e00dfc223
3180779;FONDECYT de Postdoctorado 2018;2018;Resumen;https://post.anid.cl/frontend.php/es/postulacion/descargar/hash/bf546cd0755b2f7f1c07443cb2b1d572
3180783;FONDECYT de Postdoctorado 2018;2018;Resumen;https://post.anid.cl/frontend.php/es/postulacion/descargar/hash/f644b83c76b5b3e420c6b43ac556e8a3
3190011;FONDECYT de Postdoctorado 2019;2019;Resumen;https://post.anid.cl/frontend.php/es/postulacion/descargar/hash/0334423b577a7007ad3aa28ede128e03
3190021;FONDECYT de Postdoctorado 2019;2019;Resumen;https://post.anid.cl/frontend.php/es/postulacion/descargar/hash/90de8d27ff61a7f14ce7b3bf2630c335
3190029;FONDECYT de Postdoctorado 2019;2019;Resumen;https://post.anid.cl/frontend.php/es/postulacion/descargar/hash/48b7d0688a2e4e551e0c6050139e15d9
3190030;FONDECYT de Postdoctorado 2019;2019;Resumen;https://post.anid.cl/frontend.php/es/postulacion/descargar/hash/666c85a5918b82162f0b87e9acd39290
3190044;FONDECYT de Postdoctorado 2019;2019;Resumen;https://post.anid.cl/frontend.php/es/postulacion/descargar/hash/eb209cfdb294ab9952565005b8897246
3190045;FONDECYT de Postdoctorado 2019;2019;Resumen;https://post.anid.cl/frontend.php/es/postulacion/descargar/hash/0e89d092ae54d8cbf0cd646f5c49b9d0
3190046;FONDECYT de Postdoctorado 2019;2019;Resumen;https://post.anid.cl/frontend.php/es/postulacion/descargar/hash/f82170a902647090949098206bfb6922
3190048;FONDECYT de Postdoctorado 2019;2019;Resumen;https://post.anid.cl/frontend.php/es/postulacion/descargar/hash/5037c4c5cfaf91322287ed6ba244036a
3190051;FONDECYT de Postdoctorado 2019;2019;Resumen;https://post.anid.cl/frontend.php/es/postulacion/descargar/hash/49990015835a5b7d8ef6465d4afe7e67
3190055;FONDECYT de Postdoctorado 2019;2019;Resumen;https://post.anid.cl/frontend.php/es/postulacion/descargar/hash/fcfa22d0a093946eea956a90a16c9bb7
3190058;FONDECYT de Postdoctorado 2019;2019;Resumen;https://post.anid.cl/frontend.php/es/postulacion/descargar/hash/474b24d6f31c7f87e182c47af7838005
3190070;FONDECYT de Postdoctorado 2019;2019;Resumen;https://post.anid.cl/frontend.php/es/postulacion/descargar/hash/f3021ab12ccb571f5f0e1f774e43737e
3190072;FONDECYT de Postdoctorado 2019;2019;Resumen;https://post.anid.cl/frontend.php/es/postulacion/descargar/hash/3807eb53fc68702383f9bcf324ecb316
3190073;FONDECYT de Postdoctorado 2019;2019;Resumen;https://post.anid.cl/frontend.php/es/postulacion/descargar/hash/9e51f0b5a289995178dc4f14f842ef15
3190076;FONDECYT de Postdoctorado 2019;2019;Resumen;https://post.anid.cl/frontend.php/es/postulacion/descargar/hash/99838063940d0ad24c349559b03b5f02
3190080;FONDECYT de Postdoctorado 2019;2019;Resumen;https://post.anid.cl/frontend.php/es/postulacion/descargar/hash/7557e3fe92764e4723cf590df2ee635b
3190086;FONDECYT de Postdoctorado 2019;2019;Resumen;https://post.anid.cl/frontend.php/es/postulacion/descargar/hash/d13d5f2035102d958961712fe0206e18
3190087;FONDECYT de Postdoctorado 2019;2019;Resumen;https://post.anid.cl/frontend.php/es/postulacion/descargar/hash/0cfc6515cd5714046413abed86f7d077
3190088;FONDECYT de Postdoctorado 2019;2019;Resumen;https://post.anid.cl/frontend.php/es/postulacion/descargar/hash/12e35a2b4156a951309f1e73b408f988
3190090;FONDECYT de Postdoctorado 2019;2019;Resumen;https://post.anid.cl/frontend.php/es/postulacion/descargar/hash/957d5d2c6a5ce98d06c8301dd1e38b17
3190096;FONDECYT de Postdoctorado 2019;2019;Resumen;https://post.anid.cl/frontend.php/es/postulacion/descargar/hash/5d70ee6ac77a3936675213b9575a672e
3190104;FONDECYT de Postdoctorado 2019;2019;Resumen;https://post.anid.cl/frontend.php/es/postulacion/descargar/hash/c5396b7f5ed352adef385e34ed6b5732
3190110;FONDECYT de Postdoctorado 2019;2019;Resumen;https://post.anid.cl/frontend.php/es/postulacion/descargar/hash/7c6d5b5f05ad264b0e36436145f3c104
3190111;FONDECYT de Postdoctorado 2019;2019;Resumen;https://post.anid.cl/frontend.php/es/postulacion/descargar/hash/ef2066bf091db5670d35a2390d47f48a
3190118;FONDECYT de Postdoctorado 2019;2019;Resumen;https://post.anid.cl/frontend.php/es/postulacion/descargar/hash/adf8e923b05232493a136c3ce23119d2
3190123;FONDECYT de Postdoctorado 2019;2019;Resumen;https://post.anid.cl/frontend.php/es/postulacion/descargar/hash/903c3a6255a46b2373da7eec04627afb
3190127;FONDECYT de Postdoctorado 2019;2019;Resumen;https://post.anid.cl/frontend.php/es/postulacion/descargar/hash/6b557b0bd188c3622b73ab0b5366bca7
3190130;FONDECYT de Postdoctorado 2019;2019;Resumen;https://post.anid.cl/frontend.php/es/postulacion/descargar/hash/aa1afada3d72597cfc4ad2394271655c
3190134;FONDECYT de Postdoctorado 2019;2019;Resumen;https://post.anid.cl/frontend.php/es/postulacion/descargar/hash/57ded4f0edfc8fc29201528e084a19be
3190136;FONDECYT de Postdoctorado 2019;2019;Resumen;https://post.anid.cl/frontend.php/es/postulacion/descargar/hash/f0f9cfb59f88f292e7ca9967b96b6585
3190144;FONDECYT de Postdoctorado 2019;2019;Resumen;https://post.anid.cl/frontend.php/es/postulacion/descargar/hash/15357b2f48d60fe3972b3bb0973fc5db
3190147;FONDECYT de Postdoctorado 2019;2019;Resumen;https://post.anid.cl/frontend.php/es/postulacion/descargar/hash/dbe942c0189bd23db0bb701d90e9edfa
3190149;FONDECYT de Postdoctorado 2019;2019;Resumen;https://post.anid.cl/frontend.php/es/postulacion/descargar/hash/aabd7cd06264e3f1d75766277517c26c
3190152;FONDECYT de Postdoctorado 2019;2019;Resumen;https://post.anid.cl/frontend.php/es/postulacion/descargar/hash/63ab2623eb235225258efd903021dd6e
3190153;FONDECYT de Postdoctorado 2019;2019;Resumen;https://post.anid.cl/frontend.php/es/postulacion/descargar/hash/4987408a9c6dad4b1f97d97b6c8794e5
3190155;FONDECYT de Postdoctorado 2019;2019;Resumen;https://post.anid.cl/frontend.php/es/postulacion/descargar/hash/b695b705fd00ac6c400272b7f2f2a66a
3190160;FONDECYT de Postdoctorado 2019;2019;Resumen;https://post.anid.cl/frontend.php/es/postulacion/descargar/hash/7fcbd1ec8df408b0ec690aa8ce8476b2
3190161;FONDECYT de Postdoctorado 2019;2019;Resumen;https://post.anid.cl/frontend.php/es/postulacion/descargar/hash/0b60ee1eadb84ccfa7d69aaa8f65c60b
3190167;FONDECYT de Postdoctorado 2019;2019;Resumen;https://post.anid.cl/frontend.php/es/postulacion/descargar/hash/f55b33b2db04362a99d7e3ada5eebd14
3190171;FONDECYT de Postdoctorado 2019;2019;Resumen;https://post.anid.cl/frontend.php/es/postulacion/descargar/hash/e3cc47306d7b0f84e4be69ae00e2184f
3190172;FONDECYT de Postdoctorado 2019;2019;Resumen;https://post.anid.cl/frontend.php/es/postulacion/descargar/hash/0959138b56b032a6113a523d224ad9d5
3190174;FONDECYT de Postdoctorado 2019;2019;Resumen;https://post.anid.cl/frontend.php/es/postulacion/descargar/hash/0cb155a5958d55328dabcd8cf0f3c87f
3190176;FONDECYT de Postdoctorado 2019;2019;Resumen;https://post.anid.cl/frontend.php/es/postulacion/descargar/hash/2e75db2880008a3defd96fd7d1321e02
3190181;FONDECYT de Postdoctorado 2019;2019;Resumen;https://post.anid.cl/frontend.php/es/postulacion/descargar/hash/9d124dd5e28b99424ed84fde7d41e4fa
3190184;FONDECYT de Postdoctorado 2019;2019;Resumen;https://post.anid.cl/frontend.php/es/postulacion/descargar/hash/a56821d17817fd49bff4da38fc4b59c5
3190191;FONDECYT de Postdoctorado 2019;2019;Resumen;https://post.anid.cl/frontend.php/es/postulacion/descargar/hash/e2aff431efe1bfc4a48b50470249cbfa
3190193;FONDECYT de Postdoctorado 2019;2019;Resumen;https://post.anid.cl/frontend.php/es/postulacion/descargar/hash/d79d5182096a6e24bdf80a7d44892abd
3190194;FONDECYT de Postdoctorado 2019;2019;Resumen;https://post.anid.cl/frontend.php/es/postulacion/descargar/hash/dd9fa2ab488ceba8f1f3de023a31db41
3190196;FONDECYT de Postdoctorado 2019;2019;Resumen;https://post.anid.cl/frontend.php/es/postulacion/descargar/hash/345b812e7033046be77a30f1da7eaa2b
3190199;FONDECYT de Postdoctorado 2019;2019;Resumen;https://post.anid.cl/frontend.php/es/postulacion/descargar/hash/9f04cb5b16953b552e14b75c0b2a1f13
3190203;FONDECYT de Postdoctorado 2019;2019;Resumen;https://post.anid.cl/frontend.php/es/postulacion/descargar/hash/0a2ed2863189717fe12159e4ea5ba947
3190204;FONDECYT de Postdoctorado 2019;2019;Resumen;https://post.anid.cl/frontend.php/es/postulacion/descargar/hash/b5395ec7307a43c41f6a9d7fd71c533a
3190206;FONDECYT de Postdoctorado 2019;2019;Resumen;https://post.anid.cl/frontend.php/es/postulacion/descargar/hash/fd91aa011b9ae649d9d2b2db53c08525
3190208;FONDECYT de Postdoctorado 2019;2019;Resumen;https://post.anid.cl/frontend.php/es/postulacion/descargar/hash/bbeb761161f4b26a8848c76e65678bcc
3190213;FONDECYT de Postdoctorado 2019;2019;Resumen;https://post.anid.cl/frontend.php/es/postulacion/descargar/hash/c234a878a72a4ec6fa79bb945f4b0517
3190223;FONDECYT de Postdoctorado 2019;2019;Resumen;https://post.anid.cl/frontend.php/es/postulacion/descargar/hash/17a9b90ccfc85119942424243027283d
3190229;FONDECYT de Postdoctorado 2019;2019;Resumen;https://post.anid.cl/frontend.php/es/postulacion/descargar/hash/0d32703fd6a07f1c776c7ac3f828e6ac
3190234;FONDECYT de Postdoctorado 2019;2019;Resumen;https://post.anid.cl/frontend.php/es/postulacion/descargar/hash/d3989dc462b358889ccd2799de7d36b9
3190236;FONDECYT de Postdoctorado 2019;2019;Resumen;https://post.anid.cl/frontend.php/es/postulacion/descargar/hash/b3845d747a69c50f700383d8f00aa398
3190240;FONDECYT de Postdoctorado 2019;2019;Resumen;https://post.anid.cl/frontend.php/es/postulacion/descargar/hash/e641010d4f7780778929f2f4958c6241
3190252;FONDECYT de Postdoctorado 2019;2019;Resumen;https://post.anid.cl/frontend.php/es/postulacion/descargar/hash/da4287dc4c3708152b0fbd16e5bedaae
3190255;FONDECYT de Postdoctorado 2019;2019;Resumen;https://post.anid.cl/frontend.php/es/postulacion/descargar/hash/6be0cf2587e36b43127d57e4af16aa89
3190256;FONDECYT de Postdoctorado 2019;2019;Resumen;https://post.anid.cl/frontend.php/es/postulacion/descargar/hash/3994768e0c6def1aaf05c84068851b05
3190257;FONDECYT de Postdoctorado 2019;2019;Resumen;https://post.anid.cl/frontend.php/es/postulacion/descargar/hash/d783805d9cc47cb6fa8b1c996a8dd46e
3190261;FONDECYT de Postdoctorado 2019;2019;Resumen;https://post.anid.cl/frontend.php/es/postulacion/descargar/hash/9e8b11583152675870d9d09ac866c305
3190264;FONDECYT de Postdoctorado 2019;2019;Resumen;https://post.anid.cl/frontend.php/es/postulacion/descargar/hash/9a9ef7d44347ebbd9387a2242dec9a27
3190267;FONDECYT de Postdoctorado 2019;2019;Resumen;https://post.anid.cl/frontend.php/es/postulacion/descargar/hash/a5d4e08ef2574aff1249e02460d9645d
3190271;FONDECYT de Postdoctorado 2019;2019;Resumen;https://post.anid.cl/frontend.php/es/postulacion/descargar/hash/2cc68282061b8d6921a31a16d08a8a3e
3190273;FONDECYT de Postdoctorado 2019;2019;Resumen;https://post.anid.cl/frontend.php/es/postulacion/descargar/hash/816cee8b3b08b02bd32e17ab0437c4f5
3190275;FONDECYT de Postdoctorado 2019;2019;Resumen;https://post.anid.cl/frontend.php/es/postulacion/descargar/hash/7d9cf384860c164b2ef1ea26b0659f7e
3190287;FONDECYT de Postdoctorado 2019;2019;Resumen;https://post.anid.cl/frontend.php/es/postulacion/descargar/hash/963630b5e67a456190197b09568c68ed
3190292;FONDECYT de Postdoctorado 2019;2019;Resumen;https://post.anid.cl/frontend.php/es/postulacion/descargar/hash/27141f702198442b54903fa6b9a6ff3d
3190297;FONDECYT de Postdoctorado 2019;2019;Resumen;https://post.anid.cl/frontend.php/es/postulacion/descargar/hash/553a16e358f45b8ca3a184c1566e8f06
3190301;FONDECYT de Postdoctorado 2019;2019;Resumen;https://post.anid.cl/frontend.php/es/postulacion/descargar/hash/e03da1500ffb7a62100c15b25a62e284
3190305;FONDECYT de Postdoctorado 2019;2019;Resumen;https://post.anid.cl/frontend.php/es/postulacion/descargar/hash/f9669d716a7e86956a5dcb9be70d2709
3190310;FONDECYT de Postdoctorado 2019;2019;Resumen;https://post.anid.cl/frontend.php/es/postulacion/descargar/hash/a245f8812b5f444d47b2e7745ff94a70
3190311;FONDECYT de Postdoctorado 2019;2019;Resumen;https://post.anid.cl/frontend.php/es/postulacion/descargar/hash/0b8f2da1144e2b8e9a41a7546c6e5f97
3190314;FONDECYT de Postdoctorado 2019;2019;Resumen;https://post.anid.cl/frontend.php/es/postulacion/descargar/hash/d242ae328b99648fd05a815865b9e8b0
3190316;FONDECYT de Postdoctorado 2019;2019;Resumen;https://post.anid.cl/frontend.php/es/postulacion/descargar/hash/8638f0a136f394689a8809b7954d41cb
3190318;FONDECYT de Postdoctorado 2019;2019;Resumen;https://post.anid.cl/frontend.php/es/postulacion/descargar/hash/b4935049e56d0a71b16dab9d75998551
3190320;FONDECYT de Postdoctorado 2019;2019;Resumen;https://post.anid.cl/frontend.php/es/postulacion/descargar/hash/435ecfc838b8d2830246c9809bda3323
3190322;FONDECYT de Postdoctorado 2019;2019;Resumen;https://post.anid.cl/frontend.php/es/postulacion/descargar/hash/ca1074cad1d34f718c14fa5aca60bc91
3190324;FONDECYT de Postdoctorado 2019;2019;Resumen;https://post.anid.cl/frontend.php/es/postulacion/descargar/hash/9361b7d91f238bc91ef4f884fe92a0d6
3190329;FONDECYT de Postdoctorado 2019;2019;Resumen;https://post.anid.cl/frontend.php/es/postulacion/descargar/hash/faca9000b1d44f71fcdc9b8a383f4595
3190330;FONDECYT de Postdoctorado 2019;2019;Resumen;https://post.anid.cl/frontend.php/es/postulacion/descargar/hash/38300267c2a1fff58f7cedade23f2048
3190335;FONDECYT de Postdoctorado 2019;2019;Resumen;https://post.anid.cl/frontend.php/es/postulacion/descargar/hash/d833742e1b22703089ebd0326410b924
3190336;FONDECYT de Postdoctorado 2019;2019;Resumen;https://post.anid.cl/frontend.php/es/postulacion/descargar/hash/90965523bb8404e44f1de70001f97d2b
3190344;FONDECYT de Postdoctorado 2019;2019;Resumen;https://post.anid.cl/frontend.php/es/postulacion/descargar/hash/915217e9fd18203229e6254415b5ebc5
3190348;FONDECYT de Postdoctorado 2019;2019;Resumen;https://post.anid.cl/frontend.php/es/postulacion/descargar/hash/b51e3ccccd4f365e7c0cba30b2c984a0
3190349;FONDECYT de Postdoctorado 2019;2019;Resumen;https://post.anid.cl/frontend.php/es/postulacion/descargar/hash/04055fe84e3567d2445faff500919070
3190354;FONDECYT de Postdoctorado 2019;2019;Resumen;https://post.anid.cl/frontend.php/es/postulacion/descargar/hash/67db3de43e6f14a7b6a0f3b40b0e850a
3190355;FONDECYT de Postdoctorado 2019;2019;Resumen;https://post.anid.cl/frontend.php/es/postulacion/descargar/hash/1e1b1cf6d88986fa555df285e4c2aed5
3190359;FONDECYT de Postdoctorado 2019;2019;Resumen;https://post.anid.cl/frontend.php/es/postulacion/descargar/hash/b79d40a8e4c43408c8c3d43340fb80a3
3190362;FONDECYT de Postdoctorado 2019;2019;Resumen;https://post.anid.cl/frontend.php/es/postulacion/descargar/hash/46087af82229f49bc085ff55f9184edc
3190365;FONDECYT de Postdoctorado 2019;2019;Resumen;https://post.anid.cl/frontend.php/es/postulacion/descargar/hash/b4e8c136478a9e32848cc56e97662d2b
3190366;FONDECYT de Postdoctorado 2019;2019;Resumen;https://post.anid.cl/frontend.php/es/postulacion/descargar/hash/a443dcd5b4cb0660c00d9730c4799ba4
3190369;FONDECYT de Postdoctorado 2019;2019;Resumen;https://post.anid.cl/frontend.php/es/postulacion/descargar/hash/1cebaf64bd16291df60f15c6e8a9847f
3190371;FONDECYT de Postdoctorado 2019;2019;Resumen;https://post.anid.cl/frontend.php/es/postulacion/descargar/hash/b8fbba7a210ee164a89f5d55f4165a47
3190376;FONDECYT de Postdoctorado 2019;2019;Resumen;https://post.anid.cl/frontend.php/es/postulacion/descargar/hash/b55d154cec7d1137e1d0db951c79cd96
3190378;FONDECYT de Postdoctorado 2019;2019;Resumen;https://post.anid.cl/frontend.php/es/postulacion/descargar/hash/e53cb0627237cc73bf4e0809f987dabb
3190381;FONDECYT de Postdoctorado 2019;2019;Resumen;https://post.anid.cl/frontend.php/es/postulacion/descargar/hash/68ce6e86f8ea3810510fa5bc49929c46
3190383;FONDECYT de Postdoctorado 2019;2019;Resumen;https://post.anid.cl/frontend.php/es/postulacion/descargar/hash/8cdca4a39ef8f1905890a49411b8a382
3190384;FONDECYT de Postdoctorado 2019;2019;Resumen;https://post.anid.cl/frontend.php/es/postulacion/descargar/hash/73c2ddc9cfdbda44a2a9627706163793
3190389;FONDECYT de Postdoctorado 2019;2019;Resumen;https://post.anid.cl/frontend.php/es/postulacion/descargar/hash/107156d6f9f9399f6aa59407a46678d5
3190390;FONDECYT de Postdoctorado 2019;2019;Resumen;https://post.anid.cl/frontend.php/es/postulacion/descargar/hash/a3f8caaebf3afd14a8aa5a5eb4da1854
3190396;FONDECYT de Postdoctorado 2019;2019;Resumen;https://post.anid.cl/frontend.php/es/postulacion/descargar/hash/5a5c342fb45a6a6cbb17781d5b50672b
3190403;FONDECYT de Postdoctorado 2019;2019;Resumen;https://post.anid.cl/frontend.php/es/postulacion/descargar/hash/fd9c2248dbb1e574cbfbf960ac769314
3190414;FONDECYT de Postdoctorado 2019;2019;Resumen;https://post.anid.cl/frontend.php/es/postulacion/descargar/hash/77e7b6eceb6064bebd1b47f64d93bea1
3190415;FONDECYT de Postdoctorado 2019;2019;Resumen;https://post.anid.cl/frontend.php/es/postulacion/descargar/hash/d7f705fe17e828364afdbebc43c17991
3190416;FONDECYT de Postdoctorado 2019;2019;Resumen;https://post.anid.cl/frontend.php/es/postulacion/descargar/hash/7af47335d38997880279262d6db17a47
3190420;FONDECYT de Postdoctorado 2019;2019;Resumen;https://post.anid.cl/frontend.php/es/postulacion/descargar/hash/d114f93c4aec49abdfa1f37965539411
3190423;FONDECYT de Postdoctorado 2019;2019;Resumen;https://post.anid.cl/frontend.php/es/postulacion/descargar/hash/08a61b2c36516a9f5eecfc2b2d4a2964
3190425;FONDECYT de Postdoctorado 2019;2019;Resumen;https://post.anid.cl/frontend.php/es/postulacion/descargar/hash/51b610637321af3e6741e38dad2239db
3190432;FONDECYT de Postdoctorado 2019;2019;Resumen;https://post.anid.cl/frontend.php/es/postulacion/descargar/hash/3ee91cc1d2fc63078e5e8c59f8b276f4
3190433;FONDECYT de Postdoctorado 2019;2019;Resumen;https://post.anid.cl/frontend.php/es/postulacion/descargar/hash/c75f3884b4da875cde81ebeef817ab15
3190436;FONDECYT de Postdoctorado 2019;2019;Resumen;https://post.anid.cl/frontend.php/es/postulacion/descargar/hash/abe77136509f78a998d6287382578d3b
3190449;FONDECYT de Postdoctorado 2019;2019;Resumen;https://post.anid.cl/frontend.php/es/postulacion/descargar/hash/20813c5960b234e1b92765283c0a216e
3190453;FONDECYT de Postdoctorado 2019;2019;Resumen;https://post.anid.cl/frontend.php/es/postulacion/descargar/hash/9a0610d8cbd93355d6360c9a5ac721a9
3190455;FONDECYT de Postdoctorado 2019;2019;Resumen;https://post.anid.cl/frontend.php/es/postulacion/descargar/hash/3d54a99c9eb2208c19d3b0cffc29f87d
3190461;FONDECYT de Postdoctorado 2019;2019;Resumen;https://post.anid.cl/frontend.php/es/postulacion/descargar/hash/8b52e0a50fcdd0f7231a05361537117b
3190462;FONDECYT de Postdoctorado 2019;2019;Resumen;https://post.anid.cl/frontend.php/es/postulacion/descargar/hash/1ff8df6950655edbb43de71b61ed1520
3190464;FONDECYT de Postdoctorado 2019;2019;Resumen;https://post.anid.cl/frontend.php/es/postulacion/descargar/hash/e8b30edbb8a7efc66c7b6498dc08144e
3190465;FONDECYT de Postdoctorado 2019;2019;Resumen;https://post.anid.cl/frontend.php/es/postulacion/descargar/hash/f06db34b1a7c7947b002346258392e6e
3190473;FONDECYT de Postdoctorado 2019;2019;Resumen;https://post.anid.cl/frontend.php/es/postulacion/descargar/hash/eef7e21ee8e36e443539751fc44316cc
3190474;FONDECYT de Postdoctorado 2019;2019;Resumen;https://post.anid.cl/frontend.php/es/postulacion/descargar/hash/f33c9ae40f88a3e495f866904c148fb9
3190475;FONDECYT de Postdoctorado 2019;2019;Resumen;https://post.anid.cl/frontend.php/es/postulacion/descargar/hash/668cd3919d6ce09ed4b79c3cd98e67f2
3190479;FONDECYT de Postdoctorado 2019;2019;Resumen;https://post.anid.cl/frontend.php/es/postulacion/descargar/hash/1c42942b8a13df9abd55febef7bc0a70
3190482;FONDECYT de Postdoctorado 2019;2019;Resumen;https://post.anid.cl/frontend.php/es/postulacion/descargar/hash/38690360c6eee68b81b6c64c9c6ba6f5
3190485;FONDECYT de Postdoctorado 2019;2019;Resumen;https://post.anid.cl/frontend.php/es/postulacion/descargar/hash/b73b2bb804973937ef0c4110e96e513e
3190488;FONDECYT de Postdoctorado 2019;2019;Resumen;https://post.anid.cl/frontend.php/es/postulacion/descargar/hash/7314aff2c8bf71f4e661d116deb8551f
3190489;FONDECYT de Postdoctorado 2019;2019;Resumen;https://post.anid.cl/frontend.php/es/postulacion/descargar/hash/54e3301a4a5329e6bd54a2afd6f3d972
3190491;FONDECYT de Postdoctorado 2019;2019;Resumen;https://post.anid.cl/frontend.php/es/postulacion/descargar/hash/a1645e3e60bc5ea4cef34225a81f9888
3190494;FONDECYT de Postdoctorado 2019;2019;Resumen;https://post.anid.cl/frontend.php/es/postulacion/descargar/hash/dd2b541577c1aa7d3bbca06a39c7a01f
3190495;FONDECYT de Postdoctorado 2019;2019;Resumen;https://post.anid.cl/frontend.php/es/postulacion/descargar/hash/b51971465ea8d3d84033c47a40a1a83e
3190498;FONDECYT de Postdoctorado 2019;2019;Resumen;https://post.anid.cl/frontend.php/es/postulacion/descargar/hash/600aaa66cb0f4cb95520031c375d97b3
3190500;FONDECYT de Postdoctorado 2019;2019;Resumen;https://post.anid.cl/frontend.php/es/postulacion/descargar/hash/bc090cc403c95952fcb83dab3abe1701
3190501;FONDECYT de Postdoctorado 2019;2019;Resumen;https://post.anid.cl/frontend.php/es/postulacion/descargar/hash/9ddd1c47d0b80faeb27d4ff575ad69db
3190504;FONDECYT de Postdoctorado 2019;2019;Resumen;https://post.anid.cl/frontend.php/es/postulacion/descargar/hash/9100e5d6a2b7bd9db5a64707e4c387ef
3190505;FONDECYT de Postdoctorado 2019;2019;Resumen;https://post.anid.cl/frontend.php/es/postulacion/descargar/hash/376b21ee7e7b1cb309c9d71ee174dbf5
3190513;FONDECYT de Postdoctorado 2019;2019;Resumen;https://post.anid.cl/frontend.php/es/postulacion/descargar/hash/48a629a6726bf33f4cb5e61ce2c7e614
3190515;FONDECYT de Postdoctorado 2019;2019;Resumen;https://post.anid.cl/frontend.php/es/postulacion/descargar/hash/7a1290c3bec1a6b5efeee1f512a5f3a2
3190516;FONDECYT de Postdoctorado 2019;2019;Resumen;https://post.anid.cl/frontend.php/es/postulacion/descargar/hash/d4f3bfc5533fe858188efec4e917e9c3
3190517;FONDECYT de Postdoctorado 2019;2019;Resumen;https://post.anid.cl/frontend.php/es/postulacion/descargar/hash/a4acdd5e2ead472961df74b77c2fb31e
3190524;FONDECYT de Postdoctorado 2019;2019;Resumen;https://post.anid.cl/frontend.php/es/postulacion/descargar/hash/63c9ab40166b550fa4d878dc66941bb4
3190527;FONDECYT de Postdoctorado 2019;2019;Resumen;https://post.anid.cl/frontend.php/es/postulacion/descargar/hash/cedb5990ff2ca52ab50bb28829ab843b
3190528;FONDECYT de Postdoctorado 2019;2019;Resumen;https://post.anid.cl/frontend.php/es/postulacion/descargar/hash/f82484e9a984d6d30373b1008dae5521
3190531;FONDECYT de Postdoctorado 2019;2019;Resumen;https://post.anid.cl/frontend.php/es/postulacion/descargar/hash/6cf4624e2d2c2b176f6b0f4a6379cbf7
3190532;FONDECYT de Postdoctorado 2019;2019;Resumen;https://post.anid.cl/frontend.php/es/postulacion/descargar/hash/51f754273de3e0a99c07110e291c7690
3190533;FONDECYT de Postdoctorado 2019;2019;Resumen;https://post.anid.cl/frontend.php/es/postulacion/descargar/hash/264160d678bc8533ef1ffc78aa39f35e
3190534;FONDECYT de Postdoctorado 2019;2019;Resumen;https://post.anid.cl/frontend.php/es/postulacion/descargar/hash/69f6f69a0b1c8fbbfca74c45af1cbc5b
3190538;FONDECYT de Postdoctorado 2019;2019;Resumen;https://post.anid.cl/frontend.php/es/postulacion/descargar/hash/29f0c072ae6db69c4611c48361f40c08
3190539;FONDECYT de Postdoctorado 2019;2019;Resumen;https://post.anid.cl/frontend.php/es/postulacion/descargar/hash/274877551297939311eef03aa3633603
3190541;FONDECYT de Postdoctorado 2019;2019;Resumen;https://post.anid.cl/frontend.php/es/postulacion/descargar/hash/f85f6df962da3c64480644ad68520228
3190542;FONDECYT de Postdoctorado 2019;2019;Resumen;https://post.anid.cl/frontend.php/es/postulacion/descargar/hash/e921347d4d822d1cbac4fdc434862064
3190544;FONDECYT de Postdoctorado 2019;2019;Resumen;https://post.anid.cl/frontend.php/es/postulacion/descargar/hash/c5d1a497ad5c4caecdd8ebc4cee91cb6
3190546;FONDECYT de Postdoctorado 2019;2019;Resumen;https://post.anid.cl/frontend.php/es/postulacion/descargar/hash/46d8dc1160d15bd81d32c1286aed1ff0
3190547;FONDECYT de Postdoctorado 2019;2019;Resumen;https://post.anid.cl/frontend.php/es/postulacion/descargar/hash/cdbb3e4c3d831a16cb3e94b6625efe9d
3190550;FONDECYT de Postdoctorado 2019;2019;Resumen;https://post.anid.cl/frontend.php/es/postulacion/descargar/hash/5035389ac8111944b68c388789609511
3190552;FONDECYT de Postdoctorado 2019;2019;Resumen;https://post.anid.cl/frontend.php/es/postulacion/descargar/hash/00bc6b2490eca56deb1e443ddaee0418
3190553;FONDECYT de Postdoctorado 2019;2019;Resumen;https://post.anid.cl/frontend.php/es/postulacion/descargar/hash/b210126ee75b5f32b7737e47f60a34c3
3190554;FONDECYT de Postdoctorado 2019;2019;Resumen;https://post.anid.cl/frontend.php/es/postulacion/descargar/hash/25bd719110a8dc7b06613b60941d8506
3190555;FONDECYT de Postdoctorado 2019;2019;Resumen;https://post.anid.cl/frontend.php/es/postulacion/descargar/hash/1aec1c256c5680e86d121319b8ef0fbf
3190557;FONDECYT de Postdoctorado 2019;2019;Resumen;https://post.anid.cl/frontend.php/es/postulacion/descargar/hash/614236260577d8d5c388e1cb2115837e
3190561;FONDECYT de Postdoctorado 2019;2019;Resumen;https://post.anid.cl/frontend.php/es/postulacion/descargar/hash/b4d6dae0135776d58515b3dae96c3bbf
3190563;FONDECYT de Postdoctorado 2019;2019;Resumen;https://post.anid.cl/frontend.php/es/postulacion/descargar/hash/eedd8a5fcb8144a78a5f6cb7dd498286
3190566;FONDECYT de Postdoctorado 2019;2019;Resumen;https://post.anid.cl/frontend.php/es/postulacion/descargar/hash/9d7096d8e6d152070760042476a794b0
3190569;FONDECYT de Postdoctorado 2019;2019;Resumen;https://post.anid.cl/frontend.php/es/postulacion/descargar/hash/699fa658f01e6faa828eba59bce7dd2d
3190570;FONDECYT de Postdoctorado 2019;2019;Resumen;https://post.anid.cl/frontend.php/es/postulacion/descargar/hash/1b4c968a62f1fbe041a04ea3bbf320f2
3190571;FONDECYT de Postdoctorado 2019;2019;Resumen;https://post.anid.cl/frontend.php/es/postulacion/descargar/hash/511256d3afba74f63308a53946f62191
3190572;FONDECYT de Postdoctorado 2019;2019;Resumen;https://post.anid.cl/frontend.php/es/postulacion/descargar/hash/f0f691f65789bd2aeb25eee6ed977f1d
3190579;FONDECYT de Postdoctorado 2019;2019;Resumen;https://post.anid.cl/frontend.php/es/postulacion/descargar/hash/3e13947ed379fe10bbacfb717711863b
3190581;FONDECYT de Postdoctorado 2019;2019;Resumen;https://post.anid.cl/frontend.php/es/postulacion/descargar/hash/a8c517402f09361b68c598abdcad60cd
3190586;FONDECYT de Postdoctorado 2019;2019;Resumen;https://post.anid.cl/frontend.php/es/postulacion/descargar/hash/386eb81de8a9fb1069ad6a0323a8ead0
3190588;FONDECYT de Postdoctorado 2019;2019;Resumen;https://post.anid.cl/frontend.php/es/postulacion/descargar/hash/dc9364a0d4a3d713c7936b99089b34d8
3190590;FONDECYT de Postdoctorado 2019;2019;Resumen;https://post.anid.cl/frontend.php/es/postulacion/descargar/hash/c406cdd46c3b31a03aee33db4c64defc
3190594;FONDECYT de Postdoctorado 2019;2019;Resumen;https://post.anid.cl/frontend.php/es/postulacion/descargar/hash/f4dd3f3d699d5135b42d043ebb7309da
3190596;FONDECYT de Postdoctorado 2019;2019;Resumen;https://post.anid.cl/frontend.php/es/postulacion/descargar/hash/dabe6534cdeaa011ff87c2d7c4dd27ff
3190601;FONDECYT de Postdoctorado 2019;2019;Resumen;https://post.anid.cl/frontend.php/es/postulacion/descargar/hash/631d4760c9e3c131a5a686d3049c7e49
3190608;FONDECYT de Postdoctorado 2019;2019;Resumen;https://post.anid.cl/frontend.php/es/postulacion/descargar/hash/e2ca353c883260539b0a64ad3415d814
3190609;FONDECYT de Postdoctorado 2019;2019;Resumen;https://post.anid.cl/frontend.php/es/postulacion/descargar/hash/0e9eacafdcd691836cb5217e5bfba87b
3190610;FONDECYT de Postdoctorado 2019;2019;Resumen;https://post.anid.cl/frontend.php/es/postulacion/descargar/hash/6a8374e4ef02d26b29a00331e124ae26
3190614;FONDECYT de Postdoctorado 2019;2019;Resumen;https://post.anid.cl/frontend.php/es/postulacion/descargar/hash/2c7f590f21f46ccaf0494a041f30299a
3190618;FONDECYT de Postdoctorado 2019;2019;Resumen;https://post.anid.cl/frontend.php/es/postulacion/descargar/hash/b7f6243543d15d3bae1725c9c2924560
3190627;FONDECYT de Postdoctorado 2019;2019;Resumen;https://post.anid.cl/frontend.php/es/postulacion/descargar/hash/49a7f7eb03ec45326d23007ab6183db2
3190628;FONDECYT de Postdoctorado 2019;2019;Resumen;https://post.anid.cl/frontend.php/es/postulacion/descargar/hash/7df1df5850bfed0675d00c23de2829cf
3190632;FONDECYT de Postdoctorado 2019;2019;Resumen;https://post.anid.cl/frontend.php/es/postulacion/descargar/hash/7483dcc17d361501e36cd65dfed86144
3190637;FONDECYT de Postdoctorado 2019;2019;Resumen;https://post.anid.cl/frontend.php/es/postulacion/descargar/hash/8084cd0b77a5d22641cef96f1707372c
3190638;FONDECYT de Postdoctorado 2019;2019;Resumen;https://post.anid.cl/frontend.php/es/postulacion/descargar/hash/d625a6345054c8676bb66dd250b4b238
3190643;FONDECYT de Postdoctorado 2019;2019;Resumen;https://post.anid.cl/frontend.php/es/postulacion/descargar/hash/62e49446750a90b459f4d42edc27cfdf
3190646;FONDECYT de Postdoctorado 2019;2019;Resumen;https://post.anid.cl/frontend.php/es/postulacion/descargar/hash/d4f823127a8f66f84f76f50a02db6b81
3190647;FONDECYT de Postdoctorado 2019;2019;Resumen;https://post.anid.cl/frontend.php/es/postulacion/descargar/hash/705f4f9601ccd856ee3adb6d076a580f
3190648;FONDECYT de Postdoctorado 2019;2019;Resumen;https://post.anid.cl/frontend.php/es/postulacion/descargar/hash/95df86f0aa3e9b5200b5ee0b114d2f4a
3190649;FONDECYT de Postdoctorado 2019;2019;Resumen;https://post.anid.cl/frontend.php/es/postulacion/descargar/hash/9eb513a0e81303ae95ddc5f4eb30215c
3190659;FONDECYT de Postdoctorado 2019;2019;Resumen;https://post.anid.cl/frontend.php/es/postulacion/descargar/hash/2de1cab187043766e88b6b530baa7d6c
3190674;FONDECYT de Postdoctorado 2019;2019;Resumen;https://post.anid.cl/frontend.php/es/postulacion/descargar/hash/1ccefe8649b363838c5b9af88756b251
3190675;FONDECYT de Postdoctorado 2019;2019;Resumen;https://post.anid.cl/frontend.php/es/postulacion/descargar/hash/96b0b02147d5a24a573ecb4e2035c98c
3190680;FONDECYT de Postdoctorado 2019;2019;Resumen;https://post.anid.cl/frontend.php/es/postulacion/descargar/hash/5110ad930d6eea2b96ad538ebb7a9a22
3190683;FONDECYT de Postdoctorado 2019;2019;Resumen;https://post.anid.cl/frontend.php/es/postulacion/descargar/hash/323ece587b0f94638d77ea67e051923f
3190686;FONDECYT de Postdoctorado 2019;2019;Resumen;https://post.anid.cl/frontend.php/es/postulacion/descargar/hash/ab71c4e75655467560b3cb3014327e8e
3190691;FONDECYT de Postdoctorado 2019;2019;Resumen;https://post.anid.cl/frontend.php/es/postulacion/descargar/hash/dd0b32ab3c79c3965f25c7bd53c84b95
3190696;FONDECYT de Postdoctorado 2019;2019;Resumen;https://post.anid.cl/frontend.php/es/postulacion/descargar/hash/87821f16824ff6bd5e3556afb8a0a974
3190706;FONDECYT de Postdoctorado 2019;2019;Resumen;https://post.anid.cl/frontend.php/es/postulacion/descargar/hash/91151d11c0ecd27942ee77b817a9f5f1
3190709;FONDECYT de Postdoctorado 2019;2019;Resumen;https://post.anid.cl/frontend.php/es/postulacion/descargar/hash/0296425a0b3de66de2f72b9190ffd253
3190714;FONDECYT de Postdoctorado 2019;2019;Resumen;https://post.anid.cl/frontend.php/es/postulacion/descargar/hash/f20df790b213a0c306fb728b175b68a6
3190719;FONDECYT de Postdoctorado 2019;2019;Resumen;https://post.anid.cl/frontend.php/es/postulacion/descargar/hash/8afac3a2bb6578f4dab49baa48e9b8d4
3190720;FONDECYT de Postdoctorado 2019;2019;Resumen;https://post.anid.cl/frontend.php/es/postulacion/descargar/hash/8f8a30c3814d00a3bed71b6357e7a8a2
3190723;FONDECYT de Postdoctorado 2019;2019;Resumen;https://post.anid.cl/frontend.php/es/postulacion/descargar/hash/ac1322d559fed5caa1e435853e4f8a5c
3190731;FONDECYT de Postdoctorado 2019;2019;Resumen;https://post.anid.cl/frontend.php/es/postulacion/descargar/hash/ce335859eee206d5fa9f50f40f66b443
3190732;FONDECYT de Postdoctorado 2019;2019;Resumen;https://post.anid.cl/frontend.php/es/postulacion/descargar/hash/a3516ccfbc805c7f3d3b837a6270d5ef
3190734;FONDECYT de Postdoctorado 2019;2019;Resumen;https://post.anid.cl/frontend.php/es/postulacion/descargar/hash/25269e338fd81345964d630c2d75fb1c
3190736;FONDECYT de Postdoctorado 2019;2019;Resumen;https://post.anid.cl/frontend.php/es/postulacion/descargar/hash/fd17fefba3a88dd7b955b0f66dfcdfea
3190738;FONDECYT de Postdoctorado 2019;2019;Resumen;https://post.anid.cl/frontend.php/es/postulacion/descargar/hash/0c9cd88028419183ace0748a1c8ffb62
3190740;FONDECYT de Postdoctorado 2019;2019;Resumen;https://post.anid.cl/frontend.php/es/postulacion/descargar/hash/98627844a32b64593a24b07d72c489bc
3190744;FONDECYT de Postdoctorado 2019;2019;Resumen;https://post.anid.cl/frontend.php/es/postulacion/descargar/hash/96e14e1b93178f844e1d70df36e0ba71
3190746;FONDECYT de Postdoctorado 2019;2019;Resumen;https://post.anid.cl/frontend.php/es/postulacion/descargar/hash/18d262d1caa127d8000352e6808babef
3190749;FONDECYT de Postdoctorado 2019;2019;Resumen;https://post.anid.cl/frontend.php/es/postulacion/descargar/hash/eb052e5ea93a864bded2a7bea02b4798
3190754;FONDECYT de Postdoctorado 2019;2019;Resumen;https://post.anid.cl/frontend.php/es/postulacion/descargar/hash/c2d62cf597757ad1968d99f01925b461
3190756;FONDECYT de Postdoctorado 2019;2019;Resumen;https://post.anid.cl/frontend.php/es/postulacion/descargar/hash/b4eac58481e4d6e81a8f7af982038c1f
3190760;FONDECYT de Postdoctorado 2019;2019;Resumen;https://post.anid.cl/frontend.php/es/postulacion/descargar/hash/24a14cf969c655d40b0c50b7b7d4dc74
3190763;FONDECYT de Postdoctorado 2019;2019;Resumen;https://post.anid.cl/frontend.php/es/postulacion/descargar/hash/ce4c6d758d963a950805e90ad7877342
3190769;FONDECYT de Postdoctorado 2019;2019;Resumen;https://post.anid.cl/frontend.php/es/postulacion/descargar/hash/20c9411a32e5a9911dba4b3dc6225e3f
3190786;FONDECYT de Postdoctorado 2019;2019;Resumen;https://post.anid.cl/frontend.php/es/postulacion/descargar/hash/026f39e70da5cf09ecd57213013d478f
3190790;FONDECYT de Postdoctorado 2019;2019;Resumen;https://post.anid.cl/frontend.php/es/postulacion/descargar/hash/3113864042a2d2ad7e1735e7d1b85f58
3190792;FONDECYT de Postdoctorado 2019;2019;Resumen;https://post.anid.cl/frontend.php/es/postulacion/descargar/hash/9b879d81bbfdd29381ea6c4f4b6db766
3190793;FONDECYT de Postdoctorado 2019;2019;Resumen;https://post.anid.cl/frontend.php/es/postulacion/descargar/hash/3b0c711c7139daf9a692f8aff3ba15c2
3190794;FONDECYT de Postdoctorado 2019;2019;Resumen;https://post.anid.cl/frontend.php/es/postulacion/descargar/hash/954ab12418c790feb48a2c79b1c26216
3190798;FONDECYT de Postdoctorado 2019;2019;Resumen;https://post.anid.cl/frontend.php/es/postulacion/descargar/hash/ecbb7a09c099e9a4c06e0ce7d4cde317
3190800;FONDECYT de Postdoctorado 2019;2019;Resumen;https://post.anid.cl/frontend.php/es/postulacion/descargar/hash/f387a5747fe8504fbb4440c0fdeab950
3190813;FONDECYT de Postdoctorado 2019;2019;Resumen;https://post.anid.cl/frontend.php/es/postulacion/descargar/hash/b51f7f64fdbb9e27f3e17646406cf84c
3190820;FONDECYT de Postdoctorado 2019;2019;Resumen;https://post.anid.cl/frontend.php/es/postulacion/descargar/hash/810ed91a7086a7cc593cc4caffa9869d
3190821;FONDECYT de Postdoctorado 2019;2019;Resumen;https://post.anid.cl/frontend.php/es/postulacion/descargar/hash/83dc12b5a54a9de8a73871c8f1dbd0f1
3190822;FONDECYT de Postdoctorado 2019;2019;Resumen;https://post.anid.cl/frontend.php/es/postulacion/descargar/hash/4d0e5f288f40dc27d61abf338a267982
3190824;FONDECYT de Postdoctorado 2019;2019;Resumen;https://post.anid.cl/frontend.php/es/postulacion/descargar/hash/50bcc3d246b6b898a21499c379feb44e
3190827;FONDECYT de Postdoctorado 2019;2019;Resumen;https://post.anid.cl/frontend.php/es/postulacion/descargar/hash/c74c33eafa70734484b253267dab320b
3190842;FONDECYT de Postdoctorado 2019;2019;Resumen;https://post.anid.cl/frontend.php/es/postulacion/descargar/hash/eb141cf039aa7197cc9a78a0cd51047b
3190843;FONDECYT de Postdoctorado 2019;2019;Resumen;https://post.anid.cl/frontend.php/es/postulacion/descargar/hash/88de6399d703265e23ac0d29ca86be73
3190852;FONDECYT de Postdoctorado 2019;2019;Resumen;https://post.anid.cl/frontend.php/es/postulacion/descargar/hash/ea3e875a2f0fd3af709846047f188580
3190854;FONDECYT de Postdoctorado 2019;2019;Resumen;https://post.anid.cl/frontend.php/es/postulacion/descargar/hash/6734d8e3d9e60f4b328480a7e62b6464
3190856;FONDECYT de Postdoctorado 2019;2019;Resumen;https://post.anid.cl/frontend.php/es/postulacion/descargar/hash/e6f933c342f93f3574ae207c366c8fbe
3190858;FONDECYT de Postdoctorado 2019;2019;Resumen;https://post.anid.cl/frontend.php/es/postulacion/descargar/hash/63cf5ebaf47215b987a43d9ebe2ec41a
3190859;FONDECYT de Postdoctorado 2019;2019;Resumen;https://post.anid.cl/frontend.php/es/postulacion/descargar/hash/5d724fe31568b72f81eccfd247bc16d0
3190860;FONDECYT de Postdoctorado 2019;2019;Resumen;https://post.anid.cl/frontend.php/es/postulacion/descargar/hash/db5f4cddc2a2942c4bc98e5c22e85c6c
3190861;FONDECYT de Postdoctorado 2019;2019;Resumen;https://post.anid.cl/frontend.php/es/postulacion/descargar/hash/ce7f117e1c5b5bf8379386288284b840
3190867;FONDECYT de Postdoctorado 2019;2019;Resumen;https://post.anid.cl/frontend.php/es/postulacion/descargar/hash/e1fba266b2bd3dc64b16c1de2c7f33c3
3190873;FONDECYT de Postdoctorado 2019;2019;Resumen;https://post.anid.cl/frontend.php/es/postulacion/descargar/hash/177bef6faf3981ef0ff5a222e5666c55
3190874;FONDECYT de Postdoctorado 2019;2019;Resumen;https://post.anid.cl/frontend.php/es/postulacion/descargar/hash/4eced9ecd1525a92b64c1d3d9354c256
3190878;FONDECYT de Postdoctorado 2019;2019;Resumen;https://post.anid.cl/frontend.php/es/postulacion/descargar/hash/43e688f8cb96772c666cac8a68d73aa6
3190882;FONDECYT de Postdoctorado 2019;2019;Resumen;https://post.anid.cl/frontend.php/es/postulacion/descargar/hash/93082a09758738577e245d61daca1efc
3190888;FONDECYT de Postdoctorado 2019;2019;Resumen;https://post.anid.cl/frontend.php/es/postulacion/descargar/hash/130e706597302ffeb0f34dc877f0f6a8
3190891;FONDECYT de Postdoctorado 2019;2019;Resumen;https://post.anid.cl/frontend.php/es/postulacion/descargar/hash/b223b0ffef1292360c5529e92808eefb
3190894;FONDECYT de Postdoctorado 2019;2019;Resumen;https://post.anid.cl/frontend.php/es/postulacion/descargar/hash/069fc41594800167da3edea8ad390942
3190897;FONDECYT de Postdoctorado 2019;2019;Resumen;https://post.anid.cl/frontend.php/es/postulacion/descargar/hash/5d646d48e923c4b28244aa3768f53848
3190906;FONDECYT de Postdoctorado 2019;2019;Resumen;https://post.anid.cl/frontend.php/es/postulacion/descargar/hash/70c10323232f01b311ccf54dce38835f
3190914;FONDECYT de Postdoctorado 2019;2019;Resumen;https://post.anid.cl/frontend.php/es/postulacion/descargar/hash/f6f44012394d545fafc4e1f34a99613b
3190918;FONDECYT de Postdoctorado 2019;2019;Resumen;https://post.anid.cl/frontend.php/es/postulacion/descargar/hash/693b47c7dc09a17f857bf0bdc1183d95
3190919;FONDECYT de Postdoctorado 2019;2019;Resumen;https://post.anid.cl/frontend.php/es/postulacion/descargar/hash/65d103aedec62988f68781879cfbe3ed
3190922;FONDECYT de Postdoctorado 2019;2019;Resumen;https://post.anid.cl/frontend.php/es/postulacion/descargar/hash/b9fba40787eaa73821078e1675876793
3190926;FONDECYT de Postdoctorado 2019;2019;Resumen;https://post.anid.cl/frontend.php/es/postulacion/descargar/hash/e99336b95486c49b6eb1298ed7d9c254
3190929;FONDECYT de Postdoctorado 2019;2019;Resumen;https://post.anid.cl/frontend.php/es/postulacion/descargar/hash/806b4b3fd61a6cd4ce31383ff583b259
3190931;FONDECYT de Postdoctorado 2019;2019;Resumen;https://post.anid.cl/frontend.php/es/postulacion/descargar/hash/1eaf05525e7b880c939ac6cde2b5d0bf
3200004;FONDECYT de Postdoctorado 2020;2020;Resumen;https://post.anid.cl/frontend.php/es/postulacion/descargar/hash/ec3d36495d4d5deb5233df102c5220da
3200009;FONDECYT de Postdoctorado 2020;2020;Resumen;https://post.anid.cl/frontend.php/es/postulacion/descargar/hash/ce91026e2a4d784db431d52c84343cdf
3200013;FONDECYT de Postdoctorado 2020;2020;Resumen;https://post.anid.cl/frontend.php/es/postulacion/descargar/hash/dd0295900390c2c426dbf336ee39542d
3200016;FONDECYT de Postdoctorado 2020;2020;Resumen;https://post.anid.cl/frontend.php/es/postulacion/descargar/hash/e2ebee7149b1a7152cd920818439a809
3200018;FONDECYT de Postdoctorado 2020;2020;Resumen;https://post.anid.cl/frontend.php/es/postulacion/descargar/hash/7b8fbae9e01b0b0f3fd77929c3e70245
3200023;FONDECYT de Postdoctorado 2020;2020;Resumen;https://post.anid.cl/frontend.php/es/postulacion/descargar/hash/e363f7d131b94269e7a08724913f9ce5
3200031;FONDECYT de Postdoctorado 2020;2020;Resumen;https://post.anid.cl/frontend.php/es/postulacion/descargar/hash/4fd313be856a977ebf428b959f66f09c
3200032;FONDECYT de Postdoctorado 2020;2020;Resumen;https://post.anid.cl/frontend.php/es/postulacion/descargar/hash/38a36b2b940c5800dfd82c9c24f68660
3200036;FONDECYT de Postdoctorado 2020;2020;Resumen;https://post.anid.cl/frontend.php/es/postulacion/descargar/hash/e419a7713c2c58796287d89ca3cb3ead
3200046;FONDECYT de Postdoctorado 2020;2020;Resumen;https://post.anid.cl/frontend.php/es/postulacion/descargar/hash/a96fe3c115267eab4eb27761bb787470
3200051;FONDECYT de Postdoctorado 2020;2020;Resumen;https://post.anid.cl/frontend.php/es/postulacion/descargar/hash/11bda2674e2a25552f720ed6b856eaff
3200061;FONDECYT de Postdoctorado 2020;2020;Resumen;https://post.anid.cl/frontend.php/es/postulacion/descargar/hash/485f9bde2a686dfabd530bdf56b2aee6
3200062;FONDECYT de Postdoctorado 2020;2020;Resumen;https://post.anid.cl/frontend.php/es/postulacion/descargar/hash/a2f781dbe6a3f25d50dab8c57fe2127a
3200063;FONDECYT de Postdoctorado 2020;2020;Resumen;https://post.anid.cl/frontend.php/es/postulacion/descargar/hash/eed749d2fbb52276182c7a3f12628c25
3200076;FONDECYT de Postdoctorado 2020;2020;Resumen;https://post.anid.cl/frontend.php/es/postulacion/descargar/hash/e1838bc0a6ba18e81838678ff1fcf47a
3200078;FONDECYT de Postdoctorado 2020;2020;Resumen;https://post.anid.cl/frontend.php/es/postulacion/descargar/hash/61dc7084e18ae8df2e3ce465288c2376
3200085;FONDECYT de Postdoctorado 2020;2020;Resumen;https://post.anid.cl/frontend.php/es/postulacion/descargar/hash/2cba8481ac9fdc2f5507a499715d6fce
3200093;FONDECYT de Postdoctorado 2020;2020;Resumen;https://post.anid.cl/frontend.php/es/postulacion/descargar/hash/4d309f0e66801e4db363ae85f72a3d82
3200113;FONDECYT de Postdoctorado 2020;2020;Resumen;https://post.anid.cl/frontend.php/es/postulacion/descargar/hash/d2b70eab32c684d009be9f57026f59f6
3200114;FONDECYT de Postdoctorado 2020;2020;Resumen;https://post.anid.cl/frontend.php/es/postulacion/descargar/hash/9a5182cb1abf2a88d5087bfc050070d2
3200116;FONDECYT de Postdoctorado 2020;2020;Resumen;https://post.anid.cl/frontend.php/es/postulacion/descargar/hash/be2c255c652ca6bbc44a0cc54bb98988
3200130;FONDECYT de Postdoctorado 2020;2020;Resumen;https://post.anid.cl/frontend.php/es/postulacion/descargar/hash/121035af30de0c6fd966264a1a3cc5cf
3200134;FONDECYT de Postdoctorado 2020;2020;Resumen;https://post.anid.cl/frontend.php/es/postulacion/descargar/hash/f9b886aba5d38620cddce7564c444eb3
3200139;FONDECYT de Postdoctorado 2020;2020;Resumen;https://post.anid.cl/frontend.php/es/postulacion/descargar/hash/c34f68b76d04bd4af302d744a75a0ef0
3200141;FONDECYT de Postdoctorado 2020;2020;Resumen;https://post.anid.cl/frontend.php/es/postulacion/descargar/hash/18d8695d9f40f61239a51539e8ed8811
3200149;FONDECYT de Postdoctorado 2020;2020;Resumen;https://post.anid.cl/frontend.php/es/postulacion/descargar/hash/d783a71131b1a4db8ed355ed8ed2b7d9
3200153;FONDECYT de Postdoctorado 2020;2020;Resumen;https://post.anid.cl/frontend.php/es/postulacion/descargar/hash/181767ffa6a6ee7ed728668d60b58309
3200160;FONDECYT de Postdoctorado 2020;2020;Resumen;https://post.anid.cl/frontend.php/es/postulacion/descargar/hash/39b7f253220e43f255d6176fdb31aa2d
3200164;FONDECYT de Postdoctorado 2020;2020;Resumen;https://post.anid.cl/frontend.php/es/postulacion/descargar/hash/3e907d9fc04f69f11ca1f73595985178
3200165;FONDECYT de Postdoctorado 2020;2020;Resumen;https://post.anid.cl/frontend.php/es/postulacion/descargar/hash/f7e257f71f1d384612bc89e6d48156f6
3200167;FONDECYT de Postdoctorado 2020;2020;Resumen;https://post.anid.cl/frontend.php/es/postulacion/descargar/hash/4299267e7bf4fd85adb5f55e17ac20b7
3200169;FONDECYT de Postdoctorado 2020;2020;Resumen;https://post.anid.cl/frontend.php/es/postulacion/descargar/hash/cf364a5c3eb6cde16e928e052883a36e
3200171;FONDECYT de Postdoctorado 2020;2020;Resumen;https://post.anid.cl/frontend.php/es/postulacion/descargar/hash/be0d605de4597c8af371c4f78ca8b4de
3200172;FONDECYT de Postdoctorado 2020;2020;Resumen;https://post.anid.cl/frontend.php/es/postulacion/descargar/hash/7e684323def7ce555f1e1a426dcde47d
3200192;FONDECYT de Postdoctorado 2020;2020;Resumen;https://post.anid.cl/frontend.php/es/postulacion/descargar/hash/101986fbf4bc10aa30bcf0f7bdf0837e
3200196;FONDECYT de Postdoctorado 2020;2020;Resumen;https://post.anid.cl/frontend.php/es/postulacion/descargar/hash/368c9813f05b2f757438160cbbde37da
3200197;FONDECYT de Postdoctorado 2020;2020;Resumen;https://post.anid.cl/frontend.php/es/postulacion/descargar/hash/a45ae98fcf34032d25a27ac6b756e3b4
3200199;FONDECYT de Postdoctorado 2020;2020;Resumen;https://post.anid.cl/frontend.php/es/postulacion/descargar/hash/71e4adba4657e0252d74151ba6e8e10b
3200207;FONDECYT de Postdoctorado 2020;2020;Resumen;https://post.anid.cl/frontend.php/es/postulacion/descargar/hash/cad224818c60b7ce8d7dbdd66ebb9e39
3200216;FONDECYT de Postdoctorado 2020;2020;Resumen;https://post.anid.cl/frontend.php/es/postulacion/descargar/hash/aca1918da3a9b1d8c69171ec02a97c7a
3200222;FONDECYT de Postdoctorado 2020;2020;Resumen;https://post.anid.cl/frontend.php/es/postulacion/descargar/hash/2d412b7772000c16afc6e3cd26130056
3200223;FONDECYT de Postdoctorado 2020;2020;Resumen;https://post.anid.cl/frontend.php/es/postulacion/descargar/hash/7fb5897a4c3ec4dc24e415eb6f258fd1
3200226;FONDECYT de Postdoctorado 2020;2020;Resumen;https://post.anid.cl/frontend.php/es/postulacion/descargar/hash/9cb93dfa79159e5604030cbb2c6017d5
3200227;FONDECYT de Postdoctorado 2020;2020;Resumen;https://post.anid.cl/frontend.php/es/postulacion/descargar/hash/d3f56aaa39f605bb3c037783fca16d41
3200229;FONDECYT de Postdoctorado 2020;2020;Resumen;https://post.anid.cl/frontend.php/es/postulacion/descargar/hash/0832c007ac94967f6cfdda5cfd7510c9
3200232;FONDECYT de Postdoctorado 2020;2020;Resumen;https://post.anid.cl/frontend.php/es/postulacion/descargar/hash/711da15dc10b567e6791de7359b728da
3200239;FONDECYT de Postdoctorado 2020;2020;Resumen;https://post.anid.cl/frontend.php/es/postulacion/descargar/hash/38027a646ab6e1f34661089d592c0dc7
3200242;FONDECYT de Postdoctorado 2020;2020;Resumen;https://post.anid.cl/frontend.php/es/postulacion/descargar/hash/8fdbb34471da2a15a474579f3e1f4cfd
3200248;FONDECYT de Postdoctorado 2020;2020;Resumen;https://post.anid.cl/frontend.php/es/postulacion/descargar/hash/9939b4ae8f4807136a3ccff4752fc2f2
3200250;FONDECYT de Postdoctorado 2020;2020;Resumen;https://post.anid.cl/frontend.php/es/postulacion/descargar/hash/4cd89d55f0ca4fde0f11609315c329b6
3200251;FONDECYT de Postdoctorado 2020;2020;Resumen;https://post.anid.cl/frontend.php/es/postulacion/descargar/hash/2ea58b9bdb4996208ae96b8ce2e520b3
3200252;FONDECYT de Postdoctorado 2020;2020;Resumen;https://post.anid.cl/frontend.php/es/postulacion/descargar/hash/ede3431c58211851cbde3b0277aa54a8
3200261;FONDECYT de Postdoctorado 2020;2020;Resumen;https://post.anid.cl/frontend.php/es/postulacion/descargar/hash/69f5a31699e8ba227beca683f1cf06b5
3200264;FONDECYT de Postdoctorado 2020;2020;Resumen;https://post.anid.cl/frontend.php/es/postulacion/descargar/hash/6ddb031d3242baab243b96a40be25b63
3200270;FONDECYT de Postdoctorado 2020;2020;Resumen;https://post.anid.cl/frontend.php/es/postulacion/descargar/hash/b93dbc5eec060a074f751f250d27033d
3200273;FONDECYT de Postdoctorado 2020;2020;Resumen;https://post.anid.cl/frontend.php/es/postulacion/descargar/hash/bc635845320c18786ee4e905333916f1
3200274;FONDECYT de Postdoctorado 2020;2020;Resumen;https://post.anid.cl/frontend.php/es/postulacion/descargar/hash/5714e4c11c55329587961d0778ccfa71
3200284;FONDECYT de Postdoctorado 2020;2020;Resumen;https://post.anid.cl/frontend.php/es/postulacion/descargar/hash/011da8c2c9c36ff22ab0e72ea6e0f7d2
3200296;FONDECYT de Postdoctorado 2020;2020;Resumen;https://post.anid.cl/frontend.php/es/postulacion/descargar/hash/7335df112e248bf5d34e02c7015e8296
3200302;FONDECYT de Postdoctorado 2020;2020;Resumen;https://post.anid.cl/frontend.php/es/postulacion/descargar/hash/0be05d5c14d702a332ac833062a24429
3200304;FONDECYT de Postdoctorado 2020;2020;Resumen;https://post.anid.cl/frontend.php/es/postulacion/descargar/hash/c37f109e184437b210100601f0e11d63
3200313;FONDECYT de Postdoctorado 2020;2020;Resumen;https://post.anid.cl/frontend.php/es/postulacion/descargar/hash/e975247e9e7810267b77edb6f803e1e0
3200317;FONDECYT de Postdoctorado 2020;2020;Resumen;https://post.anid.cl/frontend.php/es/postulacion/descargar/hash/05c25cdefaee9bdbce427580e8a06ec2
3200323;FONDECYT de Postdoctorado 2020;2020;Resumen;https://post.anid.cl/frontend.php/es/postulacion/descargar/hash/390cea39fc0ac3d80a61d6e1c6f0382b
3200328;FONDECYT de Postdoctorado 2020;2020;Resumen;https://post.anid.cl/frontend.php/es/postulacion/descargar/hash/0da5ca13533f2ed7b629046d37064f52
3200340;FONDECYT de Postdoctorado 2020;2020;Resumen;https://post.anid.cl/frontend.php/es/postulacion/descargar/hash/3a55a26f910f39627264ec6bb8c41ef8
3200341;FONDECYT de Postdoctorado 2020;2020;Resumen;https://post.anid.cl/frontend.php/es/postulacion/descargar/hash/d92afdf574e4a03415fd3d55ad6538d0
3200342;FONDECYT de Postdoctorado 2020;2020;Resumen;https://post.anid.cl/frontend.php/es/postulacion/descargar/hash/7cd0d1a42fc6d56c90f061bace1afb95
3200348;FONDECYT de Postdoctorado 2020;2020;Resumen;https://post.anid.cl/frontend.php/es/postulacion/descargar/hash/8ae802cfe0769db6a0b16f64da4bb032
3200352;FONDECYT de Postdoctorado 2020;2020;Resumen;https://post.anid.cl/frontend.php/es/postulacion/descargar/hash/88856e1f1e115c6fa4aed6e0af9375b1
3200363;FONDECYT de Postdoctorado 2020;2020;Resumen;https://post.anid.cl/frontend.php/es/postulacion/descargar/hash/a24182e273340f836bdb4e4ccb7d0dcd
3200370;FONDECYT de Postdoctorado 2020;2020;Resumen;https://post.anid.cl/frontend.php/es/postulacion/descargar/hash/94a78320aa0b8869eaae7ba124775c53
3200371;FONDECYT de Postdoctorado 2020;2020;Resumen;https://post.anid.cl/frontend.php/es/postulacion/descargar/hash/67450cef8051047ece2da11b0abf5611
3200372;FONDECYT de Postdoctorado 2020;2020;Resumen;https://post.anid.cl/frontend.php/es/postulacion/descargar/hash/aaa26ca2354046ff4bb808cfc6aceb51
3200375;FONDECYT de Postdoctorado 2020;2020;Resumen;https://post.anid.cl/frontend.php/es/postulacion/descargar/hash/62d012e75073b28c3e97191422138a58
3200379;FONDECYT de Postdoctorado 2020;2020;Resumen;https://post.anid.cl/frontend.php/es/postulacion/descargar/hash/907f30f29b45de71b85597528308228a
3200381;FONDECYT de Postdoctorado 2020;2020;Resumen;https://post.anid.cl/frontend.php/es/postulacion/descargar/hash/9ee60f310faa074491b9a1093a5da71e
3200384;FONDECYT de Postdoctorado 2020;2020;Resumen;https://post.anid.cl/frontend.php/es/postulacion/descargar/hash/8b5071a0b2d5269eea019c61f91771a0
3200386;FONDECYT de Postdoctorado 2020;2020;Resumen;https://post.anid.cl/frontend.php/es/postulacion/descargar/hash/1d30756fba79b84aff14baa3a2d6d701
3200387;FONDECYT de Postdoctorado 2020;2020;Resumen;https://post.anid.cl/frontend.php/es/postulacion/descargar/hash/fdd6bbf6bda0808d01e80bf6352caf55
3200388;FONDECYT de Postdoctorado 2020;2020;Resumen;https://post.anid.cl/frontend.php/es/postulacion/descargar/hash/a68d0f51da5d0ac0346dfe1f63c1de15
3200390;FONDECYT de Postdoctorado 2020;2020;Resumen;https://post.anid.cl/frontend.php/es/postulacion/descargar/hash/92aad5d62ce237c3b6b12aea7981f95a
3200391;FONDECYT de Postdoctorado 2020;2020;Resumen;https://post.anid.cl/frontend.php/es/postulacion/descargar/hash/57cbf63782e4b7296cbf2aeb5e92c47f
3200392;FONDECYT de Postdoctorado 2020;2020;Resumen;https://post.anid.cl/frontend.php/es/postulacion/descargar/hash/ff360447100836bc6c5b354531150657
3200396;FONDECYT de Postdoctorado 2020;2020;Resumen;https://post.anid.cl/frontend.php/es/postulacion/descargar/hash/ef3c0525052b87b069f13b43ab62409c
3200399;FONDECYT de Postdoctorado 2020;2020;Resumen;https://post.anid.cl/frontend.php/es/postulacion/descargar/hash/60e0f6589b94cd66cd70576b49bc7195
3200401;FONDECYT de Postdoctorado 2020;2020;Resumen;https://post.anid.cl/frontend.php/es/postulacion/descargar/hash/cc2438ae3fa1ba3648ca9fa81806a16e
3200403;FONDECYT de Postdoctorado 2020;2020;Resumen;https://post.anid.cl/frontend.php/es/postulacion/descargar/hash/ae21628c231c6cf4730bc2f12366dbff
3200416;FONDECYT de Postdoctorado 2020;2020;Resumen;https://post.anid.cl/frontend.php/es/postulacion/descargar/hash/d55a6f6a1991dad653fb13698df48ab5
3200418;FONDECYT de Postdoctorado 2020;2020;Resumen;https://post.anid.cl/frontend.php/es/postulacion/descargar/hash/2cf5b7d730b7f201e2ee59f1c895f41e
3200422;FONDECYT de Postdoctorado 2020;2020;Resumen;https://post.anid.cl/frontend.php/es/postulacion/descargar/hash/23e7a04113f7cb3e38cf9d87a9e9198d
3200434;FONDECYT de Postdoctorado 2020;2020;Resumen;https://post.anid.cl/frontend.php/es/postulacion/descargar/hash/71cfa956a7a16baba8b7f796142ba3fe
3200439;FONDECYT de Postdoctorado 2020;2020;Resumen;https://post.anid.cl/frontend.php/es/postulacion/descargar/hash/6f890d36dc730ec376122b78593c92b2
3200440;FONDECYT de Postdoctorado 2020;2020;Resumen;https://post.anid.cl/frontend.php/es/postulacion/descargar/hash/3751c689f1b60f33cc55f2bd506564f9
3200445;FONDECYT de Postdoctorado 2020;2020;Resumen;https://post.anid.cl/frontend.php/es/postulacion/descargar/hash/2f0976d49a4446fdf299cd246d317c83
3200447;FONDECYT de Postdoctorado 2020;2020;Resumen;https://post.anid.cl/frontend.php/es/postulacion/descargar/hash/3ac45b31f20b2e161b9a5c596bbcc8a6
3200449;FONDECYT de Postdoctorado 2020;2020;Resumen;https://post.anid.cl/frontend.php/es/postulacion/descargar/hash/7d34edc5b91c8394a3ed8f994555ed63
3200452;FONDECYT de Postdoctorado 2020;2020;Resumen;https://post.anid.cl/frontend.php/es/postulacion/descargar/hash/46ebdd87bc04da697205c54b15105ed1
3200460;FONDECYT de Postdoctorado 2020;2020;Resumen;https://post.anid.cl/frontend.php/es/postulacion/descargar/hash/f2ec77d1d92e3fb1a4c3a6fef4a76164
3200463;FONDECYT de Postdoctorado 2020;2020;Resumen;https://post.anid.cl/frontend.php/es/postulacion/descargar/hash/e0b2fb513800d18e53b5ae27fab714bf
3200467;FONDECYT de Postdoctorado 2020;2020;Resumen;https://post.anid.cl/frontend.php/es/postulacion/descargar/hash/39a02b8b6060693cc0d7f273193fcc18
3200468;FONDECYT de Postdoctorado 2020;2020;Resumen;https://post.anid.cl/frontend.php/es/postulacion/descargar/hash/50c1024514f01e43dcf8854512dcc991
3200470;FONDECYT de Postdoctorado 2020;2020;Resumen;https://post.anid.cl/frontend.php/es/postulacion/descargar/hash/daf2acbf874a7801b306dcd5ed7556bd
3200473;FONDECYT de Postdoctorado 2020;2020;Resumen;https://post.anid.cl/frontend.php/es/postulacion/descargar/hash/dc6d647bf25b0c3721f47113f2af406c
3200477;FONDECYT de Postdoctorado 2020;2020;Resumen;https://post.anid.cl/frontend.php/es/postulacion/descargar/hash/21c2fb12c346074f76606832f84a825a
3200478;FONDECYT de Postdoctorado 2020;2020;Resumen;https://post.anid.cl/frontend.php/es/postulacion/descargar/hash/9100cb3767df5eb6113cb27cf847173d
3200483;FONDECYT de Postdoctorado 2020;2020;Resumen;https://post.anid.cl/frontend.php/es/postulacion/descargar/hash/e6f5fb8d85403d84915f7a9f7d2bf3a4
3200487;FONDECYT de Postdoctorado 2020;2020;Resumen;https://post.anid.cl/frontend.php/es/postulacion/descargar/hash/4035568343e8701fdeb7f48ebd51f6c0
3200489;FONDECYT de Postdoctorado 2020;2020;Resumen;https://post.anid.cl/frontend.php/es/postulacion/descargar/hash/e30a4578b13633686157bfb7a30facd3
3200490;FONDECYT de Postdoctorado 2020;2020;Resumen;https://post.anid.cl/frontend.php/es/postulacion/descargar/hash/2e14bb84cad719bf0ffc0b2ca8f5de5d
3200499;FONDECYT de Postdoctorado 2020;2020;Resumen;https://post.anid.cl/frontend.php/es/postulacion/descargar/hash/a2137ce4f5550095bb3d1e314874c31b
3200508;FONDECYT de Postdoctorado 2020;2020;Resumen;https://post.anid.cl/frontend.php/es/postulacion/descargar/hash/c5e67e5b77be6bb87d2b9a8708be92f5
3200510;FONDECYT de Postdoctorado 2020;2020;Resumen;https://post.anid.cl/frontend.php/es/postulacion/descargar/hash/965dd462e5ddc2f2b353d103a55aec84
3200516;FONDECYT de Postdoctorado 2020;2020;Resumen;https://post.anid.cl/frontend.php/es/postulacion/descargar/hash/496bc8d0363ff7c369bd2b8f3995b6c9
3200517;FONDECYT de Postdoctorado 2020;2020;Resumen;https://post.anid.cl/frontend.php/es/postulacion/descargar/hash/59f597b32c173e617c0a4e6dff63d3cb
3200518;FONDECYT de Postdoctorado 2020;2020;Resumen;https://post.anid.cl/frontend.php/es/postulacion/descargar/hash/ec7269e429aab4446196bef1614f0477
3200523;FONDECYT de Postdoctorado 2020;2020;Resumen;https://post.anid.cl/frontend.php/es/postulacion/descargar/hash/9476d5d9684b3d2f9794413288ef1976
3200528;FONDECYT de Postdoctorado 2020;2020;Resumen;https://post.anid.cl/frontend.php/es/postulacion/descargar/hash/b8a61cce6240d1069779b0564aefa8c8
3200530;FONDECYT de Postdoctorado 2020;2020;Resumen;https://post.anid.cl/frontend.php/es/postulacion/descargar/hash/0144d06297d471a268b4a682ba56d0f3
3200532;FONDECYT de Postdoctorado 2020;2020;Resumen;https://post.anid.cl/frontend.php/es/postulacion/descargar/hash/27259dd2b52e497967e876262acfcbe8
3200543;FONDECYT de Postdoctorado 2020;2020;Resumen;https://post.anid.cl/frontend.php/es/postulacion/descargar/hash/6b2023dd54433bc9680e303edd9cd34b
3200545;FONDECYT de Postdoctorado 2020;2020;Resumen;https://post.anid.cl/frontend.php/es/postulacion/descargar/hash/afef988eb8fbcccad17556f4256cfa21
3200546;FONDECYT de Postdoctorado 2020;2020;Resumen;https://post.anid.cl/frontend.php/es/postulacion/descargar/hash/85cf9bb746818c585ac154a1f1450d41
3200556;FONDECYT de Postdoctorado 2020;2020;Resumen;https://post.anid.cl/frontend.php/es/postulacion/descargar/hash/30ab1fffda9b83cc3d623f6162aa2bf6
3200557;FONDECYT de Postdoctorado 2020;2020;Resumen;https://post.anid.cl/frontend.php/es/postulacion/descargar/hash/0bdb64ef0d35bbca431642b77b2c71ff
3200565;FONDECYT de Postdoctorado 2020;2020;Resumen;https://post.anid.cl/frontend.php/es/postulacion/descargar/hash/df4d4a122741daaef3a8f5fa62eccb42
3200572;FONDECYT de Postdoctorado 2020;2020;Resumen;https://post.anid.cl/frontend.php/es/postulacion/descargar/hash/239ad1e9232e2d3111b74b6e4b5f4eaa
3200573;FONDECYT de Postdoctorado 2020;2020;Resumen;https://post.anid.cl/frontend.php/es/postulacion/descargar/hash/8b818af4fe2f9dd637a9652a0537252e
3200575;FONDECYT de Postdoctorado 2020;2020;Resumen;https://post.anid.cl/frontend.php/es/postulacion/descargar/hash/2d97e32c83a6d52d05235927bd78aee7
3200583;FONDECYT de Postdoctorado 2020;2020;Resumen;https://post.anid.cl/frontend.php/es/postulacion/descargar/hash/03418968e72b0bc41ff5e89f9ecd2c3e
3200591;FONDECYT de Postdoctorado 2020;2020;Resumen;https://post.anid.cl/frontend.php/es/postulacion/descargar/hash/bbec02c0e9bf86ca6411e0a1c0789b4e
3200593;FONDECYT de Postdoctorado 2020;2020;Resumen;https://post.anid.cl/frontend.php/es/postulacion/descargar/hash/ff26cf3534ebe85a8cb0327b8f4ebd78
3200594;FONDECYT de Postdoctorado 2020;2020;Resumen;https://post.anid.cl/frontend.php/es/postulacion/descargar/hash/ba761bdfd1dca8f6f6549abc3c6fe090
3200596;FONDECYT de Postdoctorado 2020;2020;Resumen;https://post.anid.cl/frontend.php/es/postulacion/descargar/hash/bb9364938044c0f9efbf0b0c68efda4c
3200598;FONDECYT de Postdoctorado 2020;2020;Resumen;https://post.anid.cl/frontend.php/es/postulacion/descargar/hash/d6fb8c10a7c9ed304c3db7a3a88d6ec0
3200600;FONDECYT de Postdoctorado 2020;2020;Resumen;https://post.anid.cl/frontend.php/es/postulacion/descargar/hash/723488160d24dcba675e7f545a2d9bce
3200601;FONDECYT de Postdoctorado 2020;2020;Resumen;https://post.anid.cl/frontend.php/es/postulacion/descargar/hash/19afcc1b1b3b4cd6cba3d412cfe5c581
3200610;FONDECYT de Postdoctorado 2020;2020;Resumen;https://post.anid.cl/frontend.php/es/postulacion/descargar/hash/ce7e1b1ab54e6958e023be841746860a
3200615;FONDECYT de Postdoctorado 2020;2020;Resumen;https://post.anid.cl/frontend.php/es/postulacion/descargar/hash/6eca5cc9e5f94782f7bdf7ccab4b5d4b
3200621;FONDECYT de Postdoctorado 2020;2020;Resumen;https://post.anid.cl/frontend.php/es/postulacion/descargar/hash/31ff493db408e75052cfa58269bf2cd1
3200622;FONDECYT de Postdoctorado 2020;2020;Resumen;https://post.anid.cl/frontend.php/es/postulacion/descargar/hash/0023715d03e518399b91ed82e682bbc1
3200628;FONDECYT de Postdoctorado 2020;2020;Resumen;https://post.anid.cl/frontend.php/es/postulacion/descargar/hash/a5287f98a3927d1bfca28635e4672300
3200633;FONDECYT de Postdoctorado 2020;2020;Resumen;https://post.anid.cl/frontend.php/es/postulacion/descargar/hash/f36d83c7e95a9490509ca31ee8bf0863
3200636;FONDECYT de Postdoctorado 2020;2020;Resumen;https://post.anid.cl/frontend.php/es/postulacion/descargar/hash/03d57d3750017a525d4d43118ae8b592
3200641;FONDECYT de Postdoctorado 2020;2020;Resumen;https://post.anid.cl/frontend.php/es/postulacion/descargar/hash/0673069407ab8da3802ff43196f024fd
3200644;FONDECYT de Postdoctorado 2020;2020;Resumen;https://post.anid.cl/frontend.php/es/postulacion/descargar/hash/8f5ed8c38a53c1c18d592ba7bc4ce73f
3200646;FONDECYT de Postdoctorado 2020;2020;Resumen;https://post.anid.cl/frontend.php/es/postulacion/descargar/hash/6b27fc0f3c7d1378a082fb2a89c5f2b6
3200650;FONDECYT de Postdoctorado 2020;2020;Resumen;https://post.anid.cl/frontend.php/es/postulacion/descargar/hash/65383cd5dd306223f4e8653179108924
3200654;FONDECYT de Postdoctorado 2020;2020;Resumen;https://post.anid.cl/frontend.php/es/postulacion/descargar/hash/b89c3052e72bf19273441a1b7f5eb5dc
3200655;FONDECYT de Postdoctorado 2020;2020;Resumen;https://post.anid.cl/frontend.php/es/postulacion/descargar/hash/3c000e4f08659c12d7898608b26edbb3
3200658;FONDECYT de Postdoctorado 2020;2020;Resumen;https://post.anid.cl/frontend.php/es/postulacion/descargar/hash/25716c3e710bcb45594be144ee8086e5
3200665;FONDECYT de Postdoctorado 2020;2020;Resumen;https://post.anid.cl/frontend.php/es/postulacion/descargar/hash/07cc6c99660c722da4a362b6e9fe0347
3200671;FONDECYT de Postdoctorado 2020;2020;Resumen;https://post.anid.cl/frontend.php/es/postulacion/descargar/hash/593dfc1632e45154d5dc5a97b5850c57
3200674;FONDECYT de Postdoctorado 2020;2020;Resumen;https://post.anid.cl/frontend.php/es/postulacion/descargar/hash/4a2f6410d33bd40a943f80d1de00bae3
3200675;FONDECYT de Postdoctorado 2020;2020;Resumen;https://post.anid.cl/frontend.php/es/postulacion/descargar/hash/095369cfa8ad65ed8535235d4707b399
3200676;FONDECYT de Postdoctorado 2020;2020;Resumen;https://post.anid.cl/frontend.php/es/postulacion/descargar/hash/6972bd617e2263f32dbd67d104971f61
3200677;FONDECYT de Postdoctorado 2020;2020;Resumen;https://post.anid.cl/frontend.php/es/postulacion/descargar/hash/09c0875d3a4cdb81baeb483c46956436
3200682;FONDECYT de Postdoctorado 2020;2020;Resumen;https://post.anid.cl/frontend.php/es/postulacion/descargar/hash/e369e11bf1af482df817b87d13b9ac2c
3200690;FONDECYT de Postdoctorado 2020;2020;Resumen;https://post.anid.cl/frontend.php/es/postulacion/descargar/hash/7ed153ac20db907a744a154d2d3ad921
3200694;FONDECYT de Postdoctorado 2020;2020;Resumen;https://post.anid.cl/frontend.php/es/postulacion/descargar/hash/df42d06f20d19bab84e6bb8c514ea949
3200696;FONDECYT de Postdoctorado 2020;2020;Resumen;https://post.anid.cl/frontend.php/es/postulacion/descargar/hash/13a139a61698459ef968c626e6cbf046
3200697;FONDECYT de Postdoctorado 2020;2020;Resumen;https://post.anid.cl/frontend.php/es/postulacion/descargar/hash/3f4a67bf15baa612b3e6cf9aabda2f44
3200698;FONDECYT de Postdoctorado 2020;2020;Resumen;https://post.anid.cl/frontend.php/es/postulacion/descargar/hash/8e362c7efbdb09ba0a2d963fa5699a1b
3200718;FONDECYT de Postdoctorado 2020;2020;Resumen;https://post.anid.cl/frontend.php/es/postulacion/descargar/hash/fcd491b7b9693cc3cf4cef2f8590a868
3200721;FONDECYT de Postdoctorado 2020;2020;Resumen;https://post.anid.cl/frontend.php/es/postulacion/descargar/hash/e2b6000776ccd8fd39a75ed3a5c75fe1
3200725;FONDECYT de Postdoctorado 2020;2020;Resumen;https://post.anid.cl/frontend.php/es/postulacion/descargar/hash/b92428eb9b40455ae95e5cabb670d159
3200726;FONDECYT de Postdoctorado 2020;2020;Resumen;https://post.anid.cl/frontend.php/es/postulacion/descargar/hash/9fd5935fae9f8da08975f5478a66d26a
3200727;FONDECYT de Postdoctorado 2020;2020;Resumen;https://post.anid.cl/frontend.php/es/postulacion/descargar/hash/9b6db38aa421995f4fe82629d6076b3b
3200728;FONDECYT de Postdoctorado 2020;2020;Resumen;https://post.anid.cl/frontend.php/es/postulacion/descargar/hash/74ce330e3e0fa804d6bb7c95fc3712ab
3200735;FONDECYT de Postdoctorado 2020;2020;Resumen;https://post.anid.cl/frontend.php/es/postulacion/descargar/hash/49e2c3bf1993851b29f3c4fdf5c1ad0d
3200740;FONDECYT de Postdoctorado 2020;2020;Resumen;https://post.anid.cl/frontend.php/es/postulacion/descargar/hash/396aaf567d5fcd3f5fa9337e28545502
3200741;FONDECYT de Postdoctorado 2020;2020;Resumen;https://post.anid.cl/frontend.php/es/postulacion/descargar/hash/f1091a58d5794d82b849fce582b04375
3200742;FONDECYT de Postdoctorado 2020;2020;Resumen;https://post.anid.cl/frontend.php/es/postulacion/descargar/hash/a8019d856f2bfebed41452879706c572
3200748;FONDECYT de Postdoctorado 2020;2020;Resumen;https://post.anid.cl/frontend.php/es/postulacion/descargar/hash/e86254c8baa9de99ac2b740fd5f944a4
3200758;FONDECYT de Postdoctorado 2020;2020;Resumen;https://post.anid.cl/frontend.php/es/postulacion/descargar/hash/03d632f1aad42288b546a4ce39c9fce7
3200764;FONDECYT de Postdoctorado 2020;2020;Resumen;https://post.anid.cl/frontend.php/es/postulacion/descargar/hash/adfbd7bf72ae9b3874f42a4dc2f4e4f6
3200765;FONDECYT de Postdoctorado 2020;2020;Resumen;https://post.anid.cl/frontend.php/es/postulacion/descargar/hash/dc10ba2edb0b66146870119bd2057fff
3200770;FONDECYT de Postdoctorado 2020;2020;Resumen;https://post.anid.cl/frontend.php/es/postulacion/descargar/hash/8aa9c9b33a1286cdade8716b3409c189
3200771;FONDECYT de Postdoctorado 2020;2020;Resumen;https://post.anid.cl/frontend.php/es/postulacion/descargar/hash/527edb74c0d75e2bc5a53b130b2c7c58
3200772;FONDECYT de Postdoctorado 2020;2020;Resumen;https://post.anid.cl/frontend.php/es/postulacion/descargar/hash/c6bdd46b206e8703ac3ed63e5d405271
3200774;FONDECYT de Postdoctorado 2020;2020;Resumen;https://post.anid.cl/frontend.php/es/postulacion/descargar/hash/0b319489f83d5e6cd2aaeb483e0b4bb6
3200779;FONDECYT de Postdoctorado 2020;2020;Resumen;https://post.anid.cl/frontend.php/es/postulacion/descargar/hash/e7ad1d13f252155c20a540fd537cad0b
3200786;FONDECYT de Postdoctorado 2020;2020;Resumen;https://post.anid.cl/frontend.php/es/postulacion/descargar/hash/5d25763f7ffe07ad6b0cce8092383673
3200787;FONDECYT de Postdoctorado 2020;2020;Resumen;https://post.anid.cl/frontend.php/es/postulacion/descargar/hash/c5e4f0dff8c9efcfed0065c8337bf7bc
3200797;FONDECYT de Postdoctorado 2020;2020;Resumen;https://post.anid.cl/frontend.php/es/postulacion/descargar/hash/f8a66e78f48aa43825fdd3556086b122
3200798;FONDECYT de Postdoctorado 2020;2020;Resumen;https://post.anid.cl/frontend.php/es/postulacion/descargar/hash/1384a7d55154b498d9e1b6bdb486a470
3200799;FONDECYT de Postdoctorado 2020;2020;Resumen;https://post.anid.cl/frontend.php/es/postulacion/descargar/hash/74b5b8cd275291917d51d9b0a4047527
3200800;FONDECYT de Postdoctorado 2020;2020;Resumen;https://post.anid.cl/frontend.php/es/postulacion/descargar/hash/46427a5c52275827b29c35ec08a94eba
3200802;FONDECYT de Postdoctorado 2020;2020;Resumen;https://post.anid.cl/frontend.php/es/postulacion/descargar/hash/8e2eca08cc5b98266735324ac4da5ccf
3200806;FONDECYT de Postdoctorado 2020;2020;Resumen;https://post.anid.cl/frontend.php/es/postulacion/descargar/hash/bc5efa85133c069b405b2b2860e2e393
3200807;FONDECYT de Postdoctorado 2020;2020;Resumen;https://post.anid.cl/frontend.php/es/postulacion/descargar/hash/9a131f617fba743be9a27e3254fc118c
3200817;FONDECYT de Postdoctorado 2020;2020;Resumen;https://post.anid.cl/frontend.php/es/postulacion/descargar/hash/f1263861581bd0195b2dc6b923c19976
3200820;FONDECYT de Postdoctorado 2020;2020;Resumen;https://post.anid.cl/frontend.php/es/postulacion/descargar/hash/d7d70a5b0e51f2b63d44a0828521e738
3200821;FONDECYT de Postdoctorado 2020;2020;Resumen;https://post.anid.cl/frontend.php/es/postulacion/descargar/hash/55c0efee283388e7025f174f3f82aeea
3200822;FONDECYT de Postdoctorado 2020;2020;Resumen;https://post.anid.cl/frontend.php/es/postulacion/descargar/hash/e804319ca2b315e63a277d073367e767
3200824;FONDECYT de Postdoctorado 2020;2020;Resumen;https://post.anid.cl/frontend.php/es/postulacion/descargar/hash/7cb268d8e7fdda869613e5412d601dc3
3200825;FONDECYT de Postdoctorado 2020;2020;Resumen;https://post.anid.cl/frontend.php/es/postulacion/descargar/hash/6ab3422799841daa5cb6814d47f35eb7
3200827;FONDECYT de Postdoctorado 2020;2020;Resumen;https://post.anid.cl/frontend.php/es/postulacion/descargar/hash/ecc8f690803aa5e905eba1e045c2b294
3200830;FONDECYT de Postdoctorado 2020;2020;Resumen;https://post.anid.cl/frontend.php/es/postulacion/descargar/hash/458a399e0f6db4708ff330bcde52015d
3200832;FONDECYT de Postdoctorado 2020;2020;Resumen;https://post.anid.cl/frontend.php/es/postulacion/descargar/hash/70db3a5948416a7b33ad60fa8050ba50
3200833;FONDECYT de Postdoctorado 2020;2020;Resumen;https://post.anid.cl/frontend.php/es/postulacion/descargar/hash/1aa5bfa369f2d45384ac726837450227
3200836;FONDECYT de Postdoctorado 2020;2020;Resumen;https://post.anid.cl/frontend.php/es/postulacion/descargar/hash/531bdc05775a31b07faa59267fa89477
3200839;FONDECYT de Postdoctorado 2020;2020;Resumen;https://post.anid.cl/frontend.php/es/postulacion/descargar/hash/32ce2886433360320bc791e94c1018e3
3200841;FONDECYT de Postdoctorado 2020;2020;Resumen;https://post.anid.cl/frontend.php/es/postulacion/descargar/hash/b76508d1ef2aefe16dbad29d57c6e3ec
3200846;FONDECYT de Postdoctorado 2020;2020;Resumen;https://post.anid.cl/frontend.php/es/postulacion/descargar/hash/e671f9f10b0928d498e5138244d9c9fa
3200850;FONDECYT de Postdoctorado 2020;2020;Resumen;https://post.anid.cl/frontend.php/es/postulacion/descargar/hash/235106d3225e9b01b8ff5d214f78a09c
3200853;FONDECYT de Postdoctorado 2020;2020;Resumen;https://post.anid.cl/frontend.php/es/postulacion/descargar/hash/d3059014911767ce571cef97a90c0d3d
3200854;FONDECYT de Postdoctorado 2020;2020;Resumen;https://post.anid.cl/frontend.php/es/postulacion/descargar/hash/76309735a34705802e5edc166376c924
3200857;FONDECYT de Postdoctorado 2020;2020;Resumen;https://post.anid.cl/frontend.php/es/postulacion/descargar/hash/7e50efc57620a2efe16b753258d4cd64
3200858;FONDECYT de Postdoctorado 2020;2020;Resumen;https://post.anid.cl/frontend.php/es/postulacion/descargar/hash/cdbb3aeadf64abe5608c979e9259ad4d
3200874;FONDECYT de Postdoctorado 2020;2020;Resumen;https://post.anid.cl/frontend.php/es/postulacion/descargar/hash/5b4670deeac1022cf086095289b0a8cc
3200884;FONDECYT de Postdoctorado 2020;2020;Resumen;https://post.anid.cl/frontend.php/es/postulacion/descargar/hash/3a4c506e638c37938f8771b79eef6faf
3200891;FONDECYT de Postdoctorado 2020;2020;Resumen;https://post.anid.cl/frontend.php/es/postulacion/descargar/hash/6d0db6a57bd1ef9f4a200ed9dab9c9b7
3200898;FONDECYT de Postdoctorado 2020;2020;Resumen;https://post.anid.cl/frontend.php/es/postulacion/descargar/hash/0a985905c2afe9bc130c1edeec408547
3200901;FONDECYT de Postdoctorado 2020;2020;Resumen;https://post.anid.cl/frontend.php/es/postulacion/descargar/hash/d86b532966b459da4d7dda379f97487c
3200902;FONDECYT de Postdoctorado 2020;2020;Resumen;https://post.anid.cl/frontend.php/es/postulacion/descargar/hash/922fddaee9b5040ae4d85f186482e242
3200904;FONDECYT de Postdoctorado 2020;2020;Resumen;https://post.anid.cl/frontend.php/es/postulacion/descargar/hash/1935540757a3db53018adf750f0c16d4
3200909;FONDECYT de Postdoctorado 2020;2020;Resumen;https://post.anid.cl/frontend.php/es/postulacion/descargar/hash/95848a5e940d291aa54a08179f9cfa03
3200913;FONDECYT de Postdoctorado 2020;2020;Resumen;https://post.anid.cl/frontend.php/es/postulacion/descargar/hash/a1b1d20810832dbf0a1fb8b7642b5f64
3200918;FONDECYT de Postdoctorado 2020;2020;Resumen;https://post.anid.cl/frontend.php/es/postulacion/descargar/hash/d6313c20b31a22df047934581871dafa
3200924;FONDECYT de Postdoctorado 2020;2020;Resumen;https://post.anid.cl/frontend.php/es/postulacion/descargar/hash/915d6a6fa6bdbf5168edfbdf5d1ed06e
3200926;FONDECYT de Postdoctorado 2020;2020;Resumen;https://post.anid.cl/frontend.php/es/postulacion/descargar/hash/dca0cb300f997f1951c569775a13133b
3200928;FONDECYT de Postdoctorado 2020;2020;Resumen;https://post.anid.cl/frontend.php/es/postulacion/descargar/hash/b2712fd4c6db3dbea7386a1f12c26616
3200932;FONDECYT de Postdoctorado 2020;2020;Resumen;https://post.anid.cl/frontend.php/es/postulacion/descargar/hash/96692e18e1c07671159283393dcc77cd
3200934;FONDECYT de Postdoctorado 2020;2020;Resumen;https://post.anid.cl/frontend.php/es/postulacion/descargar/hash/85d02444189f4a597548aedd0436b3b5
3200937;FONDECYT de Postdoctorado 2020;2020;Resumen;https://post.anid.cl/frontend.php/es/postulacion/descargar/hash/0e98a0a7c8154b1d1b8631f041f5a6c6
3200944;FONDECYT de Postdoctorado 2020;2020;Resumen;https://post.anid.cl/frontend.php/es/postulacion/descargar/hash/9ad29f396f10ed0f3045a0474b8c07b2
3200949;FONDECYT de Postdoctorado 2020;2020;Resumen;https://post.anid.cl/frontend.php/es/postulacion/descargar/hash/745232f37b966a828a2aef4723c0c722
3200950;FONDECYT de Postdoctorado 2020;2020;Resumen;https://post.anid.cl/frontend.php/es/postulacion/descargar/hash/f3ad35446796b7beda316dbadcf3d666
3200951;FONDECYT de Postdoctorado 2020;2020;Resumen;https://post.anid.cl/frontend.php/es/postulacion/descargar/hash/2607605678375268e5bc60a751a7e503
3200959;FONDECYT de Postdoctorado 2020;2020;Resumen;https://post.anid.cl/frontend.php/es/postulacion/descargar/hash/23109b9aa37ba9342d1781cdc73741c9
3200963;FONDECYT de Postdoctorado 2020;2020;Resumen;https://post.anid.cl/frontend.php/es/postulacion/descargar/hash/fc2ae281bccbe023897ec6c995ed9ff6
3200964;FONDECYT de Postdoctorado 2020;2020;Resumen;https://post.anid.cl/frontend.php/es/postulacion/descargar/hash/faf237ec4801957b396d5859667f879b
3200970;FONDECYT de Postdoctorado 2020;2020;Resumen;https://post.anid.cl/frontend.php/es/postulacion/descargar/hash/098302236b5a6564aa473e3715e3d28f
3200972;FONDECYT de Postdoctorado 2020;2020;Resumen;https://post.anid.cl/frontend.php/es/postulacion/descargar/hash/94dd98c20805a3de0788316f52271aa8
3200974;FONDECYT de Postdoctorado 2020;2020;Resumen;https://post.anid.cl/frontend.php/es/postulacion/descargar/hash/3aa7a4a2852a41d7c392972c5214627b
3200978;FONDECYT de Postdoctorado 2020;2020;Resumen;https://post.anid.cl/frontend.php/es/postulacion/descargar/hash/2ab406d39527742abb375764cd6fd4f3
3200981;FONDECYT de Postdoctorado 2020;2020;Resumen;https://post.anid.cl/frontend.php/es/postulacion/descargar/hash/6148cb2790d115af4a2508c203ff246d
3200987;FONDECYT de Postdoctorado 2020;2020;Resumen;https://post.anid.cl/frontend.php/es/postulacion/descargar/hash/1fc0e966e66df77dbbc43364ab66dfc8
3200988;FONDECYT de Postdoctorado 2020;2020;Resumen;https://post.anid.cl/frontend.php/es/postulacion/descargar/hash/84f41cdb0df84dae3ee56cbba8631a68
3200993;FONDECYT de Postdoctorado 2020;2020;Resumen;https://post.anid.cl/frontend.php/es/postulacion/descargar/hash/817081481bee8846d12dc793646ac724
3200998;FONDECYT de Postdoctorado 2020;2020;Resumen;https://post.anid.cl/frontend.php/es/postulacion/descargar/hash/51d93daff3670c2ea4d000435f0a650e
3201005;FONDECYT de Postdoctorado 2020;2020;Resumen;https://post.anid.cl/frontend.php/es/postulacion/descargar/hash/5c47f2f56eb489872e78582c085c2743
3201007;FONDECYT de Postdoctorado 2020;2020;Resumen;https://post.anid.cl/frontend.php/es/postulacion/descargar/hash/0e178cea723f636261bdf9e6a4ad11e4
3201013;FONDECYT de Postdoctorado 2020;2020;Resumen;https://post.anid.cl/frontend.php/es/postulacion/descargar/hash/c19ba9d00184eec05e6baf2015e5dee4
3201016;FONDECYT de Postdoctorado 2020;2020;Resumen;https://post.anid.cl/frontend.php/es/postulacion/descargar/hash/8c2e6a0c8a142f370781fd20a2b4a94e
3201027;FONDECYT de Postdoctorado 2020;2020;Resumen;https://post.anid.cl/frontend.php/es/postulacion/descargar/hash/7bb46f075ee48ed80a674d35d2931685
3201028;FONDECYT de Postdoctorado 2020;2020;Resumen;https://post.anid.cl/frontend.php/es/postulacion/descargar/hash/5f1f88e03e8b6433523686aa8587edbb
3201030;FONDECYT de Postdoctorado 2020;2020;Resumen;https://post.anid.cl/frontend.php/es/postulacion/descargar/hash/824c25a58b25959524b5e164476b5ea7
3201031;FONDECYT de Postdoctorado 2020;2020;Resumen;https://post.anid.cl/frontend.php/es/postulacion/descargar/hash/13ffe1f25178f83621040c7c0e1b7802
3201034;FONDECYT de Postdoctorado 2020;2020;Resumen;https://post.anid.cl/frontend.php/es/postulacion/descargar/hash/01ddb9f56b9a99d368530a88aa888cdc
3201048;FONDECYT de Postdoctorado 2020;2020;Resumen;https://post.anid.cl/frontend.php/es/postulacion/descargar/hash/67d8a3b5932808b3f7762c8561ffec30
3201057;FONDECYT de Postdoctorado 2020;2020;Resumen;https://post.anid.cl/frontend.php/es/postulacion/descargar/hash/6e3874ad0448e031ca18485d899facaa
3201059;FONDECYT de Postdoctorado 2020;2020;Resumen;https://post.anid.cl/frontend.php/es/postulacion/descargar/hash/c8f9a586159d1e1e6eeaa85c5d950905
3201074;FONDECYT de Postdoctorado 2020;2020;Resumen;https://post.anid.cl/frontend.php/es/postulacion/descargar/hash/c8204da5f0e157dde600ca3b25908ec9
3201075;FONDECYT de Postdoctorado 2020;2020;Resumen;https://post.anid.cl/frontend.php/es/postulacion/descargar/hash/63126d7eb823abcdb20badbf8cb92e1f
3201094;FONDECYT de Postdoctorado 2020;2020;Resumen;https://post.anid.cl/frontend.php/es/postulacion/descargar/hash/cd7478966f729ca5f872b7c29195bf04
3210003;FONDECYT de Postdoctorado 2021;2021;Resumen;https://post.anid.cl/frontend.php/es/postulacion/descargar/hash/ff7abdb95fa47e33ce0c88b187f452da
3210008;FONDECYT de Postdoctorado 2021;2021;Resumen;https://post.anid.cl/frontend.php/es/postulacion/descargar/hash/7f874ad15a0287dd011ce9bfd7790b68
3210009;FONDECYT de Postdoctorado 2021;2021;Resumen;https://post.anid.cl/frontend.php/es/postulacion/descargar/hash/08626470b07bd0a3fffa21b537f0ef5a
3210010;FONDECYT de Postdoctorado 2021;2021;Resumen;https://post.anid.cl/frontend.php/es/postulacion/descargar/hash/b6cc533032198c1a12b609e1a05d48b0
3210011;FONDECYT de Postdoctorado 2021;2021;Resumen;https://post.anid.cl/frontend.php/es/postulacion/descargar/hash/ba1ebd23df3f174722584948fd5aa861
3210012;FONDECYT de Postdoctorado 2021;2021;Resumen;https://post.anid.cl/frontend.php/es/postulacion/descargar/hash/b619a0408611bee4f2738aff20d66fdd
3210020;FONDECYT de Postdoctorado 2021;2021;Resumen;https://post.anid.cl/frontend.php/es/postulacion/descargar/hash/0515f1200af739a9d619065f58643524
3210024;FONDECYT de Postdoctorado 2021;2021;Resumen;https://post.anid.cl/frontend.php/es/postulacion/descargar/hash/aacfc273a32a4fc292d44e88ce091cdd
3210026;FONDECYT de Postdoctorado 2021;2021;Resumen;https://post.anid.cl/frontend.php/es/postulacion/descargar/hash/be8fde9156512368d6b0aef9a8e4859a
3210028;FONDECYT de Postdoctorado 2021;2021;Resumen;https://post.anid.cl/frontend.php/es/postulacion/descargar/hash/c1a03f8e3659f8add02bd4dd95e315f8
3210033;FONDECYT de Postdoctorado 2021;2021;Resumen;https://post.anid.cl/frontend.php/es/postulacion/descargar/hash/6a710baa686441cf3c2401bf0bd34fa1
3210036;FONDECYT de Postdoctorado 2021;2021;Resumen;https://post.anid.cl/frontend.php/es/postulacion/descargar/hash/9e5e66f34849823c152cb7fc127eddc4
3210037;FONDECYT de Postdoctorado 2021;2021;Resumen;https://post.anid.cl/frontend.php/es/postulacion/descargar/hash/9c86d70579bf1da574efed9c586118af
3210039;FONDECYT de Postdoctorado 2021;2021;Resumen;https://post.anid.cl/frontend.php/es/postulacion/descargar/hash/2b525b67fe8588c80d30b5c6d766ed5f
3210041;FONDECYT de Postdoctorado 2021;2021;Resumen;https://post.anid.cl/frontend.php/es/postulacion/descargar/hash/31976f702406d6066fb905a11b3754fc
3210042;FONDECYT de Postdoctorado 2021;2021;Resumen;https://post.anid.cl/frontend.php/es/postulacion/descargar/hash/46985c897be70d1a781171e46987fee0
3210050;FONDECYT de Postdoctorado 2021;2021;Resumen;https://post.anid.cl/frontend.php/es/postulacion/descargar/hash/84f86d37382ffb33e48fa463573d1b99
3210052;FONDECYT de Postdoctorado 2021;2021;Resumen;https://post.anid.cl/frontend.php/es/postulacion/descargar/hash/1e51310601d8fd4e7d05c499b916bc55
3210057;FONDECYT de Postdoctorado 2021;2021;Resumen;https://post.anid.cl/frontend.php/es/postulacion/descargar/hash/0987b369b4412cdca3157ab56d928e81
3210058;FONDECYT de Postdoctorado 2021;2021;Resumen;https://post.anid.cl/frontend.php/es/postulacion/descargar/hash/d0276fa8727eb350e1f135694bbc6f07
3210060;FONDECYT de Postdoctorado 2021;2021;Resumen;https://post.anid.cl/frontend.php/es/postulacion/descargar/hash/824773914ba88864a2f43ecb78e8ab04
3210063;FONDECYT de Postdoctorado 2021;2021;Resumen;https://post.anid.cl/frontend.php/es/postulacion/descargar/hash/422ec5cfc75144c1cfee161f5dd63f6b
3210074;FONDECYT de Postdoctorado 2021;2021;Resumen;https://post.anid.cl/frontend.php/es/postulacion/descargar/hash/edc0697273e97e54b3c4ae0f54649c44
3210076;FONDECYT de Postdoctorado 2021;2021;Resumen;https://post.anid.cl/frontend.php/es/postulacion/descargar/hash/724cd9a22b74e6849ff3fbff313b6705
3210077;FONDECYT de Postdoctorado 2021;2021;Resumen;https://post.anid.cl/frontend.php/es/postulacion/descargar/hash/1619d106aa19df5b206ec86af873c057
3210078;FONDECYT de Postdoctorado 2021;2021;Resumen;https://post.anid.cl/frontend.php/es/postulacion/descargar/hash/ff5e9fd96f606fa6031a01d19e716355
3210081;FONDECYT de Postdoctorado 2021;2021;Resumen;https://post.anid.cl/frontend.php/es/postulacion/descargar/hash/74d845c711fe58a5acc9bbe164d875a6
3210084;FONDECYT de Postdoctorado 2021;2021;Resumen;https://post.anid.cl/frontend.php/es/postulacion/descargar/hash/cc21d5869553092be3d2b8176c259423
3210086;FONDECYT de Postdoctorado 2021;2021;Resumen;https://post.anid.cl/frontend.php/es/postulacion/descargar/hash/e4c5a44c9c1de2d3b02590f3a68b8c2b
3210088;FONDECYT de Postdoctorado 2021;2021;Resumen;https://post.anid.cl/frontend.php/es/postulacion/descargar/hash/1ef539063f3521225f892ed2ee90d288
3210089;FONDECYT de Postdoctorado 2021;2021;Resumen;https://post.anid.cl/frontend.php/es/postulacion/descargar/hash/694fe727da7cbc97534583a7b1d6af07
3210090;FONDECYT de Postdoctorado 2021;2021;Resumen;https://post.anid.cl/frontend.php/es/postulacion/descargar/hash/e6d122d663fb9f4ade65c26240726842
3210091;FONDECYT de Postdoctorado 2021;2021;Resumen;https://post.anid.cl/frontend.php/es/postulacion/descargar/hash/65893376038132107b138543243a2433
3210101;FONDECYT de Postdoctorado 2021;2021;Resumen;https://post.anid.cl/frontend.php/es/postulacion/descargar/hash/d4f7dc03c20f8a9fe13058fdffc6a035
3210109;FONDECYT de Postdoctorado 2021;2021;Resumen;https://post.anid.cl/frontend.php/es/postulacion/descargar/hash/9066baf71377f34f212eea994a961ca2
3210111;FONDECYT de Postdoctorado 2021;2021;Resumen;https://post.anid.cl/frontend.php/es/postulacion/descargar/hash/8aaabec5b910601ef72a368b48ef7baa
3210113;FONDECYT de Postdoctorado 2021;2021;Resumen;https://post.anid.cl/frontend.php/es/postulacion/descargar/hash/96a869de459eac620a3d9746fe8c94ff
3210125;FONDECYT de Postdoctorado 2021;2021;Resumen;https://post.anid.cl/frontend.php/es/postulacion/descargar/hash/5ec20131f8c5062f028921d1a7630451
3210128;FONDECYT de Postdoctorado 2021;2021;Resumen;https://post.anid.cl/frontend.php/es/postulacion/descargar/hash/1a8f2e809d1cbb391ca3aefb0ecaac7c
3210131;FONDECYT de Postdoctorado 2021;2021;Resumen;https://post.anid.cl/frontend.php/es/postulacion/descargar/hash/4877365cfcd854c4ca4102d40dec010b
3210132;FONDECYT de Postdoctorado 2021;2021;Resumen;https://post.anid.cl/frontend.php/es/postulacion/descargar/hash/633c8884c205755dbc3b19cf629b6d96
3210135;FONDECYT de Postdoctorado 2021;2021;Resumen;https://post.anid.cl/frontend.php/es/postulacion/descargar/hash/cd5be4730172ca26d7d33d855709e7e7
3210139;FONDECYT de Postdoctorado 2021;2021;Resumen;https://post.anid.cl/frontend.php/es/postulacion/descargar/hash/d720539cf4c207c3f782ec86feba80b5
3210140;FONDECYT de Postdoctorado 2021;2021;Resumen;https://post.anid.cl/frontend.php/es/postulacion/descargar/hash/54892380d8769f57e6da93eef08dad41
3210142;FONDECYT de Postdoctorado 2021;2021;Resumen;https://post.anid.cl/frontend.php/es/postulacion/descargar/hash/c8d8026816403b763ee7839d3e78144a
3210144;FONDECYT de Postdoctorado 2021;2021;Resumen;https://post.anid.cl/frontend.php/es/postulacion/descargar/hash/e400c76eb35af9d64bac14fdfc3d09c9
3210145;FONDECYT de Postdoctorado 2021;2021;Resumen;https://post.anid.cl/frontend.php/es/postulacion/descargar/hash/b06f3eb81c9a925da99ec4379c729cd7
3210147;FONDECYT de Postdoctorado 2021;2021;Resumen;https://post.anid.cl/frontend.php/es/postulacion/descargar/hash/5763668d4f146ed9addf906279c6909d
3210149;FONDECYT de Postdoctorado 2021;2021;Resumen;https://post.anid.cl/frontend.php/es/postulacion/descargar/hash/5d8649469d4e29e60d3c47621963f79c
3210150;FONDECYT de Postdoctorado 2021;2021;Resumen;https://post.anid.cl/frontend.php/es/postulacion/descargar/hash/4da29ac3aa399794a551187e34dd9191
3210151;FONDECYT de Postdoctorado 2021;2021;Resumen;https://post.anid.cl/frontend.php/es/postulacion/descargar/hash/45617cff5589dd2fe9a2369f99481e73
3210156;FONDECYT de Postdoctorado 2021;2021;Resumen;https://post.anid.cl/frontend.php/es/postulacion/descargar/hash/f55344ebe8d5abc9ee1d821f83dee0bc
3210157;FONDECYT de Postdoctorado 2021;2021;Resumen;https://post.anid.cl/frontend.php/es/postulacion/descargar/hash/52320af398439ab15aa4d705a6f16b6c
3210158;FONDECYT de Postdoctorado 2021;2021;Resumen;https://post.anid.cl/frontend.php/es/postulacion/descargar/hash/3449df85a758ccd95f3c99fd7f603982
3210170;FONDECYT de Postdoctorado 2021;2021;Resumen;https://post.anid.cl/frontend.php/es/postulacion/descargar/hash/4ea1367d7fb44041322b1279fadfdb05
3210175;FONDECYT de Postdoctorado 2021;2021;Resumen;https://post.anid.cl/frontend.php/es/postulacion/descargar/hash/f286a178b9795d0f64e2f971a311d1f8
3210177;FONDECYT de Postdoctorado 2021;2021;Resumen;https://post.anid.cl/frontend.php/es/postulacion/descargar/hash/d24fa8b7c974ee0958e32487390f87e2
3210179;FONDECYT de Postdoctorado 2021;2021;Resumen;https://post.anid.cl/frontend.php/es/postulacion/descargar/hash/f9b98e2bf06aef0e969bd8cec62023bb
3210180;FONDECYT de Postdoctorado 2021;2021;Resumen;https://post.anid.cl/frontend.php/es/postulacion/descargar/hash/52ab4bc59d1c6a4051db37ac7a910e61
3210181;FONDECYT de Postdoctorado 2021;2021;Resumen;https://post.anid.cl/frontend.php/es/postulacion/descargar/hash/2331178902310c37f8930061232026f1
3210182;FONDECYT de Postdoctorado 2021;2021;Resumen;https://post.anid.cl/frontend.php/es/postulacion/descargar/hash/890c46946039d2bf678960c217e07aa4
3210185;FONDECYT de Postdoctorado 2021;2021;Resumen;https://post.anid.cl/frontend.php/es/postulacion/descargar/hash/7c04b9446b8e59f66d5b8c02bf65148b
3210186;FONDECYT de Postdoctorado 2021;2021;Resumen;https://post.anid.cl/frontend.php/es/postulacion/descargar/hash/5ffd62ac466e1534ea69ecfd58b7abd2
3210188;FONDECYT de Postdoctorado 2021;2021;Resumen;https://post.anid.cl/frontend.php/es/postulacion/descargar/hash/3a25af69b4d8bc1078c18d6c4095e3a8
3210195;FONDECYT de Postdoctorado 2021;2021;Resumen;https://post.anid.cl/frontend.php/es/postulacion/descargar/hash/78c848ecbaf03466a6e3d6ff4772a181
3210196;FONDECYT de Postdoctorado 2021;2021;Resumen;https://post.anid.cl/frontend.php/es/postulacion/descargar/hash/625bef81301a5137c93d679210b90812
3210199;FONDECYT de Postdoctorado 2021;2021;Resumen;https://post.anid.cl/frontend.php/es/postulacion/descargar/hash/165059403bc8bf8cbdb73b22b99495ea
3210204;FONDECYT de Postdoctorado 2021;2021;Resumen;https://post.anid.cl/frontend.php/es/postulacion/descargar/hash/7d19741bb07a9a9edd61d9200e9c4cd7
3210209;FONDECYT de Postdoctorado 2021;2021;Resumen;https://post.anid.cl/frontend.php/es/postulacion/descargar/hash/71882447089c0691ba3d732ddce60146
3210212;FONDECYT de Postdoctorado 2021;2021;Resumen;https://post.anid.cl/frontend.php/es/postulacion/descargar/hash/2058786738b70fe2fde41791b34289b6
3210213;FONDECYT de Postdoctorado 2021;2021;Resumen;https://post.anid.cl/frontend.php/es/postulacion/descargar/hash/4d97e332bde7f1a8503489da80890970
3210219;FONDECYT de Postdoctorado 2021;2021;Resumen;https://post.anid.cl/frontend.php/es/postulacion/descargar/hash/d8397a5e3341aef3882666486e1a95ad
3210222;FONDECYT de Postdoctorado 2021;2021;Resumen;https://post.anid.cl/frontend.php/es/postulacion/descargar/hash/13278624b1c97116a086fe006fd4a0bb
3210225;FONDECYT de Postdoctorado 2021;2021;Resumen;https://post.anid.cl/frontend.php/es/postulacion/descargar/hash/d84eb42cd336b1270955381eb3037498
3210226;FONDECYT de Postdoctorado 2021;2021;Resumen;https://post.anid.cl/frontend.php/es/postulacion/descargar/hash/dabd5f9a1e60409e8b039c7ecbb69d26
3210227;FONDECYT de Postdoctorado 2021;2021;Resumen;https://post.anid.cl/frontend.php/es/postulacion/descargar/hash/411fe8a2f73381b59bd066eba5295c5f
3210228;FONDECYT de Postdoctorado 2021;2021;Resumen;https://post.anid.cl/frontend.php/es/postulacion/descargar/hash/a59d13165fca1ce6804974ebbe587bde
3210229;FONDECYT de Postdoctorado 2021;2021;Resumen;https://post.anid.cl/frontend.php/es/postulacion/descargar/hash/d120032d376eb2c8d4bbbbcfcd57d162
3210234;FONDECYT de Postdoctorado 2021;2021;Resumen;https://post.anid.cl/frontend.php/es/postulacion/descargar/hash/ea0ae522ee80fa2e4eaa1d5a2c69b641
3210235;FONDECYT de Postdoctorado 2021;2021;Resumen;https://post.anid.cl/frontend.php/es/postulacion/descargar/hash/53b9f4f0092dacfbe617d68aa4f8c85b
3210237;FONDECYT de Postdoctorado 2021;2021;Resumen;https://post.anid.cl/frontend.php/es/postulacion/descargar/hash/1fee08046db8d939767481307ff6d2d1
3210252;FONDECYT de Postdoctorado 2021;2021;Resumen;https://post.anid.cl/frontend.php/es/postulacion/descargar/hash/444658dc5eac8051ba3780e8965cb925
3210253;FONDECYT de Postdoctorado 2021;2021;Resumen;https://post.anid.cl/frontend.php/es/postulacion/descargar/hash/6a522fae811366366ce4368a3b351c36
3210255;FONDECYT de Postdoctorado 2021;2021;Resumen;https://post.anid.cl/frontend.php/es/postulacion/descargar/hash/930faf85e193f7220c3bc2867c1b4149
3210256;FONDECYT de Postdoctorado 2021;2021;Resumen;https://post.anid.cl/frontend.php/es/postulacion/descargar/hash/ac0c9c54c6628371bd7fd09e2b364002
3210259;FONDECYT de Postdoctorado 2021;2021;Resumen;https://post.anid.cl/frontend.php/es/postulacion/descargar/hash/fb3682cd02ba369b23c769b0fc035f05
3210260;FONDECYT de Postdoctorado 2021;2021;Resumen;https://post.anid.cl/frontend.php/es/postulacion/descargar/hash/de1387abf0e714b0e442fb1dcbd1029a
3210261;FONDECYT de Postdoctorado 2021;2021;Resumen;https://post.anid.cl/frontend.php/es/postulacion/descargar/hash/d43cf533da74e7b58d14ec76db83d1e5
3210262;FONDECYT de Postdoctorado 2021;2021;Resumen;https://post.anid.cl/frontend.php/es/postulacion/descargar/hash/2a125b4efca32af2c7c0a8623ee93400
3210264;FONDECYT de Postdoctorado 2021;2021;Resumen;https://post.anid.cl/frontend.php/es/postulacion/descargar/hash/bcde0013360b0ab759a1c53c80a9ebb0
3210269;FONDECYT de Postdoctorado 2021;2021;Resumen;https://post.anid.cl/frontend.php/es/postulacion/descargar/hash/feb7431f48cf9c7e4dd56e65794b6058
3210271;FONDECYT de Postdoctorado 2021;2021;Resumen;https://post.anid.cl/frontend.php/es/postulacion/descargar/hash/8b31c3fa061d019761e2e158c310c193
3210275;FONDECYT de Postdoctorado 2021;2021;Resumen;https://post.anid.cl/frontend.php/es/postulacion/descargar/hash/04f48ff1cc20d69c4ddab18d200bd3d1
3210276;FONDECYT de Postdoctorado 2021;2021;Resumen;https://post.anid.cl/frontend.php/es/postulacion/descargar/hash/e11e5bc37ac91b3b2f76aaf2b1ac0f3d
3210281;FONDECYT de Postdoctorado 2021;2021;Resumen;https://post.anid.cl/frontend.php/es/postulacion/descargar/hash/75f1f8d41323b131e40fcbb3425aecc3
3210283;FONDECYT de Postdoctorado 2021;2021;Resumen;https://post.anid.cl/frontend.php/es/postulacion/descargar/hash/0b56b552a14515fa95e1e890e53c428f
3210284;FONDECYT de Postdoctorado 2021;2021;Resumen;https://post.anid.cl/frontend.php/es/postulacion/descargar/hash/8b392135117a2c89db9807bdfdedc185
3210286;FONDECYT de Postdoctorado 2021;2021;Resumen;https://post.anid.cl/frontend.php/es/postulacion/descargar/hash/f4e5126534486cfa9662b20dc4359567
3210287;FONDECYT de Postdoctorado 2021;2021;Resumen;https://post.anid.cl/frontend.php/es/postulacion/descargar/hash/431e1471ea36c888f4778d0f426f9953
3210290;FONDECYT de Postdoctorado 2021;2021;Resumen;https://post.anid.cl/frontend.php/es/postulacion/descargar/hash/721518ab7860f309672be3f7f63dcd9c
3210291;FONDECYT de Postdoctorado 2021;2021;Resumen;https://post.anid.cl/frontend.php/es/postulacion/descargar/hash/2afd1efe5d6d55dda66f4ddd0db55f40
3210294;FONDECYT de Postdoctorado 2021;2021;Resumen;https://post.anid.cl/frontend.php/es/postulacion/descargar/hash/d70e3e75342eec987faf020ac60c1c07
3210296;FONDECYT de Postdoctorado 2021;2021;Resumen;https://post.anid.cl/frontend.php/es/postulacion/descargar/hash/c1f3dd1a1c144144f437feff43669703
3210302;FONDECYT de Postdoctorado 2021;2021;Resumen;https://post.anid.cl/frontend.php/es/postulacion/descargar/hash/af05379814c3948cef658ab167b3d753
3210305;FONDECYT de Postdoctorado 2021;2021;Resumen;https://post.anid.cl/frontend.php/es/postulacion/descargar/hash/30513acd98e28b43eb70b5190a021e9e
3210310;FONDECYT de Postdoctorado 2021;2021;Resumen;https://post.anid.cl/frontend.php/es/postulacion/descargar/hash/25570b84344e371b4c668c7ddffbefe8
3210311;FONDECYT de Postdoctorado 2021;2021;Resumen;https://post.anid.cl/frontend.php/es/postulacion/descargar/hash/194f282272f6617d814fd43841951cc2
3210312;FONDECYT de Postdoctorado 2021;2021;Resumen;https://post.anid.cl/frontend.php/es/postulacion/descargar/hash/c821b14904f0b41614cb90316d887364
3210314;FONDECYT de Postdoctorado 2021;2021;Resumen;https://post.anid.cl/frontend.php/es/postulacion/descargar/hash/9bd74cf2a2ad4e491677cf25113b2690
3210315;FONDECYT de Postdoctorado 2021;2021;Resumen;https://post.anid.cl/frontend.php/es/postulacion/descargar/hash/d1ea9148291815f38faf6f0c1890472d
3210316;FONDECYT de Postdoctorado 2021;2021;Resumen;https://post.anid.cl/frontend.php/es/postulacion/descargar/hash/e6f49f666e3bd9513018e577fa8b8b71
3210317;FONDECYT de Postdoctorado 2021;2021;Resumen;https://post.anid.cl/frontend.php/es/postulacion/descargar/hash/82a806815d1b7608ba4a5f755942bbc8
3210318;FONDECYT de Postdoctorado 2021;2021;Resumen;https://post.anid.cl/frontend.php/es/postulacion/descargar/hash/577153ee74d63a6d0f5a7bfac552d4c2
3210326;FONDECYT de Postdoctorado 2021;2021;Resumen;https://post.anid.cl/frontend.php/es/postulacion/descargar/hash/66ce12ab318b79c0b6b2c95bc939be26
3210327;FONDECYT de Postdoctorado 2021;2021;Resumen;https://post.anid.cl/frontend.php/es/postulacion/descargar/hash/a62d61c9760f581d9507fd75744fa63c
3210333;FONDECYT de Postdoctorado 2021;2021;Resumen;https://post.anid.cl/frontend.php/es/postulacion/descargar/hash/08cc9e60c7fb5a4c55c631b3fdf602c2
3210334;FONDECYT de Postdoctorado 2021;2021;Resumen;https://post.anid.cl/frontend.php/es/postulacion/descargar/hash/feaa2b757f18ba4f4b94a47c259f1be2
3210335;FONDECYT de Postdoctorado 2021;2021;Resumen;https://post.anid.cl/frontend.php/es/postulacion/descargar/hash/261f6ce65b40359d24df247a55ae215a
3210339;FONDECYT de Postdoctorado 2021;2021;Resumen;https://post.anid.cl/frontend.php/es/postulacion/descargar/hash/30f880cab61e2a1529296fb135724dae
3210341;FONDECYT de Postdoctorado 2021;2021;Resumen;https://post.anid.cl/frontend.php/es/postulacion/descargar/hash/0f10a7ec7fc831ee414eb59b0e31d8ca
3210343;FONDECYT de Postdoctorado 2021;2021;Resumen;https://post.anid.cl/frontend.php/es/postulacion/descargar/hash/6c31080a9d028f19bf1c2dab5ba13810
3210352;FONDECYT de Postdoctorado 2021;2021;Resumen;https://post.anid.cl/frontend.php/es/postulacion/descargar/hash/a2dd95a7bd02b5ba3b299424cd4b4e8b
3210356;FONDECYT de Postdoctorado 2021;2021;Resumen;https://post.anid.cl/frontend.php/es/postulacion/descargar/hash/ed580cde286bb5b479ddca10efadbb02
3210358;FONDECYT de Postdoctorado 2021;2021;Resumen;https://post.anid.cl/frontend.php/es/postulacion/descargar/hash/ccc5d4b6e9c55befdeb0a0b5bede743c
3210359;FONDECYT de Postdoctorado 2021;2021;Resumen;https://post.anid.cl/frontend.php/es/postulacion/descargar/hash/1109e9e8529f7c49a5371dc3f247d8da
3210367;FONDECYT de Postdoctorado 2021;2021;Resumen;https://post.anid.cl/frontend.php/es/postulacion/descargar/hash/8b76aa37939b9b7895349f1410b7072e
3210374;FONDECYT de Postdoctorado 2021;2021;Resumen;https://post.anid.cl/frontend.php/es/postulacion/descargar/hash/0bc2689b29b4c4177e2919edd7d30039
3210382;FONDECYT de Postdoctorado 2021;2021;Resumen;https://post.anid.cl/frontend.php/es/postulacion/descargar/hash/28e7ade1428c71bb8a30200deafe8787
3210383;FONDECYT de Postdoctorado 2021;2021;Resumen;https://post.anid.cl/frontend.php/es/postulacion/descargar/hash/c2fc6a66c781dfe043d9faa7d5e692b3
3210384;FONDECYT de Postdoctorado 2021;2021;Resumen;https://post.anid.cl/frontend.php/es/postulacion/descargar/hash/a123a3ca21e4760c6689d2527aaafc6f
3210387;FONDECYT de Postdoctorado 2021;2021;Resumen;https://post.anid.cl/frontend.php/es/postulacion/descargar/hash/f175a3c95503289ed29744348c80800a
3210390;FONDECYT de Postdoctorado 2021;2021;Resumen;https://post.anid.cl/frontend.php/es/postulacion/descargar/hash/ff3e5ef10cb71cf024e5f638c9763cc4
3210391;FONDECYT de Postdoctorado 2021;2021;Resumen;https://post.anid.cl/frontend.php/es/postulacion/descargar/hash/6dc9a143cc7a454e1b712f05385478e5
3210395;FONDECYT de Postdoctorado 2021;2021;Resumen;https://post.anid.cl/frontend.php/es/postulacion/descargar/hash/1aed3442d8c02dde69061433b99b83aa
3210398;FONDECYT de Postdoctorado 2021;2021;Resumen;https://post.anid.cl/frontend.php/es/postulacion/descargar/hash/abeb395b80980e99afad9f0ed3cac541
3210399;FONDECYT de Postdoctorado 2021;2021;Resumen;https://post.anid.cl/frontend.php/es/postulacion/descargar/hash/1d4f0bb78403537397e7d4f49b845a2d
3210410;FONDECYT de Postdoctorado 2021;2021;Resumen;https://post.anid.cl/frontend.php/es/postulacion/descargar/hash/7f53c453019329ec8404dc57da187c92
3210417;FONDECYT de Postdoctorado 2021;2021;Resumen;https://post.anid.cl/frontend.php/es/postulacion/descargar/hash/b41f7f00def6c220d88f6666cc559b12
3210419;FONDECYT de Postdoctorado 2021;2021;Resumen;https://post.anid.cl/frontend.php/es/postulacion/descargar/hash/391b0d14ff08f302056f0b672a731ad6
3210422;FONDECYT de Postdoctorado 2021;2021;Resumen;https://post.anid.cl/frontend.php/es/postulacion/descargar/hash/4aca5cd0e8489c6b866d2a152cc0cf1a
3210432;FONDECYT de Postdoctorado 2021;2021;Resumen;https://post.anid.cl/frontend.php/es/postulacion/descargar/hash/3729d1b94e48344803fa9361901438fd
3210433;FONDECYT de Postdoctorado 2021;2021;Resumen;https://post.anid.cl/frontend.php/es/postulacion/descargar/hash/242117a095fc5fb4bd0934d93674f7e6
3210434;FONDECYT de Postdoctorado 2021;2021;Resumen;https://post.anid.cl/frontend.php/es/postulacion/descargar/hash/afc1fbaeeb4de083d0395233f6ff8ea7
3210436;FONDECYT de Postdoctorado 2021;2021;Resumen;https://post.anid.cl/frontend.php/es/postulacion/descargar/hash/d960bc5f0d80aec7d207c8e55528f60f
3210442;FONDECYT de Postdoctorado 2021;2021;Resumen;https://post.anid.cl/frontend.php/es/postulacion/descargar/hash/b2df677f75eaafed43fa553a6b01b4e2
3210443;FONDECYT de Postdoctorado 2021;2021;Resumen;https://post.anid.cl/frontend.php/es/postulacion/descargar/hash/b3c5bf61cc7c3fc1f1977ce6d9b43c32
3210444;FONDECYT de Postdoctorado 2021;2021;Resumen;https://post.anid.cl/frontend.php/es/postulacion/descargar/hash/8b3c0cc9bab43ebf7b47129b6acdc884
3210452;FONDECYT de Postdoctorado 2021;2021;Resumen;https://post.anid.cl/frontend.php/es/postulacion/descargar/hash/e26a5c3a4462f2fc9d31d63be41b9e63
3210453;FONDECYT de Postdoctorado 2021;2021;Resumen;https://post.anid.cl/frontend.php/es/postulacion/descargar/hash/ac80264135f9dfc601a169413e4c6d38
3210455;FONDECYT de Postdoctorado 2021;2021;Resumen;https://post.anid.cl/frontend.php/es/postulacion/descargar/hash/a65133f09529da54584bd5df870029d5
3210456;FONDECYT de Postdoctorado 2021;2021;Resumen;https://post.anid.cl/frontend.php/es/postulacion/descargar/hash/d0d71b69f346f9a1621d00172dbdc26e
3210458;FONDECYT de Postdoctorado 2021;2021;Resumen;https://post.anid.cl/frontend.php/es/postulacion/descargar/hash/fdaa69fa3c49fc0695678f320a267c63
3210460;FONDECYT de Postdoctorado 2021;2021;Resumen;https://post.anid.cl/frontend.php/es/postulacion/descargar/hash/eb6f3a2a6cb1fc9a78d10f10203bb6f3
3210461;FONDECYT de Postdoctorado 2021;2021;Resumen;https://post.anid.cl/frontend.php/es/postulacion/descargar/hash/fc106cb525dd51ed7b56c1e0eb94975a
3210464;FONDECYT de Postdoctorado 2021;2021;Resumen;https://post.anid.cl/frontend.php/es/postulacion/descargar/hash/db7e9f7c39d8c29d83ad44b514ea1580
3210469;FONDECYT de Postdoctorado 2021;2021;Resumen;https://post.anid.cl/frontend.php/es/postulacion/descargar/hash/cb58db13dc12809c3b4e0111c1d34b5c
3210473;FONDECYT de Postdoctorado 2021;2021;Resumen;https://post.anid.cl/frontend.php/es/postulacion/descargar/hash/9a95b47cc891fe05a07af506fa73dffd
3210474;FONDECYT de Postdoctorado 2021;2021;Resumen;https://post.anid.cl/frontend.php/es/postulacion/descargar/hash/58d34d00f3e208d37fdcbbb3d13823e6
3210475;FONDECYT de Postdoctorado 2021;2021;Resumen;https://post.anid.cl/frontend.php/es/postulacion/descargar/hash/2dd81846a58bc2ea29b623b570c3892c
3210478;FONDECYT de Postdoctorado 2021;2021;Resumen;https://post.anid.cl/frontend.php/es/postulacion/descargar/hash/fe34b267eb77049bcb5517544ec9c236
3210480;FONDECYT de Postdoctorado 2021;2021;Resumen;https://post.anid.cl/frontend.php/es/postulacion/descargar/hash/76e61224d3b9b3976326063c13cbdd13
3210481;FONDECYT de Postdoctorado 2021;2021;Resumen;https://post.anid.cl/frontend.php/es/postulacion/descargar/hash/691caec73ef99c299888dd4e3256b72d
3210482;FONDECYT de Postdoctorado 2021;2021;Resumen;https://post.anid.cl/frontend.php/es/postulacion/descargar/hash/909d1ca91ddb12d8de3d1d61eefb787a
3210483;FONDECYT de Postdoctorado 2021;2021;Resumen;https://post.anid.cl/frontend.php/es/postulacion/descargar/hash/82baf620824a9843a168fa15b97fca35
3210493;FONDECYT de Postdoctorado 2021;2021;Resumen;https://post.anid.cl/frontend.php/es/postulacion/descargar/hash/1b7774bbcb90a4048a0175d40c657443
3210494;FONDECYT de Postdoctorado 2021;2021;Resumen;https://post.anid.cl/frontend.php/es/postulacion/descargar/hash/90700703832591ca6d2d0d00cd79a626
3210496;FONDECYT de Postdoctorado 2021;2021;Resumen;https://post.anid.cl/frontend.php/es/postulacion/descargar/hash/7d5cfebd5ea75b936a682f58c8feb2ff
3210498;FONDECYT de Postdoctorado 2021;2021;Resumen;https://post.anid.cl/frontend.php/es/postulacion/descargar/hash/8b3140acf3b9995e6c659a9a1c187fdf
3210499;FONDECYT de Postdoctorado 2021;2021;Resumen;https://post.anid.cl/frontend.php/es/postulacion/descargar/hash/bf6fb3cba39462e2bafd00e813bfc2e3
3210501;FONDECYT de Postdoctorado 2021;2021;Resumen;https://post.anid.cl/frontend.php/es/postulacion/descargar/hash/8da9dd59b54b46ac2ab4836c739259e6
3210502;FONDECYT de Postdoctorado 2021;2021;Resumen;https://post.anid.cl/frontend.php/es/postulacion/descargar/hash/267a6d1af24ed84955948ff8662243b7
3210503;FONDECYT de Postdoctorado 2021;2021;Resumen;https://post.anid.cl/frontend.php/es/postulacion/descargar/hash/18526bee2edf5b74011a4503e07cf908
3210504;FONDECYT de Postdoctorado 2021;2021;Resumen;https://post.anid.cl/frontend.php/es/postulacion/descargar/hash/2cef193946eb8ab9bd2b99b60f17e78e
3210505;FONDECYT de Postdoctorado 2021;2021;Resumen;https://post.anid.cl/frontend.php/es/postulacion/descargar/hash/0f1c64d4530fa817d63443087e9339cc
3210508;FONDECYT de Postdoctorado 2021;2021;Resumen;https://post.anid.cl/frontend.php/es/postulacion/descargar/hash/cb826d1d80fd25f7835e7ee86098b829
3210512;FONDECYT de Postdoctorado 2021;2021;Resumen;https://post.anid.cl/frontend.php/es/postulacion/descargar/hash/416bd1ba439e7f3895a59ea0d2a9c485
3210516;FONDECYT de Postdoctorado 2021;2021;Resumen;https://post.anid.cl/frontend.php/es/postulacion/descargar/hash/22b2ba95d4b52d7d49848a478f1779c2
3210517;FONDECYT de Postdoctorado 2021;2021;Resumen;https://post.anid.cl/frontend.php/es/postulacion/descargar/hash/29cf6d854854406cedd95d03f19c74c2
3210518;FONDECYT de Postdoctorado 2021;2021;Resumen;https://post.anid.cl/frontend.php/es/postulacion/descargar/hash/94e7cd25831ec4fdc2bbdb84dc465396
3210519;FONDECYT de Postdoctorado 2021;2021;Resumen;https://post.anid.cl/frontend.php/es/postulacion/descargar/hash/e513e70b3cea1b23cccca9a9392efdcf
3210520;FONDECYT de Postdoctorado 2021;2021;Resumen;https://post.anid.cl/frontend.php/es/postulacion/descargar/hash/40d0b451e979e0a5c92ff2c8099b8b7d
3210523;FONDECYT de Postdoctorado 2021;2021;Resumen;https://post.anid.cl/frontend.php/es/postulacion/descargar/hash/818a84a7b57585bcf1dd5d10681ac0e3
3210525;FONDECYT de Postdoctorado 2021;2021;Resumen;https://post.anid.cl/frontend.php/es/postulacion/descargar/hash/045f62b053baff68c148357144765b71
3210528;FONDECYT de Postdoctorado 2021;2021;Resumen;https://post.anid.cl/frontend.php/es/postulacion/descargar/hash/b0fb6ce1264d99381ad37954285d424c
3210529;FONDECYT de Postdoctorado 2021;2021;Resumen;https://post.anid.cl/frontend.php/es/postulacion/descargar/hash/840c430256778a51ca579fd4797eb742
3210531;FONDECYT de Postdoctorado 2021;2021;Resumen;https://post.anid.cl/frontend.php/es/postulacion/descargar/hash/8f9e1bf33a9f87d93a224b57f14b1f06
3210532;FONDECYT de Postdoctorado 2021;2021;Resumen;https://post.anid.cl/frontend.php/es/postulacion/descargar/hash/0d8d2b710d9b37cdb58c0219c5495b48
3210533;FONDECYT de Postdoctorado 2021;2021;Resumen;https://post.anid.cl/frontend.php/es/postulacion/descargar/hash/37aed4bf40ed7b55687df519de20bcb1
3210536;FONDECYT de Postdoctorado 2021;2021;Resumen;https://post.anid.cl/frontend.php/es/postulacion/descargar/hash/db4aae2cce8553897b7cfed7214adfc1
3210537;FONDECYT de Postdoctorado 2021;2021;Resumen;https://post.anid.cl/frontend.php/es/postulacion/descargar/hash/6f0edf7f4f68e0fb410a9afcefe6bd12
3210538;FONDECYT de Postdoctorado 2021;2021;Resumen;https://post.anid.cl/frontend.php/es/postulacion/descargar/hash/cf76906c7b86fd9e29208077d9b76c81
3210539;FONDECYT de Postdoctorado 2021;2021;Resumen;https://post.anid.cl/frontend.php/es/postulacion/descargar/hash/69469b0d830298f9059716267c8b27fa
3210547;FONDECYT de Postdoctorado 2021;2021;Resumen;https://post.anid.cl/frontend.php/es/postulacion/descargar/hash/1dc669bf0b2cfbd44d2970e1599419fe
3210549;FONDECYT de Postdoctorado 2021;2021;Resumen;https://post.anid.cl/frontend.php/es/postulacion/descargar/hash/0ad135f5bc6fffb8f31c0441924597f8
3210553;FONDECYT de Postdoctorado 2021;2021;Resumen;https://post.anid.cl/frontend.php/es/postulacion/descargar/hash/5d4be5ac13f430f002862c33a08b204a
3210554;FONDECYT de Postdoctorado 2021;2021;Resumen;https://post.anid.cl/frontend.php/es/postulacion/descargar/hash/e6ec8ba63bd570dad194cebb9abb5bfe
3210556;FONDECYT de Postdoctorado 2021;2021;Resumen;https://post.anid.cl/frontend.php/es/postulacion/descargar/hash/c6fca8af98f1ec2b1ab75ee9985ee17e
3210557;FONDECYT de Postdoctorado 2021;2021;Resumen;https://post.anid.cl/frontend.php/es/postulacion/descargar/hash/b8d20bc96e7f25049c493d3d8a3433e3
3210558;FONDECYT de Postdoctorado 2021;2021;Resumen;https://post.anid.cl/frontend.php/es/postulacion/descargar/hash/da459be120d623a8fb48499531c99ee9
3210559;FONDECYT de Postdoctorado 2021;2021;Resumen;https://post.anid.cl/frontend.php/es/postulacion/descargar/hash/7852a30a253694b5c7f2c56aebc112ac
3210564;FONDECYT de Postdoctorado 2021;2021;Resumen;https://post.anid.cl/frontend.php/es/postulacion/descargar/hash/55eb97067d8f4bf00535f67bcb5a21e9
3210573;FONDECYT de Postdoctorado 2021;2021;Resumen;https://post.anid.cl/frontend.php/es/postulacion/descargar/hash/0774faed5c356c2a3e28e0954c5eaa45
3210579;FONDECYT de Postdoctorado 2021;2021;Resumen;https://post.anid.cl/frontend.php/es/postulacion/descargar/hash/d8686b32972866b99906602e5dcf46f6
3210588;FONDECYT de Postdoctorado 2021;2021;Resumen;https://post.anid.cl/frontend.php/es/postulacion/descargar/hash/e50dd1a549483c9a5907e8b42ae558c1
3210591;FONDECYT de Postdoctorado 2021;2021;Resumen;https://post.anid.cl/frontend.php/es/postulacion/descargar/hash/4c94f0e20b233b96d2a17ade6e68294e
3210592;FONDECYT de Postdoctorado 2021;2021;Resumen;https://post.anid.cl/frontend.php/es/postulacion/descargar/hash/d6de64a08a2f761eda04338e954e7aa3
3210593;FONDECYT de Postdoctorado 2021;2021;Resumen;https://post.anid.cl/frontend.php/es/postulacion/descargar/hash/82f74c09e52051a59ed013c5287cded6
3210594;FONDECYT de Postdoctorado 2021;2021;Resumen;https://post.anid.cl/frontend.php/es/postulacion/descargar/hash/78c2edec6c8f9e4027c54b2452c0bcaa
3210596;FONDECYT de Postdoctorado 2021;2021;Resumen;https://post.anid.cl/frontend.php/es/postulacion/descargar/hash/7bb1b45e30260dba857d83e6c1bbfdea
3210599;FONDECYT de Postdoctorado 2021;2021;Resumen;https://post.anid.cl/frontend.php/es/postulacion/descargar/hash/798ea4898a526ce47c3e3c7789197c4b
3210600;FONDECYT de Postdoctorado 2021;2021;Resumen;https://post.anid.cl/frontend.php/es/postulacion/descargar/hash/31c7bc133755a016e7fc4fe9a6ab1ed5
3210604;FONDECYT de Postdoctorado 2021;2021;Resumen;https://post.anid.cl/frontend.php/es/postulacion/descargar/hash/bf685b28be8bb1c7906e1beb4d6b8ebc
3210605;FONDECYT de Postdoctorado 2021;2021;Resumen;https://post.anid.cl/frontend.php/es/postulacion/descargar/hash/6a2af215e60a5a953c738aca499107b5
3210608;FONDECYT de Postdoctorado 2021;2021;Resumen;https://post.anid.cl/frontend.php/es/postulacion/descargar/hash/a8ff3a24002fe582193b04322e7074dd
3210610;FONDECYT de Postdoctorado 2021;2021;Resumen;https://post.anid.cl/frontend.php/es/postulacion/descargar/hash/9efc93ecdd87ab29d193257cb3170c2e
3210617;FONDECYT de Postdoctorado 2021;2021;Resumen;https://post.anid.cl/frontend.php/es/postulacion/descargar/hash/6b6bf5391d607cc78865114cfe8f902e
3210618;FONDECYT de Postdoctorado 2021;2021;Resumen;https://post.anid.cl/frontend.php/es/postulacion/descargar/hash/bde47d01e4e6ab5b7ae688d8d5ab3eeb
3210626;FONDECYT de Postdoctorado 2021;2021;Resumen;https://post.anid.cl/frontend.php/es/postulacion/descargar/hash/cab052de1534d99d8d759ce1548c20be
3210629;FONDECYT de Postdoctorado 2021;2021;Resumen;https://post.anid.cl/frontend.php/es/postulacion/descargar/hash/0e821bb607284c324c5578cdd5a254a9
3210630;FONDECYT de Postdoctorado 2021;2021;Resumen;https://post.anid.cl/frontend.php/es/postulacion/descargar/hash/80b3d6fd49806c3edb8dfea33fbc1891
3210631;FONDECYT de Postdoctorado 2021;2021;Resumen;https://post.anid.cl/frontend.php/es/postulacion/descargar/hash/2ec9dfec43d83af8d7d20b0e758940de
3210632;FONDECYT de Postdoctorado 2021;2021;Resumen;https://post.anid.cl/frontend.php/es/postulacion/descargar/hash/84936c3d9fb8de2ceaef896734d04b96
3210633;FONDECYT de Postdoctorado 2021;2021;Resumen;https://post.anid.cl/frontend.php/es/postulacion/descargar/hash/c7b39926fb132c703d0920578b942496
3210634;FONDECYT de Postdoctorado 2021;2021;Resumen;https://post.anid.cl/frontend.php/es/postulacion/descargar/hash/ae6fe2e4607a9ae0f9ad091e8a82c9ec
3210635;FONDECYT de Postdoctorado 2021;2021;Resumen;https://post.anid.cl/frontend.php/es/postulacion/descargar/hash/b917b38b0289eee0c97c621c88e21c77
3210639;FONDECYT de Postdoctorado 2021;2021;Resumen;https://post.anid.cl/frontend.php/es/postulacion/descargar/hash/7d44649db47b4db0d0c91749d0f03cbc
3210642;FONDECYT de Postdoctorado 2021;2021;Resumen;https://post.anid.cl/frontend.php/es/postulacion/descargar/hash/25bcd13a3a7677b877bb9a32062092cb
3210645;FONDECYT de Postdoctorado 2021;2021;Resumen;https://post.anid.cl/frontend.php/es/postulacion/descargar/hash/1a35cf6491e006d83a3765ff0d20b47b
3210646;FONDECYT de Postdoctorado 2021;2021;Resumen;https://post.anid.cl/frontend.php/es/postulacion/descargar/hash/5f8825002ee9bb14f8cd77514316e48e
3210656;FONDECYT de Postdoctorado 2021;2021;Resumen;https://post.anid.cl/frontend.php/es/postulacion/descargar/hash/922c19e0db31f41c92231563ebcfa573
3210662;FONDECYT de Postdoctorado 2021;2021;Resumen;https://post.anid.cl/frontend.php/es/postulacion/descargar/hash/ee8e95d28a69769b1bc72bdb07a69856
3210667;FONDECYT de Postdoctorado 2021;2021;Resumen;https://post.anid.cl/frontend.php/es/postulacion/descargar/hash/608531c9a30579aa0f3175542a2dbae5
3210675;FONDECYT de Postdoctorado 2021;2021;Resumen;https://post.anid.cl/frontend.php/es/postulacion/descargar/hash/8e77da93f71fa635b014bcb7b0e593c9
3210686;FONDECYT de Postdoctorado 2021;2021;Resumen;https://post.anid.cl/frontend.php/es/postulacion/descargar/hash/3a41630eaaca7f706451ddc391f1eb5c
3210687;FONDECYT de Postdoctorado 2021;2021;Resumen;https://post.anid.cl/frontend.php/es/postulacion/descargar/hash/5e72a6d817de03d630c46e65400032ba
3210689;FONDECYT de Postdoctorado 2021;2021;Resumen;https://post.anid.cl/frontend.php/es/postulacion/descargar/hash/82bd318230209de1eacaef2b333b1d1d
3210690;FONDECYT de Postdoctorado 2021;2021;Resumen;https://post.anid.cl/frontend.php/es/postulacion/descargar/hash/a9c9b95eece103c12966f4be5c9af7c7
3210695;FONDECYT de Postdoctorado 2021;2021;Resumen;https://post.anid.cl/frontend.php/es/postulacion/descargar/hash/e8efd80a08d7e1039e9330bbd1c94547
3210704;FONDECYT de Postdoctorado 2021;2021;Resumen;https://post.anid.cl/frontend.php/es/postulacion/descargar/hash/9b56dfc7d7d1330cc9ca8041c901da68
3210706;FONDECYT de Postdoctorado 2021;2021;Resumen;https://post.anid.cl/frontend.php/es/postulacion/descargar/hash/881b53018f5e3c69716eb0c62a5b7cab
3210707;FONDECYT de Postdoctorado 2021;2021;Resumen;https://post.anid.cl/frontend.php/es/postulacion/descargar/hash/85355a8a4ae291701f560f42dd231a17
3210709;FONDECYT de Postdoctorado 2021;2021;Resumen;https://post.anid.cl/frontend.php/es/postulacion/descargar/hash/2c506ce8abe930f7839f2cdcb1843493
3210712;FONDECYT de Postdoctorado 2021;2021;Resumen;https://post.anid.cl/frontend.php/es/postulacion/descargar/hash/35c0cdd6812cba6ea76fba241ca9f198
3210715;FONDECYT de Postdoctorado 2021;2021;Resumen;https://post.anid.cl/frontend.php/es/postulacion/descargar/hash/2cb91f739e2f4cdb03a9fdd93d45dfdc
3210722;FONDECYT de Postdoctorado 2021;2021;Resumen;https://post.anid.cl/frontend.php/es/postulacion/descargar/hash/45b988ae68996aee4b6cdc3e1f22c311
3210727;FONDECYT de Postdoctorado 2021;2021;Resumen;https://post.anid.cl/frontend.php/es/postulacion/descargar/hash/7259e765db2c0e32716f96db61b1edc1
3210732;FONDECYT de Postdoctorado 2021;2021;Resumen;https://post.anid.cl/frontend.php/es/postulacion/descargar/hash/a2a9b30a1c558d27c7919329cf1e6b72
3210735;FONDECYT de Postdoctorado 2021;2021;Resumen;https://post.anid.cl/frontend.php/es/postulacion/descargar/hash/715bc1ca55bca233ad04c41a241b0988
3210737;FONDECYT de Postdoctorado 2021;2021;Resumen;https://post.anid.cl/frontend.php/es/postulacion/descargar/hash/012347e1a6a7e0ff426a6e599eadfae5
3210741;FONDECYT de Postdoctorado 2021;2021;Resumen;https://post.anid.cl/frontend.php/es/postulacion/descargar/hash/71b7afb65b6cbf4a05fb5b50ee42250e
3210746;FONDECYT de Postdoctorado 2021;2021;Resumen;https://post.anid.cl/frontend.php/es/postulacion/descargar/hash/ee146941c5fdbdee6d5d92a10fce8520
3210751;FONDECYT de Postdoctorado 2021;2021;Resumen;https://post.anid.cl/frontend.php/es/postulacion/descargar/hash/17baa7dfe36da1f9a7f8d14d33232cba
3210752;FONDECYT de Postdoctorado 2021;2021;Resumen;https://post.anid.cl/frontend.php/es/postulacion/descargar/hash/fb9d5fbcfe848f8fa36037c0ed383aae
3210758;FONDECYT de Postdoctorado 2021;2021;Resumen;https://post.anid.cl/frontend.php/es/postulacion/descargar/hash/3148fa46c08ece04829fc416006ba4c7
3210768;FONDECYT de Postdoctorado 2021;2021;Resumen;https://post.anid.cl/frontend.php/es/postulacion/descargar/hash/cb2e0912da8248a199d635af8dfe32cc
3210771;FONDECYT de Postdoctorado 2021;2021;Resumen;https://post.anid.cl/frontend.php/es/postulacion/descargar/hash/703b83bf40eefcfb6836afcc59baaf6b
3210773;FONDECYT de Postdoctorado 2021;2021;Resumen;https://post.anid.cl/frontend.php/es/postulacion/descargar/hash/57efe32072655f3f33e262720cf3d9bf
3210774;FONDECYT de Postdoctorado 2021;2021;Resumen;https://post.anid.cl/frontend.php/es/postulacion/descargar/hash/da74a6e86f1a6944b21126946e08370c
3210775;FONDECYT de Postdoctorado 2021;2021;Resumen;https://post.anid.cl/frontend.php/es/postulacion/descargar/hash/6ca7eb5947e6b273391918106f8c9fff
3210779;FONDECYT de Postdoctorado 2021;2021;Resumen;https://post.anid.cl/frontend.php/es/postulacion/descargar/hash/778371dc3de5508224cc211f601d1a33
3210780;FONDECYT de Postdoctorado 2021;2021;Resumen;https://post.anid.cl/frontend.php/es/postulacion/descargar/hash/f7752c8acc406ee41df39cbf9f747bf2
3210781;FONDECYT de Postdoctorado 2021;2021;Resumen;https://post.anid.cl/frontend.php/es/postulacion/descargar/hash/8a4343c2d20c6ea93af71fc8e0c4a547
3210782;FONDECYT de Postdoctorado 2021;2021;Resumen;https://post.anid.cl/frontend.php/es/postulacion/descargar/hash/00360d241c0007451e6784233fe22649
3210785;FONDECYT de Postdoctorado 2021;2021;Resumen;https://post.anid.cl/frontend.php/es/postulacion/descargar/hash/753836c477ba953ac5211efe6a22f488
3210788;FONDECYT de Postdoctorado 2021;2021;Resumen;https://post.anid.cl/frontend.php/es/postulacion/descargar/hash/f3f0ef8ac864ae723662438d61e04400
3210794;FONDECYT de Postdoctorado 2021;2021;Resumen;https://post.anid.cl/frontend.php/es/postulacion/descargar/hash/8dcd6afeee93f6b93b03085ec6f5f002
3210805;FONDECYT de Postdoctorado 2021;2021;Resumen;https://post.anid.cl/frontend.php/es/postulacion/descargar/hash/2e148e7138c69cba373840087085d0a2
3210806;FONDECYT de Postdoctorado 2021;2021;Resumen;https://post.anid.cl/frontend.php/es/postulacion/descargar/hash/a7e726607aa97cafc524f1d079404632
3210810;FONDECYT de Postdoctorado 2021;2021;Resumen;https://post.anid.cl/frontend.php/es/postulacion/descargar/hash/0828a7f05ff5a79bd9d4640e87c11fe1
3210814;FONDECYT de Postdoctorado 2021;2021;Resumen;https://post.anid.cl/frontend.php/es/postulacion/descargar/hash/e6bf1cf29af568dc877e57b9d3b85e4c
3210817;FONDECYT de Postdoctorado 2021;2021;Resumen;https://post.anid.cl/frontend.php/es/postulacion/descargar/hash/b5bf0eb12bee3f4506de6d4a044c1d36
3210818;FONDECYT de Postdoctorado 2021;2021;Resumen;https://post.anid.cl/frontend.php/es/postulacion/descargar/hash/dbade9056aae1872f673d21827c8c2e8
3210820;FONDECYT de Postdoctorado 2021;2021;Resumen;https://post.anid.cl/frontend.php/es/postulacion/descargar/hash/c3d5bd12268dad3cadf1a0d536c72532
3210828;FONDECYT de Postdoctorado 2021;2021;Resumen;https://post.anid.cl/frontend.php/es/postulacion/descargar/hash/f1578e3a28f74735ddc1855d1f00aa2c
3220002;FONDECYT de Postdoctorado 2022;2022;Resumen;https://post.anid.cl/frontend.php/es/postulacion/descargar/hash/7389728778e6bfc3a5700eb0ecfde28d
3220003;FONDECYT de Postdoctorado 2022;2022;Resumen;https://post.anid.cl/frontend.php/es/postulacion/descargar/hash/943e0c2b86b7b778bbe276966c5ad939
3220005;FONDECYT de Postdoctorado 2022;2022;Resumen;https://post.anid.cl/frontend.php/es/postulacion/descargar/hash/e2feca1ee8cc5c3f3853ec9d9ea0dfd1
3220006;FONDECYT de Postdoctorado 2022;2022;Resumen;https://post.anid.cl/frontend.php/es/postulacion/descargar/hash/d5361f2d760ad150ab59862c264fbc9f
3220009;FONDECYT de Postdoctorado 2022;2022;Resumen;https://post.anid.cl/frontend.php/es/postulacion/descargar/hash/6d92515d9f3d526b3533888c78255ff6
3220016;FONDECYT de Postdoctorado 2022;2022;Resumen;https://post.anid.cl/frontend.php/es/postulacion/descargar/hash/d0e5dd91fa25234338bb62ed0ae5b61a
3220017;FONDECYT de Postdoctorado 2022;2022;Resumen;https://post.anid.cl/frontend.php/es/postulacion/descargar/hash/9475a48d6b83c5353db276ee9e2bce5e
3220019;FONDECYT de Postdoctorado 2022;2022;Resumen;https://post.anid.cl/frontend.php/es/postulacion/descargar/hash/50ef6bfb7d00c85da34f3730d2a90983
3220020;FONDECYT de Postdoctorado 2022;2022;Resumen;https://post.anid.cl/frontend.php/es/postulacion/descargar/hash/492765d970103a5f7a69fb6c155f409c
3220021;FONDECYT de Postdoctorado 2022;2022;Resumen;https://post.anid.cl/frontend.php/es/postulacion/descargar/hash/a67dbe8510ae9e3198dae345a8de176b
3220023;FONDECYT de Postdoctorado 2022;2022;Resumen;https://post.anid.cl/frontend.php/es/postulacion/descargar/hash/108d8a1655c72ce145ef281cc01cb8b6
3220025;FONDECYT de Postdoctorado 2022;2022;Resumen;https://post.anid.cl/frontend.php/es/postulacion/descargar/hash/b44e7a3f5e09abcbb66ab35686f6cc24
3220026;FONDECYT de Postdoctorado 2022;2022;Resumen;https://post.anid.cl/frontend.php/es/postulacion/descargar/hash/51d4c28973bd05d8371a706bfd670faa
3220027;FONDECYT de Postdoctorado 2022;2022;Resumen;https://post.anid.cl/frontend.php/es/postulacion/descargar/hash/096c042ca3b6ccee69dad7fe3c1fddf8
3220029;FONDECYT de Postdoctorado 2022;2022;Resumen;https://post.anid.cl/frontend.php/es/postulacion/descargar/hash/0b8f424ad1640539773f82a35b31af9c
3220031;FONDECYT de Postdoctorado 2022;2022;Resumen;https://post.anid.cl/frontend.php/es/postulacion/descargar/hash/799a8fae497d3f09351262b88af2b233
3220033;FONDECYT de Postdoctorado 2022;2022;Resumen;https://post.anid.cl/frontend.php/es/postulacion/descargar/hash/e97a8ae507f05ee2fa9f1e333d4ca602
3220037;FONDECYT de Postdoctorado 2022;2022;Resumen;https://post.anid.cl/frontend.php/es/postulacion/descargar/hash/781be3ca28e1891e152f8f8c9438a11f
3220039;FONDECYT de Postdoctorado 2022;2022;Resumen;https://post.anid.cl/frontend.php/es/postulacion/descargar/hash/44ae330fa9ed82b4d61845cbab31b0e9
3220040;FONDECYT de Postdoctorado 2022;2022;Resumen;https://post.anid.cl/frontend.php/es/postulacion/descargar/hash/87f8850729ff24a7443d53844da2a236
3220043;FONDECYT de Postdoctorado 2022;2022;Resumen;https://post.anid.cl/frontend.php/es/postulacion/descargar/hash/f9b6664f095874b17da26d4b93616d77
3220044;FONDECYT de Postdoctorado 2022;2022;Resumen;https://post.anid.cl/frontend.php/es/postulacion/descargar/hash/36ba87ffecae8b86dc8cb473d1ff4dff
3220048;FONDECYT de Postdoctorado 2022;2022;Resumen;https://post.anid.cl/frontend.php/es/postulacion/descargar/hash/91943c1e41dbc71e80b777de263bce66
3220055;FONDECYT de Postdoctorado 2022;2022;Resumen;https://post.anid.cl/frontend.php/es/postulacion/descargar/hash/0edff4c90517792afc53e0c5de9d23ec
3220056;FONDECYT de Postdoctorado 2022;2022;Resumen;https://post.anid.cl/frontend.php/es/postulacion/descargar/hash/71b11e22ca14a8bf5b4acda97a8516e9
3220058;FONDECYT de Postdoctorado 2022;2022;Resumen;https://post.anid.cl/frontend.php/es/postulacion/descargar/hash/ee06054670fb9506daa8da7bb3d38532
3220076;FONDECYT de Postdoctorado 2022;2022;Resumen;https://post.anid.cl/frontend.php/es/postulacion/descargar/hash/00a9605681713e6c37dade70f56f945a
3220078;FONDECYT de Postdoctorado 2022;2022;Resumen;https://post.anid.cl/frontend.php/es/postulacion/descargar/hash/6c0be76b1ed8ac840e2b58d0ab917718
3220080;FONDECYT de Postdoctorado 2022;2022;Resumen;https://post.anid.cl/frontend.php/es/postulacion/descargar/hash/d247c6f62f4ba82c45659b8d96cf4826
3220083;FONDECYT de Postdoctorado 2022;2022;Resumen;https://post.anid.cl/frontend.php/es/postulacion/descargar/hash/b503c17b99eb028476c9d7de1f07d2ec
3220087;FONDECYT de Postdoctorado 2022;2022;Resumen;https://post.anid.cl/frontend.php/es/postulacion/descargar/hash/f733b869416633cc45497124ffb9822b
3220092;FONDECYT de Postdoctorado 2022;2022;Resumen;https://post.anid.cl/frontend.php/es/postulacion/descargar/hash/6e29c7e15c61e0c51fb88dad824cc151
3220094;FONDECYT de Postdoctorado 2022;2022;Resumen;https://post.anid.cl/frontend.php/es/postulacion/descargar/hash/b32474cbda9d84f5bcfb476ae1bb95f3
3220099;FONDECYT de Postdoctorado 2022;2022;Resumen;https://post.anid.cl/frontend.php/es/postulacion/descargar/hash/f73267ee23fec1adeb67eb22fe196120
3220102;FONDECYT de Postdoctorado 2022;2022;Resumen;https://post.anid.cl/frontend.php/es/postulacion/descargar/hash/bf48659a27c4733d9624f36821684843
3220103;FONDECYT de Postdoctorado 2022;2022;Resumen;https://post.anid.cl/frontend.php/es/postulacion/descargar/hash/50febde37de59a6ea04426431abf3525
3220105;FONDECYT de Postdoctorado 2022;2022;Resumen;https://post.anid.cl/frontend.php/es/postulacion/descargar/hash/487350edfad27e8be6d79e03c20b1dfe
3220108;FONDECYT de Postdoctorado 2022;2022;Resumen;https://post.anid.cl/frontend.php/es/postulacion/descargar/hash/3a38a342fa5240bfe9dc67eda9c8c0d8
3220109;FONDECYT de Postdoctorado 2022;2022;Resumen;https://post.anid.cl/frontend.php/es/postulacion/descargar/hash/282b616f33bc31679c05b6a7e9b87d25
3220110;FONDECYT de Postdoctorado 2022;2022;Resumen;https://post.anid.cl/frontend.php/es/postulacion/descargar/hash/9f789c065d9f89733a82215f15c65e0b
3220112;FONDECYT de Postdoctorado 2022;2022;Resumen;https://post.anid.cl/frontend.php/es/postulacion/descargar/hash/38c91ccccab7659457c3e7a5091e809c
3220113;FONDECYT de Postdoctorado 2022;2022;Resumen;https://post.anid.cl/frontend.php/es/postulacion/descargar/hash/4da335e82e3b337973dcc85698c753fe
3220114;FONDECYT de Postdoctorado 2022;2022;Resumen;https://post.anid.cl/frontend.php/es/postulacion/descargar/hash/feee9039f4c99df698764af60fb7a540
3220115;FONDECYT de Postdoctorado 2022;2022;Resumen;https://post.anid.cl/frontend.php/es/postulacion/descargar/hash/fec6d4fb2a56ad55e8e1a037a672a7c5
3220122;FONDECYT de Postdoctorado 2022;2022;Resumen;https://post.anid.cl/frontend.php/es/postulacion/descargar/hash/b14e795c0db9316fb93f75bfdf13d443
3220124;FONDECYT de Postdoctorado 2022;2022;Resumen;https://post.anid.cl/frontend.php/es/postulacion/descargar/hash/2a94baf4eebd09c9bd01186e7829c167
3220126;FONDECYT de Postdoctorado 2022;2022;Resumen;https://post.anid.cl/frontend.php/es/postulacion/descargar/hash/5cf355d13a3786728f049e7ad80f600a
3220128;FONDECYT de Postdoctorado 2022;2022;Resumen;https://post.anid.cl/frontend.php/es/postulacion/descargar/hash/ef2b3bb5774d72c5f14e35a2adb6142b
3220135;FONDECYT de Postdoctorado 2022;2022;Resumen;https://post.anid.cl/frontend.php/es/postulacion/descargar/hash/b05cbf08e2a30f8d972ffa4d6f483a0a
3220137;FONDECYT de Postdoctorado 2022;2022;Resumen;https://post.anid.cl/frontend.php/es/postulacion/descargar/hash/42a97508f1927e7bb1043f4b98ad5a1e
3220138;FONDECYT de Postdoctorado 2022;2022;Resumen;https://post.anid.cl/frontend.php/es/postulacion/descargar/hash/a800b06cebce86b034dc2ce134fdc4f4
3220141;FONDECYT de Postdoctorado 2022;2022;Resumen;https://post.anid.cl/frontend.php/es/postulacion/descargar/hash/2e376fec271c0394f49c80bc14c3cc32
3220144;FONDECYT de Postdoctorado 2022;2022;Resumen;https://post.anid.cl/frontend.php/es/postulacion/descargar/hash/5fe4820325d768f49d9e41727af6a3bf
3220145;FONDECYT de Postdoctorado 2022;2022;Resumen;https://post.anid.cl/frontend.php/es/postulacion/descargar/hash/65a8e7ac7b8b2f443e62376113cc652f
3220147;FONDECYT de Postdoctorado 2022;2022;Resumen;https://post.anid.cl/frontend.php/es/postulacion/descargar/hash/5cdbdd8cb94c6634aee29bd590b65ab0
3220152;FONDECYT de Postdoctorado 2022;2022;Resumen;https://post.anid.cl/frontend.php/es/postulacion/descargar/hash/f71fded8ef6fa00a3d66334205ebabf5
3220156;FONDECYT de Postdoctorado 2022;2022;Resumen;https://post.anid.cl/frontend.php/es/postulacion/descargar/hash/19ea20fd455acfcadfd9fbe14007bae5
3220157;FONDECYT de Postdoctorado 2022;2022;Resumen;https://post.anid.cl/frontend.php/es/postulacion/descargar/hash/84373aa4c2f6ede44dc41253803c8c65
3220162;FONDECYT de Postdoctorado 2022;2022;Resumen;https://post.anid.cl/frontend.php/es/postulacion/descargar/hash/d7e6501463c76391dd4fa6cc976534bc
3220165;FONDECYT de Postdoctorado 2022;2022;Resumen;https://post.anid.cl/frontend.php/es/postulacion/descargar/hash/ede855b388ce565d0a9502a2d5a76802
3220167;FONDECYT de Postdoctorado 2022;2022;Resumen;https://post.anid.cl/frontend.php/es/postulacion/descargar/hash/e4726def342c6d112bb72dd7f51fd5e1
3220169;FONDECYT de Postdoctorado 2022;2022;Resumen;https://post.anid.cl/frontend.php/es/postulacion/descargar/hash/ee3649f64f8679a96d556e6ac3245675
3220176;FONDECYT de Postdoctorado 2022;2022;Resumen;https://post.anid.cl/frontend.php/es/postulacion/descargar/hash/f4f43baf2f8a62d061af0e7ec98e9859
3220178;FONDECYT de Postdoctorado 2022;2022;Resumen;https://post.anid.cl/frontend.php/es/postulacion/descargar/hash/8f6adc090840f747895ac1b9c9748b61
3220181;FONDECYT de Postdoctorado 2022;2022;Resumen;https://post.anid.cl/frontend.php/es/postulacion/descargar/hash/f4285726d681836ffd83878045a91ac5
3220183;FONDECYT de Postdoctorado 2022;2022;Resumen;https://post.anid.cl/frontend.php/es/postulacion/descargar/hash/c257d420643a9a368efb674e5e4b6ef7
3220193;FONDECYT de Postdoctorado 2022;2022;Resumen;https://post.anid.cl/frontend.php/es/postulacion/descargar/hash/eac3df65981ddf08365419c747bf2e70
3220194;FONDECYT de Postdoctorado 2022;2022;Resumen;https://post.anid.cl/frontend.php/es/postulacion/descargar/hash/90787666eedd92b6d9ecdeb23f82ae0d
3220195;FONDECYT de Postdoctorado 2022;2022;Resumen;https://post.anid.cl/frontend.php/es/postulacion/descargar/hash/c7f093437449e8a66d9103eedb541b1b
3220196;FONDECYT de Postdoctorado 2022;2022;Resumen;https://post.anid.cl/frontend.php/es/postulacion/descargar/hash/5cb4e1337d97887db90fc111ac8b1397
3220198;FONDECYT de Postdoctorado 2022;2022;Resumen;https://post.anid.cl/frontend.php/es/postulacion/descargar/hash/3df716aad14ec0336c6f3751f587f274
3220199;FONDECYT de Postdoctorado 2022;2022;Resumen;https://post.anid.cl/frontend.php/es/postulacion/descargar/hash/42e44e13dc30fd14989e6cb4455660c1
3220200;FONDECYT de Postdoctorado 2022;2022;Resumen;https://post.anid.cl/frontend.php/es/postulacion/descargar/hash/003e102f896bfbaede4b9f2f8307e5fb
3220201;FONDECYT de Postdoctorado 2022;2022;Resumen;https://post.anid.cl/frontend.php/es/postulacion/descargar/hash/9bdbb4922f13a968669daf0abf510242
3220204;FONDECYT de Postdoctorado 2022;2022;Resumen;https://post.anid.cl/frontend.php/es/postulacion/descargar/hash/413e26504bfc5fa4a29d6c6c816f5379
3220205;FONDECYT de Postdoctorado 2022;2022;Resumen;https://post.anid.cl/frontend.php/es/postulacion/descargar/hash/8681d3d0be7aa0b7bd95bee8c7e864a5
3220206;FONDECYT de Postdoctorado 2022;2022;Resumen;https://post.anid.cl/frontend.php/es/postulacion/descargar/hash/80958a31629958b0c8b5743d32cf3f4d
3220208;FONDECYT de Postdoctorado 2022;2022;Resumen;https://post.anid.cl/frontend.php/es/postulacion/descargar/hash/32fcee276a2cb79bdd6f8885bb9d9323
3220214;FONDECYT de Postdoctorado 2022;2022;Resumen;https://post.anid.cl/frontend.php/es/postulacion/descargar/hash/67782bd09928219cb67946d94e2a1669
3220215;FONDECYT de Postdoctorado 2022;2022;Resumen;https://post.anid.cl/frontend.php/es/postulacion/descargar/hash/ce7f6bc196a7365225bc77b47308af6f
3220218;FONDECYT de Postdoctorado 2022;2022;Resumen;https://post.anid.cl/frontend.php/es/postulacion/descargar/hash/0c8079d23796c02561e2edf989cacb62
3220233;FONDECYT de Postdoctorado 2022;2022;Resumen;https://post.anid.cl/frontend.php/es/postulacion/descargar/hash/d039e8298bd7cba9d31b4e11cc187e13
3220236;FONDECYT de Postdoctorado 2022;2022;Resumen;https://post.anid.cl/frontend.php/es/postulacion/descargar/hash/02ef34ed39d282f82245442d2a8b4a11
3220237;FONDECYT de Postdoctorado 2022;2022;Resumen;https://post.anid.cl/frontend.php/es/postulacion/descargar/hash/e44457da3143027a210606e2b0065af1
3220241;FONDECYT de Postdoctorado 2022;2022;Resumen;https://post.anid.cl/frontend.php/es/postulacion/descargar/hash/2cf6599b4459dbc281b137e1ae51c39c
3220246;FONDECYT de Postdoctorado 2022;2022;Resumen;https://post.anid.cl/frontend.php/es/postulacion/descargar/hash/1fc232f5ecde6c82bbaf8d4e074472d5
3220248;FONDECYT de Postdoctorado 2022;2022;Resumen;https://post.anid.cl/frontend.php/es/postulacion/descargar/hash/581b651236fffdfc23f4381bccf4a6df
3220251;FONDECYT de Postdoctorado 2022;2022;Resumen;https://post.anid.cl/frontend.php/es/postulacion/descargar/hash/5f1696f18a122998dfd83f96fef83c51
3220252;FONDECYT de Postdoctorado 2022;2022;Resumen;https://post.anid.cl/frontend.php/es/postulacion/descargar/hash/ccaaded96693f0758effef3e8a5381de
3220253;FONDECYT de Postdoctorado 2022;2022;Resumen;https://post.anid.cl/frontend.php/es/postulacion/descargar/hash/80eef798285e63b1bddd7e6640332a25
3220254;FONDECYT de Postdoctorado 2022;2022;Resumen;https://post.anid.cl/frontend.php/es/postulacion/descargar/hash/0a936017aa6663bbaf1030810fb6ae9f
3220255;FONDECYT de Postdoctorado 2022;2022;Resumen;https://post.anid.cl/frontend.php/es/postulacion/descargar/hash/a4e193b3257d7fa2a22622d565e91fad
3220263;FONDECYT de Postdoctorado 2022;2022;Resumen;https://post.anid.cl/frontend.php/es/postulacion/descargar/hash/faf3fd80ebecb3d57c2936e4b7a6ac82
3220264;FONDECYT de Postdoctorado 2022;2022;Resumen;https://post.anid.cl/frontend.php/es/postulacion/descargar/hash/dd19c80aa3203f397e45ff96481f0c4f
3220265;FONDECYT de Postdoctorado 2022;2022;Resumen;https://post.anid.cl/frontend.php/es/postulacion/descargar/hash/4f86ad4567203bc33e8a27f44ab59055
3220266;FONDECYT de Postdoctorado 2022;2022;Resumen;https://post.anid.cl/frontend.php/es/postulacion/descargar/hash/3db4bb2b197014bd915f36c2f717e50b
3220267;FONDECYT de Postdoctorado 2022;2022;Resumen;https://post.anid.cl/frontend.php/es/postulacion/descargar/hash/9c08f9b9af8419557eede59ebe1f6ea8
3220269;FONDECYT de Postdoctorado 2022;2022;Resumen;https://post.anid.cl/frontend.php/es/postulacion/descargar/hash/59b247580343cb33ccbdc6b5e25ca0ca
3220275;FONDECYT de Postdoctorado 2022;2022;Resumen;https://post.anid.cl/frontend.php/es/postulacion/descargar/hash/16cc8397113648e70c279f64f87b8329
3220276;FONDECYT de Postdoctorado 2022;2022;Resumen;https://post.anid.cl/frontend.php/es/postulacion/descargar/hash/e68b9388bf69defa8e9cf3e5aa735fd9
3220278;FONDECYT de Postdoctorado 2022;2022;Resumen;https://post.anid.cl/frontend.php/es/postulacion/descargar/hash/ee4065ce47ec6ffdff8b9e5d0b713d1a
3220282;FONDECYT de Postdoctorado 2022;2022;Resumen;https://post.anid.cl/frontend.php/es/postulacion/descargar/hash/5bd78dfd17f9327e698f5154157bbf47
3220284;FONDECYT de Postdoctorado 2022;2022;Resumen;https://post.anid.cl/frontend.php/es/postulacion/descargar/hash/6191aaec74930051202abdd051fea8ad
3220287;FONDECYT de Postdoctorado 2022;2022;Resumen;https://post.anid.cl/frontend.php/es/postulacion/descargar/hash/39a055b969aad55ca3b006c9b5d32950
3220289;FONDECYT de Postdoctorado 2022;2022;Resumen;https://post.anid.cl/frontend.php/es/postulacion/descargar/hash/71dfb994c69c7afce59e672d2a45b0c5
3220291;FONDECYT de Postdoctorado 2022;2022;Resumen;https://post.anid.cl/frontend.php/es/postulacion/descargar/hash/61c73ca7c74de64b3d0792a55812c532
3220297;FONDECYT de Postdoctorado 2022;2022;Resumen;https://post.anid.cl/frontend.php/es/postulacion/descargar/hash/a3a6657418b384c1fd7cbd327441d7c1
3220299;FONDECYT de Postdoctorado 2022;2022;Resumen;https://post.anid.cl/frontend.php/es/postulacion/descargar/hash/7c47b0df58266a8d307c7037b6a129d0
3220300;FONDECYT de Postdoctorado 2022;2022;Resumen;https://post.anid.cl/frontend.php/es/postulacion/descargar/hash/4d4597e18c069f8da52c2db8b4cded28
3220304;FONDECYT de Postdoctorado 2022;2022;Resumen;https://post.anid.cl/frontend.php/es/postulacion/descargar/hash/76268813a412dab0f642b2c66a3c7030
3220305;FONDECYT de Postdoctorado 2022;2022;Resumen;https://post.anid.cl/frontend.php/es/postulacion/descargar/hash/00e270fa001a0b1a3ef8599e842559fd
3220307;FONDECYT de Postdoctorado 2022;2022;Resumen;https://post.anid.cl/frontend.php/es/postulacion/descargar/hash/7c3be1dfa99584e04283f6b3a17a6649
3220310;FONDECYT de Postdoctorado 2022;2022;Resumen;https://post.anid.cl/frontend.php/es/postulacion/descargar/hash/4b51f57926e32441386d6a9061d76fc4
3220312;FONDECYT de Postdoctorado 2022;2022;Resumen;https://post.anid.cl/frontend.php/es/postulacion/descargar/hash/6f1602bcab0a91fda3db8317fec25c99
3220317;FONDECYT de Postdoctorado 2022;2022;Resumen;https://post.anid.cl/frontend.php/es/postulacion/descargar/hash/0083865903bc4762ac33821891345d5b
3220318;FONDECYT de Postdoctorado 2022;2022;Resumen;https://post.anid.cl/frontend.php/es/postulacion/descargar/hash/916dbe7735853242d9a6f0551f55e268
3220319;FONDECYT de Postdoctorado 2022;2022;Resumen;https://post.anid.cl/frontend.php/es/postulacion/descargar/hash/c48fcdba31cedb3567a90d989a60eeca
3220321;FONDECYT de Postdoctorado 2022;2022;Resumen;https://post.anid.cl/frontend.php/es/postulacion/descargar/hash/cd93ab08767846b0b2dcc1db66969938
3220324;FONDECYT de Postdoctorado 2022;2022;Resumen;https://post.anid.cl/frontend.php/es/postulacion/descargar/hash/630f3148e68702dedb6dde26175563f2
3220327;FONDECYT de Postdoctorado 2022;2022;Resumen;https://post.anid.cl/frontend.php/es/postulacion/descargar/hash/191f511e657e034321169630e62d5780
3220328;FONDECYT de Postdoctorado 2022;2022;Resumen;https://post.anid.cl/frontend.php/es/postulacion/descargar/hash/f397db1acfa1ac8a5f2c62e619d4669c
3220332;FONDECYT de Postdoctorado 2022;2022;Resumen;https://post.anid.cl/frontend.php/es/postulacion/descargar/hash/d9ef7fcaed0b606deae9976c1407b057
3220336;FONDECYT de Postdoctorado 2022;2022;Resumen;https://post.anid.cl/frontend.php/es/postulacion/descargar/hash/575dd22124ace881c9dbd5a696b53f81
3220345;FONDECYT de Postdoctorado 2022;2022;Resumen;https://post.anid.cl/frontend.php/es/postulacion/descargar/hash/0e453e9c5f2183bfdb7573da38484caa
3220346;FONDECYT de Postdoctorado 2022;2022;Resumen;https://post.anid.cl/frontend.php/es/postulacion/descargar/hash/90080de8f9dc1a065e00fb1abb3b718f
3220352;FONDECYT de Postdoctorado 2022;2022;Resumen;https://post.anid.cl/frontend.php/es/postulacion/descargar/hash/4be95eceff57f3a0afa54b5a19734429
3220357;FONDECYT de Postdoctorado 2022;2022;Resumen;https://post.anid.cl/frontend.php/es/postulacion/descargar/hash/bd7f0062a5ad5fe5d48c7fc7e6f73ef1
3220359;FONDECYT de Postdoctorado 2022;2022;Resumen;https://post.anid.cl/frontend.php/es/postulacion/descargar/hash/66ca5de2b70435b3c3da9fbcd02ac6ac
3220360;FONDECYT de Postdoctorado 2022;2022;Resumen;https://post.anid.cl/frontend.php/es/postulacion/descargar/hash/5c60133e6eaaa1b107347833b80750fc
3220368;FONDECYT de Postdoctorado 2022;2022;Resumen;https://post.anid.cl/frontend.php/es/postulacion/descargar/hash/395917a44b5fef46702d1e64ad17b27f
3220370;FONDECYT de Postdoctorado 2022;2022;Resumen;https://post.anid.cl/frontend.php/es/postulacion/descargar/hash/be91d0e8e27dca8080d994a84836cbfa
3220371;FONDECYT de Postdoctorado 2022;2022;Resumen;https://post.anid.cl/frontend.php/es/postulacion/descargar/hash/1b1891acf489670866d1328327e0bfcd
3220373;FONDECYT de Postdoctorado 2022;2022;Resumen;https://post.anid.cl/frontend.php/es/postulacion/descargar/hash/e36565a37f74bc6c806adc10baa05c7d
3220381;FONDECYT de Postdoctorado 2022;2022;Resumen;https://post.anid.cl/frontend.php/es/postulacion/descargar/hash/adf153cc4e9840e89640ed797dad9fed
3220382;FONDECYT de Postdoctorado 2022;2022;Resumen;https://post.anid.cl/frontend.php/es/postulacion/descargar/hash/91883dad0e45b30698272d91fc3dda03
3220390;FONDECYT de Postdoctorado 2022;2022;Resumen;https://post.anid.cl/frontend.php/es/postulacion/descargar/hash/349a54521a6239b501fcc6317a2ed40e
3220391;FONDECYT de Postdoctorado 2022;2022;Resumen;https://post.anid.cl/frontend.php/es/postulacion/descargar/hash/ffcb7b600b89866b78e1f58b305af9ff
3220395;FONDECYT de Postdoctorado 2022;2022;Resumen;https://post.anid.cl/frontend.php/es/postulacion/descargar/hash/b53971906e4bc4dc97a908485f20758b
3220399;FONDECYT de Postdoctorado 2022;2022;Resumen;https://post.anid.cl/frontend.php/es/postulacion/descargar/hash/1e5cc3b69e8cdebe9cea36ebd5d6c7e8
3220401;FONDECYT de Postdoctorado 2022;2022;Resumen;https://post.anid.cl/frontend.php/es/postulacion/descargar/hash/fc21bb83c07c8fed4fe5ba0a9edb076c
3220402;FONDECYT de Postdoctorado 2022;2022;Resumen;https://post.anid.cl/frontend.php/es/postulacion/descargar/hash/3103596b9569a79226f3e1fcf2f355de
3220403;FONDECYT de Postdoctorado 2022;2022;Resumen;https://post.anid.cl/frontend.php/es/postulacion/descargar/hash/10656c761767c0994898da9aa26f8f7e
3220404;FONDECYT de Postdoctorado 2022;2022;Resumen;https://post.anid.cl/frontend.php/es/postulacion/descargar/hash/e56c94f24dd5e513ec382fd97f7cd608
3220406;FONDECYT de Postdoctorado 2022;2022;Resumen;https://post.anid.cl/frontend.php/es/postulacion/descargar/hash/e277b136363a7ba3a43e467f902e751c
3220413;FONDECYT de Postdoctorado 2022;2022;Resumen;https://post.anid.cl/frontend.php/es/postulacion/descargar/hash/d24004ae06fdbbc9bf0dedf2ebb4dbb2
3220414;FONDECYT de Postdoctorado 2022;2022;Resumen;https://post.anid.cl/frontend.php/es/postulacion/descargar/hash/8e46c1c516e5846526e638fb98a2cfde
3220417;FONDECYT de Postdoctorado 2022;2022;Resumen;https://post.anid.cl/frontend.php/es/postulacion/descargar/hash/3c1f86424fb65ab9a09b64600d4228bc
3220418;FONDECYT de Postdoctorado 2022;2022;Resumen;https://post.anid.cl/frontend.php/es/postulacion/descargar/hash/b6d1ed9202946d3a76635fd82a0f56a0
3220422;FONDECYT de Postdoctorado 2022;2022;Resumen;https://post.anid.cl/frontend.php/es/postulacion/descargar/hash/76434addf283f411e14bda88cbb46d0a
3220427;FONDECYT de Postdoctorado 2022;2022;Resumen;https://post.anid.cl/frontend.php/es/postulacion/descargar/hash/f4e53e4a567ca05903e83e28b0a6d513
3220433;FONDECYT de Postdoctorado 2022;2022;Resumen;https://post.anid.cl/frontend.php/es/postulacion/descargar/hash/ef086a0bb07ca99939945d7edf7040e6
3220441;FONDECYT de Postdoctorado 2022;2022;Resumen;https://post.anid.cl/frontend.php/es/postulacion/descargar/hash/73f2138a0e6a809e479c66c7d18086b1
3220446;FONDECYT de Postdoctorado 2022;2022;Resumen;https://post.anid.cl/frontend.php/es/postulacion/descargar/hash/f31e798ddd961ad3ccdd0ff828d49237
3220447;FONDECYT de Postdoctorado 2022;2022;Resumen;https://post.anid.cl/frontend.php/es/postulacion/descargar/hash/e935a442e4b1621b224cd7abcd828ee8
3220449;FONDECYT de Postdoctorado 2022;2022;Resumen;https://post.anid.cl/frontend.php/es/postulacion/descargar/hash/5c612e68b340babfdbed27dbd8cc64c4
3220450;FONDECYT de Postdoctorado 2022;2022;Resumen;https://post.anid.cl/frontend.php/es/postulacion/descargar/hash/9cfae535b32689935d2e16c46db845ae
3220451;FONDECYT de Postdoctorado 2022;2022;Resumen;https://post.anid.cl/frontend.php/es/postulacion/descargar/hash/cf35fbab3715f5c8e17d020ca539bb6e
3220452;FONDECYT de Postdoctorado 2022;2022;Resumen;https://post.anid.cl/frontend.php/es/postulacion/descargar/hash/58398cda33e628d153a3bb342a71806b
3220454;FONDECYT de Postdoctorado 2022;2022;Resumen;https://post.anid.cl/frontend.php/es/postulacion/descargar/hash/0a327d4c5fb4ae9dfdf63958fc8ea8d7
3220456;FONDECYT de Postdoctorado 2022;2022;Resumen;https://post.anid.cl/frontend.php/es/postulacion/descargar/hash/c68836c816dee2108fd76677d2ea1cb7
3220459;FONDECYT de Postdoctorado 2022;2022;Resumen;https://post.anid.cl/frontend.php/es/postulacion/descargar/hash/0a13febb5c1e4f194d677cf1e8a6fb9d
3220460;FONDECYT de Postdoctorado 2022;2022;Resumen;https://post.anid.cl/frontend.php/es/postulacion/descargar/hash/e997f6833b728195a9ed36609160d337
3220462;FONDECYT de Postdoctorado 2022;2022;Resumen;https://post.anid.cl/frontend.php/es/postulacion/descargar/hash/a8b64b29fd446273c6ba74526a84c551
3220465;FONDECYT de Postdoctorado 2022;2022;Resumen;https://post.anid.cl/frontend.php/es/postulacion/descargar/hash/d0a7303ac5b04e6f3960d4cee24c6215
3220468;FONDECYT de Postdoctorado 2022;2022;Resumen;https://post.anid.cl/frontend.php/es/postulacion/descargar/hash/dbd3327dbc3ae141abb97e8f34f3b718
3220470;FONDECYT de Postdoctorado 2022;2022;Resumen;https://post.anid.cl/frontend.php/es/postulacion/descargar/hash/70616f413c7b6f1a9875e249f67edc99
3220474;FONDECYT de Postdoctorado 2022;2022;Resumen;https://post.anid.cl/frontend.php/es/postulacion/descargar/hash/a3a9e34874cc4e106f8fbd7d88519969
3220475;FONDECYT de Postdoctorado 2022;2022;Resumen;https://post.anid.cl/frontend.php/es/postulacion/descargar/hash/faf059f3f6b3db0e8889dc3d3352495a
3220479;FONDECYT de Postdoctorado 2022;2022;Resumen;https://post.anid.cl/frontend.php/es/postulacion/descargar/hash/95050c555b0730302693295fb8828064
3220485;FONDECYT de Postdoctorado 2022;2022;Resumen;https://post.anid.cl/frontend.php/es/postulacion/descargar/hash/906ee1235d61b06ad7794ff24d7ad5f1
3220486;FONDECYT de Postdoctorado 2022;2022;Resumen;https://post.anid.cl/frontend.php/es/postulacion/descargar/hash/087e5d95e0752bc9ec52c27a49ca6c23
3220492;FONDECYT de Postdoctorado 2022;2022;Resumen;https://post.anid.cl/frontend.php/es/postulacion/descargar/hash/1817dd992c1edade92d250ef67e458e2
3220494;FONDECYT de Postdoctorado 2022;2022;Resumen;https://post.anid.cl/frontend.php/es/postulacion/descargar/hash/51941cfdc857d831241ba5eed844bba8
3220495;FONDECYT de Postdoctorado 2022;2022;Resumen;https://post.anid.cl/frontend.php/es/postulacion/descargar/hash/64e8fe0886b582c7ad588c2a644ed024
3220496;FONDECYT de Postdoctorado 2022;2022;Resumen;https://post.anid.cl/frontend.php/es/postulacion/descargar/hash/597252b9ce2867e85f07ef467770527a
3220504;FONDECYT de Postdoctorado 2022;2022;Resumen;https://post.anid.cl/frontend.php/es/postulacion/descargar/hash/92d008db9d85b227de0224a6db2ecb60
3220505;FONDECYT de Postdoctorado 2022;2022;Resumen;https://post.anid.cl/frontend.php/es/postulacion/descargar/hash/98085767071b2c4b8fd348718563129f
3220507;FONDECYT de Postdoctorado 2022;2022;Resumen;https://post.anid.cl/frontend.php/es/postulacion/descargar/hash/d7204db54cbdc548009877a4cb0d398a
3220509;FONDECYT de Postdoctorado 2022;2022;Resumen;https://post.anid.cl/frontend.php/es/postulacion/descargar/hash/7ce148d6d3f93c94ca75d24137abf46a
3220510;FONDECYT de Postdoctorado 2022;2022;Resumen;https://post.anid.cl/frontend.php/es/postulacion/descargar/hash/d07cba7ce0663ee2c4d18432607174ed
3220516;FONDECYT de Postdoctorado 2022;2022;Resumen;https://post.anid.cl/frontend.php/es/postulacion/descargar/hash/b7eb3bab92e081c8d4a26733abb63ce5
3220519;FONDECYT de Postdoctorado 2022;2022;Resumen;https://post.anid.cl/frontend.php/es/postulacion/descargar/hash/fcc3b186ea068035256d600b25ad51be
3220525;FONDECYT de Postdoctorado 2022;2022;Resumen;https://post.anid.cl/frontend.php/es/postulacion/descargar/hash/09078400d4eafdc50a87c1d98c3e6d1a
3220527;FONDECYT de Postdoctorado 2022;2022;Resumen;https://post.anid.cl/frontend.php/es/postulacion/descargar/hash/ab119339d01320ba882edd7185a5f20c
3220530;FONDECYT de Postdoctorado 2022;2022;Resumen;https://post.anid.cl/frontend.php/es/postulacion/descargar/hash/c1ac20bf8fba24b950e0e40034f05f1a
3220531;FONDECYT de Postdoctorado 2022;2022;Resumen;https://post.anid.cl/frontend.php/es/postulacion/descargar/hash/1e69e5de80a2661f85f857bfb1207f42
3220532;FONDECYT de Postdoctorado 2022;2022;Resumen;https://post.anid.cl/frontend.php/es/postulacion/descargar/hash/522bcc43ce11d1a43b70d4616e2ccaca
3220533;FONDECYT de Postdoctorado 2022;2022;Resumen;https://post.anid.cl/frontend.php/es/postulacion/descargar/hash/b971e953f55a0afed18b222c7573fbe6
3220537;FONDECYT de Postdoctorado 2022;2022;Resumen;https://post.anid.cl/frontend.php/es/postulacion/descargar/hash/4409c98ae0db75898226a9c52d36eb24
3220546;FONDECYT de Postdoctorado 2022;2022;Resumen;https://post.anid.cl/frontend.php/es/postulacion/descargar/hash/ee9846e1c74d6ed5ff3fccf2453073bc
3220547;FONDECYT de Postdoctorado 2022;2022;Resumen;https://post.anid.cl/frontend.php/es/postulacion/descargar/hash/339d4034d2818cd345fa9cc8e73fe3ee
3220557;FONDECYT de Postdoctorado 2022;2022;Resumen;https://post.anid.cl/frontend.php/es/postulacion/descargar/hash/8bd50874e838d3369be10f2394fd06b9
3220558;FONDECYT de Postdoctorado 2022;2022;Resumen;https://post.anid.cl/frontend.php/es/postulacion/descargar/hash/d8254f44580a2eddf4cfb0b842aeb7de
3220561;FONDECYT de Postdoctorado 2022;2022;Resumen;https://post.anid.cl/frontend.php/es/postulacion/descargar/hash/eabaef465b1126d6f6306b2e7d0b5283
3220564;FONDECYT de Postdoctorado 2022;2022;Resumen;https://post.anid.cl/frontend.php/es/postulacion/descargar/hash/ad32beb705ae80df5fff85de439b6a2e
3220565;FONDECYT de Postdoctorado 2022;2022;Resumen;https://post.anid.cl/frontend.php/es/postulacion/descargar/hash/c31ec88f130e112eb7564cabc2a984a8
3220566;FONDECYT de Postdoctorado 2022;2022;Resumen;https://post.anid.cl/frontend.php/es/postulacion/descargar/hash/4b3ff2b9baef2dbad0c1008864ceaab2
3220568;FONDECYT de Postdoctorado 2022;2022;Resumen;https://post.anid.cl/frontend.php/es/postulacion/descargar/hash/8d7ca5d2ac6e351f69cc56f48b346108
3220570;FONDECYT de Postdoctorado 2022;2022;Resumen;https://post.anid.cl/frontend.php/es/postulacion/descargar/hash/a47f448ebcafbb78ce0648ba2431ad9c
3220576;FONDECYT de Postdoctorado 2022;2022;Resumen;https://post.anid.cl/frontend.php/es/postulacion/descargar/hash/11b2f7fafe1421acc1f37c25b57fc219
3220577;FONDECYT de Postdoctorado 2022;2022;Resumen;https://post.anid.cl/frontend.php/es/postulacion/descargar/hash/cad19e96ff8c343cc55ced01e6fde4d6
3220581;FONDECYT de Postdoctorado 2022;2022;Resumen;https://post.anid.cl/frontend.php/es/postulacion/descargar/hash/73f438f5d4c6f69dcc0b4e43dea0a8b8
3220583;FONDECYT de Postdoctorado 2022;2022;Resumen;https://post.anid.cl/frontend.php/es/postulacion/descargar/hash/825c9a65fe7ba1e9a8ecb347fc0e1b26
3220586;FONDECYT de Postdoctorado 2022;2022;Resumen;https://post.anid.cl/frontend.php/es/postulacion/descargar/hash/b792c65e5cab77c4db77f46fd40d2af6
3220587;FONDECYT de Postdoctorado 2022;2022;Resumen;https://post.anid.cl/frontend.php/es/postulacion/descargar/hash/c592c3a75601aa5e785b4777a6e0aeea
3220593;FONDECYT de Postdoctorado 2022;2022;Resumen;https://post.anid.cl/frontend.php/es/postulacion/descargar/hash/fa77e7179260684f66791ccf88a2e203
3220597;FONDECYT de Postdoctorado 2022;2022;Resumen;https://post.anid.cl/frontend.php/es/postulacion/descargar/hash/b8870cb530b19e50170291eefada4174
3220604;FONDECYT de Postdoctorado 2022;2022;Resumen;https://post.anid.cl/frontend.php/es/postulacion/descargar/hash/3d906631bd1b1fed0ea19dfc639d9c18
3220606;FONDECYT de Postdoctorado 2022;2022;Resumen;https://post.anid.cl/frontend.php/es/postulacion/descargar/hash/570741e89cf68344db2940651fbddd76
3220609;FONDECYT de Postdoctorado 2022;2022;Resumen;https://post.anid.cl/frontend.php/es/postulacion/descargar/hash/c095adbc6cce67691601521f55a438f7
3220612;FONDECYT de Postdoctorado 2022;2022;Resumen;https://post.anid.cl/frontend.php/es/postulacion/descargar/hash/87f0cf11539d0a3d8d53d2f3167ccae6
3220616;FONDECYT de Postdoctorado 2022;2022;Resumen;https://post.anid.cl/frontend.php/es/postulacion/descargar/hash/2a9b54dfe3e5d7ddf3f971468558d120
3220618;FONDECYT de Postdoctorado 2022;2022;Resumen;https://post.anid.cl/frontend.php/es/postulacion/descargar/hash/e578acf988b4707ece2c294c20331ac7
3220621;FONDECYT de Postdoctorado 2022;2022;Resumen;https://post.anid.cl/frontend.php/es/postulacion/descargar/hash/c993095646c2cf956cd8f3152e9da330
3220627;FONDECYT de Postdoctorado 2022;2022;Resumen;https://post.anid.cl/frontend.php/es/postulacion/descargar/hash/12c595fa2229b457fb153a7167cfc668
3220628;FONDECYT de Postdoctorado 2022;2022;Resumen;https://post.anid.cl/frontend.php/es/postulacion/descargar/hash/6074a32ab0ed5a821056572709183d24
3220630;FONDECYT de Postdoctorado 2022;2022;Resumen;https://post.anid.cl/frontend.php/es/postulacion/descargar/hash/3524fcaf5ca915e1c6e9033bb94c7189
3220631;FONDECYT de Postdoctorado 2022;2022;Resumen;https://post.anid.cl/frontend.php/es/postulacion/descargar/hash/1aa1ecbc22c70e80717b0696e164b204
3220633;FONDECYT de Postdoctorado 2022;2022;Resumen;https://post.anid.cl/frontend.php/es/postulacion/descargar/hash/afbd8dfe12e5748c743044e6dfc50bd8
3220635;FONDECYT de Postdoctorado 2022;2022;Resumen;https://post.anid.cl/frontend.php/es/postulacion/descargar/hash/7d572b6ff8ecef5cb291f777c8f21530
3220639;FONDECYT de Postdoctorado 2022;2022;Resumen;https://post.anid.cl/frontend.php/es/postulacion/descargar/hash/4eabd3b3ed0ca8a8956124f70c04c974
3220650;FONDECYT de Postdoctorado 2022;2022;Resumen;https://post.anid.cl/frontend.php/es/postulacion/descargar/hash/3a9043fa4f1475cd6bda231c942da57c
3220656;FONDECYT de Postdoctorado 2022;2022;Resumen;https://post.anid.cl/frontend.php/es/postulacion/descargar/hash/c5791e06894dd25a857613f1edb51a16
3220661;FONDECYT de Postdoctorado 2022;2022;Resumen;https://post.anid.cl/frontend.php/es/postulacion/descargar/hash/137d4538da8cfb4a3cb302291f9241dd
3220663;FONDECYT de Postdoctorado 2022;2022;Resumen;https://post.anid.cl/frontend.php/es/postulacion/descargar/hash/c60e5e122320448e0fca9dfdeeb70f9f
3220665;FONDECYT de Postdoctorado 2022;2022;Resumen;https://post.anid.cl/frontend.php/es/postulacion/descargar/hash/dd0b64b3db4f392d694fa21545da220d
3220669;FONDECYT de Postdoctorado 2022;2022;Resumen;https://post.anid.cl/frontend.php/es/postulacion/descargar/hash/4d06dab810c9b2e56f0050d46fba14a7
3220672;FONDECYT de Postdoctorado 2022;2022;Resumen;https://post.anid.cl/frontend.php/es/postulacion/descargar/hash/4890e4ca1643a1a21b44011b2c962e0d
3220673;FONDECYT de Postdoctorado 2022;2022;Resumen;https://post.anid.cl/frontend.php/es/postulacion/descargar/hash/ea8d320998b74dc42fe69c1c21c101ca
3220674;FONDECYT de Postdoctorado 2022;2022;Resumen;https://post.anid.cl/frontend.php/es/postulacion/descargar/hash/50cc3035a801aa4950a7b42f7f8cb790
3220681;FONDECYT de Postdoctorado 2022;2022;Resumen;https://post.anid.cl/frontend.php/es/postulacion/descargar/hash/89c53557f7cd162adee98a092b14b627
3220685;FONDECYT de Postdoctorado 2022;2022;Resumen;https://post.anid.cl/frontend.php/es/postulacion/descargar/hash/ba1d67aedcc91d370432684c0aa56013
3220686;FONDECYT de Postdoctorado 2022;2022;Resumen;https://post.anid.cl/frontend.php/es/postulacion/descargar/hash/87e66967edbda89808d6d764546ae5cc
3220689;FONDECYT de Postdoctorado 2022;2022;Resumen;https://post.anid.cl/frontend.php/es/postulacion/descargar/hash/0f2023aa604fd42b623c72229ebc809c
3220691;FONDECYT de Postdoctorado 2022;2022;Resumen;https://post.anid.cl/frontend.php/es/postulacion/descargar/hash/255a363deb7d06feccb4d6244b338827
3220702;FONDECYT de Postdoctorado 2022;2022;Resumen;https://post.anid.cl/frontend.php/es/postulacion/descargar/hash/930cddaef13c5e0ac34ccbadb63ad51d
3220711;FONDECYT de Postdoctorado 2022;2022;Resumen;https://post.anid.cl/frontend.php/es/postulacion/descargar/hash/3a5c985e5c08e514d54c8c54969f3289
3220714;FONDECYT de Postdoctorado 2022;2022;Resumen;https://post.anid.cl/frontend.php/es/postulacion/descargar/hash/b0483802b760053d05c0035e49274878
3220722;FONDECYT de Postdoctorado 2022;2022;Resumen;https://post.anid.cl/frontend.php/es/postulacion/descargar/hash/0d68c0d8c840eca706b67a4171dba0f7
3220723;FONDECYT de Postdoctorado 2022;2022;Resumen;https://post.anid.cl/frontend.php/es/postulacion/descargar/hash/00049e39cf8f99295de60ab4e95b5db3
3220728;FONDECYT de Postdoctorado 2022;2022;Resumen;https://post.anid.cl/frontend.php/es/postulacion/descargar/hash/81719c1342cf0006e720299c9ae02e69
3220729;FONDECYT de Postdoctorado 2022;2022;Resumen;https://post.anid.cl/frontend.php/es/postulacion/descargar/hash/1329981565c9da7fc9c82ce935bd7b3c
3220730;FONDECYT de Postdoctorado 2022;2022;Resumen;https://post.anid.cl/frontend.php/es/postulacion/descargar/hash/eece61a636e01d16680b19baf92d6db4
3220737;FONDECYT de Postdoctorado 2022;2022;Resumen;https://post.anid.cl/frontend.php/es/postulacion/descargar/hash/d2b1824826596ad87d4acf1d03111a19
3220738;FONDECYT de Postdoctorado 2022;2022;Resumen;https://post.anid.cl/frontend.php/es/postulacion/descargar/hash/d4d0a5e730d885d821a4114b6df9076e
3220741;FONDECYT de Postdoctorado 2022;2022;Resumen;https://post.anid.cl/frontend.php/es/postulacion/descargar/hash/6f409847e3bc0bf6de62d70e50ff0800
3220742;FONDECYT de Postdoctorado 2022;2022;Resumen;https://post.anid.cl/frontend.php/es/postulacion/descargar/hash/dda10feb63485624cbb9469bcebc7a3a
3220747;FONDECYT de Postdoctorado 2022;2022;Resumen;https://post.anid.cl/frontend.php/es/postulacion/descargar/hash/f8642236b5b1b47f347b9348ee6e6bfc
3220751;FONDECYT de Postdoctorado 2022;2022;Resumen;https://post.anid.cl/frontend.php/es/postulacion/descargar/hash/3aca34ceddd145fd24edf2a6635bc55c
3220756;FONDECYT de Postdoctorado 2022;2022;Resumen;https://post.anid.cl/frontend.php/es/postulacion/descargar/hash/5f65c231bab723315f150c5843470228
3220759;FONDECYT de Postdoctorado 2022;2022;Resumen;https://post.anid.cl/frontend.php/es/postulacion/descargar/hash/08346682439975ef75cb80513ae8a2cc
3220760;FONDECYT de Postdoctorado 2022;2022;Resumen;https://post.anid.cl/frontend.php/es/postulacion/descargar/hash/aed7cad4926f129799933d6411d8866a
3220767;FONDECYT de Postdoctorado 2022;2022;Resumen;https://post.anid.cl/frontend.php/es/postulacion/descargar/hash/1220ee0a36c87ceabe4419cbeb472cfe
3220768;FONDECYT de Postdoctorado 2022;2022;Resumen;https://post.anid.cl/frontend.php/es/postulacion/descargar/hash/4b4b11d6419496d3bcb71ac881e30826
3220776;FONDECYT de Postdoctorado 2022;2022;Resumen;https://post.anid.cl/frontend.php/es/postulacion/descargar/hash/5a42aef73ea562cee6ca15556721b504
3220781;FONDECYT de Postdoctorado 2022;2022;Resumen;https://post.anid.cl/frontend.php/es/postulacion/descargar/hash/8cae88858017b72d75049115556a9f01
3220782;FONDECYT de Postdoctorado 2022;2022;Resumen;https://post.anid.cl/frontend.php/es/postulacion/descargar/hash/f152f6972b040c66a6151d300abda4ee
3220783;FONDECYT de Postdoctorado 2022;2022;Resumen;https://post.anid.cl/frontend.php/es/postulacion/descargar/hash/8e418edde63a780ff97ced3d8809d8a6
3220785;FONDECYT de Postdoctorado 2022;2022;Resumen;https://post.anid.cl/frontend.php/es/postulacion/descargar/hash/a4b0fd2b6d65fa8c3ee39fa01ad4e901
3220787;FONDECYT de Postdoctorado 2022;2022;Resumen;https://post.anid.cl/frontend.php/es/postulacion/descargar/hash/accc1cd05ca72cfeea81a072c43d0c79
3220788;FONDECYT de Postdoctorado 2022;2022;Resumen;https://post.anid.cl/frontend.php/es/postulacion/descargar/hash/0970d8483f1e56293c98daee6f0913d3
3220792;FONDECYT de Postdoctorado 2022;2022;Resumen;https://post.anid.cl/frontend.php/es/postulacion/descargar/hash/7bdf6201e07bd70562da8e7d94c7e514
3220799;FONDECYT de Postdoctorado 2022;2022;Resumen;https://post.anid.cl/frontend.php/es/postulacion/descargar/hash/a73652cb0e43ef67b08eea114b5f6b09
3220801;FONDECYT de Postdoctorado 2022;2022;Resumen;https://post.anid.cl/frontend.php/es/postulacion/descargar/hash/9a0ec135dd07b5a0b7c388f3b9ec77cd
3220803;FONDECYT de Postdoctorado 2022;2022;Resumen;https://post.anid.cl/frontend.php/es/postulacion/descargar/hash/1491c69d432ac6a4499cf777e3571d86
3220805;FONDECYT de Postdoctorado 2022;2022;Resumen;https://post.anid.cl/frontend.php/es/postulacion/descargar/hash/424d9bae828eee90b59d03d54bea7bbb
3220809;FONDECYT de Postdoctorado 2022;2022;Resumen;https://post.anid.cl/frontend.php/es/postulacion/descargar/hash/d5d44a6a2a6b8e624fd46dacb3464399
3220817;FONDECYT de Postdoctorado 2022;2022;Resumen;https://post.anid.cl/frontend.php/es/postulacion/descargar/hash/24b7513bf99c3001c685984751b8c5ad
3220826;FONDECYT de Postdoctorado 2022;2022;Resumen;https://post.anid.cl/frontend.php/es/postulacion/descargar/hash/7da4b294f96304035fd80c743edf0ecd
3220832;FONDECYT de Postdoctorado 2022;2022;Resumen;https://post.anid.cl/frontend.php/es/postulacion/descargar/hash/82fb56c087090e2db53d8dd63e76054f
3220838;FONDECYT de Postdoctorado 2022;2022;Resumen;https://post.anid.cl/frontend.php/es/postulacion/descargar/hash/c43d9d38682f56f58e64e748c2a353b0
3220839;FONDECYT de Postdoctorado 2022;2022;Resumen;https://post.anid.cl/frontend.php/es/postulacion/descargar/hash/86c7f2dbdf00a6bbf715a869baf11308
3220844;FONDECYT de Postdoctorado 2022;2022;Resumen;https://post.anid.cl/frontend.php/es/postulacion/descargar/hash/f04ba9dea153061faac6117d1bf01ab8
3220846;FONDECYT de Postdoctorado 2022;2022;Resumen;https://post.anid.cl/frontend.php/es/postulacion/descargar/hash/300f349bf8b391d09be847e61f2951a8
3220857;FONDECYT de Postdoctorado 2022;2022;Resumen;https://post.anid.cl/frontend.php/es/postulacion/descargar/hash/1c8b829c01e81ba4148eea99842c8b9b
3220858;FONDECYT de Postdoctorado 2022;2022;Resumen;https://post.anid.cl/frontend.php/es/postulacion/descargar/hash/dee574b24e92f403931df9e448e201b6
3220859;FONDECYT de Postdoctorado 2022;2022;Resumen;https://post.anid.cl/frontend.php/es/postulacion/descargar/hash/2d59148f5d3af1444675037b162e68cc
3220861;FONDECYT de Postdoctorado 2022;2022;Resumen;https://post.anid.cl/frontend.php/es/postulacion/descargar/hash/a3211a24c048d4785b026b61d0a39712
3220863;FONDECYT de Postdoctorado 2022;2022;Resumen;https://post.anid.cl/frontend.php/es/postulacion/descargar/hash/dedee3c5f603a9719d084e7838eec9eb
3220864;FONDECYT de Postdoctorado 2022;2022;Resumen;https://post.anid.cl/frontend.php/es/postulacion/descargar/hash/45ec9cdcc57d7821663f96f26ebdbaf1
3220866;FONDECYT de Postdoctorado 2022;2022;Resumen;https://post.anid.cl/frontend.php/es/postulacion/descargar/hash/95ae1d7efb3182d7f4950a2c77e55c2b
3220871;FONDECYT de Postdoctorado 2022;2022;Resumen;https://post.anid.cl/frontend.php/es/postulacion/descargar/hash/232256107a5b8677b7bdd72d6f81ecda
3220873;FONDECYT de Postdoctorado 2022;2022;Resumen;https://post.anid.cl/frontend.php/es/postulacion/descargar/hash/8ca493df83e95c77d9d64dcda944b287
3220876;FONDECYT de Postdoctorado 2022;2022;Resumen;https://post.anid.cl/frontend.php/es/postulacion/descargar/hash/1aa24f5a6be151871cbc046c0a20ba88
3220883;FONDECYT de Postdoctorado 2022;2022;Resumen;https://post.anid.cl/frontend.php/es/postulacion/descargar/hash/b44332a51925312b6f7608501efaf805
3230001;FONDECYT de Postdoctorado 2023;2023;Resumen;https://post.anid.cl/frontend.php/es/postulacion/descargar/hash/bd6fa495aa690dea8ce28c6c322c3896
3230006;FONDECYT de Postdoctorado 2023;2023;Resumen;https://post.anid.cl/frontend.php/es/postulacion/descargar/hash/c2395c8be59cabb609744716ba33b58d
3230016;FONDECYT de Postdoctorado 2023;2023;Resumen;https://post.anid.cl/frontend.php/es/postulacion/descargar/hash/99a32b4f2e114ec4f9d65641209d239a
3230018;FONDECYT de Postdoctorado 2023;2023;Resumen;https://post.anid.cl/frontend.php/es/postulacion/descargar/hash/5bf84696c12a7945518be2b784e6ffa8
3230019;FONDECYT de Postdoctorado 2023;2023;Resumen;https://post.anid.cl/frontend.php/es/postulacion/descargar/hash/b7f01bb7942f6c5e9efc27f1f7ddc62b
3230020;FONDECYT de Postdoctorado 2023;2023;Resumen;https://post.anid.cl/frontend.php/es/postulacion/descargar/hash/25edf243ebf69c5a128d99817939d5dd
3230023;FONDECYT de Postdoctorado 2023;2023;Resumen;https://post.anid.cl/frontend.php/es/postulacion/descargar/hash/991d9022abdacfc9dc4a24222898e78d
3230024;FONDECYT de Postdoctorado 2023;2023;Resumen;https://post.anid.cl/frontend.php/es/postulacion/descargar/hash/d5eafc1413e60e596033e5445545a3bf
3230027;FONDECYT de Postdoctorado 2023;2023;Resumen;https://post.anid.cl/frontend.php/es/postulacion/descargar/hash/243fc04541f4002ec6bc0d27042103ae
3230029;FONDECYT de Postdoctorado 2023;2023;Resumen;https://post.anid.cl/frontend.php/es/postulacion/descargar/hash/6ed41eebb7a78889d23be16aeb0b9d33
3230036;FONDECYT de Postdoctorado 2023;2023;Resumen;https://post.anid.cl/frontend.php/es/postulacion/descargar/hash/7d27f12e8b48d38a5fbceb1a7485ccb6
3230038;FONDECYT de Postdoctorado 2023;2023;Resumen;https://post.anid.cl/frontend.php/es/postulacion/descargar/hash/ca6f90c066a9978f4c6046d31ca481e7
3230042;FONDECYT de Postdoctorado 2023;2023;Resumen;https://post.anid.cl/frontend.php/es/postulacion/descargar/hash/b84034455449c49ee5b6b83722b6df70
3230046;FONDECYT de Postdoctorado 2023;2023;Resumen;https://post.anid.cl/frontend.php/es/postulacion/descargar/hash/648ef86160276f5fe0e2c6c0f87332ac
3230047;FONDECYT de Postdoctorado 2023;2023;Resumen;https://post.anid.cl/frontend.php/es/postulacion/descargar/hash/406fa9ba1588030cd95163adc63c7b1a
3230048;FONDECYT de Postdoctorado 2023;2023;Resumen;https://post.anid.cl/frontend.php/es/postulacion/descargar/hash/1081b8c45f4778ede18cfc2a0cf0b52d
3230051;FONDECYT de Postdoctorado 2023;2023;Resumen;https://post.anid.cl/frontend.php/es/postulacion/descargar/hash/b7ec150a31eb9c5ab085654d62190bbe
3230056;FONDECYT de Postdoctorado 2023;2023;Resumen;https://post.anid.cl/frontend.php/es/postulacion/descargar/hash/1f59b2c811dfef271f92de6e632cddf3
3230061;FONDECYT de Postdoctorado 2023;2023;Resumen;https://post.anid.cl/frontend.php/es/postulacion/descargar/hash/9d9c31ec330c8f325d52f45d8911adc7
3230062;FONDECYT de Postdoctorado 2023;2023;Resumen;https://post.anid.cl/frontend.php/es/postulacion/descargar/hash/567613af1c17f26437930c000bab15f0
3230064;FONDECYT de Postdoctorado 2023;2023;Resumen;https://post.anid.cl/frontend.php/es/postulacion/descargar/hash/c02a254b0746279e34f63e50923643f5
3230068;FONDECYT de Postdoctorado 2023;2023;Resumen;https://post.anid.cl/frontend.php/es/postulacion/descargar/hash/683c7a4f9f76684292491e6eb45898e2
3230076;FONDECYT de Postdoctorado 2023;2023;Resumen;https://post.anid.cl/frontend.php/es/postulacion/descargar/hash/455195cd6db803404983db16e18acbd5
3230083;FONDECYT de Postdoctorado 2023;2023;Resumen;https://post.anid.cl/frontend.php/es/postulacion/descargar/hash/2a273170656c504c6475c4a441a44c8d
3230085;FONDECYT de Postdoctorado 2023;2023;Resumen;https://post.anid.cl/frontend.php/es/postulacion/descargar/hash/67cbe1fcd62b7b5c7aaba6eae44198ca
3230087;FONDECYT de Postdoctorado 2023;2023;Resumen;https://post.anid.cl/frontend.php/es/postulacion/descargar/hash/761c34fbc27ef1102df462e0a355c458
3230088;FONDECYT de Postdoctorado 2023;2023;Resumen;https://post.anid.cl/frontend.php/es/postulacion/descargar/hash/23c7decd442423cd54250b78ee0725c4
3230091;FONDECYT de Postdoctorado 2023;2023;Resumen;https://post.anid.cl/frontend.php/es/postulacion/descargar/hash/b18c0b05fef630faaed001bf6e3e87d7
3230096;FONDECYT de Postdoctorado 2023;2023;Resumen;https://post.anid.cl/frontend.php/es/postulacion/descargar/hash/ea1ecade282f168e991304d823a5c9b4
3230100;FONDECYT de Postdoctorado 2023;2023;Resumen;https://post.anid.cl/frontend.php/es/postulacion/descargar/hash/8fd3d34516478c5ea1074fed921678de
3230101;FONDECYT de Postdoctorado 2023;2023;Resumen;https://post.anid.cl/frontend.php/es/postulacion/descargar/hash/cae46dc195f93f6fc7c01bd560129743
3230107;FONDECYT de Postdoctorado 2023;2023;Resumen;https://post.anid.cl/frontend.php/es/postulacion/descargar/hash/b9b9cfa4524cf54dd4c4d77811135121
3230116;FONDECYT de Postdoctorado 2023;2023;Resumen;https://post.anid.cl/frontend.php/es/postulacion/descargar/hash/304c5225e1546d1fd2fba692e35f4397
3230117;FONDECYT de Postdoctorado 2023;2023;Resumen;https://post.anid.cl/frontend.php/es/postulacion/descargar/hash/d298b108378582eada93ed6612414769
3230125;FONDECYT de Postdoctorado 2023;2023;Resumen;https://post.anid.cl/frontend.php/es/postulacion/descargar/hash/01afbbe027eadc00e1f6489b5ebb7c5a
3230126;FONDECYT de Postdoctorado 2023;2023;Resumen;https://post.anid.cl/frontend.php/es/postulacion/descargar/hash/f361db936b1c5a77e2b53f03dbe69ee5
3230130;FONDECYT de Postdoctorado 2023;2023;Resumen;https://post.anid.cl/frontend.php/es/postulacion/descargar/hash/0fb9b7fbba97db6833cba137caf0e242
3230131;FONDECYT de Postdoctorado 2023;2023;Resumen;https://post.anid.cl/frontend.php/es/postulacion/descargar/hash/32cdca1531dca739975d838832ba7b94
3230137;FONDECYT de Postdoctorado 2023;2023;Resumen;https://post.anid.cl/frontend.php/es/postulacion/descargar/hash/98c2e82935135ea1709a65c3fbfbfa1d
3230139;FONDECYT de Postdoctorado 2023;2023;Resumen;https://post.anid.cl/frontend.php/es/postulacion/descargar/hash/828dc3d6febbdb9f76900cec96482f82
3230141;FONDECYT de Postdoctorado 2023;2023;Resumen;https://post.anid.cl/frontend.php/es/postulacion/descargar/hash/23e46f592593368fc180f155e8f802cb
3230146;FONDECYT de Postdoctorado 2023;2023;Resumen;https://post.anid.cl/frontend.php/es/postulacion/descargar/hash/cd82be5e7493703669c08ca2f5706baf
3230148;FONDECYT de Postdoctorado 2023;2023;Resumen;https://post.anid.cl/frontend.php/es/postulacion/descargar/hash/8b5363257ab92b85885de002794bd6ad
3230150;FONDECYT de Postdoctorado 2023;2023;Resumen;https://post.anid.cl/frontend.php/es/postulacion/descargar/hash/1100bb1e750fa4f53f8ad5a566cb7286
3230151;FONDECYT de Postdoctorado 2023;2023;Resumen;https://post.anid.cl/frontend.php/es/postulacion/descargar/hash/4359bc22f8f2784ffbc3d2b5b4dd80af
3230152;FONDECYT de Postdoctorado 2023;2023;Resumen;https://post.anid.cl/frontend.php/es/postulacion/descargar/hash/958d1691add2138d978580363e8afc4b
3230154;FONDECYT de Postdoctorado 2023;2023;Resumen;https://post.anid.cl/frontend.php/es/postulacion/descargar/hash/12f2594ea967f5490c75d783b392fe82
3230157;FONDECYT de Postdoctorado 2023;2023;Resumen;https://post.anid.cl/frontend.php/es/postulacion/descargar/hash/56b0dec9709a8962479c829ed38ccf90
3230159;FONDECYT de Postdoctorado 2023;2023;Resumen;https://post.anid.cl/frontend.php/es/postulacion/descargar/hash/77c8504bfa607f2100e78f7c13e09c50
3230160;FONDECYT de Postdoctorado 2023;2023;Resumen;https://post.anid.cl/frontend.php/es/postulacion/descargar/hash/e185268716686c1d9bdf745f15f42e0f
3230166;FONDECYT de Postdoctorado 2023;2023;Resumen;https://post.anid.cl/frontend.php/es/postulacion/descargar/hash/697d354ff29cc5abc1e3df32b9ff41af
3230169;FONDECYT de Postdoctorado 2023;2023;Resumen;https://post.anid.cl/frontend.php/es/postulacion/descargar/hash/e0b8b840e812e7bf5a17635511b91293
3230171;FONDECYT de Postdoctorado 2023;2023;Resumen;https://post.anid.cl/frontend.php/es/postulacion/descargar/hash/08d697f02b739f4efbaef3c2799261c3
3230173;FONDECYT de Postdoctorado 2023;2023;Resumen;https://post.anid.cl/frontend.php/es/postulacion/descargar/hash/58d2f400f9b7cfc7d449f7d55c03a14a
3230176;FONDECYT de Postdoctorado 2023;2023;Resumen;https://post.anid.cl/frontend.php/es/postulacion/descargar/hash/be4a5ec220e11eea508810fde9829702
3230179;FONDECYT de Postdoctorado 2023;2023;Resumen;https://post.anid.cl/frontend.php/es/postulacion/descargar/hash/a9745a7b0069a6cc1c6d52d13c09f7a0
3230180;FONDECYT de Postdoctorado 2023;2023;Resumen;https://post.anid.cl/frontend.php/es/postulacion/descargar/hash/b3261d1e299f8b57b55dc309a6e3efa6
3230183;FONDECYT de Postdoctorado 2023;2023;Resumen;https://post.anid.cl/frontend.php/es/postulacion/descargar/hash/b7869bcc3623fa2f7782b515d266ab4f
3230184;FONDECYT de Postdoctorado 2023;2023;Resumen;https://post.anid.cl/frontend.php/es/postulacion/descargar/hash/756171fe20c68bc5f9f09b75f2668d61
3230185;FONDECYT de Postdoctorado 2023;2023;Resumen;https://post.anid.cl/frontend.php/es/postulacion/descargar/hash/a710337ce47ca098c7fd5b98219b370a
3230188;FONDECYT de Postdoctorado 2023;2023;Resumen;https://post.anid.cl/frontend.php/es/postulacion/descargar/hash/799a1ddb390c34e31412edb47ee5dc65
3230189;FONDECYT de Postdoctorado 2023;2023;Resumen;https://post.anid.cl/frontend.php/es/postulacion/descargar/hash/ff80cba10fadfa880896feba775295b3
3230193;FONDECYT de Postdoctorado 2023;2023;Resumen;https://post.anid.cl/frontend.php/es/postulacion/descargar/hash/967f3d83ca061567854666d7f5da73d1
3230201;FONDECYT de Postdoctorado 2023;2023;Resumen;https://post.anid.cl/frontend.php/es/postulacion/descargar/hash/490799ad41286be33cd5f8a6bef80660
3230202;FONDECYT de Postdoctorado 2023;2023;Resumen;https://post.anid.cl/frontend.php/es/postulacion/descargar/hash/8b884c9efd203745ed4cdbcb8f747a5c
3230203;FONDECYT de Postdoctorado 2023;2023;Resumen;https://post.anid.cl/frontend.php/es/postulacion/descargar/hash/8b37e1ae0b3006435d40a01b2bf4c8a5
3230205;FONDECYT de Postdoctorado 2023;2023;Resumen;https://post.anid.cl/frontend.php/es/postulacion/descargar/hash/8372f03650709f9d5edf03fd5815e1f8
3230209;FONDECYT de Postdoctorado 2023;2023;Resumen;https://post.anid.cl/frontend.php/es/postulacion/descargar/hash/7211d500bb5f0fc508ff977eac3951ff
3230210;FONDECYT de Postdoctorado 2023;2023;Resumen;https://post.anid.cl/frontend.php/es/postulacion/descargar/hash/83a416b28b5ce734f2f2c0278cae5fbb
3230212;FONDECYT de Postdoctorado 2023;2023;Resumen;https://post.anid.cl/frontend.php/es/postulacion/descargar/hash/284ca617f67eb41e42a388be8245f3c0
3230216;FONDECYT de Postdoctorado 2023;2023;Resumen;https://post.anid.cl/frontend.php/es/postulacion/descargar/hash/d125fc8c444ab54638be0aae1640388b
3230219;FONDECYT de Postdoctorado 2023;2023;Resumen;https://post.anid.cl/frontend.php/es/postulacion/descargar/hash/e5b7185516908e6cee625ef2c673b932
3230220;FONDECYT de Postdoctorado 2023;2023;Resumen;https://post.anid.cl/frontend.php/es/postulacion/descargar/hash/7e36aec9d97f22784e139ade9db1dd14
3230221;FONDECYT de Postdoctorado 2023;2023;Resumen;https://post.anid.cl/frontend.php/es/postulacion/descargar/hash/50ba947a153770285fb74158b79ccf5f
3230222;FONDECYT de Postdoctorado 2023;2023;Resumen;https://post.anid.cl/frontend.php/es/postulacion/descargar/hash/242dfd549555457a84beb72c56f2e9ea
3230227;FONDECYT de Postdoctorado 2023;2023;Resumen;https://post.anid.cl/frontend.php/es/postulacion/descargar/hash/f7999879c7c23511231ac9e7df453c10
3230233;FONDECYT de Postdoctorado 2023;2023;Resumen;https://post.anid.cl/frontend.php/es/postulacion/descargar/hash/e20ee6ff5f59a757e0cf9d354eab366f
3230234;FONDECYT de Postdoctorado 2023;2023;Resumen;https://post.anid.cl/frontend.php/es/postulacion/descargar/hash/cf398b375df5eadeec39382ca9235f1a
3230240;FONDECYT de Postdoctorado 2023;2023;Resumen;https://post.anid.cl/frontend.php/es/postulacion/descargar/hash/64ed46437f9a9ae63e36406e12be2f27
3230244;FONDECYT de Postdoctorado 2023;2023;Resumen;https://post.anid.cl/frontend.php/es/postulacion/descargar/hash/830efaebe8a7b862c52fc727d6202ed2
3230250;FONDECYT de Postdoctorado 2023;2023;Resumen;https://post.anid.cl/frontend.php/es/postulacion/descargar/hash/aeba5e27173eb1603b34f11760c04212
3230256;FONDECYT de Postdoctorado 2023;2023;Resumen;https://post.anid.cl/frontend.php/es/postulacion/descargar/hash/6fb960f6b3cb53d7ddf1eb077d758b18
3230258;FONDECYT de Postdoctorado 2023;2023;Resumen;https://post.anid.cl/frontend.php/es/postulacion/descargar/hash/c94c17fa00346909ee5bd5a953d37349
3230260;FONDECYT de Postdoctorado 2023;2023;Resumen;https://post.anid.cl/frontend.php/es/postulacion/descargar/hash/cb942c568087a7c74b1baf557f66ca8d
3230261;FONDECYT de Postdoctorado 2023;2023;Resumen;https://post.anid.cl/frontend.php/es/postulacion/descargar/hash/8767dbc7566a299c0433623bbdd684e5
3230262;FONDECYT de Postdoctorado 2023;2023;Resumen;https://post.anid.cl/frontend.php/es/postulacion/descargar/hash/a9cf4ecda910f26b95251505be0141f9
3230263;FONDECYT de Postdoctorado 2023;2023;Resumen;https://post.anid.cl/frontend.php/es/postulacion/descargar/hash/be00d8a0716f52328e629b5f4edf515c
3230266;FONDECYT de Postdoctorado 2023;2023;Resumen;https://post.anid.cl/frontend.php/es/postulacion/descargar/hash/df23c05338a85600c7703078058ba77c
3230269;FONDECYT de Postdoctorado 2023;2023;Resumen;https://post.anid.cl/frontend.php/es/postulacion/descargar/hash/fc5717c9da0b754aea5d9ebf0f71d54d
3230271;FONDECYT de Postdoctorado 2023;2023;Resumen;https://post.anid.cl/frontend.php/es/postulacion/descargar/hash/bbc382555711fa7945e95fccce9c0032
3230273;FONDECYT de Postdoctorado 2023;2023;Resumen;https://post.anid.cl/frontend.php/es/postulacion/descargar/hash/0cdf25b6abf71ee604abea3e4e1e899e
3230279;FONDECYT de Postdoctorado 2023;2023;Resumen;https://post.anid.cl/frontend.php/es/postulacion/descargar/hash/36f8d01e5d92e76c9f14ffc4dd07e423
3230281;FONDECYT de Postdoctorado 2023;2023;Resumen;https://post.anid.cl/frontend.php/es/postulacion/descargar/hash/78be279f74bbc5bbd9fafa17fcecd3e3
3230283;FONDECYT de Postdoctorado 2023;2023;Resumen;https://post.anid.cl/frontend.php/es/postulacion/descargar/hash/55fe538082362ec4244c85c287757dd1
3230293;FONDECYT de Postdoctorado 2023;2023;Resumen;https://post.anid.cl/frontend.php/es/postulacion/descargar/hash/76a18b3ca21266bb455fd8dc175a4059
3230296;FONDECYT de Postdoctorado 2023;2023;Resumen;https://post.anid.cl/frontend.php/es/postulacion/descargar/hash/a53c8346ed2231637ea79ef1b751d4bc
3230297;FONDECYT de Postdoctorado 2023;2023;Resumen;https://post.anid.cl/frontend.php/es/postulacion/descargar/hash/941e3f972857deee2940af34fbc8df13
3230300;FONDECYT de Postdoctorado 2023;2023;Resumen;https://post.anid.cl/frontend.php/es/postulacion/descargar/hash/d7b59f05f591b8e9cc7a0b10a29343c5
3230302;FONDECYT de Postdoctorado 2023;2023;Resumen;https://post.anid.cl/frontend.php/es/postulacion/descargar/hash/669f2c9997015fdc53fa2f3308a983a0
3230303;FONDECYT de Postdoctorado 2023;2023;Resumen;https://post.anid.cl/frontend.php/es/postulacion/descargar/hash/69989332c83b01ef9b0169e3d790a4e7
3230310;FONDECYT de Postdoctorado 2023;2023;Resumen;https://post.anid.cl/frontend.php/es/postulacion/descargar/hash/6959bd3af339b7eecf81bc2f1b8a0cc7
3230312;FONDECYT de Postdoctorado 2023;2023;Resumen;https://post.anid.cl/frontend.php/es/postulacion/descargar/hash/5947e794d39253844d2cce383791e50e
3230313;FONDECYT de Postdoctorado 2023;2023;Resumen;https://post.anid.cl/frontend.php/es/postulacion/descargar/hash/1ebe819d9a101ad0e2a8f47daf1deee3
3230315;FONDECYT de Postdoctorado 2023;2023;Resumen;https://post.anid.cl/frontend.php/es/postulacion/descargar/hash/1d2cdde1d0801d2a86f0848afff42e4f
3230316;FONDECYT de Postdoctorado 2023;2023;Resumen;https://post.anid.cl/frontend.php/es/postulacion/descargar/hash/2e32caebcbd34b9164f4611a1b5408ed
3230319;FONDECYT de Postdoctorado 2023;2023;Resumen;https://post.anid.cl/frontend.php/es/postulacion/descargar/hash/15e007cf772f9d9942b80c3bc767c69c
3230322;FONDECYT de Postdoctorado 2023;2023;Resumen;https://post.anid.cl/frontend.php/es/postulacion/descargar/hash/0202f9bd70fffd5a73722e40372a01f9
3230326;FONDECYT de Postdoctorado 2023;2023;Resumen;https://post.anid.cl/frontend.php/es/postulacion/descargar/hash/9b35852e444f90f9aa808ac8ffdd24d9
3230329;FONDECYT de Postdoctorado 2023;2023;Resumen;https://post.anid.cl/frontend.php/es/postulacion/descargar/hash/1642604a809555578ff9e17e100a8f7b
3230331;FONDECYT de Postdoctorado 2023;2023;Resumen;https://post.anid.cl/frontend.php/es/postulacion/descargar/hash/286ffea3ea70c26eec30f376258a56fe
3230337;FONDECYT de Postdoctorado 2023;2023;Resumen;https://post.anid.cl/frontend.php/es/postulacion/descargar/hash/357a0c66ca5a8a936926408f10d3d68d
3230341;FONDECYT de Postdoctorado 2023;2023;Resumen;https://post.anid.cl/frontend.php/es/postulacion/descargar/hash/027883c1c53aa171b80701d0e0bcef6e
3230347;FONDECYT de Postdoctorado 2023;2023;Resumen;https://post.anid.cl/frontend.php/es/postulacion/descargar/hash/24c22cacc0be335b997abee35eaf1933
3230348;FONDECYT de Postdoctorado 2023;2023;Resumen;https://post.anid.cl/frontend.php/es/postulacion/descargar/hash/9f03cdc7521968f330c9375138b6a4ff
3230349;FONDECYT de Postdoctorado 2023;2023;Resumen;https://post.anid.cl/frontend.php/es/postulacion/descargar/hash/1434834dff5800216251f9f23b1ee63d
3230353;FONDECYT de Postdoctorado 2023;2023;Resumen;https://post.anid.cl/frontend.php/es/postulacion/descargar/hash/f1e89ef108e175e15cae8ac152eb6d0e
3230356;FONDECYT de Postdoctorado 2023;2023;Resumen;https://post.anid.cl/frontend.php/es/postulacion/descargar/hash/c700310ab1ab1156ae337b387ab657f5
3230358;FONDECYT de Postdoctorado 2023;2023;Resumen;https://post.anid.cl/frontend.php/es/postulacion/descargar/hash/dc86333c5e1e7c24f6e40c57c3150fc3
3230366;FONDECYT de Postdoctorado 2023;2023;Resumen;https://post.anid.cl/frontend.php/es/postulacion/descargar/hash/6f95da73b7db3d93ced2f9f9df528d09
3230370;FONDECYT de Postdoctorado 2023;2023;Resumen;https://post.anid.cl/frontend.php/es/postulacion/descargar/hash/15751f16aaf78825c927f11d4f899b8b
3230372;FONDECYT de Postdoctorado 2023;2023;Resumen;https://post.anid.cl/frontend.php/es/postulacion/descargar/hash/0e706e25e033ee78cea190a4d19c96fe
3230379;FONDECYT de Postdoctorado 2023;2023;Resumen;https://post.anid.cl/frontend.php/es/postulacion/descargar/hash/f0a6fccf9d011198cd41f596bfa28684
3230380;FONDECYT de Postdoctorado 2023;2023;Resumen;https://post.anid.cl/frontend.php/es/postulacion/descargar/hash/c12851d8be03b9b1c91cc57924dfa827
3230385;FONDECYT de Postdoctorado 2023;2023;Resumen;https://post.anid.cl/frontend.php/es/postulacion/descargar/hash/4236f95becc70eda14982f6441dea5f7
3230388;FONDECYT de Postdoctorado 2023;2023;Resumen;https://post.anid.cl/frontend.php/es/postulacion/descargar/hash/b0e52721bc1d299879bd7ae2e4b487f9
3230398;FONDECYT de Postdoctorado 2023;2023;Resumen;https://post.anid.cl/frontend.php/es/postulacion/descargar/hash/0657e9108661dfd37bf18cc32a6ed770
3230400;FONDECYT de Postdoctorado 2023;2023;Resumen;https://post.anid.cl/frontend.php/es/postulacion/descargar/hash/a17cfc6573cb3367976adc85187d4f70
3230401;FONDECYT de Postdoctorado 2023;2023;Resumen;https://post.anid.cl/frontend.php/es/postulacion/descargar/hash/1cb0cc034a936a26ce1e7267cf5d06c5
3230403;FONDECYT de Postdoctorado 2023;2023;Resumen;https://post.anid.cl/frontend.php/es/postulacion/descargar/hash/39726616f7b5678d17140d4bb8630a08
3230404;FONDECYT de Postdoctorado 2023;2023;Resumen;https://post.anid.cl/frontend.php/es/postulacion/descargar/hash/1d4e703caf266310163aa9c062a53d15
3230406;FONDECYT de Postdoctorado 2023;2023;Resumen;https://post.anid.cl/frontend.php/es/postulacion/descargar/hash/2e6398f02b7933c65475428975914fff
3230407;FONDECYT de Postdoctorado 2023;2023;Resumen;https://post.anid.cl/frontend.php/es/postulacion/descargar/hash/3218861fb11209e65a07dde5d0e67b7f
3230411;FONDECYT de Postdoctorado 2023;2023;Resumen;https://post.anid.cl/frontend.php/es/postulacion/descargar/hash/f86a07f12369913801fb6664e83494bb
3230413;FONDECYT de Postdoctorado 2023;2023;Resumen;https://post.anid.cl/frontend.php/es/postulacion/descargar/hash/0714b3e79ea2dc73f10c4ef7012e45bd
3230414;FONDECYT de Postdoctorado 2023;2023;Resumen;https://post.anid.cl/frontend.php/es/postulacion/descargar/hash/d84957c18de669c7c2e9ac7bb54b59e1
3230418;FONDECYT de Postdoctorado 2023;2023;Resumen;https://post.anid.cl/frontend.php/es/postulacion/descargar/hash/95b71b69f818b1783b74f85d98aaac14
3230421;FONDECYT de Postdoctorado 2023;2023;Resumen;https://post.anid.cl/frontend.php/es/postulacion/descargar/hash/ce4581d4b95427e5020d589f8d5e5189
3230424;FONDECYT de Postdoctorado 2023;2023;Resumen;https://post.anid.cl/frontend.php/es/postulacion/descargar/hash/f2d9159950d8c217295690605faf16d2
3230427;FONDECYT de Postdoctorado 2023;2023;Resumen;https://post.anid.cl/frontend.php/es/postulacion/descargar/hash/dbd5ac3bc214134a469f09e26c0e5ddf
3230428;FONDECYT de Postdoctorado 2023;2023;Resumen;https://post.anid.cl/frontend.php/es/postulacion/descargar/hash/570a19f225de2c4d7621f609e893f96b
3230431;FONDECYT de Postdoctorado 2023;2023;Resumen;https://post.anid.cl/frontend.php/es/postulacion/descargar/hash/84c5da16493947e0b13e070a1d0586b0
3230437;FONDECYT de Postdoctorado 2023;2023;Resumen;https://post.anid.cl/frontend.php/es/postulacion/descargar/hash/db5a5305ffebf34f8a054e50bd6d3854
3230445;FONDECYT de Postdoctorado 2023;2023;Resumen;https://post.anid.cl/frontend.php/es/postulacion/descargar/hash/19afda1318112d955fa5b69864200b72
3230447;FONDECYT de Postdoctorado 2023;2023;Resumen;https://post.anid.cl/frontend.php/es/postulacion/descargar/hash/d1442979bf8af69b57f051baedd0b1d6
3230448;FONDECYT de Postdoctorado 2023;2023;Resumen;https://post.anid.cl/frontend.php/es/postulacion/descargar/hash/aafa479b9562566d89da42ee14541522
3230451;FONDECYT de Postdoctorado 2023;2023;Resumen;https://post.anid.cl/frontend.php/es/postulacion/descargar/hash/02a5544747b275810cd45f11bcd20794
3230453;FONDECYT de Postdoctorado 2023;2023;Resumen;https://post.anid.cl/frontend.php/es/postulacion/descargar/hash/f1bd28cef68b749e14d5400a2842de47
3230454;FONDECYT de Postdoctorado 2023;2023;Resumen;https://post.anid.cl/frontend.php/es/postulacion/descargar/hash/19c3344e4be1d359375efa59270e215b
3230459;FONDECYT de Postdoctorado 2023;2023;Resumen;https://post.anid.cl/frontend.php/es/postulacion/descargar/hash/469fcc0028eec9b6b0fd9c15fa40084a
3230460;FONDECYT de Postdoctorado 2023;2023;Resumen;https://post.anid.cl/frontend.php/es/postulacion/descargar/hash/44f8184f87071c40f6e93f9c42085e2c
3230461;FONDECYT de Postdoctorado 2023;2023;Resumen;https://post.anid.cl/frontend.php/es/postulacion/descargar/hash/c45f05992514d341e5487b7c51338243
3230470;FONDECYT de Postdoctorado 2023;2023;Resumen;https://post.anid.cl/frontend.php/es/postulacion/descargar/hash/42a3f3f439ddfe4d34cc1d46b53269f8
3230474;FONDECYT de Postdoctorado 2023;2023;Resumen;https://post.anid.cl/frontend.php/es/postulacion/descargar/hash/73fe7309b5dc7667e4f7821cc91c03bc
3230476;FONDECYT de Postdoctorado 2023;2023;Resumen;https://post.anid.cl/frontend.php/es/postulacion/descargar/hash/bc5ca3e4c8543b563323d51c5216d679
3230477;FONDECYT de Postdoctorado 2023;2023;Resumen;https://post.anid.cl/frontend.php/es/postulacion/descargar/hash/e43d931852e0df908d4d9eb5f1b66f12
3230478;FONDECYT de Postdoctorado 2023;2023;Resumen;https://post.anid.cl/frontend.php/es/postulacion/descargar/hash/1b6c7271621ca61980ff913654369255
3230482;FONDECYT de Postdoctorado 2023;2023;Resumen;https://post.anid.cl/frontend.php/es/postulacion/descargar/hash/605903318f4010e68c59fdfcb68fa437
3230485;FONDECYT de Postdoctorado 2023;2023;Resumen;https://post.anid.cl/frontend.php/es/postulacion/descargar/hash/ce139645ca6a3e54694852843bbbc177
3230487;FONDECYT de Postdoctorado 2023;2023;Resumen;https://post.anid.cl/frontend.php/es/postulacion/descargar/hash/bc5e268efb631e67a9dc2edd43afb519
3230488;FONDECYT de Postdoctorado 2023;2023;Resumen;https://post.anid.cl/frontend.php/es/postulacion/descargar/hash/bac5da88eceacf4322dcafaeec2bae36
3230489;FONDECYT de Postdoctorado 2023;2023;Resumen;https://post.anid.cl/frontend.php/es/postulacion/descargar/hash/3dac06c96c97cd7736868f5105bc73e4
3230490;FONDECYT de Postdoctorado 2023;2023;Resumen;https://post.anid.cl/frontend.php/es/postulacion/descargar/hash/62821f38c5ab66f84a0ed1be49c06424
3230493;FONDECYT de Postdoctorado 2023;2023;Resumen;https://post.anid.cl/frontend.php/es/postulacion/descargar/hash/1470f26a7569cf5782c514e5f569830e
3230494;FONDECYT de Postdoctorado 2023;2023;Resumen;https://post.anid.cl/frontend.php/es/postulacion/descargar/hash/5c6d009b4c6636278dba53a0cd1f49c4
3230499;FONDECYT de Postdoctorado 2023;2023;Resumen;https://post.anid.cl/frontend.php/es/postulacion/descargar/hash/a6eda4ec4b1e1bead7847941d665a079
3230501;FONDECYT de Postdoctorado 2023;2023;Resumen;https://post.anid.cl/frontend.php/es/postulacion/descargar/hash/6a2baf795d59e872a787f04c796eb065
3230504;FONDECYT de Postdoctorado 2023;2023;Resumen;https://post.anid.cl/frontend.php/es/postulacion/descargar/hash/8b9653340acfc1463b585ec6e204f1a1
3230505;FONDECYT de Postdoctorado 2023;2023;Resumen;https://post.anid.cl/frontend.php/es/postulacion/descargar/hash/f2b815d8449d0c675f18504635946155
3230511;FONDECYT de Postdoctorado 2023;2023;Resumen;https://post.anid.cl/frontend.php/es/postulacion/descargar/hash/21f9c841c0ebabdec2f965f01c104ce8
3230512;FONDECYT de Postdoctorado 2023;2023;Resumen;https://post.anid.cl/frontend.php/es/postulacion/descargar/hash/f70d34fd5454305345720b8dc57ab23e
3230515;FONDECYT de Postdoctorado 2023;2023;Resumen;https://post.anid.cl/frontend.php/es/postulacion/descargar/hash/3ea71d69905ebe3da7e6259c1e78d04a
3230521;FONDECYT de Postdoctorado 2023;2023;Resumen;https://post.anid.cl/frontend.php/es/postulacion/descargar/hash/f190e1fbb7f0d0e6d34b88188b240f4d
3230526;FONDECYT de Postdoctorado 2023;2023;Resumen;https://post.anid.cl/frontend.php/es/postulacion/descargar/hash/86356c173f5ec500dc3d2d7ce82d367d
3230527;FONDECYT de Postdoctorado 2023;2023;Resumen;https://post.anid.cl/frontend.php/es/postulacion/descargar/hash/5eb2d9bb1d5ab8ba61684e7a7f569fc3
3230540;FONDECYT de Postdoctorado 2023;2023;Resumen;https://post.anid.cl/frontend.php/es/postulacion/descargar/hash/58909aad8d97a028510594944686090e
3230541;FONDECYT de Postdoctorado 2023;2023;Resumen;https://post.anid.cl/frontend.php/es/postulacion/descargar/hash/0c966dd9c034de6ca0bb64c5c45f7bb3
3230549;FONDECYT de Postdoctorado 2023;2023;Resumen;https://post.anid.cl/frontend.php/es/postulacion/descargar/hash/42b172de4ddd19cdb3edf6a2a41f27ab
3230553;FONDECYT de Postdoctorado 2023;2023;Resumen;https://post.anid.cl/frontend.php/es/postulacion/descargar/hash/4610629636e0ed820498418eb9979912
3230554;FONDECYT de Postdoctorado 2023;2023;Resumen;https://post.anid.cl/frontend.php/es/postulacion/descargar/hash/cc7024cff3d24e379562c70a71edf34d
3230555;FONDECYT de Postdoctorado 2023;2023;Resumen;https://post.anid.cl/frontend.php/es/postulacion/descargar/hash/2717fb8f19287da6b1af1bb0f3e84749
3230558;FONDECYT de Postdoctorado 2023;2023;Resumen;https://post.anid.cl/frontend.php/es/postulacion/descargar/hash/0f9070a09e91aadb20755a71f3e02c69
3230562;FONDECYT de Postdoctorado 2023;2023;Resumen;https://post.anid.cl/frontend.php/es/postulacion/descargar/hash/41c32acf1128527c393290ea87edf58d
3230568;FONDECYT de Postdoctorado 2023;2023;Resumen;https://post.anid.cl/frontend.php/es/postulacion/descargar/hash/c426410f1cd007dd2924f7ffce635cb0
3230573;FONDECYT de Postdoctorado 2023;2023;Resumen;https://post.anid.cl/frontend.php/es/postulacion/descargar/hash/726788b409b009582bceaad7fe960891
3230574;FONDECYT de Postdoctorado 2023;2023;Resumen;https://post.anid.cl/frontend.php/es/postulacion/descargar/hash/dbecb550f47aa78e6bf17d4f7b51ffca
3230575;FONDECYT de Postdoctorado 2023;2023;Resumen;https://post.anid.cl/frontend.php/es/postulacion/descargar/hash/f0044e29c42c24bc5d72d65885fea3c9
3230576;FONDECYT de Postdoctorado 2023;2023;Resumen;https://post.anid.cl/frontend.php/es/postulacion/descargar/hash/df571b2caebf4ad0f95449bf4bc97d34
3230595;FONDECYT de Postdoctorado 2023;2023;Resumen;https://post.anid.cl/frontend.php/es/postulacion/descargar/hash/dca75a0eff8476372de36b71c15f3a92
3230596;FONDECYT de Postdoctorado 2023;2023;Resumen;https://post.anid.cl/frontend.php/es/postulacion/descargar/hash/8b84b5dddf89c56c514f7828def05b4d
3230599;FONDECYT de Postdoctorado 2023;2023;Resumen;https://post.anid.cl/frontend.php/es/postulacion/descargar/hash/6eed6d0f1eb005609a00ef36049e5c53
3230600;FONDECYT de Postdoctorado 2023;2023;Resumen;https://post.anid.cl/frontend.php/es/postulacion/descargar/hash/8f2975a8ecb4c2c52cfa0383ac410e69
3230604;FONDECYT de Postdoctorado 2023;2023;Resumen;https://post.anid.cl/frontend.php/es/postulacion/descargar/hash/684f85d78ca0431c89c6527b443680f3
3230605;FONDECYT de Postdoctorado 2023;2023;Resumen;https://post.anid.cl/frontend.php/es/postulacion/descargar/hash/41d707e426608b30fc3eb405b874e174
3230609;FONDECYT de Postdoctorado 2023;2023;Resumen;https://post.anid.cl/frontend.php/es/postulacion/descargar/hash/21cabfc4f3d6d73327ca286cbf7e8ea8
3230610;FONDECYT de Postdoctorado 2023;2023;Resumen;https://post.anid.cl/frontend.php/es/postulacion/descargar/hash/5a8a8136c906c764264c877a169611e8
3230616;FONDECYT de Postdoctorado 2023;2023;Resumen;https://post.anid.cl/frontend.php/es/postulacion/descargar/hash/41cf1c52dde12267a4e39336db9d6efd
3230617;FONDECYT de Postdoctorado 2023;2023;Resumen;https://post.anid.cl/frontend.php/es/postulacion/descargar/hash/d346973c3679f655a589d46e6d9c59fb
3230618;FONDECYT de Postdoctorado 2023;2023;Resumen;https://post.anid.cl/frontend.php/es/postulacion/descargar/hash/eec3fae656f0f8e12a4f4e463c843070
3230622;FONDECYT de Postdoctorado 2023;2023;Resumen;https://post.anid.cl/frontend.php/es/postulacion/descargar/hash/e6a3d1a44fb49d02fb2e84f4018dc551
3230626;FONDECYT de Postdoctorado 2023;2023;Resumen;https://post.anid.cl/frontend.php/es/postulacion/descargar/hash/39a18783065b0702e3443ee00d3e9f57
3230631;FONDECYT de Postdoctorado 2023;2023;Resumen;https://post.anid.cl/frontend.php/es/postulacion/descargar/hash/7fc0965c841bcde1a490a64776a145ea
3230633;FONDECYT de Postdoctorado 2023;2023;Resumen;https://post.anid.cl/frontend.php/es/postulacion/descargar/hash/584ad41b158b4987a930c41557142b12
3230634;FONDECYT de Postdoctorado 2023;2023;Resumen;https://post.anid.cl/frontend.php/es/postulacion/descargar/hash/672bc1e2156e79ade21ef7a5332676ab
3230644;FONDECYT de Postdoctorado 2023;2023;Resumen;https://post.anid.cl/frontend.php/es/postulacion/descargar/hash/90fca6ca8399ba5c5cf297217cbe963e
3230645;FONDECYT de Postdoctorado 2023;2023;Resumen;https://post.anid.cl/frontend.php/es/postulacion/descargar/hash/aaa13425d63153f30a1811ff8c641063
3230649;FONDECYT de Postdoctorado 2023;2023;Resumen;https://post.anid.cl/frontend.php/es/postulacion/descargar/hash/a19bbd142bb3e884def91c731986ffb0
3230650;FONDECYT de Postdoctorado 2023;2023;Resumen;https://post.anid.cl/frontend.php/es/postulacion/descargar/hash/2ce7cdec74f5857da0e6a0a27fa32598
3230651;FONDECYT de Postdoctorado 2023;2023;Resumen;https://post.anid.cl/frontend.php/es/postulacion/descargar/hash/b703574076e109e4466c4ee5a2048496
3230653;FONDECYT de Postdoctorado 2023;2023;Resumen;https://post.anid.cl/frontend.php/es/postulacion/descargar/hash/2a13b31b8e12b6a8a570a05e759b9a97
3230657;FONDECYT de Postdoctorado 2023;2023;Resumen;https://post.anid.cl/frontend.php/es/postulacion/descargar/hash/8239df7d37f458b705ddb9d38157c6f4
3230665;FONDECYT de Postdoctorado 2023;2023;Resumen;https://post.anid.cl/frontend.php/es/postulacion/descargar/hash/875f0214239f6775a9598d092c2b921b
3230668;FONDECYT de Postdoctorado 2023;2023;Resumen;https://post.anid.cl/frontend.php/es/postulacion/descargar/hash/72b56ee3ee83e665d7508816b654b183
3230670;FONDECYT de Postdoctorado 2023;2023;Resumen;https://post.anid.cl/frontend.php/es/postulacion/descargar/hash/0a30a9e20ea248f781e0a33709cb47b2
3230674;FONDECYT de Postdoctorado 2023;2023;Resumen;https://post.anid.cl/frontend.php/es/postulacion/descargar/hash/d35af8af65dda2fb742153f0effa5d2d
3230676;FONDECYT de Postdoctorado 2023;2023;Resumen;https://post.anid.cl/frontend.php/es/postulacion/descargar/hash/cea00c5141719925cd327fb31f228648
3230678;FONDECYT de Postdoctorado 2023;2023;Resumen;https://post.anid.cl/frontend.php/es/postulacion/descargar/hash/e3d93e2a0c104810cfa4b1d6472d003e
3230679;FONDECYT de Postdoctorado 2023;2023;Resumen;https://post.anid.cl/frontend.php/es/postulacion/descargar/hash/0801e96173c059cfc307b13dbb6d955c
3230682;FONDECYT de Postdoctorado 2023;2023;Resumen;https://post.anid.cl/frontend.php/es/postulacion/descargar/hash/33d3248b1010621a9cf57cb4a0d7dafc
3230687;FONDECYT de Postdoctorado 2023;2023;Resumen;https://post.anid.cl/frontend.php/es/postulacion/descargar/hash/47491dbadc488328eda906b9d76b095a
3230689;FONDECYT de Postdoctorado 2023;2023;Resumen;https://post.anid.cl/frontend.php/es/postulacion/descargar/hash/1e92ba60dcc9cd06a7c2b29f533766d3
3230699;FONDECYT de Postdoctorado 2023;2023;Resumen;https://post.anid.cl/frontend.php/es/postulacion/descargar/hash/c780c17d24dbb4a368b796a28b12835b
3230700;FONDECYT de Postdoctorado 2023;2023;Resumen;https://post.anid.cl/frontend.php/es/postulacion/descargar/hash/2262b2eac463db27ab93a6c592aef1b7
3230704;FONDECYT de Postdoctorado 2023;2023;Resumen;https://post.anid.cl/frontend.php/es/postulacion/descargar/hash/6185d771abaf96749852f8007f1b8d0d
3230709;FONDECYT de Postdoctorado 2023;2023;Resumen;https://post.anid.cl/frontend.php/es/postulacion/descargar/hash/ff2fd133d2239b816760ffc0218ae908
3230716;FONDECYT de Postdoctorado 2023;2023;Resumen;https://post.anid.cl/frontend.php/es/postulacion/descargar/hash/2beac52e66e0fb5b58b3070d96710f48
3230723;FONDECYT de Postdoctorado 2023;2023;Resumen;https://post.anid.cl/frontend.php/es/postulacion/descargar/hash/664c2f766194de5b04c20d36dc14c6ba
3230724;FONDECYT de Postdoctorado 2023;2023;Resumen;https://post.anid.cl/frontend.php/es/postulacion/descargar/hash/3caebde6817b3a9067b545dc54d633cf
3230727;FONDECYT de Postdoctorado 2023;2023;Resumen;https://post.anid.cl/frontend.php/es/postulacion/descargar/hash/7400aa4e798f39eb863978e4086e6d25
3230728;FONDECYT de Postdoctorado 2023;2023;Resumen;https://post.anid.cl/frontend.php/es/postulacion/descargar/hash/c45f3a6537f7b636b973ed090318b869
3230739;FONDECYT de Postdoctorado 2023;2023;Resumen;https://post.anid.cl/frontend.php/es/postulacion/descargar/hash/de75747da8c566b7fa2f02abe727b9c3
3230740;FONDECYT de Postdoctorado 2023;2023;Resumen;https://post.anid.cl/frontend.php/es/postulacion/descargar/hash/227ae85a51fca5865421f064238b299f
3230741;FONDECYT de Postdoctorado 2023;2023;Resumen;https://post.anid.cl/frontend.php/es/postulacion/descargar/hash/18555c732fbddc3c8cfd6edfdc04b11d
3230745;FONDECYT de Postdoctorado 2023;2023;Resumen;https://post.anid.cl/frontend.php/es/postulacion/descargar/hash/4f169efbba863f9694fe0c11ce61896e
3230748;FONDECYT de Postdoctorado 2023;2023;Resumen;https://post.anid.cl/frontend.php/es/postulacion/descargar/hash/d12967be6b9c324c2392e77f9c12efb6
3230752;FONDECYT de Postdoctorado 2023;2023;Resumen;https://post.anid.cl/frontend.php/es/postulacion/descargar/hash/910eda3a1918ee8d8b0d19bed141bd87
3230753;FONDECYT de Postdoctorado 2023;2023;Resumen;https://post.anid.cl/frontend.php/es/postulacion/descargar/hash/4b8e4a82166b1f5b7a5b1043d5e00d4e
3230755;FONDECYT de Postdoctorado 2023;2023;Resumen;https://post.anid.cl/frontend.php/es/postulacion/descargar/hash/5b52db0063d5c7ff832f1e9c44be2cc5
3230758;FONDECYT de Postdoctorado 2023;2023;Resumen;https://post.anid.cl/frontend.php/es/postulacion/descargar/hash/20be3691b2f99e62b0b2c9692ab9f33d
3230770;FONDECYT de Postdoctorado 2023;2023;Resumen;https://post.anid.cl/frontend.php/es/postulacion/descargar/hash/849c5f2a9f8f8465dc37b6bf6ed568ba
3230774;FONDECYT de Postdoctorado 2023;2023;Resumen;https://post.anid.cl/frontend.php/es/postulacion/descargar/hash/f2e608dc74fd620851f8b7f929917644
3230777;FONDECYT de Postdoctorado 2023;2023;Resumen;https://post.anid.cl/frontend.php/es/postulacion/descargar/hash/3be1dc034104745b1aadf87279e149c3
3230781;FONDECYT de Postdoctorado 2023;2023;Resumen;https://post.anid.cl/frontend.php/es/postulacion/descargar/hash/8ec2e7f2f5392f611d95a58e8f803de2
3230782;FONDECYT de Postdoctorado 2023;2023;Resumen;https://post.anid.cl/frontend.php/es/postulacion/descargar/hash/11f9d4bb02d13e1834c6af0ff71b6a5a
3230783;FONDECYT de Postdoctorado 2023;2023;Resumen;https://post.anid.cl/frontend.php/es/postulacion/descargar/hash/fc8965ee2e7f6d8cfb8cb7b5e98637a5
3230796;FONDECYT de Postdoctorado 2023;2023;Resumen;https://post.anid.cl/frontend.php/es/postulacion/descargar/hash/42c4e392d484fd992d075c7aeafd61cd
3230799;FONDECYT de Postdoctorado 2023;2023;Resumen;https://post.anid.cl/frontend.php/es/postulacion/descargar/hash/e6db5bfce080baa152aaf481921c22cc
3230801;FONDECYT de Postdoctorado 2023;2023;Resumen;https://post.anid.cl/frontend.php/es/postulacion/descargar/hash/65ca0293cb6dff9bee9f225617c486ee
3230806;FONDECYT de Postdoctorado 2023;2023;Resumen;https://post.anid.cl/frontend.php/es/postulacion/descargar/hash/1f95c89c0614316e155753eafbb2b813
3230814;FONDECYT de Postdoctorado 2023;2023;Resumen;https://post.anid.cl/frontend.php/es/postulacion/descargar/hash/09f2a8bc644684057ce8db7ab7d0ce9f
3230817;FONDECYT de Postdoctorado 2023;2023;Resumen;https://post.anid.cl/frontend.php/es/postulacion/descargar/hash/4dc362d58801f031727f8a3e829cb365
3230822;FONDECYT de Postdoctorado 2023;2023;Resumen;https://post.anid.cl/frontend.php/es/postulacion/descargar/hash/e358ad981bab070b148a64bdcff1ebb7
3240001;FONDECYT de Postdoctorado 2024;2024;Resumen;https://post.anid.cl/frontend.php/es/postulacion/descargar/hash/7da82b5381b4c096c099ce1279ba5eb3
3240004;FONDECYT de Postdoctorado 2024;2024;Resumen;https://post.anid.cl/frontend.php/es/postulacion/descargar/hash/9546bcde22911ef6118b1ce18ace80ff
3240005;FONDECYT de Postdoctorado 2024;2024;Resumen;https://post.anid.cl/frontend.php/es/postulacion/descargar/hash/bfcf5fe8019c584e11a850bb7392afef
3240009;FONDECYT de Postdoctorado 2024;2024;Resumen;https://post.anid.cl/frontend.php/es/postulacion/descargar/hash/06c66bafb08f6791fd4175269b2fac3a
3240010;FONDECYT de Postdoctorado 2024;2024;Resumen;https://post.anid.cl/frontend.php/es/postulacion/descargar/hash/2e9382851c9ffed8ab3452b99f883eb0
3240011;FONDECYT de Postdoctorado 2024;2024;Resumen;https://post.anid.cl/frontend.php/es/postulacion/descargar/hash/a12b7e9c0cc12a5a2c25fa49c8336e3b
3240013;FONDECYT de Postdoctorado 2024;2024;Resumen;https://post.anid.cl/frontend.php/es/postulacion/descargar/hash/71e883b2e3f609db56cb2adf52de157a
3240018;FONDECYT de Postdoctorado 2024;2024;Resumen;https://post.anid.cl/frontend.php/es/postulacion/descargar/hash/d2a8ba486c4e10e2557baf7c2fd1da51
3240022;FONDECYT de Postdoctorado 2024;2024;Resumen;https://post.anid.cl/frontend.php/es/postulacion/descargar/hash/13d33106a51dec696aa214c15fcda732
3240033;FONDECYT de Postdoctorado 2024;2024;Resumen;https://post.anid.cl/frontend.php/es/postulacion/descargar/hash/fd0d12e3802b08ddadb20d2063f8f126
3240037;FONDECYT de Postdoctorado 2024;2024;Resumen;https://post.anid.cl/frontend.php/es/postulacion/descargar/hash/b70cf176e7bb4d9a1656366c53137e31
3240042;FONDECYT de Postdoctorado 2024;2024;Resumen;https://post.anid.cl/frontend.php/es/postulacion/descargar/hash/b2436d2804c6336da1dfe314c87e0a25
3240045;FONDECYT de Postdoctorado 2024;2024;Resumen;https://post.anid.cl/frontend.php/es/postulacion/descargar/hash/445a9cb084773c4ca2cd53ce07e7f9f2
3240046;FONDECYT de Postdoctorado 2024;2024;Resumen;https://post.anid.cl/frontend.php/es/postulacion/descargar/hash/a5d2bb09c9045652e92b760b8773da32
3240049;FONDECYT de Postdoctorado 2024;2024;Resumen;https://post.anid.cl/frontend.php/es/postulacion/descargar/hash/26b3e093f1b857e02345b12dc8c9782b
3240052;FONDECYT de Postdoctorado 2024;2024;Resumen;https://post.anid.cl/frontend.php/es/postulacion/descargar/hash/3469d9cffde036497155fecd30b0d1bb
3240055;FONDECYT de Postdoctorado 2024;2024;Resumen;https://post.anid.cl/frontend.php/es/postulacion/descargar/hash/12d349f49b8c7d0b087062710f28bea9
3240057;FONDECYT de Postdoctorado 2024;2024;Resumen;https://post.anid.cl/frontend.php/es/postulacion/descargar/hash/687c697513a15aec05aebb47134e4155
3240059;FONDECYT de Postdoctorado 2024;2024;Resumen;https://post.anid.cl/frontend.php/es/postulacion/descargar/hash/d83179af45034349197df7776d8c2c0c
3240060;FONDECYT de Postdoctorado 2024;2024;Resumen;https://post.anid.cl/frontend.php/es/postulacion/descargar/hash/376aa69f0a9dbb200ceca5f18525ab68
3240062;FONDECYT de Postdoctorado 2024;2024;Resumen;https://post.anid.cl/frontend.php/es/postulacion/descargar/hash/4cabf1ff7573f8ecf70e26f934bcb839
3240075;FONDECYT de Postdoctorado 2024;2024;Resumen;https://post.anid.cl/frontend.php/es/postulacion/descargar/hash/db6871dbf1e308ae9323b13bc9530ae3
3240079;FONDECYT de Postdoctorado 2024;2024;Resumen;https://post.anid.cl/frontend.php/es/postulacion/descargar/hash/4571f6a2ecee8e30c8c2e7830ba22721
3240081;FONDECYT de Postdoctorado 2024;2024;Resumen;https://post.anid.cl/frontend.php/es/postulacion/descargar/hash/c19e7399a326c5a445798410f6cce0f8
3240084;FONDECYT de Postdoctorado 2024;2024;Resumen;https://post.anid.cl/frontend.php/es/postulacion/descargar/hash/5d374010b420269f3aca00c51c712cdb
3240088;FONDECYT de Postdoctorado 2024;2024;Resumen;https://post.anid.cl/frontend.php/es/postulacion/descargar/hash/850e32cabb7d5f512cb428bbdb6602cf
3240089;FONDECYT de Postdoctorado 2024;2024;Resumen;https://post.anid.cl/frontend.php/es/postulacion/descargar/hash/cdf2e3af341c14714a788be3ad6380ae
3240090;FONDECYT de Postdoctorado 2024;2024;Resumen;https://post.anid.cl/frontend.php/es/postulacion/descargar/hash/c51307402cdef474047fe61dda9b808e
3240091;FONDECYT de Postdoctorado 2024;2024;Resumen;https://post.anid.cl/frontend.php/es/postulacion/descargar/hash/cd94cc366a43b87ccff53dcbbc5db329
3240092;FONDECYT de Postdoctorado 2024;2024;Resumen;https://post.anid.cl/frontend.php/es/postulacion/descargar/hash/8cfbd4a8914c41682168d2ef1d651270
3240103;FONDECYT de Postdoctorado 2024;2024;Resumen;https://post.anid.cl/frontend.php/es/postulacion/descargar/hash/62603fe02912e6f6631ebbc6dd3e8b66
3240106;FONDECYT de Postdoctorado 2024;2024;Resumen;https://post.anid.cl/frontend.php/es/postulacion/descargar/hash/d04020d4d413ff2a21c4e1dc3ccd87d9
3240108;FONDECYT de Postdoctorado 2024;2024;Resumen;https://post.anid.cl/frontend.php/es/postulacion/descargar/hash/cc393fa4f3a3d77a42e1b2da28800e96
3240109;FONDECYT de Postdoctorado 2024;2024;Resumen;https://post.anid.cl/frontend.php/es/postulacion/descargar/hash/b07fe18dae6c8019146b29cc459cf0cc
3240110;FONDECYT de Postdoctorado 2024;2024;Resumen;https://post.anid.cl/frontend.php/es/postulacion/descargar/hash/b844cf76567a32ff8bcfdc0ea3d5d328
3240112;FONDECYT de Postdoctorado 2024;2024;Resumen;https://post.anid.cl/frontend.php/es/postulacion/descargar/hash/ebae42f44d117212b6574716330f75be
3240113;FONDECYT de Postdoctorado 2024;2024;Resumen;https://post.anid.cl/frontend.php/es/postulacion/descargar/hash/e48166f22d8b97374faab10e87162540
3240116;FONDECYT de Postdoctorado 2024;2024;Resumen;https://post.anid.cl/frontend.php/es/postulacion/descargar/hash/cfe2f8322504dfe6bb05de50a001c711
3240117;FONDECYT de Postdoctorado 2024;2024;Resumen;https://post.anid.cl/frontend.php/es/postulacion/descargar/hash/c39c6bd4024802927aa1f014e397ecd0
3240129;FONDECYT de Postdoctorado 2024;2024;Resumen;https://post.anid.cl/frontend.php/es/postulacion/descargar/hash/f8899161e3b43ad0effe35540b498172
3240135;FONDECYT de Postdoctorado 2024;2024;Resumen;https://post.anid.cl/frontend.php/es/postulacion/descargar/hash/7826cd3f2cb601da5bd3793ccf59cb07
3240137;FONDECYT de Postdoctorado 2024;2024;Resumen;https://post.anid.cl/frontend.php/es/postulacion/descargar/hash/334ca430ff6afcd24ac7a4a03a599da6
3240139;FONDECYT de Postdoctorado 2024;2024;Resumen;https://post.anid.cl/frontend.php/es/postulacion/descargar/hash/b0a0633af85aca223807a057082c0f90
3240140;FONDECYT de Postdoctorado 2024;2024;Resumen;https://post.anid.cl/frontend.php/es/postulacion/descargar/hash/59fcb69d26203fa0059d48103e01f804
3240142;FONDECYT de Postdoctorado 2024;2024;Resumen;https://post.anid.cl/frontend.php/es/postulacion/descargar/hash/76dbe2d8d2a4fc2897a89432df6c15c1
3240145;FONDECYT de Postdoctorado 2024;2024;Resumen;https://post.anid.cl/frontend.php/es/postulacion/descargar/hash/02ab05418a695e7f491050b7a648bfe7
3240146;FONDECYT de Postdoctorado 2024;2024;Resumen;https://post.anid.cl/frontend.php/es/postulacion/descargar/hash/759208c0970e2d71ca4163789c347353
3240156;FONDECYT de Postdoctorado 2024;2024;Resumen;https://post.anid.cl/frontend.php/es/postulacion/descargar/hash/95e4855b6f94b32bf878991285de8822
3240157;FONDECYT de Postdoctorado 2024;2024;Resumen;https://post.anid.cl/frontend.php/es/postulacion/descargar/hash/0e31ba464f503c08db2d81c4d6a49e44
3240159;FONDECYT de Postdoctorado 2024;2024;Resumen;https://post.anid.cl/frontend.php/es/postulacion/descargar/hash/0f5d50bcae2d02baff6e6fb51ac93ae4
3240160;FONDECYT de Postdoctorado 2024;2024;Resumen;https://post.anid.cl/frontend.php/es/postulacion/descargar/hash/3abc9ec1a2850f2e3095af39f61d8e22
3240165;FONDECYT de Postdoctorado 2024;2024;Resumen;https://post.anid.cl/frontend.php/es/postulacion/descargar/hash/acbbdf37cc8e4a8ec4ddfc37a61357da
3240166;FONDECYT de Postdoctorado 2024;2024;Resumen;https://post.anid.cl/frontend.php/es/postulacion/descargar/hash/310147422be5f7d594779a3c5dd458f4
3240170;FONDECYT de Postdoctorado 2024;2024;Resumen;https://post.anid.cl/frontend.php/es/postulacion/descargar/hash/a88ed3314387951d8050a4760de7a1ff
3240171;FONDECYT de Postdoctorado 2024;2024;Resumen;https://post.anid.cl/frontend.php/es/postulacion/descargar/hash/159617181fc4890ceaf5dacadc927114
3240172;FONDECYT de Postdoctorado 2024;2024;Resumen;https://post.anid.cl/frontend.php/es/postulacion/descargar/hash/d9e887470f2dce4d02574372f03d0d8e
3240174;FONDECYT de Postdoctorado 2024;2024;Resumen;https://post.anid.cl/frontend.php/es/postulacion/descargar/hash/5e7f763aca551dbadf6b6c2590d6df93
3240175;FONDECYT de Postdoctorado 2024;2024;Resumen;https://post.anid.cl/frontend.php/es/postulacion/descargar/hash/05ae3e43b4d4dab2963fc9349b394b19
3240177;FONDECYT de Postdoctorado 2024;2024;Resumen;https://post.anid.cl/frontend.php/es/postulacion/descargar/hash/2bc6cd3f4c0919eb6899b4e64094cdf3
3240179;FONDECYT de Postdoctorado 2024;2024;Resumen;https://post.anid.cl/frontend.php/es/postulacion/descargar/hash/eebbba80b5e2e41307ee1be44bfca199
3240180;FONDECYT de Postdoctorado 2024;2024;Resumen;https://post.anid.cl/frontend.php/es/postulacion/descargar/hash/ed71b909833f6610c55d2d349d6b85b9
3240181;FONDECYT de Postdoctorado 2024;2024;Resumen;https://post.anid.cl/frontend.php/es/postulacion/descargar/hash/191b3035256858125352a13681c0e91f
3240186;FONDECYT de Postdoctorado 2024;2024;Resumen;https://post.anid.cl/frontend.php/es/postulacion/descargar/hash/a4232b14f631fdd1a11aeea3ab9ac706
3240187;FONDECYT de Postdoctorado 2024;2024;Resumen;https://post.anid.cl/frontend.php/es/postulacion/descargar/hash/307be5c03682bd5fe385bbca83b3c4fa
3240189;FONDECYT de Postdoctorado 2024;2024;Resumen;https://post.anid.cl/frontend.php/es/postulacion/descargar/hash/929d7ab9716df3075956557dc3ff2cb8
3240191;FONDECYT de Postdoctorado 2024;2024;Resumen;https://post.anid.cl/frontend.php/es/postulacion/descargar/hash/89dc7fd8aa22ff81880694abbc428218
3240192;FONDECYT de Postdoctorado 2024;2024;Resumen;https://post.anid.cl/frontend.php/es/postulacion/descargar/hash/9f6f09c5599190983fc585e874485ee5
3240196;FONDECYT de Postdoctorado 2024;2024;Resumen;https://post.anid.cl/frontend.php/es/postulacion/descargar/hash/714dbcd4cce0432f0d6c998b9bfb2fe6
3240198;FONDECYT de Postdoctorado 2024;2024;Resumen;https://post.anid.cl/frontend.php/es/postulacion/descargar/hash/43495ed5c4c3619568b30208e15ad9d2
3240199;FONDECYT de Postdoctorado 2024;2024;Resumen;https://post.anid.cl/frontend.php/es/postulacion/descargar/hash/966a08d4ad3c59c669f4f1e33c7a074e
3240202;FONDECYT de Postdoctorado 2024;2024;Resumen;https://post.anid.cl/frontend.php/es/postulacion/descargar/hash/6712cdffa3577988f816a87985aeb6e1
3240206;FONDECYT de Postdoctorado 2024;2024;Resumen;https://post.anid.cl/frontend.php/es/postulacion/descargar/hash/4288a08af78991ce80a004de8291e4f0
3240208;FONDECYT de Postdoctorado 2024;2024;Resumen;https://post.anid.cl/frontend.php/es/postulacion/descargar/hash/d3ea4d021dcf238984c1dd91b80a8b2a
3240216;FONDECYT de Postdoctorado 2024;2024;Resumen;https://post.anid.cl/frontend.php/es/postulacion/descargar/hash/bb29d7afcb2b21a4f3c9a98471b4c836
3240217;FONDECYT de Postdoctorado 2024;2024;Resumen;https://post.anid.cl/frontend.php/es/postulacion/descargar/hash/ff4ce3ece301be41a64bc937cb0f3bfe
3240218;FONDECYT de Postdoctorado 2024;2024;Resumen;https://post.anid.cl/frontend.php/es/postulacion/descargar/hash/48c1bd94ecb7a470529cdae2208a7e8a
3240219;FONDECYT de Postdoctorado 2024;2024;Resumen;https://post.anid.cl/frontend.php/es/postulacion/descargar/hash/1792cc50bd0266d4547c0b821c51425f
3240220;FONDECYT de Postdoctorado 2024;2024;Resumen;https://post.anid.cl/frontend.php/es/postulacion/descargar/hash/178b9d566de6b9af4ac38908e5d2ed8b
3240225;FONDECYT de Postdoctorado 2024;2024;Resumen;https://post.anid.cl/frontend.php/es/postulacion/descargar/hash/7f9b06f93f1674fa2aa113f629e320e0
3240226;FONDECYT de Postdoctorado 2024;2024;Resumen;https://post.anid.cl/frontend.php/es/postulacion/descargar/hash/d66a21ecf9666325dea0c720d6dec138
3240227;FONDECYT de Postdoctorado 2024;2024;Resumen;https://post.anid.cl/frontend.php/es/postulacion/descargar/hash/c3ef16e546f9f469fe055b1b50e158da
3240229;FONDECYT de Postdoctorado 2024;2024;Resumen;https://post.anid.cl/frontend.php/es/postulacion/descargar/hash/609a92b887831f57e4938a50c9935776
3240233;FONDECYT de Postdoctorado 2024;2024;Resumen;https://post.anid.cl/frontend.php/es/postulacion/descargar/hash/7615cd9520ec978d4dc322c81e036b6e
3240234;FONDECYT de Postdoctorado 2024;2024;Resumen;https://post.anid.cl/frontend.php/es/postulacion/descargar/hash/0cefcbff192debd35721a3f90bffcf82
3240235;FONDECYT de Postdoctorado 2024;2024;Resumen;https://post.anid.cl/frontend.php/es/postulacion/descargar/hash/fb3b5290f2ff0fd4f33211de32047ecc
3240238;FONDECYT de Postdoctorado 2024;2024;Resumen;https://post.anid.cl/frontend.php/es/postulacion/descargar/hash/61dc0ea3317d61fce686eddd02c690f3
3240242;FONDECYT de Postdoctorado 2024;2024;Resumen;https://post.anid.cl/frontend.php/es/postulacion/descargar/hash/1ec6b9300a04febc0180664986b421d6
3240252;FONDECYT de Postdoctorado 2024;2024;Resumen;https://post.anid.cl/frontend.php/es/postulacion/descargar/hash/1706bfae218dbcf8d6a27313a59388c9
3240255;FONDECYT de Postdoctorado 2024;2024;Resumen;https://post.anid.cl/frontend.php/es/postulacion/descargar/hash/06d17b3b0b52a5b4b3264e96e53def7d
3240256;FONDECYT de Postdoctorado 2024;2024;Resumen;https://post.anid.cl/frontend.php/es/postulacion/descargar/hash/7d525bc46dd00cca0e22b97eec766374
3240260;FONDECYT de Postdoctorado 2024;2024;Resumen;https://post.anid.cl/frontend.php/es/postulacion/descargar/hash/268cd9b05c9b1a482fe1d772895232c8
3240262;FONDECYT de Postdoctorado 2024;2024;Resumen;https://post.anid.cl/frontend.php/es/postulacion/descargar/hash/d650e55714e8ceab28f2f1ec824b4509
3240264;FONDECYT de Postdoctorado 2024;2024;Resumen;https://post.anid.cl/frontend.php/es/postulacion/descargar/hash/1b2485500fcc18f797705b2be845a47d
3240271;FONDECYT de Postdoctorado 2024;2024;Resumen;https://post.anid.cl/frontend.php/es/postulacion/descargar/hash/dce1a8b9d726f2f1e5464c8869278df1
3240277;FONDECYT de Postdoctorado 2024;2024;Resumen;https://post.anid.cl/frontend.php/es/postulacion/descargar/hash/928f6a80e3db1737296948ee01808d95
3240281;FONDECYT de Postdoctorado 2024;2024;Resumen;https://post.anid.cl/frontend.php/es/postulacion/descargar/hash/3ae1568b3af25d5098aa9a522e4d7159
3240282;FONDECYT de Postdoctorado 2024;2024;Resumen;https://post.anid.cl/frontend.php/es/postulacion/descargar/hash/b535d002aa1bf6f727395b3f6b30c7cc
3240283;FONDECYT de Postdoctorado 2024;2024;Resumen;https://post.anid.cl/frontend.php/es/postulacion/descargar/hash/a630f4ce0da3b35d33ad902c306d7d2a
3240284;FONDECYT de Postdoctorado 2024;2024;Resumen;https://post.anid.cl/frontend.php/es/postulacion/descargar/hash/ce849da9b727392ee9d9c51b888e3c6b
3240288;FONDECYT de Postdoctorado 2024;2024;Resumen;https://post.anid.cl/frontend.php/es/postulacion/descargar/hash/13596622b0b2bc84ef80275d127fea8e
3240290;FONDECYT de Postdoctorado 2024;2024;Resumen;https://post.anid.cl/frontend.php/es/postulacion/descargar/hash/adc10e53bca6550a0c258b14939e6d41
3240293;FONDECYT de Postdoctorado 2024;2024;Resumen;https://post.anid.cl/frontend.php/es/postulacion/descargar/hash/1f13bbd032def5290839a2cb4aab456d
3240294;FONDECYT de Postdoctorado 2024;2024;Resumen;https://post.anid.cl/frontend.php/es/postulacion/descargar/hash/da939259eabf2040218215bb220b28ce
3240295;FONDECYT de Postdoctorado 2024;2024;Resumen;https://post.anid.cl/frontend.php/es/postulacion/descargar/hash/927ae54fd30c493d986235f67f47c679
3240298;FONDECYT de Postdoctorado 2024;2024;Resumen;https://post.anid.cl/frontend.php/es/postulacion/descargar/hash/1b30a95e8abcd82b418431646c3f924f
3240303;FONDECYT de Postdoctorado 2024;2024;Resumen;https://post.anid.cl/frontend.php/es/postulacion/descargar/hash/408a15ffa240ccab161a53a4ac226476
3240305;FONDECYT de Postdoctorado 2024;2024;Resumen;https://post.anid.cl/frontend.php/es/postulacion/descargar/hash/2d1e165a32ea0ed0e7781d0cb35b3ef4
3240308;FONDECYT de Postdoctorado 2024;2024;Resumen;https://post.anid.cl/frontend.php/es/postulacion/descargar/hash/a8d5ec605221136d8e331424df93f026
3240309;FONDECYT de Postdoctorado 2024;2024;Resumen;https://post.anid.cl/frontend.php/es/postulacion/descargar/hash/463fd8b88be6ab18b8776fd5a4739ec2
3240314;FONDECYT de Postdoctorado 2024;2024;Resumen;https://post.anid.cl/frontend.php/es/postulacion/descargar/hash/6ceead0ba26fd9fb723c3cf0cd2ab937
3240317;FONDECYT de Postdoctorado 2024;2024;Resumen;https://post.anid.cl/frontend.php/es/postulacion/descargar/hash/7e6b5ab67854f2dcf22abacd54add29c
3240318;FONDECYT de Postdoctorado 2024;2024;Resumen;https://post.anid.cl/frontend.php/es/postulacion/descargar/hash/d3bd338a29712df9d17aac18326d66d1
3240319;FONDECYT de Postdoctorado 2024;2024;Resumen;https://post.anid.cl/frontend.php/es/postulacion/descargar/hash/319e3fd62c62db0c2ced4c03ae050e3a
3240320;FONDECYT de Postdoctorado 2024;2024;Resumen;https://post.anid.cl/frontend.php/es/postulacion/descargar/hash/fefa26a5f924f90e670075546bf3c3f6
3240331;FONDECYT de Postdoctorado 2024;2024;Resumen;https://post.anid.cl/frontend.php/es/postulacion/descargar/hash/8ab7a79683b3b24267314928b0265abf
3240333;FONDECYT de Postdoctorado 2024;2024;Resumen;https://post.anid.cl/frontend.php/es/postulacion/descargar/hash/272957d90a91e396828423377eaef1f7
3240337;FONDECYT de Postdoctorado 2024;2024;Resumen;https://post.anid.cl/frontend.php/es/postulacion/descargar/hash/775282e1a86add8a8ba4009d9134cff4
3240338;FONDECYT de Postdoctorado 2024;2024;Resumen;https://post.anid.cl/frontend.php/es/postulacion/descargar/hash/15827a55c7272f4df12ef4c8cc707bde
3240340;FONDECYT de Postdoctorado 2024;2024;Resumen;https://post.anid.cl/frontend.php/es/postulacion/descargar/hash/82af6ee981f081d7603c764cefed2dcd
3240344;FONDECYT de Postdoctorado 2024;2024;Resumen;https://post.anid.cl/frontend.php/es/postulacion/descargar/hash/eae22e19666192679cdd2f34bf2dbc88
3240349;FONDECYT de Postdoctorado 2024;2024;Resumen;https://post.anid.cl/frontend.php/es/postulacion/descargar/hash/a7f4a457b953082eef9498f224117bf7
3240351;FONDECYT de Postdoctorado 2024;2024;Resumen;https://post.anid.cl/frontend.php/es/postulacion/descargar/hash/e2197139b8c99a1ef09f1d13e8cf114a
3240353;FONDECYT de Postdoctorado 2024;2024;Resumen;https://post.anid.cl/frontend.php/es/postulacion/descargar/hash/eba850dafdaf5dad62ab648e9c39ec1c
3240354;FONDECYT de Postdoctorado 2024;2024;Resumen;https://post.anid.cl/frontend.php/es/postulacion/descargar/hash/c8f88ef82fba0a21ef501ac65f447896
3240358;FONDECYT de Postdoctorado 2024;2024;Resumen;https://post.anid.cl/frontend.php/es/postulacion/descargar/hash/5d5d5b93ae7bacb7e9f76c8402e1ee58
3240359;FONDECYT de Postdoctorado 2024;2024;Resumen;https://post.anid.cl/frontend.php/es/postulacion/descargar/hash/b7885eb0425624c405b003c0c68543d5
3240363;FONDECYT de Postdoctorado 2024;2024;Resumen;https://post.anid.cl/frontend.php/es/postulacion/descargar/hash/80a4b6fd030e0b6002b717f56ee0b57b
3240368;FONDECYT de Postdoctorado 2024;2024;Resumen;https://post.anid.cl/frontend.php/es/postulacion/descargar/hash/0a5ecf8f4f234521fa6ed13e592e222c
3240369;FONDECYT de Postdoctorado 2024;2024;Resumen;https://post.anid.cl/frontend.php/es/postulacion/descargar/hash/c7cc87a147586fb2a06a24c17449eacd
3240372;FONDECYT de Postdoctorado 2024;2024;Resumen;https://post.anid.cl/frontend.php/es/postulacion/descargar/hash/1a8fb98e303626845c1430ce2ca1f001
3240375;FONDECYT de Postdoctorado 2024;2024;Resumen;https://post.anid.cl/frontend.php/es/postulacion/descargar/hash/4ff6b6a0415e030902948b2a21cfd1a5
3240378;FONDECYT de Postdoctorado 2024;2024;Resumen;https://post.anid.cl/frontend.php/es/postulacion/descargar/hash/622dec4050c686cc5f25861c617ead11
3240385;FONDECYT de Postdoctorado 2024;2024;Resumen;https://post.anid.cl/frontend.php/es/postulacion/descargar/hash/426d5b929d81315c08f3262ac4587814
3240386;FONDECYT de Postdoctorado 2024;2024;Resumen;https://post.anid.cl/frontend.php/es/postulacion/descargar/hash/66ede21e73c905482780818ddf290942
3240387;FONDECYT de Postdoctorado 2024;2024;Resumen;https://post.anid.cl/frontend.php/es/postulacion/descargar/hash/ebc9c058734fdc5ff325a5f6d6901dab
3240389;FONDECYT de Postdoctorado 2024;2024;Resumen;https://post.anid.cl/frontend.php/es/postulacion/descargar/hash/1a39b8ded3bae536d498f969e32e770b
3240391;FONDECYT de Postdoctorado 2024;2024;Resumen;https://post.anid.cl/frontend.php/es/postulacion/descargar/hash/b6fe9f906ea0d81983fed1c46dde1cee
3240393;FONDECYT de Postdoctorado 2024;2024;Resumen;https://post.anid.cl/frontend.php/es/postulacion/descargar/hash/ea618264360e85b314b1d9db37d214e5
3240395;FONDECYT de Postdoctorado 2024;2024;Resumen;https://post.anid.cl/frontend.php/es/postulacion/descargar/hash/23e6bb769f144195b964cd66cebeb3de
3240396;FONDECYT de Postdoctorado 2024;2024;Resumen;https://post.anid.cl/frontend.php/es/postulacion/descargar/hash/274c59a07a84be44074de00e1ebfe694
3240399;FONDECYT de Postdoctorado 2024;2024;Resumen;https://post.anid.cl/frontend.php/es/postulacion/descargar/hash/2ae5f47fcae251bced6331a4187bc3c2
3240401;FONDECYT de Postdoctorado 2024;2024;Resumen;https://post.anid.cl/frontend.php/es/postulacion/descargar/hash/32ae55a48edf51e1417f19b65a45da56
3240404;FONDECYT de Postdoctorado 2024;2024;Resumen;https://post.anid.cl/frontend.php/es/postulacion/descargar/hash/dcfe5f840dac5f9c97e75a4aee79610c
3240407;FONDECYT de Postdoctorado 2024;2024;Resumen;https://post.anid.cl/frontend.php/es/postulacion/descargar/hash/a227e08e36a4e1f318f07b13512b2c10
3240414;FONDECYT de Postdoctorado 2024;2024;Resumen;https://post.anid.cl/frontend.php/es/postulacion/descargar/hash/c5c7c6c2209ca5a88be41f51b177539d
3240419;FONDECYT de Postdoctorado 2024;2024;Resumen;https://post.anid.cl/frontend.php/es/postulacion/descargar/hash/7fcc49c277925b09d9af58a6fe3647e9
3240422;FONDECYT de Postdoctorado 2024;2024;Resumen;https://post.anid.cl/frontend.php/es/postulacion/descargar/hash/3d07134e091ae3742ff80b5033001847
3240429;FONDECYT de Postdoctorado 2024;2024;Resumen;https://post.anid.cl/frontend.php/es/postulacion/descargar/hash/b4aaf8db773c299a59037a341575ba6f
3240430;FONDECYT de Postdoctorado 2024;2024;Resumen;https://post.anid.cl/frontend.php/es/postulacion/descargar/hash/dd9baa0e018b5f279e628f618e29f4ec
3240435;FONDECYT de Postdoctorado 2024;2024;Resumen;https://post.anid.cl/frontend.php/es/postulacion/descargar/hash/4c8a1fc25c50470c67b5f0881168817c
3240436;FONDECYT de Postdoctorado 2024;2024;Resumen;https://post.anid.cl/frontend.php/es/postulacion/descargar/hash/07e636f9320ea69485da75c6b666e2db
3240440;FONDECYT de Postdoctorado 2024;2024;Resumen;https://post.anid.cl/frontend.php/es/postulacion/descargar/hash/e81903d1a031826bb877edf883419f5f
3240441;FONDECYT de Postdoctorado 2024;2024;Resumen;https://post.anid.cl/frontend.php/es/postulacion/descargar/hash/fae3f396effb94c97cf5d962636e8529
3240443;FONDECYT de Postdoctorado 2024;2024;Resumen;https://post.anid.cl/frontend.php/es/postulacion/descargar/hash/aa3bb75e871c20f47963ddd1b2f54852
3240444;FONDECYT de Postdoctorado 2024;2024;Resumen;https://post.anid.cl/frontend.php/es/postulacion/descargar/hash/c310d91cce4bdf0f9cf3f0445cb1fdda
3240454;FONDECYT de Postdoctorado 2024;2024;Resumen;https://post.anid.cl/frontend.php/es/postulacion/descargar/hash/af36e77723e25709c6d8dd50a7f6a640
3240455;FONDECYT de Postdoctorado 2024;2024;Resumen;https://post.anid.cl/frontend.php/es/postulacion/descargar/hash/f78e2bc34b121d2c53f634f086d640bc
3240458;FONDECYT de Postdoctorado 2024;2024;Resumen;https://post.anid.cl/frontend.php/es/postulacion/descargar/hash/d3554d2909c594b7ce32fc9ca30a24c3
3240461;FONDECYT de Postdoctorado 2024;2024;Resumen;https://post.anid.cl/frontend.php/es/postulacion/descargar/hash/e15eaf5be1efd0dcfbebaa1ecc21518f
3240463;FONDECYT de Postdoctorado 2024;2024;Resumen;https://post.anid.cl/frontend.php/es/postulacion/descargar/hash/c73d0892d8d20aa4f3b77e79e921216b
3240476;FONDECYT de Postdoctorado 2024;2024;Resumen;https://post.anid.cl/frontend.php/es/postulacion/descargar/hash/a07a35498fc57ad89357fde34101d61f
3240479;FONDECYT de Postdoctorado 2024;2024;Resumen;https://post.anid.cl/frontend.php/es/postulacion/descargar/hash/1460b1ef39148c3b2933f3a23b1df612
3240484;FONDECYT de Postdoctorado 2024;2024;Resumen;https://post.anid.cl/frontend.php/es/postulacion/descargar/hash/97616a9a4a68c6f09039b8985f603e8e
3240486;FONDECYT de Postdoctorado 2024;2024;Resumen;https://post.anid.cl/frontend.php/es/postulacion/descargar/hash/277039febcc11bb71b4ec2a959758629
3240488;FONDECYT de Postdoctorado 2024;2024;Resumen;https://post.anid.cl/frontend.php/es/postulacion/descargar/hash/67dc1bd22d991c5654b3202a96e6fb87
3240489;FONDECYT de Postdoctorado 2024;2024;Resumen;https://post.anid.cl/frontend.php/es/postulacion/descargar/hash/22b9da1b670d0d2ee657a3944c798dbb
3240490;FONDECYT de Postdoctorado 2024;2024;Resumen;https://post.anid.cl/frontend.php/es/postulacion/descargar/hash/d8e6083a4259bb3e3e5729a4d7f3f026
3240492;FONDECYT de Postdoctorado 2024;2024;Resumen;https://post.anid.cl/frontend.php/es/postulacion/descargar/hash/93c9753bb705095143cf8efffb8c7163
3240498;FONDECYT de Postdoctorado 2024;2024;Resumen;https://post.anid.cl/frontend.php/es/postulacion/descargar/hash/9d7d5c9e46fbee851853583a4d7423e7
3240502;FONDECYT de Postdoctorado 2024;2024;Resumen;https://post.anid.cl/frontend.php/es/postulacion/descargar/hash/69a0e2bd8fa92f22b273efecee04b61a
3240504;FONDECYT de Postdoctorado 2024;2024;Resumen;https://post.anid.cl/frontend.php/es/postulacion/descargar/hash/2505fb2f64c10041a121d39a684b4c56
3240505;FONDECYT de Postdoctorado 2024;2024;Resumen;https://post.anid.cl/frontend.php/es/postulacion/descargar/hash/0457d57077f6582b699f909e387a5ecd
3240507;FONDECYT de Postdoctorado 2024;2024;Resumen;https://post.anid.cl/frontend.php/es/postulacion/descargar/hash/b5868988330bcefacb35142e4883c4e3
3240508;FONDECYT de Postdoctorado 2024;2024;Resumen;https://post.anid.cl/frontend.php/es/postulacion/descargar/hash/013727640332b467d0ebebbe97a9dc66
3240511;FONDECYT de Postdoctorado 2024;2024;Resumen;https://post.anid.cl/frontend.php/es/postulacion/descargar/hash/c3d783382fc7419b32dad64d276d4bff
3240512;FONDECYT de Postdoctorado 2024;2024;Resumen;https://post.anid.cl/frontend.php/es/postulacion/descargar/hash/071e4489ac3a0722f67d679edc90b1cb
3240514;FONDECYT de Postdoctorado 2024;2024;Resumen;https://post.anid.cl/frontend.php/es/postulacion/descargar/hash/c2271a1d8830d8e7d96810945f910d3e
3240522;FONDECYT de Postdoctorado 2024;2024;Resumen;https://post.anid.cl/frontend.php/es/postulacion/descargar/hash/9eef7cfd28e74fb1ee37e0571370464d
3240525;FONDECYT de Postdoctorado 2024;2024;Resumen;https://post.anid.cl/frontend.php/es/postulacion/descargar/hash/06c3375013d0f85670d0363a19235952
3240527;FONDECYT de Postdoctorado 2024;2024;Resumen;https://post.anid.cl/frontend.php/es/postulacion/descargar/hash/18f24db9571723a2971606ce976c45a2
3240528;FONDECYT de Postdoctorado 2024;2024;Resumen;https://post.anid.cl/frontend.php/es/postulacion/descargar/hash/c11629a66ea88392eb7f2b0f6fde4bfe
3240529;FONDECYT de Postdoctorado 2024;2024;Resumen;https://post.anid.cl/frontend.php/es/postulacion/descargar/hash/520dc9bcbab4cba27e157fe9b9a764d6
3240534;FONDECYT de Postdoctorado 2024;2024;Resumen;https://post.anid.cl/frontend.php/es/postulacion/descargar/hash/0ce9961c583b5aea4ef9c163ab0992b8
3240535;FONDECYT de Postdoctorado 2024;2024;Resumen;https://post.anid.cl/frontend.php/es/postulacion/descargar/hash/6077a348dc0e6ee8f0d53ec1f29755d6
3240540;FONDECYT de Postdoctorado 2024;2024;Resumen;https://post.anid.cl/frontend.php/es/postulacion/descargar/hash/4ca508fa71bcd59578bb0805945635fd
3240542;FONDECYT de Postdoctorado 2024;2024;Resumen;https://post.anid.cl/frontend.php/es/postulacion/descargar/hash/a59095b82fc9f5625d47397e73d35f80
3240544;FONDECYT de Postdoctorado 2024;2024;Resumen;https://post.anid.cl/frontend.php/es/postulacion/descargar/hash/c31b12cf31c0d0aab5631171e95f6b88
3240551;FONDECYT de Postdoctorado 2024;2024;Resumen;https://post.anid.cl/frontend.php/es/postulacion/descargar/hash/6d7b0fc3133034f9128301e9f881624b
3240553;FONDECYT de Postdoctorado 2024;2024;Resumen;https://post.anid.cl/frontend.php/es/postulacion/descargar/hash/f8eda5b6e560f649d786c9e15e11afce
3240558;FONDECYT de Postdoctorado 2024;2024;Resumen;https://post.anid.cl/frontend.php/es/postulacion/descargar/hash/505ea328bd2474ea4a897089a6e63fa2
3240559;FONDECYT de Postdoctorado 2024;2024;Resumen;https://post.anid.cl/frontend.php/es/postulacion/descargar/hash/cb8f2b7adeadef27d2be3a96355bf551
3240563;FONDECYT de Postdoctorado 2024;2024;Resumen;https://post.anid.cl/frontend.php/es/postulacion/descargar/hash/11c24633088f5627d1c15fb0c462c7f2
3240569;FONDECYT de Postdoctorado 2024;2024;Resumen;https://post.anid.cl/frontend.php/es/postulacion/descargar/hash/71091ac464ae9717b143c545da648730
3240572;FONDECYT de Postdoctorado 2024;2024;Resumen;https://post.anid.cl/frontend.php/es/postulacion/descargar/hash/b133be5b9bec9b90e02aaf237da5e39f
3240576;FONDECYT de Postdoctorado 2024;2024;Resumen;https://post.anid.cl/frontend.php/es/postulacion/descargar/hash/13c6315b2505b4e13dc72f38a8d99e09
3240578;FONDECYT de Postdoctorado 2024;2024;Resumen;https://post.anid.cl/frontend.php/es/postulacion/descargar/hash/d68adc06c0f331c84b79949a507053d8
3240579;FONDECYT de Postdoctorado 2024;2024;Resumen;https://post.anid.cl/frontend.php/es/postulacion/descargar/hash/4bff4fc24ad836d5dcdba779963001e3
3240580;FONDECYT de Postdoctorado 2024;2024;Resumen;https://post.anid.cl/frontend.php/es/postulacion/descargar/hash/fd6406e985a2e7957538d31eeb08fa02
3240581;FONDECYT de Postdoctorado 2024;2024;Resumen;https://post.anid.cl/frontend.php/es/postulacion/descargar/hash/4904057dffc3bb1fcbd7d5972673eb43
3240587;FONDECYT de Postdoctorado 2024;2024;Resumen;https://post.anid.cl/frontend.php/es/postulacion/descargar/hash/36fe2af49eb0804e957e315f44d7fcd5
3240600;FONDECYT de Postdoctorado 2024;2024;Resumen;https://post.anid.cl/frontend.php/es/postulacion/descargar/hash/b2f63d0ecfa4e68f2f73a55153830f8c
3240604;FONDECYT de Postdoctorado 2024;2024;Resumen;https://post.anid.cl/frontend.php/es/postulacion/descargar/hash/8c5bbb0b24fbb15d61cf07850237a4b4
3240612;FONDECYT de Postdoctorado 2024;2024;Resumen;https://post.anid.cl/frontend.php/es/postulacion/descargar/hash/f132378fad76f4d057b0ba7351713dd1
3240618;FONDECYT de Postdoctorado 2024;2024;Resumen;https://post.anid.cl/frontend.php/es/postulacion/descargar/hash/106949462bf7e5edb7dffd4707e86254
3240619;FONDECYT de Postdoctorado 2024;2024;Resumen;https://post.anid.cl/frontend.php/es/postulacion/descargar/hash/eb2460548d286823c3a1515ab588a679
3240620;FONDECYT de Postdoctorado 2024;2024;Resumen;https://post.anid.cl/frontend.php/es/postulacion/descargar/hash/66c3c68e2742278a8649ef2bfc44e80b
3240624;FONDECYT de Postdoctorado 2024;2024;Resumen;https://post.anid.cl/frontend.php/es/postulacion/descargar/hash/f9509eb6507052ef0a4df8171c34158b
3240626;FONDECYT de Postdoctorado 2024;2024;Resumen;https://post.anid.cl/frontend.php/es/postulacion/descargar/hash/c79a0674370c88e43cfca26bde05adb2
3240627;FONDECYT de Postdoctorado 2024;2024;Resumen;https://post.anid.cl/frontend.php/es/postulacion/descargar/hash/88485e8c46307cb86cd5e93ed79e4ebf
3240629;FONDECYT de Postdoctorado 2024;2024;Resumen;https://post.anid.cl/frontend.php/es/postulacion/descargar/hash/4cbbbad0eb57a21dabba1cb48e59bae5
3240631;FONDECYT de Postdoctorado 2024;2024;Resumen;https://post.anid.cl/frontend.php/es/postulacion/descargar/hash/c5ba6e3063ce633a1ff346afa6aef2bb
3240632;FONDECYT de Postdoctorado 2024;2024;Resumen;https://post.anid.cl/frontend.php/es/postulacion/descargar/hash/d249eb23c5c9807fdc3d5b9ecf71c791
3240634;FONDECYT de Postdoctorado 2024;2024;Resumen;https://post.anid.cl/frontend.php/es/postulacion/descargar/hash/eaae6f24f72cdf9cca05de35f27dcd37
3240636;FONDECYT de Postdoctorado 2024;2024;Resumen;https://post.anid.cl/frontend.php/es/postulacion/descargar/hash/c8ae52593c8b5ab74ec5fdf97726e05f
3240639;FONDECYT de Postdoctorado 2024;2024;Resumen;https://post.anid.cl/frontend.php/es/postulacion/descargar/hash/f2d44350923a73f59c3e7bdd8a8578df
3240641;FONDECYT de Postdoctorado 2024;2024;Resumen;https://post.anid.cl/frontend.php/es/postulacion/descargar/hash/ac4c7c603cb96f96cf8c76da286c5e9c
3240644;FONDECYT de Postdoctorado 2024;2024;Resumen;https://post.anid.cl/frontend.php/es/postulacion/descargar/hash/22ff7bb65f9505419888fdf6c4c6c7fb
3240649;FONDECYT de Postdoctorado 2024;2024;Resumen;https://post.anid.cl/frontend.php/es/postulacion/descargar/hash/f50b65b583ddee2026b00c04cb742e8e
3240653;FONDECYT de Postdoctorado 2024;2024;Resumen;https://post.anid.cl/frontend.php/es/postulacion/descargar/hash/795b84cfeb3c9201e7a3286427ebcc32
3240660;FONDECYT de Postdoctorado 2024;2024;Resumen;https://post.anid.cl/frontend.php/es/postulacion/descargar/hash/6790495a980b2d4ee21e9ffea9f45a7c
3240661;FONDECYT de Postdoctorado 2024;2024;Resumen;https://post.anid.cl/frontend.php/es/postulacion/descargar/hash/21f6f39a5ad681e4ee1a1d4f0aff7a7d
3240664;FONDECYT de Postdoctorado 2024;2024;Resumen;https://post.anid.cl/frontend.php/es/postulacion/descargar/hash/295b422f3a63afa251325e75286eede2
3240666;FONDECYT de Postdoctorado 2024;2024;Resumen;https://post.anid.cl/frontend.php/es/postulacion/descargar/hash/bf231104d1baa12528dda8957f694c60
3240669;FONDECYT de Postdoctorado 2024;2024;Resumen;https://post.anid.cl/frontend.php/es/postulacion/descargar/hash/5e989137578f09ce5ce302e7c617caf6
3240671;FONDECYT de Postdoctorado 2024;2024;Resumen;https://post.anid.cl/frontend.php/es/postulacion/descargar/hash/7b8aa95a20e899d2f70eb4d240b5c9f2
3240674;FONDECYT de Postdoctorado 2024;2024;Resumen;https://post.anid.cl/frontend.php/es/postulacion/descargar/hash/e5875b868279e66645e240f54c11ee0e
3240676;FONDECYT de Postdoctorado 2024;2024;Resumen;https://post.anid.cl/frontend.php/es/postulacion/descargar/hash/4d65f80e25c55e6ff4ca2e4aaef8eb51
3240678;FONDECYT de Postdoctorado 2024;2024;Resumen;https://post.anid.cl/frontend.php/es/postulacion/descargar/hash/03acaed167c849cc29220c2acde84956
3240686;FONDECYT de Postdoctorado 2024;2024;Resumen;https://post.anid.cl/frontend.php/es/postulacion/descargar/hash/099f51cf01bb5cfb84266b3c2a6e8ca0
3240689;FONDECYT de Postdoctorado 2024;2024;Resumen;https://post.anid.cl/frontend.php/es/postulacion/descargar/hash/a4d99dfd11f5e8ac4fb747b9769634b6
3240692;FONDECYT de Postdoctorado 2024;2024;Resumen;https://post.anid.cl/frontend.php/es/postulacion/descargar/hash/867ccb8d7a360b4501b0aec3c91abc36
3240693;FONDECYT de Postdoctorado 2024;2024;Resumen;https://post.anid.cl/frontend.php/es/postulacion/descargar/hash/ec596918331c1de64a9c7f6ac8600dfa
3240697;FONDECYT de Postdoctorado 2024;2024;Resumen;https://post.anid.cl/frontend.php/es/postulacion/descargar/hash/2e829fa14f6c010a44eacc0698e89801
3240706;FONDECYT de Postdoctorado 2024;2024;Resumen;https://post.anid.cl/frontend.php/es/postulacion/descargar/hash/aae5cd9b1ba06102377666a0241bfee2
3240707;FONDECYT de Postdoctorado 2024;2024;Resumen;https://post.anid.cl/frontend.php/es/postulacion/descargar/hash/fd13e038b00af605ae4ee5535533f21e
3240715;FONDECYT de Postdoctorado 2024;2024;Resumen;https://post.anid.cl/frontend.php/es/postulacion/descargar/hash/c4c811b0763283b41ac293c1cfbc56e1
3240725;FONDECYT de Postdoctorado 2024;2024;Resumen;https://post.anid.cl/frontend.php/es/postulacion/descargar/hash/be853d8d752bdbd5153403887695861f
3240726;FONDECYT de Postdoctorado 2024;2024;Resumen;https://post.anid.cl/frontend.php/es/postulacion/descargar/hash/253ef4488b5238308a88a414576d7e0f
3240727;FONDECYT de Postdoctorado 2024;2024;Resumen;https://post.anid.cl/frontend.php/es/postulacion/descargar/hash/e118fbbcc45e6467d6b6ddd2c8a2b890
3240730;FONDECYT de Postdoctorado 2024;2024;Resumen;https://post.anid.cl/frontend.php/es/postulacion/descargar/hash/c5341275eb41d2436da26e091d48082a
3240731;FONDECYT de Postdoctorado 2024;2024;Resumen;https://post.anid.cl/frontend.php/es/postulacion/descargar/hash/231a7814e5b0bac55072c222eda2df50
3240732;FONDECYT de Postdoctorado 2024;2024;Resumen;https://post.anid.cl/frontend.php/es/postulacion/descargar/hash/a3c2e5bbcecdc6fefae6cc14b2eb69de
3240736;FONDECYT de Postdoctorado 2024;2024;Resumen;https://post.anid.cl/frontend.php/es/postulacion/descargar/hash/6523fbfbeec9b0c1c17abb796745412e
3240737;FONDECYT de Postdoctorado 2024;2024;Resumen;https://post.anid.cl/frontend.php/es/postulacion/descargar/hash/3eaa071b83b98db1e3eab9f367967c2b
3240743;FONDECYT de Postdoctorado 2024;2024;Resumen;https://post.anid.cl/frontend.php/es/postulacion/descargar/hash/5b65c74b5f57dbd8e7572335e2af1b12
3250003;FONDECYT de Postdoctorado 2025;2025;Resumen;https://post.anid.cl/frontend.php/es/postulacion/descargar/hash/40adc6871bbb62923b6a899b73b0cfd3
3250008;FONDECYT de Postdoctorado 2025;2025;Resumen;https://post.anid.cl/frontend.php/es/postulacion/descargar/hash/629660622eb60741e1cbf3122bd849d7
3250018;FONDECYT de Postdoctorado 2025;2025;Resumen;https://post.anid.cl/frontend.php/es/postulacion/descargar/hash/6ff79550dc38dd901f70b4072699695e
3250026;FONDECYT de Postdoctorado 2025;2025;Resumen;https://post.anid.cl/frontend.php/es/postulacion/descargar/hash/a67ee878f5de8002cf55d86af8e53a40
3250032;FONDECYT de Postdoctorado 2025;2025;Resumen;https://post.anid.cl/frontend.php/es/postulacion/descargar/hash/c17280f53cb2c803ba2a7fde5e978da9
3250035;FONDECYT de Postdoctorado 2025;2025;Resumen;https://post.anid.cl/frontend.php/es/postulacion/descargar/hash/ff91d135e081eb9f9754bc43c0413021
3250036;FONDECYT de Postdoctorado 2025;2025;Resumen;https://post.anid.cl/frontend.php/es/postulacion/descargar/hash/85aa4ab2d863fbe5ac177f22e10be879
3250037;FONDECYT de Postdoctorado 2025;2025;Resumen;https://post.anid.cl/frontend.php/es/postulacion/descargar/hash/a27f36c2ae1ecec723b09d019708b41b
3250039;FONDECYT de Postdoctorado 2025;2025;Resumen;https://post.anid.cl/frontend.php/es/postulacion/descargar/hash/98fd9288ea0fdcf3cd5810c317cd8741
3250043;FONDECYT de Postdoctorado 2025;2025;Resumen;https://post.anid.cl/frontend.php/es/postulacion/descargar/hash/e9ed462c20f04ccc4ca230b048c069bb
3250046;FONDECYT de Postdoctorado 2025;2025;Resumen;https://post.anid.cl/frontend.php/es/postulacion/descargar/hash/f3ee8aeffaded3fbf2066068adfaa19b
3250050;FONDECYT de Postdoctorado 2025;2025;Resumen;https://post.anid.cl/frontend.php/es/postulacion/descargar/hash/f3d26dc901ac09e20bf50b50d73e250c
3250052;FONDECYT de Postdoctorado 2025;2025;Resumen;https://post.anid.cl/frontend.php/es/postulacion/descargar/hash/20e0c885a6853af9de6470f50801342c
3250059;FONDECYT de Postdoctorado 2025;2025;Resumen;https://post.anid.cl/frontend.php/es/postulacion/descargar/hash/098b398d04bbe5800bdf9eea6bb3eae1
3250065;FONDECYT de Postdoctorado 2025;2025;Resumen;https://post.anid.cl/frontend.php/es/postulacion/descargar/hash/e1e3fc852309f2b103f78a712d05544b
3250066;FONDECYT de Postdoctorado 2025;2025;Resumen;https://post.anid.cl/frontend.php/es/postulacion/descargar/hash/355ab9ac0f81a48400797ebbccdf2639
3250068;FONDECYT de Postdoctorado 2025;2025;Resumen;https://post.anid.cl/frontend.php/es/postulacion/descargar/hash/0aca45b6a6a131eb98304618d0c9a992
3250070;FONDECYT de Postdoctorado 2025;2025;Resumen;https://post.anid.cl/frontend.php/es/postulacion/descargar/hash/92f77056e5fa156c2a0e97fb2ce72478
3250071;FONDECYT de Postdoctorado 2025;2025;Resumen;https://post.anid.cl/frontend.php/es/postulacion/descargar/hash/65bde70139de5b8fddfbdacb661d3b2e
3250072;FONDECYT de Postdoctorado 2025;2025;Resumen;https://post.anid.cl/frontend.php/es/postulacion/descargar/hash/c9616864130e5c45292a12b7eab385b4
3250073;FONDECYT de Postdoctorado 2025;2025;Resumen;https://post.anid.cl/frontend.php/es/postulacion/descargar/hash/95b3c60d8afc167dd5e37c5ef977a6d2
3250074;FONDECYT de Postdoctorado 2025;2025;Resumen;https://post.anid.cl/frontend.php/es/postulacion/descargar/hash/9f95e702c98212a501262221870398dc
3250075;FONDECYT de Postdoctorado 2025;2025;Resumen;https://post.anid.cl/frontend.php/es/postulacion/descargar/hash/32207fa21e774e6a49c8309d66b576e7
3250078;FONDECYT de Postdoctorado 2025;2025;Resumen;https://post.anid.cl/frontend.php/es/postulacion/descargar/hash/516ed239afd4dd980ffca74ae92968e9
3250080;FONDECYT de Postdoctorado 2025;2025;Resumen;https://post.anid.cl/frontend.php/es/postulacion/descargar/hash/f71165effbc38af7f526bb3cab157a74
3250081;FONDECYT de Postdoctorado 2025;2025;Resumen;https://post.anid.cl/frontend.php/es/postulacion/descargar/hash/7aba7a7278a2b5156154b5652ecf203f
3250087;FONDECYT de Postdoctorado 2025;2025;Resumen;https://post.anid.cl/frontend.php/es/postulacion/descargar/hash/6926a314a13f1aff7f0c45e15357cfbc
3250089;FONDECYT de Postdoctorado 2025;2025;Resumen;https://post.anid.cl/frontend.php/es/postulacion/descargar/hash/c2cf1794873747cb9d9378ce161ae15a
3250100;FONDECYT de Postdoctorado 2025;2025;Resumen;https://post.anid.cl/frontend.php/es/postulacion/descargar/hash/02b5a6794eefc09a2ba5f2a87ddb290a
3250103;FONDECYT de Postdoctorado 2025;2025;Resumen;https://post.anid.cl/frontend.php/es/postulacion/descargar/hash/6bdb19c2d9aa6d649065a23f7ad40bb2
3250115;FONDECYT de Postdoctorado 2025;2025;Resumen;https://post.anid.cl/frontend.php/es/postulacion/descargar/hash/efb86feab1a075c8840141265d071408
3250118;FONDECYT de Postdoctorado 2025;2025;Resumen;https://post.anid.cl/frontend.php/es/postulacion/descargar/hash/b0e5815831f6ff0c415721a75bc0dc3a
3250120;FONDECYT de Postdoctorado 2025;2025;Resumen;https://post.anid.cl/frontend.php/es/postulacion/descargar/hash/fa155ab86ca73c472eba6278ee080990
3250121;FONDECYT de Postdoctorado 2025;2025;Resumen;https://post.anid.cl/frontend.php/es/postulacion/descargar/hash/8b3a2335139e2169c2571ea8f3af0233
3250123;FONDECYT de Postdoctorado 2025;2025;Resumen;https://post.anid.cl/frontend.php/es/postulacion/descargar/hash/78a6899c3aa73277f13e2ab79ad76bf2
3250127;FONDECYT de Postdoctorado 2025;2025;Resumen;https://post.anid.cl/frontend.php/es/postulacion/descargar/hash/5d10212b48719befd83a596b5bdd2cce
3250130;FONDECYT de Postdoctorado 2025;2025;Resumen;https://post.anid.cl/frontend.php/es/postulacion/descargar/hash/d6ca88d0cf6807856106fe9ddbd0de10
3250131;FONDECYT de Postdoctorado 2025;2025;Resumen;https://post.anid.cl/frontend.php/es/postulacion/descargar/hash/6fcca2262776038d6cab5298c71efc22
3250132;FONDECYT de Postdoctorado 2025;2025;Resumen;https://post.anid.cl/frontend.php/es/postulacion/descargar/hash/3ce3e6bd8dba1d84a4c5b2797d3aa301
3250133;FONDECYT de Postdoctorado 2025;2025;Resumen;https://post.anid.cl/frontend.php/es/postulacion/descargar/hash/cfa74bf49fd8faf608965718324c4e60
3250134;FONDECYT de Postdoctorado 2025;2025;Resumen;https://post.anid.cl/frontend.php/es/postulacion/descargar/hash/c9c51b0ac1c5873b1988612eb16f409f
3250135;FONDECYT de Postdoctorado 2025;2025;Resumen;https://post.anid.cl/frontend.php/es/postulacion/descargar/hash/a230cb61cb4e94dca01b1413220e2fad
3250136;FONDECYT de Postdoctorado 2025;2025;Resumen;https://post.anid.cl/frontend.php/es/postulacion/descargar/hash/1981fe92c2f30c91cfc51e96bbd3e40f
3250143;FONDECYT de Postdoctorado 2025;2025;Resumen;https://post.anid.cl/frontend.php/es/postulacion/descargar/hash/622a0342210206b156d19f4e9ea3ea22
3250144;FONDECYT de Postdoctorado 2025;2025;Resumen;https://post.anid.cl/frontend.php/es/postulacion/descargar/hash/682d1000c28211d601029485764bf2bb
3250145;FONDECYT de Postdoctorado 2025;2025;Resumen;https://post.anid.cl/frontend.php/es/postulacion/descargar/hash/765d7d87de65594563cc9ae6535644c1
3250151;FONDECYT de Postdoctorado 2025;2025;Resumen;https://post.anid.cl/frontend.php/es/postulacion/descargar/hash/b0736c2872566ea98941497f09a910f0
3250152;FONDECYT de Postdoctorado 2025;2025;Resumen;https://post.anid.cl/frontend.php/es/postulacion/descargar/hash/143a48e000a20523d5fea20150461a50
3250155;FONDECYT de Postdoctorado 2025;2025;Resumen;https://post.anid.cl/frontend.php/es/postulacion/descargar/hash/fd9227ed75b0cafd0f3e5e09827ee4c1
3250156;FONDECYT de Postdoctorado 2025;2025;Resumen;https://post.anid.cl/frontend.php/es/postulacion/descargar/hash/c80ce4524d87ad788419e1dc9ccb25af
3250157;FONDECYT de Postdoctorado 2025;2025;Resumen;https://post.anid.cl/frontend.php/es/postulacion/descargar/hash/70fcea3635814b5fb5ee614025f91b83
3250158;FONDECYT de Postdoctorado 2025;2025;Resumen;https://post.anid.cl/frontend.php/es/postulacion/descargar/hash/c6dc65ddae58fd24b74faa54ab5ab034
3250161;FONDECYT de Postdoctorado 2025;2025;Resumen;https://post.anid.cl/frontend.php/es/postulacion/descargar/hash/296c4ddb725f414efb2dfe9657518732
3250167;FONDECYT de Postdoctorado 2025;2025;Resumen;https://post.anid.cl/frontend.php/es/postulacion/descargar/hash/a653ed3157d302920225e737dd7381e9
3250171;FONDECYT de Postdoctorado 2025;2025;Resumen;https://post.anid.cl/frontend.php/es/postulacion/descargar/hash/b7d72b21bd66af019935b7dff7bc136d
3250172;FONDECYT de Postdoctorado 2025;2025;Resumen;https://post.anid.cl/frontend.php/es/postulacion/descargar/hash/333089498fe8e4610274ce99122915a2
3250177;FONDECYT de Postdoctorado 2025;2025;Resumen;https://post.anid.cl/frontend.php/es/postulacion/descargar/hash/4b1054c0d2b37df45ff296388ed2ebc8
3250185;FONDECYT de Postdoctorado 2025;2025;Resumen;https://post.anid.cl/frontend.php/es/postulacion/descargar/hash/a983cb21ee0428ff3c140eb9037aeaa9
3250187;FONDECYT de Postdoctorado 2025;2025;Resumen;https://post.anid.cl/frontend.php/es/postulacion/descargar/hash/5c6d875c7af833d34fb3c02750ce172d
3250188;FONDECYT de Postdoctorado 2025;2025;Resumen;https://post.anid.cl/frontend.php/es/postulacion/descargar/hash/cb55c0de54d0ccd4b7663e12b609f1b7
3250199;FONDECYT de Postdoctorado 2025;2025;Resumen;https://post.anid.cl/frontend.php/es/postulacion/descargar/hash/2f9a5739d442d14e5a3ff674cd8c03a2
3250205;FONDECYT de Postdoctorado 2025;2025;Resumen;https://post.anid.cl/frontend.php/es/postulacion/descargar/hash/803070036a686eb87942ff5a4306fdc2
3250209;FONDECYT de Postdoctorado 2025;2025;Resumen;https://post.anid.cl/frontend.php/es/postulacion/descargar/hash/f9c5c9a3aba0a1c80233f475a5381a79
3250210;FONDECYT de Postdoctorado 2025;2025;Resumen;https://post.anid.cl/frontend.php/es/postulacion/descargar/hash/81c711f592c0d6895afdfb7a0990b352
3250213;FONDECYT de Postdoctorado 2025;2025;Resumen;https://post.anid.cl/frontend.php/es/postulacion/descargar/hash/363c0423090135976690412adfa87fb4
3250215;FONDECYT de Postdoctorado 2025;2025;Resumen;https://post.anid.cl/frontend.php/es/postulacion/descargar/hash/dcce826649a6f3738c6f63ab06ac357a
3250223;FONDECYT de Postdoctorado 2025;2025;Resumen;https://post.anid.cl/frontend.php/es/postulacion/descargar/hash/82382533c955320eecd267c4f7acc7c4
3250234;FONDECYT de Postdoctorado 2025;2025;Resumen;https://post.anid.cl/frontend.php/es/postulacion/descargar/hash/2a1d2a1c671e4ad56066d1a95c09f8f3
3250236;FONDECYT de Postdoctorado 2025;2025;Resumen;https://post.anid.cl/frontend.php/es/postulacion/descargar/hash/5a43e9cc2c5729301b85ddda9ca1f24f
3250237;FONDECYT de Postdoctorado 2025;2025;Resumen;https://post.anid.cl/frontend.php/es/postulacion/descargar/hash/3a6d7bd591d625e91ae37042434e5ebf
3250240;FONDECYT de Postdoctorado 2025;2025;Resumen;https://post.anid.cl/frontend.php/es/postulacion/descargar/hash/4e2ce90e2ef911397b95d055b236e059
3250242;FONDECYT de Postdoctorado 2025;2025;Resumen;https://post.anid.cl/frontend.php/es/postulacion/descargar/hash/acee9bd8fa952dc2aa3aa29670bdada4
3250247;FONDECYT de Postdoctorado 2025;2025;Resumen;https://post.anid.cl/frontend.php/es/postulacion/descargar/hash/129b5073f0a7bcedfd08f8f12ee2e518
3250249;FONDECYT de Postdoctorado 2025;2025;Resumen;https://post.anid.cl/frontend.php/es/postulacion/descargar/hash/71ad7a01ade43d233261c14287ca0092
3250251;FONDECYT de Postdoctorado 2025;2025;Resumen;https://post.anid.cl/frontend.php/es/postulacion/descargar/hash/a3c4e6a41e886cac7418e7bf9ab73376
3250252;FONDECYT de Postdoctorado 2025;2025;Resumen;https://post.anid.cl/frontend.php/es/postulacion/descargar/hash/09cbac592eb550b933269e65f577ce64
3250253;FONDECYT de Postdoctorado 2025;2025;Resumen;https://post.anid.cl/frontend.php/es/postulacion/descargar/hash/8c59c2e02d1970df4bfa46d774cc5cdc
3250254;FONDECYT de Postdoctorado 2025;2025;Resumen;https://post.anid.cl/frontend.php/es/postulacion/descargar/hash/f9993009c20866214694377080cfafed
3250255;FONDECYT de Postdoctorado 2025;2025;Resumen;https://post.anid.cl/frontend.php/es/postulacion/descargar/hash/61e5951bc3b39e71359983780f979320
3250257;FONDECYT de Postdoctorado 2025;2025;Resumen;https://post.anid.cl/frontend.php/es/postulacion/descargar/hash/bdd877eced27a7ea708bc6159f746e6e
3250259;FONDECYT de Postdoctorado 2025;2025;Resumen;https://post.anid.cl/frontend.php/es/postulacion/descargar/hash/e7155246374cfac438c8531920f4ab8e
3250260;FONDECYT de Postdoctorado 2025;2025;Resumen;https://post.anid.cl/frontend.php/es/postulacion/descargar/hash/9d2faebf6489b06e94d144e2d41cd341
3250261;FONDECYT de Postdoctorado 2025;2025;Resumen;https://post.anid.cl/frontend.php/es/postulacion/descargar/hash/8becc3dcf4d6d03b2fddee26596f8e1c
3250262;FONDECYT de Postdoctorado 2025;2025;Resumen;https://post.anid.cl/frontend.php/es/postulacion/descargar/hash/8551b4cb1ec82a6ed7f144d09d57cc92
3250269;FONDECYT de Postdoctorado 2025;2025;Resumen;https://post.anid.cl/frontend.php/es/postulacion/descargar/hash/19d794bd9f30a93e1cbf2ed90a031fa7
3250276;FONDECYT de Postdoctorado 2025;2025;Resumen;https://post.anid.cl/frontend.php/es/postulacion/descargar/hash/6eac890da33ae4f42e8a2fbbe6e8160e
3250278;FONDECYT de Postdoctorado 2025;2025;Resumen;https://post.anid.cl/frontend.php/es/postulacion/descargar/hash/e5993f422d1141d62c53446ee7ee5216
3250280;FONDECYT de Postdoctorado 2025;2025;Resumen;https://post.anid.cl/frontend.php/es/postulacion/descargar/hash/323900e8ab6ed94240e944cdf82d41d0
3250281;FONDECYT de Postdoctorado 2025;2025;Resumen;https://post.anid.cl/frontend.php/es/postulacion/descargar/hash/6654365a9c5f830cc72cb47c0205507e
3250284;FONDECYT de Postdoctorado 2025;2025;Resumen;https://post.anid.cl/frontend.php/es/postulacion/descargar/hash/4a62669e4a8fa1ada810a9861c026d85
3250287;FONDECYT de Postdoctorado 2025;2025;Resumen;https://post.anid.cl/frontend.php/es/postulacion/descargar/hash/cd03c3618ff7197a0c385dfa1f9ed6cd
3250289;FONDECYT de Postdoctorado 2025;2025;Resumen;https://post.anid.cl/frontend.php/es/postulacion/descargar/hash/77545983d8da33394a66ed1f197dc5ab
3250292;FONDECYT de Postdoctorado 2025;2025;Resumen;https://post.anid.cl/frontend.php/es/postulacion/descargar/hash/7018402ff778a3aea175ee116f4d4ab1
3250293;FONDECYT de Postdoctorado 2025;2025;Resumen;https://post.anid.cl/frontend.php/es/postulacion/descargar/hash/114d8bd0ed28cf691339682161b369a0
3250304;FONDECYT de Postdoctorado 2025;2025;Resumen;https://post.anid.cl/frontend.php/es/postulacion/descargar/hash/5ac4fc6b15210420dacda7ce48a7fc4d
3250310;FONDECYT de Postdoctorado 2025;2025;Resumen;https://post.anid.cl/frontend.php/es/postulacion/descargar/hash/2e3993f7ec6264ec08f6d35d5151ca46
3250313;FONDECYT de Postdoctorado 2025;2025;Resumen;https://post.anid.cl/frontend.php/es/postulacion/descargar/hash/c891ec930654ffc2196f0f02a04f2bc6
3250323;FONDECYT de Postdoctorado 2025;2025;Resumen;https://post.anid.cl/frontend.php/es/postulacion/descargar/hash/963abebff8e3498b8d8a69c79daaa8c7
3250324;FONDECYT de Postdoctorado 2025;2025;Resumen;https://post.anid.cl/frontend.php/es/postulacion/descargar/hash/690b9f4cd300ee82988a194fc3f03cb9
3250325;FONDECYT de Postdoctorado 2025;2025;Resumen;https://post.anid.cl/frontend.php/es/postulacion/descargar/hash/1d2fb3881bfa218d96c7ff992bd9b871
3250332;FONDECYT de Postdoctorado 2025;2025;Resumen;https://post.anid.cl/frontend.php/es/postulacion/descargar/hash/bb68d94d94bf9738a38aa7268596ef6c
3250336;FONDECYT de Postdoctorado 2025;2025;Resumen;https://post.anid.cl/frontend.php/es/postulacion/descargar/hash/1ab5b1e30976d0de8de87cb418adb1e6
3250341;FONDECYT de Postdoctorado 2025;2025;Resumen;https://post.anid.cl/frontend.php/es/postulacion/descargar/hash/273f3f05f567f51f2f7abe31dd0eb5ff
3250342;FONDECYT de Postdoctorado 2025;2025;Resumen;https://post.anid.cl/frontend.php/es/postulacion/descargar/hash/dd515c4352dd9cb5414fe1dfc483528f
3250347;FONDECYT de Postdoctorado 2025;2025;Resumen;https://post.anid.cl/frontend.php/es/postulacion/descargar/hash/e2ff67bd65142af8e376c3648000c6fb
3250349;FONDECYT de Postdoctorado 2025;2025;Resumen;https://post.anid.cl/frontend.php/es/postulacion/descargar/hash/c943ebf13115bd3b2ce3502cfda8e881
3250352;FONDECYT de Postdoctorado 2025;2025;Resumen;https://post.anid.cl/frontend.php/es/postulacion/descargar/hash/777a6ecf9e0dcfdc65e26effac21df4f
3250356;FONDECYT de Postdoctorado 2025;2025;Resumen;https://post.anid.cl/frontend.php/es/postulacion/descargar/hash/593cf1f0ffb7ea8648c4b8b85bfe6b40
3250357;FONDECYT de Postdoctorado 2025;2025;Resumen;https://post.anid.cl/frontend.php/es/postulacion/descargar/hash/4c047e2e3a69c863d6284d645b6e124f
3250371;FONDECYT de Postdoctorado 2025;2025;Resumen;https://post.anid.cl/frontend.php/es/postulacion/descargar/hash/e3723f4096c973ce71e371f046b92f76
3250374;FONDECYT de Postdoctorado 2025;2025;Resumen;https://post.anid.cl/frontend.php/es/postulacion/descargar/hash/b081a651e40e274f62a973f88c0f50e2
3250376;FONDECYT de Postdoctorado 2025;2025;Resumen;https://post.anid.cl/frontend.php/es/postulacion/descargar/hash/2a44a2a1d2c4c9c63a91602e484f0319
3250378;FONDECYT de Postdoctorado 2025;2025;Resumen;https://post.anid.cl/frontend.php/es/postulacion/descargar/hash/c1c4f3ecc15ce06d03ddd6a5b3b587c6
3250382;FONDECYT de Postdoctorado 2025;2025;Resumen;https://post.anid.cl/frontend.php/es/postulacion/descargar/hash/20eb749c2dbd4a34df1b0014aaa3bedf
3250387;FONDECYT de Postdoctorado 2025;2025;Resumen;https://post.anid.cl/frontend.php/es/postulacion/descargar/hash/0a256c61058e0e35e62ba249d373e142
3250388;FONDECYT de Postdoctorado 2025;2025;Resumen;https://post.anid.cl/frontend.php/es/postulacion/descargar/hash/d27db4e5fa76947a1474a77fca183be1
3250393;FONDECYT de Postdoctorado 2025;2025;Resumen;https://post.anid.cl/frontend.php/es/postulacion/descargar/hash/6928a86eac98d655ca7a74bca9f05d77
3250404;FONDECYT de Postdoctorado 2025;2025;Resumen;https://post.anid.cl/frontend.php/es/postulacion/descargar/hash/dd38b38062e4f9fa6aa9fca03dbfc33d
3250405;FONDECYT de Postdoctorado 2025;2025;Resumen;https://post.anid.cl/frontend.php/es/postulacion/descargar/hash/156996c4d53ef579a73167bce9b2a17a
3250410;FONDECYT de Postdoctorado 2025;2025;Resumen;https://post.anid.cl/frontend.php/es/postulacion/descargar/hash/6a69d10ec07bbb6e806f8699f43092d4
3250411;FONDECYT de Postdoctorado 2025;2025;Resumen;https://post.anid.cl/frontend.php/es/postulacion/descargar/hash/780823044650d99908a413a1af476fc7
3250412;FONDECYT de Postdoctorado 2025;2025;Resumen;https://post.anid.cl/frontend.php/es/postulacion/descargar/hash/738ff0fd204aeb10c6b6d7f9b6a74fc8
3250413;FONDECYT de Postdoctorado 2025;2025;Resumen;https://post.anid.cl/frontend.php/es/postulacion/descargar/hash/96b012df5e5d0c29de9a3ad5e5bf6468
3250424;FONDECYT de Postdoctorado 2025;2025;Resumen;https://post.anid.cl/frontend.php/es/postulacion/descargar/hash/e41112b3d4e2fdf9dd407b75c441cdf6
3250434;FONDECYT de Postdoctorado 2025;2025;Resumen;https://post.anid.cl/frontend.php/es/postulacion/descargar/hash/3e565cf1ab4b81837bbf13bf66ee568b
3250436;FONDECYT de Postdoctorado 2025;2025;Resumen;https://post.anid.cl/frontend.php/es/postulacion/descargar/hash/26d1dc66ec35d3900b529910ab2347af
3250439;FONDECYT de Postdoctorado 2025;2025;Resumen;https://post.anid.cl/frontend.php/es/postulacion/descargar/hash/a895c4a344692eed7fbd8660718ba037
3250447;FONDECYT de Postdoctorado 2025;2025;Resumen;https://post.anid.cl/frontend.php/es/postulacion/descargar/hash/08a6574d694baee0f62c4ded1640d211
3250451;FONDECYT de Postdoctorado 2025;2025;Resumen;https://post.anid.cl/frontend.php/es/postulacion/descargar/hash/c97000314adfdad3a41bd3ac3141465c
3250452;FONDECYT de Postdoctorado 2025;2025;Resumen;https://post.anid.cl/frontend.php/es/postulacion/descargar/hash/9458284575b7a7555714835bc936e2c7
3250458;FONDECYT de Postdoctorado 2025;2025;Resumen;https://post.anid.cl/frontend.php/es/postulacion/descargar/hash/0c43df7651a165549e0f33cae55f0f1e
3250464;FONDECYT de Postdoctorado 2025;2025;Resumen;https://post.anid.cl/frontend.php/es/postulacion/descargar/hash/190665ee44124a8084c95701c1037d19
3250465;FONDECYT de Postdoctorado 2025;2025;Resumen;https://post.anid.cl/frontend.php/es/postulacion/descargar/hash/3408024d5125f15dde776df282a30d10
3250469;FONDECYT de Postdoctorado 2025;2025;Resumen;https://post.anid.cl/frontend.php/es/postulacion/descargar/hash/487aeea66bcc36931eb6e56e8a160f31
3250470;FONDECYT de Postdoctorado 2025;2025;Resumen;https://post.anid.cl/frontend.php/es/postulacion/descargar/hash/6bf1aacbe1d4a5003a8ed12728da36ff
3250472;FONDECYT de Postdoctorado 2025;2025;Resumen;https://post.anid.cl/frontend.php/es/postulacion/descargar/hash/1c0775f53a2887db3271167b199e138b
3250476;FONDECYT de Postdoctorado 2025;2025;Resumen;https://post.anid.cl/frontend.php/es/postulacion/descargar/hash/f21b1c96203148de255ad8ed05ef4bf7
3250479;FONDECYT de Postdoctorado 2025;2025;Resumen;https://post.anid.cl/frontend.php/es/postulacion/descargar/hash/be1a9b7e71a4eda7b8f65292bda9d82f
3250481;FONDECYT de Postdoctorado 2025;2025;Resumen;https://post.anid.cl/frontend.php/es/postulacion/descargar/hash/284ea859b23a5fdd7c727b858e2d2cbd
3250487;FONDECYT de Postdoctorado 2025;2025;Resumen;https://post.anid.cl/frontend.php/es/postulacion/descargar/hash/d3cfa1ce06efc1e2b6105cb55e8cbe08
3250492;FONDECYT de Postdoctorado 2025;2025;Resumen;https://post.anid.cl/frontend.php/es/postulacion/descargar/hash/a3c660e931fcb64be08f4ac532dd18a0
3250496;FONDECYT de Postdoctorado 2025;2025;Resumen;https://post.anid.cl/frontend.php/es/postulacion/descargar/hash/f15afc6b01c635db56b96d78e954c6fc
3250501;FONDECYT de Postdoctorado 2025;2025;Resumen;https://post.anid.cl/frontend.php/es/postulacion/descargar/hash/f554689232b9d122938411406e30f9b1
3250504;FONDECYT de Postdoctorado 2025;2025;Resumen;https://post.anid.cl/frontend.php/es/postulacion/descargar/hash/13a33cb996e1e155ee11ff8c12d589ba
3250508;FONDECYT de Postdoctorado 2025;2025;Resumen;https://post.anid.cl/frontend.php/es/postulacion/descargar/hash/cc07b0c7d53c83e7f6f774d4b55d89d6
3250509;FONDECYT de Postdoctorado 2025;2025;Resumen;https://post.anid.cl/frontend.php/es/postulacion/descargar/hash/ab03f4dd96214541125ce4b2aa99b4be
3250511;FONDECYT de Postdoctorado 2025;2025;Resumen;https://post.anid.cl/frontend.php/es/postulacion/descargar/hash/5b4fa7b851dd93666406fc85fb778476
3250512;FONDECYT de Postdoctorado 2025;2025;Resumen;https://post.anid.cl/frontend.php/es/postulacion/descargar/hash/c478804197e88e349326ddb8d330b7ac
3250526;FONDECYT de Postdoctorado 2025;2025;Resumen;https://post.anid.cl/frontend.php/es/postulacion/descargar/hash/7c9a1f87fb80a983924a4a3447138423
3250532;FONDECYT de Postdoctorado 2025;2025;Resumen;https://post.anid.cl/frontend.php/es/postulacion/descargar/hash/6e9f35de409b6de2d141a6ca734cf035
3250534;FONDECYT de Postdoctorado 2025;2025;Resumen;https://post.anid.cl/frontend.php/es/postulacion/descargar/hash/6c881c7f82ea24ad79ef8f599ee02a85
3250535;FONDECYT de Postdoctorado 2025;2025;Resumen;https://post.anid.cl/frontend.php/es/postulacion/descargar/hash/86cc55e88a8b023082a58f5998696242
3250537;FONDECYT de Postdoctorado 2025;2025;Resumen;https://post.anid.cl/frontend.php/es/postulacion/descargar/hash/bdedccbaceef7195c9059b397f37176a
3250542;FONDECYT de Postdoctorado 2025;2025;Resumen;https://post.anid.cl/frontend.php/es/postulacion/descargar/hash/9178816af108d8b42b36d7c3cf3090c8
3250545;FONDECYT de Postdoctorado 2025;2025;Resumen;https://post.anid.cl/frontend.php/es/postulacion/descargar/hash/b15f0c93ee108d67aec11010b5f714a8
3250547;FONDECYT de Postdoctorado 2025;2025;Resumen;https://post.anid.cl/frontend.php/es/postulacion/descargar/hash/7cc128ba68e35495feccd147dbfe905f
3250550;FONDECYT de Postdoctorado 2025;2025;Resumen;https://post.anid.cl/frontend.php/es/postulacion/descargar/hash/ea4161933e0ef7303a0ccfd18cf67129
3250551;FONDECYT de Postdoctorado 2025;2025;Resumen;https://post.anid.cl/frontend.php/es/postulacion/descargar/hash/7b4babeef91e6e86c888aad2aa501955
3250552;FONDECYT de Postdoctorado 2025;2025;Resumen;https://post.anid.cl/frontend.php/es/postulacion/descargar/hash/e2fddb95d7c071952030bdca565f281e
3250558;FONDECYT de Postdoctorado 2025;2025;Resumen;https://post.anid.cl/frontend.php/es/postulacion/descargar/hash/873e0139922ad1d6c63e13089545ae9f
3250564;FONDECYT de Postdoctorado 2025;2025;Resumen;https://post.anid.cl/frontend.php/es/postulacion/descargar/hash/4c086b105a2124120ad61108d54ed9ea
3250572;FONDECYT de Postdoctorado 2025;2025;Resumen;https://post.anid.cl/frontend.php/es/postulacion/descargar/hash/db32484467d174a65bab69bf52c5eb94
3250586;FONDECYT de Postdoctorado 2025;2025;Resumen;https://post.anid.cl/frontend.php/es/postulacion/descargar/hash/be03c81e86db03205b32ac6f585f5981
3250588;FONDECYT de Postdoctorado 2025;2025;Resumen;https://post.anid.cl/frontend.php/es/postulacion/descargar/hash/bb16059b36d06c927897098660ff78fd
3250591;FONDECYT de Postdoctorado 2025;2025;Resumen;https://post.anid.cl/frontend.php/es/postulacion/descargar/hash/326be2c696c9cf552481e599bc19beb2
3250596;FONDECYT de Postdoctorado 2025;2025;Resumen;https://post.anid.cl/frontend.php/es/postulacion/descargar/hash/177f1c8baf9be91bbe65f75aa88a4aa8
3250605;FONDECYT de Postdoctorado 2025;2025;Resumen;https://post.anid.cl/frontend.php/es/postulacion/descargar/hash/367cfc3f05aaf889f94f0d4b6b1f5550
3250606;FONDECYT de Postdoctorado 2025;2025;Resumen;https://post.anid.cl/frontend.php/es/postulacion/descargar/hash/55b8615198c122c8bf01e9a40585cfe3
3250609;FONDECYT de Postdoctorado 2025;2025;Resumen;https://post.anid.cl/frontend.php/es/postulacion/descargar/hash/cfe7504e3ce3fecc306954b3c028c8e6
3250612;FONDECYT de Postdoctorado 2025;2025;Resumen;https://post.anid.cl/frontend.php/es/postulacion/descargar/hash/fe16c373b5bfb23c82f24130f7de7166
3250613;FONDECYT de Postdoctorado 2025;2025;Resumen;https://post.anid.cl/frontend.php/es/postulacion/descargar/hash/9ca9b277a9c05ad72a9797e00858a0dc
3250615;FONDECYT de Postdoctorado 2025;2025;Resumen;https://post.anid.cl/frontend.php/es/postulacion/descargar/hash/66fb3ed02be45291addaf1f2d17eef3e
3250619;FONDECYT de Postdoctorado 2025;2025;Resumen;https://post.anid.cl/frontend.php/es/postulacion/descargar/hash/808433174b11aba4923a75878b8840c8
3250621;FONDECYT de Postdoctorado 2025;2025;Resumen;https://post.anid.cl/frontend.php/es/postulacion/descargar/hash/19623e949632be7a7635df9c91f97597
3250622;FONDECYT de Postdoctorado 2025;2025;Resumen;https://post.anid.cl/frontend.php/es/postulacion/descargar/hash/dd695a7b02f8788c6c5326ea39908a9a
3250629;FONDECYT de Postdoctorado 2025;2025;Resumen;https://post.anid.cl/frontend.php/es/postulacion/descargar/hash/0a551b043447aa2cd0ee741ca95f8e83
3250630;FONDECYT de Postdoctorado 2025;2025;Resumen;https://post.anid.cl/frontend.php/es/postulacion/descargar/hash/224e6a8857282a434af95b8004dd5bef
3250632;FONDECYT de Postdoctorado 2025;2025;Resumen;https://post.anid.cl/frontend.php/es/postulacion/descargar/hash/198d0505f4219038f06f1dedacfc481b
3250635;FONDECYT de Postdoctorado 2025;2025;Resumen;https://post.anid.cl/frontend.php/es/postulacion/descargar/hash/8974f80078e9226e8c51115a915b083c
3250639;FONDECYT de Postdoctorado 2025;2025;Resumen;https://post.anid.cl/frontend.php/es/postulacion/descargar/hash/f0abe093988e00aef827184e3c79f802
3250641;FONDECYT de Postdoctorado 2025;2025;Resumen;https://post.anid.cl/frontend.php/es/postulacion/descargar/hash/1491d918be97e51b87563c18f4a8bfcd
3250642;FONDECYT de Postdoctorado 2025;2025;Resumen;https://post.anid.cl/frontend.php/es/postulacion/descargar/hash/63a4461d3b4e485ceaae879a85616c22
3250643;FONDECYT de Postdoctorado 2025;2025;Resumen;https://post.anid.cl/frontend.php/es/postulacion/descargar/hash/74a23e179a8cd88a2f4b9409bbdd2fd4
3250646;FONDECYT de Postdoctorado 2025;2025;Resumen;https://post.anid.cl/frontend.php/es/postulacion/descargar/hash/82b7ab930cc0364f8a58ec638e5e4943
3250654;FONDECYT de Postdoctorado 2025;2025;Resumen;https://post.anid.cl/frontend.php/es/postulacion/descargar/hash/6f8830010c1871091b59426dba2665d0
3250659;FONDECYT de Postdoctorado 2025;2025;Resumen;https://post.anid.cl/frontend.php/es/postulacion/descargar/hash/ca662cf814fe40a9a4ade635217f32af
3250664;FONDECYT de Postdoctorado 2025;2025;Resumen;https://post.anid.cl/frontend.php/es/postulacion/descargar/hash/2c34f7a6b9174424e1d7f6683833b1ae
3250669;FONDECYT de Postdoctorado 2025;2025;Resumen;https://post.anid.cl/frontend.php/es/postulacion/descargar/hash/d29313dcea47503755e755d294bb6b6d
3250671;FONDECYT de Postdoctorado 2025;2025;Resumen;https://post.anid.cl/frontend.php/es/postulacion/descargar/hash/f9fb94a00d07e6f640bf241d71af9398
3250672;FONDECYT de Postdoctorado 2025;2025;Resumen;https://post.anid.cl/frontend.php/es/postulacion/descargar/hash/567be2ede10a93899939105b69554d6a
3250673;FONDECYT de Postdoctorado 2025;2025;Resumen;https://post.anid.cl/frontend.php/es/postulacion/descargar/hash/335ae6f03835a01fc7d44da3c07f23ed
3250677;FONDECYT de Postdoctorado 2025;2025;Resumen;https://post.anid.cl/frontend.php/es/postulacion/descargar/hash/57ccd0a0bda1318bfec06fbab2ad940f
3250679;FONDECYT de Postdoctorado 2025;2025;Resumen;https://post.anid.cl/frontend.php/es/postulacion/descargar/hash/4cc6df738c7cc773860c2f1402615b6b
3250680;FONDECYT de Postdoctorado 2025;2025;Resumen;https://post.anid.cl/frontend.php/es/postulacion/descargar/hash/4c67fa62bc05aeb3f15d38c04bb5670b
3250682;FONDECYT de Postdoctorado 2025;2025;Resumen;https://post.anid.cl/frontend.php/es/postulacion/descargar/hash/ec0b2334f4819ea802c76677567f163d
3250687;FONDECYT de Postdoctorado 2025;2025;Resumen;https://post.anid.cl/frontend.php/es/postulacion/descargar/hash/5ed317976aeaba2a850888b15545dc49
3250688;FONDECYT de Postdoctorado 2025;2025;Resumen;https://post.anid.cl/frontend.php/es/postulacion/descargar/hash/5456129c5f8e417c10554d59ce04d173
3250704;FONDECYT de Postdoctorado 2025;2025;Resumen;https://post.anid.cl/frontend.php/es/postulacion/descargar/hash/af092405534ef2cb65a5327d5889279d
3250706;FONDECYT de Postdoctorado 2025;2025;Resumen;https://post.anid.cl/frontend.php/es/postulacion/descargar/hash/c6b1368c8e14abd9fd338f83e5759b53
3250709;FONDECYT de Postdoctorado 2025;2025;Resumen;https://post.anid.cl/frontend.php/es/postulacion/descargar/hash/c1547e45f60191f3957b49d3af654448
3250712;FONDECYT de Postdoctorado 2025;2025;Resumen;https://post.anid.cl/frontend.php/es/postulacion/descargar/hash/b75e122bc2a5889fe6e5f073cfee5081
3250724;FONDECYT de Postdoctorado 2025;2025;Resumen;https://post.anid.cl/frontend.php/es/postulacion/descargar/hash/96086ba2094fedf96ce4ee6945743b86
3250727;FONDECYT de Postdoctorado 2025;2025;Resumen;https://post.anid.cl/frontend.php/es/postulacion/descargar/hash/df5f1e44c7b831b6c7d8d2b6a76df6ed
3250731;FONDECYT de Postdoctorado 2025;2025;Resumen;https://post.anid.cl/frontend.php/es/postulacion/descargar/hash/dac2799e282af9870e923b2009f81abe
3250735;FONDECYT de Postdoctorado 2025;2025;Resumen;https://post.anid.cl/frontend.php/es/postulacion/descargar/hash/299fa76322b72835c3baf5b2176e634e
3250742;FONDECYT de Postdoctorado 2025;2025;Resumen;https://post.anid.cl/frontend.php/es/postulacion/descargar/hash/413585295fea02b70bf36fd21976de32
3250753;FONDECYT de Postdoctorado 2025;2025;Resumen;https://post.anid.cl/frontend.php/es/postulacion/descargar/hash/3dbe594633f4ec3bb01397da3e5f8126
3250757;FONDECYT de Postdoctorado 2025;2025;Resumen;https://post.anid.cl/frontend.php/es/postulacion/descargar/hash/9797dfebc01e61b4f0b46e85b9d9dc90
3250760;FONDECYT de Postdoctorado 2025;2025;Resumen;https://post.anid.cl/frontend.php/es/postulacion/descargar/hash/8bf0614171f00c8e78c074fb7ab42183
3250761;FONDECYT de Postdoctorado 2025;2025;Resumen;https://post.anid.cl/frontend.php/es/postulacion/descargar/hash/94e0227c8617344326d1bfdb320d9791
3250762;FONDECYT de Postdoctorado 2025;2025;Resumen;https://post.anid.cl/frontend.php/es/postulacion/descargar/hash/5fbed7646b2ed965cdddcd7cf79c4c15
3250765;FONDECYT de Postdoctorado 2025;2025;Resumen;https://post.anid.cl/frontend.php/es/postulacion/descargar/hash/c1c47c7e9f95602633910fc8d144b0bb
3250767;FONDECYT de Postdoctorado 2025;2025;Resumen;https://post.anid.cl/frontend.php/es/postulacion/descargar/hash/a9f0299a234fa456fa34461cc15d1c5c
3250768;FONDECYT de Postdoctorado 2025;2025;Resumen;https://post.anid.cl/frontend.php/es/postulacion/descargar/hash/34a3368b51eb7ce65f610e7b6f945995
3250778;FONDECYT de Postdoctorado 2025;2025;Resumen;https://post.anid.cl/frontend.php/es/postulacion/descargar/hash/0bb8682d700f42c611e313478d946003
3250781;FONDECYT de Postdoctorado 2025;2025;Resumen;https://post.anid.cl/frontend.php/es/postulacion/descargar/hash/7515f6533766f5e05723a8dce7f86e02
3250784;FONDECYT de Postdoctorado 2025;2025;Resumen;https://post.anid.cl/frontend.php/es/postulacion/descargar/hash/434b042893638875be57a1bc76fcb4e4
3250787;FONDECYT de Postdoctorado 2025;2025;Resumen;https://post.anid.cl/frontend.php/es/postulacion/descargar/hash/8f30feef5277006f828ed7ff1aff8989
3250793;FONDECYT de Postdoctorado 2025;2025;Resumen;https://post.anid.cl/frontend.php/es/postulacion/descargar/hash/e139c1ab1eec03bb7219a61861222c57
3250794;FONDECYT de Postdoctorado 2025;2025;Resumen;https://post.anid.cl/frontend.php/es/postulacion/descargar/hash/0d3f731692944337229a7b980a67ccfa
3250795;FONDECYT de Postdoctorado 2025;2025;Resumen;https://post.anid.cl/frontend.php/es/postulacion/descargar/hash/82635217310a9c928634b03dfafaebcf
3250799;FONDECYT de Postdoctorado 2025;2025;Resumen;https://post.anid.cl/frontend.php/es/postulacion/descargar/hash/f3d210726d20e68417d33eda60dbd5a2
3250802;FONDECYT de Postdoctorado 2025;2025;Resumen;https://post.anid.cl/frontend.php/es/postulacion/descargar/hash/1611f23d0062e5164e95ad0b3c4f741a
3250806;FONDECYT de Postdoctorado 2025;2025;Resumen;https://post.anid.cl/frontend.php/es/postulacion/descargar/hash/335a88d62bad5aa61c0bba47f0adffb8
3250809;FONDECYT de Postdoctorado 2025;2025;Resumen;https://post.anid.cl/frontend.php/es/postulacion/descargar/hash/d870c9ff241f358a231ededd1b76f935
3250812;FONDECYT de Postdoctorado 2025;2025;Resumen;https://post.anid.cl/frontend.php/es/postulacion/descargar/hash/c1320b3300500149b616ec5e410dabde
3250813;FONDECYT de Postdoctorado 2025;2025;Resumen;https://post.anid.cl/frontend.php/es/postulacion/descargar/hash/1d5e630ff58611be9873ef37605cb1ab
3250814;FONDECYT de Postdoctorado 2025;2025;Resumen;https://post.anid.cl/frontend.php/es/postulacion/descargar/hash/24ec924a8920a0f3555ffc674771ef5a
3250824;FONDECYT de Postdoctorado 2025;2025;Resumen;https://post.anid.cl/frontend.php/es/postulacion/descargar/hash/22f2255c3d57efd1b35532995c90db88
3250826;FONDECYT de Postdoctorado 2025;2025;Resumen;https://post.anid.cl/frontend.php/es/postulacion/descargar/hash/1a3b8a16fd1107ebda6d6feff330ab1b
3250833;FONDECYT de Postdoctorado 2025;2025;Resumen;https://post.anid.cl/frontend.php/es/postulacion/descargar/hash/bdc97a2c29d124252b84e5619a05e3cb
3250839;FONDECYT de Postdoctorado 2025;2025;Resumen;https://post.anid.cl/frontend.php/es/postulacion/descargar/hash/0d01bcd4b811c7f4d8c01583385d2b6b
3250840;FONDECYT de Postdoctorado 2025;2025;Resumen;https://post.anid.cl/frontend.php/es/postulacion/descargar/hash/e6a65cdf35b85dcccbd90837ed964dcf
3250844;FONDECYT de Postdoctorado 2025;2025;Resumen;https://post.anid.cl/frontend.php/es/postulacion/descargar/hash/5cd58316bfcd462276df5a319c220b04
3250851;FONDECYT de Postdoctorado 2025;2025;Resumen;https://post.anid.cl/frontend.php/es/postulacion/descargar/hash/310879a4f16c9c1c13f52481398b85d4
3250852;FONDECYT de Postdoctorado 2025;2025;Resumen;https://post.anid.cl/frontend.php/es/postulacion/descargar/hash/69d904d912e5ff8dad250610f033bb80
3250853;FONDECYT de Postdoctorado 2025;2025;Resumen;https://post.anid.cl/frontend.php/es/postulacion/descargar/hash/a0ff858797659a9a79e1446da52f02d4
3250855;FONDECYT de Postdoctorado 2025;2025;Resumen;https://post.anid.cl/frontend.php/es/postulacion/descargar/hash/4281d4085e64a558e2964d25e5611f9b
3250856;FONDECYT de Postdoctorado 2025;2025;Resumen;https://post.anid.cl/frontend.php/es/postulacion/descargar/hash/edb58c82b92be9a13799ca1fa9a751ba
3250857;FONDECYT de Postdoctorado 2025;2025;Resumen;https://post.anid.cl/frontend.php/es/postulacion/descargar/hash/0e6fca364470e9e5afb5e21e570f7b98
3250862;FONDECYT de Postdoctorado 2025;2025;Resumen;https://post.anid.cl/frontend.php/es/postulacion/descargar/hash/ea4835abf9fc1b699a7f69d88e373668
3250864;FONDECYT de Postdoctorado 2025;2025;Resumen;https://post.anid.cl/frontend.php/es/postulacion/descargar/hash/1e32db711fdf6f744628dc5e3bc44d36
3250875;FONDECYT de Postdoctorado 2025;2025;Resumen;https://post.anid.cl/frontend.php/es/postulacion/descargar/hash/1fadf674a9d7219976fd9aa817daca4e
3250877;FONDECYT de Postdoctorado 2025;2025;Resumen;https://post.anid.cl/frontend.php/es/postulacion/descargar/hash/3ce3aeeb2a49a74003dd4c45bd3b0db3
3250879;FONDECYT de Postdoctorado 2025;2025;Resumen;https://post.anid.cl/frontend.php/es/postulacion/descargar/hash/c946b12f5042d825f77ba5e214af9d37
3250882;FONDECYT de Postdoctorado 2025;2025;Resumen;https://post.anid.cl/frontend.php/es/postulacion/descargar/hash/233a324f01fe5fadd96418adbb051fb7
3250884;FONDECYT de Postdoctorado 2025;2025;Resumen;https://post.anid.cl/frontend.php/es/postulacion/descargar/hash/555f75d93976fa667c1002b85487c7eb
3250886;FONDECYT de Postdoctorado 2025;2025;Resumen;https://post.anid.cl/frontend.php/es/postulacion/descargar/hash/48f64d808a8bc08adcb383b85f9868d3
3250888;FONDECYT de Postdoctorado 2025;2025;Resumen;https://post.anid.cl/frontend.php/es/postulacion/descargar/hash/6601208418061d4683c2f830ee4a4b5a
3250889;FONDECYT de Postdoctorado 2025;2025;Resumen;https://post.anid.cl/frontend.php/es/postulacion/descargar/hash/b000d960bf16a13904026efb1f92a445
3250890;FONDECYT de Postdoctorado 2025;2025;Resumen;https://post.anid.cl/frontend.php/es/postulacion/descargar/hash/da4493d5a88abe1fd1e066e0682b0fd8
3250895;FONDECYT de Postdoctorado 2025;2025;Resumen;https://post.anid.cl/frontend.php/es/postulacion/descargar/hash/1840306e8e413efce75f9c3444b26016
